,page,text,results
0,0.0,"Scientific Program
EAA 2025 Congress
Financial Reporting
1
Social and Environmental Accounting & Ethical Issues in Accounting
17
Financial Analysis
34
Accounting and Governance
45
Management Accounting
56
Auditing
68
Taxation
78
Interdisciplinary / Critical
85
Public Sector Accounting & Not-For-Profit Accounting
90
Accounting and Information Systems
93
Accounting Education
95
History
97
IASB ResearchWorkshop
98
ISSB ResearchWorkshop
99
FINANCIAL REPORTING
Wednesday,May 28, 15:30–17:00
FR PSD 01 room 211
. . . . . . . . . . . . . . . . . . . . . . . . . . . . . . . . . . . . . . chaired by: TakashiYaekura (Waseda University)
1. Regulating by New Technology: The Impacts of the SEC Data Analytics on the SEC Investigations
Tian Deng (CUHK-Shenzhen)
Discussant: Tim Martens (Bocconi University)
2. Do SPAC Combinations Affect Their Peers’ Financial Reporting Choices?
Daniel Cohen (Vanderbilt University)P
Sunay Mutlu (Kennesaw State University)
Kelly Ha (Kennesaw State University)
John Schomburger (Texas A&M University)
FR PS 01 room T02
. . . . . . . . . . . . . . . . . . . . . . . . . . . . . chaired by: Sameera Khatoon (University of Saskatchewan)
1. Voluntary Public Disclosure of Revenues by Private Companies in the United States
Thomas Bourveau (Columbia University)
Yiran Kang (City University of Hong Kong)
Wenqiang Pan (Columbia University)
Robert Stoumbos (ESSEC Business School)P
2. How does more mandated public disclosure by private firms affect public firms’disclosure of customer identities?
Jeffrey Ng (University of Hong Kong)P
ChunyanWei (Shanghai University of Finance and Economics)
Janus Jian Zhang (Hong Kong Baptist University)
3. Real Effects of Mandatory Disclosure of Proprietary Information
Mary Lee (ESSEC Business School)
1","[Category]:Financial Reporting;[Name]:Regulating by New Technology: The Impacts of the SEC Data Analytics on the SEC Investigations;[Author_1]:Tian Deng;[Uni_1]:CUHK-Shenzhen;[Author_2]:;[Uni_2]:;[Author_3]:;[Uni_3]:;[Author_4]:;[Uni_4]:;[Author_5]:;[Uni_5]:  
[Category]:Financial Reporting;[Name]:Do SPAC Combinations Affect Their Peers’ Financial Reporting Choices?;[Author_1]:Daniel Cohen;[Uni_1]:Vanderbilt University;[Author_2]:Sunay Mutlu;[Uni_2]:Kennesaw State University;[Author_3]:Kelly Ha;[Uni_3]:Kennesaw State University;[Author_4]:John Schomburger;[Uni_4]:Texas A&M University;[Author_5]:;[Uni_5]:  
[Category]:Financial Reporting;[Name]:Voluntary Public Disclosure of Revenues by Private Companies in the United States;[Author_1]:Thomas Bourveau;[Uni_1]:Columbia University;[Author_2]:Yiran Kang;[Uni_2]:City University of Hong Kong;[Author_3]:Wenqiang Pan;[Uni_3]:Columbia University;[Author_4]:Robert Stoumbos;[Uni_4]:ESSEC Business School;[Author_5]:;[Uni_5]:  
[Category]:Financial Reporting;[Name]:How does more mandated public disclosure by private firms affect public firms’disclosure of customer identities?;[Author_1]:Jeffrey Ng;[Uni_1]:University of Hong Kong;[Author_2]:Chunyan Wei;[Uni_2]:Shanghai University of Finance and Economics;[Author_3]:Janus Jian Zhang;[Uni_3]:Hong Kong Baptist University;[Author_4]:;[Uni_4]:;[Author_5]:;[Uni_5]:  
[Category]:Financial Reporting;[Name]:Real Effects of Mandatory Disclosure of Proprietary Information;[Author_1]:Mary Lee;[Uni_1]:ESSEC Business School;[Author_2]:;[Uni_2]:;[Author_3]:;[Uni_3]:;[Author_4]:;[Uni_4]:;[Author_5]:;[Uni_5]:"
1,1.0,"FR PS 02 room 101
. . . . . . . . . . . . . . . . . . . . . . . . . . . . . chaired by: DianaVazquez Espinosa (University of Fribourg)
1. Accounting conservatism and efficient project continuation revisited
Jochen Bigus (Free University of Berlin)
2. Behavioral Conservatism
Yasmin Hoffmann (University of Mannheim)P
Qian Zhang (Tsinghua University)
Joaquin Peris Peris (Columbia University)
3. Reassessed Earnings with Capitalized Intangibles
Anup Srivastava (University of Calgary)
Aneel Iqbal (Arizona State University)P
Shiva Rajgopal (Columbia University)
Elnaz Basirianmahabadi (University of Calgary)
FR PS 03 room 204
. . . . . . . . . . . . . . . . . . . . . . . . . . . . . . . . . chaired by: Achmad Faizal Azmi (Lancaster University)
1. Board interlocks and corporate risk disclosures
Amin Tavakkolnia (KU Leuven)P
Dieter Smeulders (University of Bern)
2. Market Reactions to Mandatory Climate Disclosure: Evidence from California’s Climate Accountability Laws
Tahmina Ahmed (Niagara University)
Xing Huan (EDHEC Business School)P
Gregory Saxton (York University)
3. What can we learn about expected credit losses from disclosure?
Argyro Panaretou (Lancaster University)P
Sam Rawsthorne (Lancaster University)
FR PS 04 room TD 0
. . . . . . . . . chaired by: EwaWanda Maruszewska (Uniwersytet Ekonomiczny w Katowicach)
1. Real Effects of Mandatory Forward-Looking Disclosures: Evidence from a Natural Experiment
Zhongwen Fan (City University of Hong Kong)P
Yifan Jia (Xiamen University)
XinWang (University of Hong Kong)
2. Peer Disclosure
Manyun Tang (University of Oxford, Saïd Business School)P
Amir Amel-Zadeh (University of Oxford,Saïd Business School)
Kazbi Soonawalla (University of Oxford,Saïd Business School)
3. Different Types of Information Processing Costs and Voluntary Disclosure
Jung Min Kim (Northwestern University,Kellogg School of Management)
FR RF 01 room 201
. . . . . . . . . . . . . . . . . . . . . . . . . . . . . . . . . . . chaired by: Clemens Lauer (University of Mannheim)
1. Bankruptcy Prediction Using Machine Learning Models: Analyst Forecast Information Content Perspective
Yun Hao (NationalYang Ming Chiao Tung University)
Tsung-Kang Chen (NationalYang Ming Chiao Tung University)P
Hsien-Hsing Liao (National Taiwan University)
Xue-Sheng Zhou (NationalYang Ming Chiao Tung University)
2. Economists’ herding behavior and the presence of in-house corporate analysts
Andrea Bafundi (Università di Padova)P
Claudia Imperatore (Bocconi University)
3. Does Accounting Conservatism Discipline Voluntary Disclosure? Evidence from Corporate Political Spending
Mahmoud Nasr (University of Southampton)
Alaa Zalata (University of Southampton)P
2","[Category]:Financial Reporting;[Name]:Accounting conservatism and efficient project continuation revisited;[Author_1]:Jochen Bigus;[Uni_1]:Free University of Berlin  
[Category]:Financial Reporting;[Name]:Behavioral Conservatism;[Author_1]:Yasmin Hoffmann;[Uni_1]:University of Mannheim;[Author_2]:Qian Zhang;[Uni_2]:Tsinghua University;[Author_3]:Joaquin Peris Peris;[Uni_3]:Columbia University  
[Category]:Financial Reporting;[Name]:Reassessed Earnings with Capitalized Intangibles;[Author_1]:Anup Srivastava;[Uni_1]:University of Calgary;[Author_2]:Aneel Iqbal;[Uni_2]:Arizona State University;[Author_3]:Shiva Rajgopal;[Uni_3]:Columbia University;[Author_4]:Elnaz Basirianmahabadi;[Uni_4]:University of Calgary  
[Category]:Financial Reporting;[Name]:Board interlocks and corporate risk disclosures;[Author_1]:Amin Tavakkolnia;[Uni_1]:KU Leuven;[Author_2]:Dieter Smeulders;[Uni_2]:University of Bern  
[Category]:Financial Reporting;[Name]:Market Reactions to Mandatory Climate Disclosure: Evidence from California’s Climate Accountability Laws;[Author_1]:Tahmina Ahmed;[Uni_1]:Niagara University;[Author_2]:Xing Huan;[Uni_2]:EDHEC Business School;[Author_3]:Gregory Saxton;[Uni_3]:York University  
[Category]:Financial Reporting;[Name]:What can we learn about expected credit losses from disclosure?;[Author_1]:Argyro Panaretou;[Uni_1]:Lancaster University;[Author_2]:Sam Rawsthorne;[Uni_2]:Lancaster University  
[Category]:Financial Reporting;[Name]:Real Effects of Mandatory Forward-Looking Disclosures: Evidence from a Natural Experiment;[Author_1]:Zhongwen Fan;[Uni_1]:City University of Hong Kong;[Author_2]:Yifan Jia;[Uni_2]:Xiamen University;[Author_3]:XinWang;[Uni_3]:University of Hong Kong  
[Category]:Financial Reporting;[Name]:Peer Disclosure;[Author_1]:Manyun Tang;[Uni_1]:University of Oxford, Saïd Business School;[Author_2]:Amir Amel-Zadeh;[Uni_2]:University of Oxford, Saïd Business School;[Author_3]:Kazbi Soonawalla;[Uni_3]:University of Oxford, Saïd Business School  
[Category]:Financial Reporting;[Name]:Different Types of Information Processing Costs and Voluntary Disclosure;[Author_1]:Jung Min Kim;[Uni_1]:Northwestern University, Kellogg School of Management  
[Category]:Financial Reporting;[Name]:Bankruptcy Prediction Using Machine Learning Models: Analyst Forecast Information Content Perspective;[Author_1]:Yun Hao;[Uni_1]:National Yang Ming Chiao Tung University;[Author_2]:Tsung-Kang Chen;[Uni_2]:National Yang Ming Chiao Tung University;[Author_3]:Hsien-Hsing Liao;[Uni_3]:National Taiwan University;[Author_4]:Xue-Sheng Zhou;[Uni_4]:National Yang Ming Chiao Tung University  
[Category]:Financial Reporting;[Name]:Economists’ herding behavior and the presence of in-house corporate analysts;[Author_1]:Andrea Bafundi;[Uni_1]:Università di Padova;[Author_2]:Claudia Imperatore;[Uni_2]:Bocconi University  
[Category]:Financial Reporting;[Name]:Does Accounting Conservatism Discipline Voluntary Disclosure? Evidence from Corporate Political Spending;[Author_1]:Mahmoud Nasr;[Uni_1]:University of Southampton;[Author_2]:Alaa Zalata;[Uni_2]:University of Southampton"
2,2.0,"Mohamed Elmahgoub (University of Southampton)
KrishVithana (University of Southampton)
4. When Silence Speaks Louder: Litigation Risk and Investor Responses to Year-over-year Similarity of MD&A
Disclosure
Vincent Lin (Washington University in St. Louis)P
Sheryl Zhang (ESSEC Business School)
5. Recognition of Research and Development in Private Firms
Emmeli Runesson (University of Gothenburg)
Marita Blomkvist (University of Gothenburg)
Jan Marton (University of Gothenburg)P
Niuosha Samani (Gothenburg University)
Wednesday,May 28, 17:30–19:00
FR PS 05 room 101
. . . . . . . . . . . . . . . . . . . . . . . . . . . . . . . . . . . . . . . . . . . . . . . . . . . . . . . . . . . . . . . . . . . . . . . . . . . . . . . . . .
1. Risk Migration from the Banking Industry to the Real Economy: An Examination of Spillover from Basel III
JingWen (City University of Hong Kong)
2. Transparency and Real Effects of Banks’ Climate Stress Tests
GerritVon Zedlitz (University of Mannheim)P
Jannis Bischof (University of Mannheim)
Vincent Giese (University of Mannheim)
Luzi Hail (University of Pennsylvania,Wharton School)
3. Central bank independence and accounting choice
Igor Goncharov (Lancaster University)
FR PS 06 room 204
. . . . . . . . . . . . . . . . . . chaired by: Chih-Liang Liu (NationalYang Ming Chiao Tung University)
1. Too High to Make It Right: Marijuana Liberalization and Financial Misreporting
Ting-Chiao Huang (Monash University)P
Jin Zhang (Monash University)
2. Sleep Deprivation and Financial Misreporting
Ashiq Ali (University of Texas at Dallas)
Zhongwen Fan (City University of Hong Kong)
KaiWai Hui (University of Hong Kong)
Siman Li (Xiamen University)P
3. The dark side of accounting flexibility: Firms’opportunistic response to government aid policies in times of crisis
Seraina Anagnostopoulou (University of Piraeus)
Marco Maria Mattei (University of Bologna)
Matteo Merlo (University of Bologna)P
Eleonora Monaco (University of Bologna)
FR PS 07 room 207
. . . . . . . . . . . . . . . . . . . . . . . . . . . . . . . . . . . . . . . . . . chaired by: Matthew Ma (Rutgers University)
1. Can a Minor Regulatory Intervention Lower Corporate Borrowing Costs?
Hui Tan (ESSEC Business School)
2. Estimating Normal Loan Loss Provisions under the ECL model
Daniel Dejuan-Bitria (Banco de España)P
Javier Gómez-Biscarri (Universidad Pompeu Fabra)
3. Credit information sharing among lenders and the debt contracting value of borrowers’accounting information
Fangfang Hou (Xiamen University)
Yingshuang Ma (Hong Kong Baptist University)P
Byron Song (Hong Kong Baptist University)
3","[Category]:Financial Reporting;[Name]:When Silence Speaks Louder: Litigation Risk and Investor Responses to Year-over-year Similarity of MD&A Disclosure;[Author_1]:Vincent Lin;[Uni_1]:Washington University in St. Louis;[Author_2]:Sheryl Zhang;[Uni_2]:ESSEC Business School  
[Category]:Financial Reporting;[Name]:Recognition of Research and Development in Private Firms;[Author_1]:Emmeli Runesson;[Uni_1]:University of Gothenburg;[Author_2]:Marita Blomkvist;[Uni_2]:University of Gothenburg;[Author_3]:Jan Marton;[Uni_3]:University of Gothenburg;[Author_4]:Niuosha Samani;[Uni_4]:Gothenburg University  
[Category]:Financial Reporting;[Name]:Risk Migration from the Banking Industry to the Real Economy: An Examination of Spillover from Basel III;[Author_1]:JingWen;[Uni_1]:City University of Hong Kong  
[Category]:Financial Reporting;[Name]:Transparency and Real Effects of Banks’ Climate Stress Tests;[Author_1]:GerritVon Zedlitz;[Uni_1]:University of Mannheim;[Author_2]:Jannis Bischof;[Uni_2]:University of Mannheim;[Author_3]:Vincent Giese;[Uni_3]:University of Mannheim;[Author_4]:Luzi Hail;[Uni_4]:University of Pennsylvania, Wharton School  
[Category]:Financial Reporting;[Name]:Central bank independence and accounting choice;[Author_1]:Igor Goncharov;[Uni_1]:Lancaster University  
[Category]:Financial Reporting;[Name]:Too High to Make It Right: Marijuana Liberalization and Financial Misreporting;[Author_1]:Ting-Chiao Huang;[Uni_1]:Monash University;[Author_2]:Jin Zhang;[Uni_2]:Monash University  
[Category]:Financial Reporting;[Name]:Sleep Deprivation and Financial Misreporting;[Author_1]:Ashiq Ali;[Uni_1]:University of Texas at Dallas;[Author_2]:Zhongwen Fan;[Uni_2]:City University of Hong Kong;[Author_3]:KaiWai Hui;[Uni_3]:University of Hong Kong;[Author_4]:Siman Li;[Uni_4]:Xiamen University  
[Category]:Financial Reporting;[Name]:The dark side of accounting flexibility: Firms’ opportunistic response to government aid policies in times of crisis;[Author_1]:Seraina Anagnostopoulou;[Uni_1]:University of Piraeus;[Author_2]:Marco Maria Mattei;[Uni_2]:University of Bologna;[Author_3]:Matteo Merlo;[Uni_3]:University of Bologna;[Author_4]:Eleonora Monaco;[Uni_4]:University of Bologna  
[Category]:Financial Reporting;[Name]:Can a Minor Regulatory Intervention Lower Corporate Borrowing Costs?;[Author_1]:Hui Tan;[Uni_1]:ESSEC Business School  
[Category]:Financial Reporting;[Name]:Estimating Normal Loan Loss Provisions under the ECL model;[Author_1]:Daniel Dejuan-Bitria;[Uni_1]:Banco de España;[Author_2]:Javier Gómez-Biscarri;[Uni_2]:Universidad Pompeu Fabra  
[Category]:Financial Reporting;[Name]:Credit information sharing among lenders and the debt contracting value of borrowers’ accounting information;[Author_1]:Fangfang Hou;[Uni_1]:Xiamen University;[Author_2]:Yingshuang Ma;[Uni_2]:Hong Kong Baptist University;[Author_3]:Byron Song;[Uni_3]:Hong Kong Baptist University"
3,3.0,"Janus Jian Zhang (Hong Kong Baptist University)
FR PS 08 room TD 0
. . . . . . . . . . . . . . . . . . . . . . . . . . . . . . . . . . . . . . . . . . . . . . . . . . . . . . . . . . . . . . . . . . . . . . . . . . . . . . . .
1. Accounting for Equity Instruments: Does IFRS 9 Deter Gains-Trading or Long-Term Investments?
Clemens Lauer (University of Mannheim)P
Holger Daske (University of Mannheim)
Jannis Bischof (University of Mannheim)
2. IFRS 17 and the Decision-Usefulness of Insurers’Financial Reporting Information
Merjona Lamaj (WUVienna)
Zoltan Novotny-Farkas (WUVienna)
Lukas Obernauer (WUVienna)P
FR RF 02 room 307A
. . . . . . . . . . . . . . . . . . . . . . . . . . . . . . . . . . . . . . chaired by: Xingyu Huang (Bocconi University)
1. Litigation Loss Contingency Disclosures and Firm-level Stock Price Crash Risk
Yu-Fang Chu (National Taiwan University)P
Rebecca Files (Baylor University)
Hsin-Yi Huang (National Cheng Kung University)
Ming-Yu Liu (Tunghai University)
2. Regulated Boards and Accounting Conservatism
Bilal Al-Dah (Kean University)
Mustafa Dah (Lebanese American University)
Mostafa Harakeh (American University of Beirut)P
3. Unveiling RPTs: Are All RPTs Equal in Value Relevance of Accounting Information?
Jinah Hwang (Yonsei University)P
Doocheol Moon (Yonsei University)
Goun Kim (Yonsei University)
4. Acquisitions and Conditional Accounting Conservatism
Johanna Kling (WHU - Otto Beisheim School of Management)P
Niklas Meyer (Vrije Universiteit Amsterdam)
Martin Glaum (WHU - Otto Beisheim School of Management)
5. Becoming Invisible? Data Breach Risk and Corporate Secrecy
Tim Martens (Bocconi University)P
Christoph Sextroh (University of Oldenburg)
Xiaochi Ge (University of Bristol)
Christelle Alkhoury (IE Business School)
FR RF 03 room 307B
. . . . . . . . . . . . . . . . . . . . . . . . . . . . . . . . . . . . . chaired by: Adriano Salerno (Bocconi University)
1. Insider Trading With Options
MatteoVacca (Hanken School of Economics)
2. Does ASC842 increase the usefulness of Balance Sheet—Evidence from private debt markets
Jiayin Li (University of International Business and Economics)
3. How does management guidance affect investors’responses to earnings announcements?
Kanyuan Huang (CUHK-Shenzhen)P
Henry Friedman (University of California-Los Angeles,Anderson School)
Zitong Zeng (University of California-Los Angeles)
KaiwenWu (Shanghai University of Finance and Economics)
4. CEO Tenure and the Redaction of Information from Material Contracts
Xingyuan Fei (Texas A&M University – San Antonio)
Gopal Krishnan (Bentley University)
4","[Category]:Financial Reporting;[Name]:Accounting for Equity Instruments: Does IFRS 9 Deter Gains-Trading or Long-Term Investments?;[Author_1]:Clemens Lauer;[Uni_1]:University of Mannheim;[Author_2]:Holger Daske;[Uni_2]:University of Mannheim;[Author_3]:Jannis Bischof;[Uni_3]:University of Mannheim  
[Category]:Financial Reporting;[Name]:IFRS 17 and the Decision-Usefulness of Insurers’ Financial Reporting Information;[Author_1]:Merjona Lamaj;[Uni_1]:WUVienna;[Author_2]:Zoltan Novotny-Farkas;[Uni_2]:WUVienna;[Author_3]:Lukas Obernauer;[Uni_3]:WUVienna  
[Category]:Financial Reporting;[Name]:Litigation Loss Contingency Disclosures and Firm-level Stock Price Crash Risk;[Author_1]:Yu-Fang Chu;[Uni_1]:National Taiwan University;[Author_2]:Rebecca Files;[Uni_2]:Baylor University;[Author_3]:Hsin-Yi Huang;[Uni_3]:National Cheng Kung University;[Author_4]:Ming-Yu Liu;[Uni_4]:Tunghai University  
[Category]:Financial Reporting;[Name]:Regulated Boards and Accounting Conservatism;[Author_1]:Bilal Al-Dah;[Uni_1]:Kean University;[Author_2]:Mustafa Dah;[Uni_2]:Lebanese American University;[Author_3]:Mostafa Harakeh;[Uni_3]:American University of Beirut  
[Category]:Financial Reporting;[Name]:Unveiling RPTs: Are All RPTs Equal in Value Relevance of Accounting Information?;[Author_1]:Jinah Hwang;[Uni_1]:Yonsei University;[Author_2]:Doocheol Moon;[Uni_2]:Yonsei University;[Author_3]:Goun Kim;[Uni_3]:Yonsei University  
[Category]:Financial Reporting;[Name]:Acquisitions and Conditional Accounting Conservatism;[Author_1]:Johanna Kling;[Uni_1]:WHU - Otto Beisheim School of Management;[Author_2]:Niklas Meyer;[Uni_2]:Vrije Universiteit Amsterdam;[Author_3]:Martin Glaum;[Uni_3]:WHU - Otto Beisheim School of Management  
[Category]:Financial Reporting;[Name]:Becoming Invisible? Data Breach Risk and Corporate Secrecy;[Author_1]:Tim Martens;[Uni_1]:Bocconi University;[Author_2]:Christoph Sextroh;[Uni_2]:University of Oldenburg;[Author_3]:Xiaochi Ge;[Uni_3]:University of Bristol;[Author_4]:Christelle Alkhoury;[Uni_4]:IE Business School  
[Category]:Financial Reporting;[Name]:Insider Trading With Options;[Author_1]:Matteo Vacca;[Uni_1]:Hanken School of Economics  
[Category]:Financial Reporting;[Name]:Does ASC842 increase the usefulness of Balance Sheet—Evidence from private debt markets;[Author_1]:Jiayin Li;[Uni_1]:University of International Business and Economics  
[Category]:Financial Reporting;[Name]:How does management guidance affect investors’ responses to earnings announcements?;[Author_1]:Kanyuan Huang;[Uni_1]:CUHK-Shenzhen;[Author_2]:Henry Friedman;[Uni_2]:University of California-Los Angeles, Anderson School;[Author_3]:Zitong Zeng;[Uni_3]:University of California-Los Angeles;[Author_4]:Kaiwen Wu;[Uni_4]:Shanghai University of Finance and Economics  
[Category]:Financial Reporting;[Name]:CEO Tenure and the Redaction of Information from Material Contracts;[Author_1]:Xingyuan Fei;[Uni_1]:Texas A&M University – San Antonio;[Author_2]:Gopal Krishnan;[Uni_2]:Bentley University"
4,4.0,"Yong-Chul Shin (University of Massachusetts Boston)P
5. Compensating for Responsibility: The Effect of CSR Contracting on Annual Report Readability
Lakhal Faten (Léonard deVinci Pôle Universitaire)P
Itidel Ben Saad (University of Sousse)
Hamza Nizar (IHEC Carthage)
Ehsan Almoataz (Umm Al-Qura University)
Thursday,May 29, 09:00–10:30
FR PSD 02 room 211
. . . . . . . . . . . . . . . . . . . . . . . . . . . . . . . . . . . chaired by: Jessica Kim-Gina (Chapman University)
1. Talking about the Future to Address the Legitimacy Gap: Data Breaches and Forward-Looking Performance
Disclosure
Yanlei Zhang (Copenhagen Business School)
Discussant: Vivek Raval (University of Illinois Chicago)
2. The Verification Role of Alternative Data
Jing Pan (Penn State University)
Matthew Ma (Rutgers University)P
Rick Mergenthaler (Penn State University)
Discussant: Pascal Schrader (University of Mannheim)
FR PS 09 room 101
. . . . . . . . . . . . . . . . . . . . . . . . . . . . . . . . . . chaired by: Marco Maria Mattei (University of Bologna)
1. Do Related Party Transactions enable Unethical Behavior? Evidence from Tax Avoidance
Moataz Elhelaly (American University in Cairo)
Salim Chahine (Banque Du Liban)
Omrane Guedhami (University of South Carolina)P
2. Employees’ AI skills and the relevance of accounting information
Daniel Taylor (IÉSEG School of Management)P
EuniceYaa Cudjoe (Jean Moulin Lyon 3 University)
3. Operating Expense P&L Disaggregation: A Cross-Country Study of Determinants and Consequences
MarkWallis (University of Queensland)P
Matthew Pinnuck (University of Melbourne)
FR PS 10 room 204
. . . . . . . . . . . . . . . . . . . . . . . . . . . . . . . . chaired by: Yasmin Hoffmann (University of Mannheim)
1. How to Select Targets for Investigations? Evidence from Financial Reporting Enforcement
Alicia Schott (Ruhr University Bochum)P
Martin Nienhaus (Ruhr University Bochum)
Christopher Oehler (Ruhr University Bochum)
Marius Gros (Niederrhein University of Applied Sciences)
2. Audit Committee Directors’ Related Industry Knowledge and Financial Reporting Quality
Guojin Gong (University of Connecticut)
An-Ping Lin (Singapore Management University)
Shuqing Luo (University of Hong Kong)
Xin Qu (University of Hong Kong)P
3. The role of reporting frequency in shaping shareholder horizon: implications for corporate myopia
HwaYoung Kim (Hong Kong University of Science and Technology)
FR PS 11 room TD 0
. . . . . . . . . . . . . . . chaired by: Sara Giovanna Mauro (University of Modena and Reggio Emilia)
1. Influence of Peer CEO Compensation on Earnings Management: The Moderating Role of CEO Greed
Abdullah Alhossini (Shaqra University)
5","[Category]:Financial Reporting;[Name]:Compensating for Responsibility: The Effect of CSR Contracting on Annual Report Readability;[Author_1]:Yong-Chul Shin;[Uni_1]:University of Massachusetts Boston;[Author_2]:Lakhal Faten;[Uni_2]:Léonard de Vinci Pôle Universitaire;[Author_3]:Itidel Ben Saad;[Uni_3]:University of Sousse;[Author_4]:Hamza Nizar;[Uni_4]:IHEC Carthage;[Author_5]:Ehsan Almoataz;[Uni_5]:Umm Al-Qura University  
[Category]:Financial Reporting;[Name]:Talking about the Future to Address the Legitimacy Gap: Data Breaches and Forward-Looking Performance Disclosure;[Author_1]:Yanlei Zhang;[Uni_1]:Copenhagen Business School;[Author_2]:Vivek Raval;[Uni_2]:University of Illinois Chicago  
[Category]:Financial Reporting;[Name]:The Verification Role of Alternative Data;[Author_1]:Jing Pan;[Uni_1]:Penn State University;[Author_2]:Matthew Ma;[Uni_2]:Rutgers University;[Author_3]:Rick Mergenthaler;[Uni_3]:Penn State University;[Author_4]:Pascal Schrader;[Uni_4]:University of Mannheim  
[Category]:Financial Reporting;[Name]:Do Related Party Transactions enable Unethical Behavior? Evidence from Tax Avoidance;[Author_1]:Moataz Elhelaly;[Uni_1]:American University in Cairo;[Author_2]:Salim Chahine;[Uni_2]:Banque Du Liban;[Author_3]:Omrane Guedhami;[Uni_3]:University of South Carolina  
[Category]:Financial Reporting;[Name]:Employees’ AI skills and the relevance of accounting information;[Author_1]:Daniel Taylor;[Uni_1]:IÉSEG School of Management;[Author_2]:EuniceYaa Cudjoe;[Uni_2]:Jean Moulin Lyon 3 University  
[Category]:Financial Reporting;[Name]:Operating Expense P&L Disaggregation: A Cross-Country Study of Determinants and Consequences;[Author_1]:MarkWallis;[Uni_1]:University of Queensland;[Author_2]:Matthew Pinnuck;[Uni_2]:University of Melbourne  
[Category]:Financial Reporting;[Name]:How to Select Targets for Investigations? Evidence from Financial Reporting Enforcement;[Author_1]:Alicia Schott;[Uni_1]:Ruhr University Bochum;[Author_2]:Martin Nienhaus;[Uni_2]:Ruhr University Bochum;[Author_3]:Christopher Oehler;[Uni_3]:Ruhr University Bochum;[Author_4]:Marius Gros;[Uni_4]:Niederrhein University of Applied Sciences  
[Category]:Financial Reporting;[Name]:Audit Committee Directors’ Related Industry Knowledge and Financial Reporting Quality;[Author_1]:Guojin Gong;[Uni_1]:University of Connecticut;[Author_2]:An-Ping Lin;[Uni_2]:Singapore Management University;[Author_3]:Shuqing Luo;[Uni_3]:University of Hong Kong;[Author_4]:Xin Qu;[Uni_4]:University of Hong Kong  
[Category]:Financial Reporting;[Name]:The role of reporting frequency in shaping shareholder horizon: implications for corporate myopia;[Author_1]:HwaYoung Kim;[Uni_1]:Hong Kong University of Science and Technology  
[Category]:Financial Reporting;[Name]:Influence of Peer CEO Compensation on Earnings Management: The Moderating Role of CEO Greed;[Author_1]:Abdullah Alhossini;[Uni_1]:Shaqra University"
5,5.0,"Ja Ryong Kim (Oxford Brookes University)
Tam Nguyen (Nottingham Trent University)P
Muhammad Rafique (University of Nottingham)
2. US cross-listing and trade-off between accrual and real earnings management, the European evidence
Xiaoyu Niu (Université Paris 1 Panthéon-Sorbonne)
Philippe Touron (Université Paris 1 Panthéon-Sorbonne)P
3. Managers’ Self-Reported Earnings Management Practices: Experimental Evidence from Private Firms
Yuhan Liu (University of Mannheim)P
Jannis Bischof (University of Mannheim)
Davud Rostam-Afschar (University of Mannheim)
FR RF 04 room 201
. . . . . . . . . . . . . . . . . . . . . . . . . . . . . . . . . . . chaired by: Thomas Simon (University of Mannheim)
1. Abnormal Audit Fee and Financial Fraud
Feng Xiong (Xiamen University)
Yayuan Zheng (Xiamen University)P
Yue Su (Xiamen University)
Shengnan Li (Xiamen University)
Ning Cai (Xiamen University)
2. Accounting Disclosure and Regulatory Intervention—Evidence at the Bank Holding Company Level
Lemonia Marina Rempoutsika (Open University)
3. Disclosure regulation around the world: data and descriptive analysis
Ulf Bruggemann (Humboldt University of Berlin)P
Christian Bernard (Humboldt University of Berlin)
Jonas Materna (Humboldt University of Berlin)
4. Influence of Regulatory Regime and Firm Size on Reporting of Discontinued Operations
Yoshie Saito (Brooklyn College)P
Richard Lord (Montclair State University)
5. Determinants and Consequences of Withholding Sales and the Cost of Sales: Evidence from Small Private Firms
Dennis Sundvik (Hanken School of Economics)
FR RF 05 room 206B
. . . . . . . . . . . . . . chaired by: Stephanie Mittelbach-Hoermanseder (University of Innsbruck)
1. Understanding Decision Making in Accounting—A literature review of the experimental use of neuroscientific
technologies
Nina Limberg (Leopold-Franzens Universität Innsbruck)
2. The Proprietary Costs of Transparency: Strategic Patenting Under Financial Reporting Mandates
Li Azinovic-Yang (University of Chicago)
Yue Chen (Chinese University of Hong Kong)P
Shunsuke Matsuno (Columbia University)
SunhoYoo (MIT)
3. Digital Transformation Overemphasis in Earnings Conference Calls: Do Investors Misinterpret its Importance?
Can Nalci (University of Groningen)P
Sebastian Firk (University of Groningen)
Vlad-Andrei Porumb (University of Manchester)
Simona Rusanescu (University of Groningen)
4. Global Standards Bridging Borders: The Transformative Role of Foreign Investors in Carbon Reporting
Transparency and Accountability
Shumi Akhtar (University of Sydney)
Jiongcheng Lu (University of Sydney)P
Ruijia Zhan (University College London)
6","[Category]:Financial Reporting;[Name]:US cross-listing and trade-off between accrual and real earnings management, the European evidence;[Author_1]:Xiaoyu Niu;[Uni_1]:Université Paris 1 Panthéon-Sorbonne;[Author_2]:Philippe Touron;[Uni_2]:Université Paris 1 Panthéon-Sorbonne  
[Category]:Financial Reporting;[Name]:Managers’ Self-Reported Earnings Management Practices: Experimental Evidence from Private Firms;[Author_1]:Yuhan Liu;[Uni_1]:University of Mannheim;[Author_2]:Jannis Bischof;[Uni_2]:University of Mannheim;[Author_3]:Davud Rostam-Afschar;[Uni_3]:University of Mannheim  
[Category]:Financial Reporting;[Name]:Abnormal Audit Fee and Financial Fraud;[Author_1]:Feng Xiong;[Uni_1]:Xiamen University;[Author_2]:Yayuan Zheng;[Uni_2]:Xiamen University;[Author_3]:Yue Su;[Uni_3]:Xiamen University;[Author_4]:Shengnan Li;[Uni_4]:Xiamen University;[Author_5]:Ning Cai;[Uni_5]:Xiamen University  
[Category]:Financial Reporting;[Name]:Accounting Disclosure and Regulatory Intervention—Evidence at the Bank Holding Company Level;[Author_1]:Lemonia Marina Rempoutsika;[Uni_1]:Open University  
[Category]:Financial Reporting;[Name]:Disclosure regulation around the world: data and descriptive analysis;[Author_1]:Ulf Bruggemann;[Uni_1]:Humboldt University of Berlin;[Author_2]:Christian Bernard;[Uni_2]:Humboldt University of Berlin;[Author_3]:Jonas Materna;[Uni_3]:Humboldt University of Berlin  
[Category]:Financial Reporting;[Name]:Influence of Regulatory Regime and Firm Size on Reporting of Discontinued Operations;[Author_1]:Yoshie Saito;[Uni_1]:Brooklyn College;[Author_2]:Richard Lord;[Uni_2]:Montclair State University  
[Category]:Financial Reporting;[Name]:Determinants and Consequences of Withholding Sales and the Cost of Sales: Evidence from Small Private Firms;[Author_1]:Dennis Sundvik;[Uni_1]:Hanken School of Economics  
[Category]:Financial Reporting;[Name]:Understanding Decision Making in Accounting—A literature review of the experimental use of neuroscientific technologies;[Author_1]:Nina Limberg;[Uni_1]:Leopold-Franzens Universität Innsbruck  
[Category]:Financial Reporting;[Name]:The Proprietary Costs of Transparency: Strategic Patenting Under Financial Reporting Mandates;[Author_1]:Li Azinovic-Yang;[Uni_1]:University of Chicago;[Author_2]:Yue Chen;[Uni_2]:Chinese University of Hong Kong;[Author_3]:Shunsuke Matsuno;[Uni_3]:Columbia University;[Author_4]:Sunho Yoo;[Uni_4]:MIT  
[Category]:Financial Reporting;[Name]:Digital Transformation Overemphasis in Earnings Conference Calls: Do Investors Misinterpret its Importance?;[Author_1]:Can Nalci;[Uni_1]:University of Groningen;[Author_2]:Sebastian Firk;[Uni_2]:University of Groningen;[Author_3]:Vlad-Andrei Porumb;[Uni_3]:University of Manchester;[Author_4]:Simona Rusanescu;[Uni_4]:University of Groningen  
[Category]:Financial Reporting;[Name]:Global Standards Bridging Borders: The Transformative Role of Foreign Investors in Carbon Reporting Transparency and Accountability;[Author_1]:Shumi Akhtar;[Uni_1]:University of Sydney;[Author_2]:Jiongcheng Lu;[Uni_2]:University of Sydney;[Author_3]:Ruijia Zhan;[Uni_3]:University College London"
6,6.0,"5. Trust and SEC Investigations
Meiling Zhao (Chinese University of Hong Kong)P
Francois Brochet (Boston University)
KelvinYeung (City University of Hong Kong)
Thursday,May 29, 11:00–12:30
FR PSD 03 room 211
. . . . . . . . . . . . . . . . . . . chaired by: Max Goettsche (Catholic University of Eichstätt-Ingolstadt)
1. Impact of ASC 606 on the Cost of Debt: Implications for Expanding the Use of Principles-Based Accounting
Standards
Gil Sadka (University of Texas at Dallas)P
Shinwoo Lee (Hong Kong Baptist University)
Kyungran Lee (Neoma Business School)
Discussant: Clemens Lauer (University of Mannheim)
2. The Shadow Price of Workforce Satisfaction: Evidence from Defined Benefit Pension Plans
Annita Florou (Bocconi University)P
Peter Pope (London School of Economics and Political Science)
Meng Li (University of Oklahoma)
Nipat Puangjampa (Chulalongkorn University)
Discussant: Juan Manuel Garcia Lara (Universidad Carlos III de Madrid)
FR PS 12 room 101
. . . . . . . . . . . . . . . . . . . . . . . . . . . . . . . . . . . . . chaired by: Luminita Enache (University of Calgary)
1. Bankruptcy Prediction Using the Text-Based Communicative Value of Earnings Call Transcripts
Tsung-Kang Chen (NationalYang Ming Chiao Tung University)
Yun Hao (NationalYang Ming Chiao Tung University)P
Yu-Chun Lin (NationalYang Ming Chiao Tung University)
2. Market for Corporate Control, Stock Market Feedback, and Investment Efficiency: Evidence from International
M&A Laws
Jong Chool Park (University of South Florida)P
Jay Lee (University of Massachusetts Boston)
Bo Xu (Harbin Institute of Technology-Shenzhen)
3. Operating Lease Accounting and Firms’ Financing Decisions
Xinyuan Shao (Chinese University of Hong Kong)
FR PS 13 room 204
. . . . . . . . . . . . . . . . . . . . . . . . . . . . . chaired by: Oveis Madadian (IÉSEG School of Management)
1. LongFinBERT: A Language Model for Very Long Financial Documents
Minh Tri Phan (University of Basel)P
Erik-Jan Senn (University of St. Gallen)
2. Credibility and reputation concerns: Evidence from X users
Louis Mangeney (IÉSEG School of Management)
FR PS 14 room TD 0
. . . . . . . . . . . . . . . . . . . . . . . . . . . chaired by: Mostafa Harakeh (American University of Beirut)
1. Why voluntarily adopting US firms drop the direct method for disclosing cash flows from operating activities?
Baljit Sidhu (University of Sydney)
ChuanYu (University of Sydney)P
2. Re-Standardized Financial Statement Data
Federico Siano (University of Texas at Dallas)P
Matthew Lyle (affiliation not provided)
TeriYohn (Emory University)
7","[Category]:Financial Reporting;[Name]:Trust and SEC Investigations;[Author_1]:Meiling Zhao;[Uni_1]:Chinese University of Hong Kong;[Author_2]:Francois Brochet;[Uni_2]:Boston University;[Author_3]:Kelvin Yeung;[Uni_3]:City University of Hong Kong  
[Category]:Financial Reporting;[Name]:Impact of ASC 606 on the Cost of Debt: Implications for Expanding the Use of Principles-Based Accounting Standards;[Author_1]:Gil Sadka;[Uni_1]:University of Texas at Dallas;[Author_2]:Shinwoo Lee;[Uni_2]:Hong Kong Baptist University;[Author_3]:Kyungran Lee;[Uni_3]:Neoma Business School  
[Category]:Financial Reporting;[Name]:The Shadow Price of Workforce Satisfaction: Evidence from Defined Benefit Pension Plans;[Author_1]:Annita Florou;[Uni_1]:Bocconi University;[Author_2]:Peter Pope;[Uni_2]:London School of Economics and Political Science;[Author_3]:Meng Li;[Uni_3]:University of Oklahoma;[Author_4]:Nipat Puangjampa;[Uni_4]:Chulalongkorn University  
[Category]:Financial Reporting;[Name]:Bankruptcy Prediction Using the Text-Based Communicative Value of Earnings Call Transcripts;[Author_1]:Tsung-Kang Chen;[Uni_1]:National Yang Ming Chiao Tung University;[Author_2]:Yun Hao;[Uni_2]:National Yang Ming Chiao Tung University;[Author_3]:Yu-Chun Lin;[Uni_3]:National Yang Ming Chiao Tung University  
[Category]:Financial Reporting;[Name]:Market for Corporate Control, Stock Market Feedback, and Investment Efficiency: Evidence from International M&A Laws;[Author_1]:Jong Chool Park;[Uni_1]:University of South Florida;[Author_2]:Jay Lee;[Uni_2]:University of Massachusetts Boston;[Author_3]:Bo Xu;[Uni_3]:Harbin Institute of Technology-Shenzhen  
[Category]:Financial Reporting;[Name]:Operating Lease Accounting and Firms’ Financing Decisions;[Author_1]:Xinyuan Shao;[Uni_1]:Chinese University of Hong Kong  
[Category]:Financial Reporting;[Name]:LongFinBERT: A Language Model for Very Long Financial Documents;[Author_1]:Minh Tri Phan;[Uni_1]:University of Basel;[Author_2]:Erik-Jan Senn;[Uni_2]:University of St. Gallen  
[Category]:Financial Reporting;[Name]:Credibility and reputation concerns: Evidence from X users;[Author_1]:Louis Mangeney;[Uni_1]:IÉSEG School of Management  
[Category]:Financial Reporting;[Name]:Why voluntarily adopting US firms drop the direct method for disclosing cash flows from operating activities?;[Author_1]:Baljit Sidhu;[Uni_1]:University of Sydney;[Author_2]:Chuan Yu;[Uni_2]:University of Sydney  
[Category]:Financial Reporting;[Name]:Re-Standardized Financial Statement Data;[Author_1]:Federico Siano;[Uni_1]:University of Texas at Dallas;[Author_2]:Matthew Lyle;[Uni_2]:affiliation not provided;[Author_3]:Teri Yohn;[Uni_3]:Emory University"
7,7.0,"3. How Does Recognition of Forward-Looking Estimates Affect Learning about the Macroeconomy? Evidence from
CECL
Ally Lin (ESMT Berlin)P
Oliver Binz (ESMT Berlin)
Matthew Phillips (Massachusetts Institute of Technology)
FR RF 06 room 201
. . . . . . . . . . . . . . . . . . . chaired by: Giorgio Ricciardi (University of Campania - LuigiVanvitelli)
1. Centralized Electronic Reporting and Disclosure Informativeness: Evidence from a Top-Down Regulatory
Change in Germany
Reeyarn Li (Paderborn University)P
Stephan Kaiser (Paderborn University)
Soenke Sievers (University of Paderborn)
2. Best Companies to Work For and Firm Performance: The Role of Managerial Pessimism
Xinlun Song (King’s College London)
3. CEO Accounting Background and SEC Comment Letters
Yu-Chun Lin (National Changhua University of Education)
4. Corporate use of artificial intelligence and subsequent product market performance
JeffWang (San Diego State University)
Jennifer Tucker (University of Florida)P
Ran Zhao (San Diego State University)
5. The Paradox of Cybersecurity Reporting: A Textual Analysis of European Disclosure Practices
Elodie Behnam (University of Strasbourg)P
Kevin Gauch (Technical University of Darmstadt)
Enrico Prinz (University of Strasbourg)
Laura Schaffner (University of Strasbourg)
FR RF 07 room 307A
. . . . . . . . . . . . . . . . . . . . . . . . . . . . . . . . . . chaired by: Isabella Brancaccio (Bocconi University)
1. Pressures from Parallels: Accounting Information Comparability and Excessive R&D Intensity
Tianze Li (Shandong University)P
Zijian Cheng (Shandong University)
Zhangxin (Frank) Liu (University ofWestern Australia)
Qian Li (Shandong University)
2. Do zombie firms manipulate earnings?
Laura Parte (Universidad Nacional de Educación a Distancia)P
María Del Mar Camacho-Miñano (Universidad Complutense de Madrid)
Domenico Campa (International University of Monaco)
José Jimenez-Mazario (Universidad Complutense de Madrid)
3. Experimental Examination of the Effect of IFRS 18 regulation of Management-defined Performance Measures
Sameera Khatoon (University of Saskatchewan)P
Linda Thorne (York University)
Nicolas Epelbaum (Toronto Metropolitan University)
4. The Effects of Risk Factor Disclosures on the Stock Price Crash Risk of Firms
HsiaowenWang (National Central University)P
Chia-Hsun Hsieh (National University of Kaohsiung)
5. Revenue-Expense Matching and Business Cycle
João Paulo Ribeiro (Federal University of Santa Catarina)P
Elizangela Castro (Federal University of Santa Catarina)
Patrícia Pain (Universidade Federal do Espírito Santo)
Suliani Rover (Federal University of Santa Catarina)
8","[Category]:Financial Reporting;[Name]:How Does Recognition of Forward-Looking Estimates Affect Learning about the Macroeconomy? Evidence from CECL;[Author_1]:Ally Lin;[Uni_1]:ESMT Berlin;[Author_2]:Oliver Binz;[Uni_2]:ESMT Berlin;[Author_3]:Matthew Phillips;[Uni_3]:Massachusetts Institute of Technology  
[Category]:Financial Reporting;[Name]:Centralized Electronic Reporting and Disclosure Informativeness: Evidence from a Top-Down Regulatory Change in Germany;[Author_1]:Reeyarn Li;[Uni_1]:Paderborn University;[Author_2]:Stephan Kaiser;[Uni_2]:Paderborn University;[Author_3]:Soenke Sievers;[Uni_3]:University of Paderborn  
[Category]:Financial Reporting;[Name]:Best Companies to Work For and Firm Performance: The Role of Managerial Pessimism;[Author_1]:Xinlun Song;[Uni_1]:King’s College London  
[Category]:Financial Reporting;[Name]:CEO Accounting Background and SEC Comment Letters;[Author_1]:Yu-Chun Lin;[Uni_1]:National Changhua University of Education  
[Category]:Financial Reporting;[Name]:Corporate use of artificial intelligence and subsequent product market performance;[Author_1]:Jeff Wang;[Uni_1]:San Diego State University;[Author_2]:Jennifer Tucker;[Uni_2]:University of Florida;[Author_3]:Ran Zhao;[Uni_3]:San Diego State University  
[Category]:Financial Reporting;[Name]:The Paradox of Cybersecurity Reporting: A Textual Analysis of European Disclosure Practices;[Author_1]:Elodie Behnam;[Uni_1]:University of Strasbourg;[Author_2]:Kevin Gauch;[Uni_2]:Technical University of Darmstadt;[Author_3]:Enrico Prinz;[Uni_3]:University of Strasbourg;[Author_4]:Laura Schaffner;[Uni_4]:University of Strasbourg  
[Category]:Financial Reporting;[Name]:Pressures from Parallels: Accounting Information Comparability and Excessive R&D Intensity;[Author_1]:Tianze Li;[Uni_1]:Shandong University;[Author_2]:Zijian Cheng;[Uni_2]:Shandong University;[Author_3]:Zhangxin (Frank) Liu;[Uni_3]:University of Western Australia;[Author_4]:Qian Li;[Uni_4]:Shandong University  
[Category]:Financial Reporting;[Name]:Do zombie firms manipulate earnings?;[Author_1]:Laura Parte;[Uni_1]:Universidad Nacional de Educación a Distancia;[Author_2]:María Del Mar Camacho-Miñano;[Uni_2]:Universidad Complutense de Madrid;[Author_3]:Domenico Campa;[Uni_3]:International University of Monaco;[Author_4]:José Jimenez-Mazario;[Uni_4]:Universidad Complutense de Madrid  
[Category]:Financial Reporting;[Name]:Experimental Examination of the Effect of IFRS 18 regulation of Management-defined Performance Measures;[Author_1]:Sameera Khatoon;[Uni_1]:University of Saskatchewan;[Author_2]:Linda Thorne;[Uni_2]:York University;[Author_3]:Nicolas Epelbaum;[Uni_3]:Toronto Metropolitan University  
[Category]:Financial Reporting;[Name]:The Effects of Risk Factor Disclosures on the Stock Price Crash Risk of Firms;[Author_1]:Hsiaowen Wang;[Uni_1]:National Central University;[Author_2]:Chia-Hsun Hsieh;[Uni_2]:National University of Kaohsiung  
[Category]:Financial Reporting;[Name]:Revenue-Expense Matching and Business Cycle;[Author_1]:João Paulo Ribeiro;[Uni_1]:Federal University of Santa Catarina;[Author_2]:Elizangela Castro;[Uni_2]:Federal University of Santa Catarina;[Author_3]:Patrícia Pain;[Uni_3]:Universidade Federal do Espírito Santo;[Author_4]:Suliani Rover;[Uni_4]:Federal University of Santa Catarina"
8,8.0,"Thursday,May 29, 14:00–15:30
FR PSD 04 room 211
. . . . . . . . . . . . . . . . . . . . . . . . . . . . . . . . . . . chaired by: Thomas Berndt (University of St. Gallen)
1. The Effects of Human Capital Disclosures on Professional Investors’Assessments of Firm Risk
Ethan Rouen (Harvard Business School)P
Lisa Laviers (Tulane University)
Jason Sandvik (University of Arizona)
Robert Jennings (University of Arizona)
Discussant: YanjiaYang (University of Bern)
FR PS 15 room T01
. . . . . . . . . . . . . . . . . . . . . . . . . . . . . chaired by: Lemonia Marina Rempoutsika (Open University)
1. Changes in Firms’ Business Models and Accrual Estimation
Stephan Kaiser (Paderborn University)P
Benedikt Franke (University ofWürzburg)
Frederic Schlackl (HEC Montréal)
Reeyarn Li (Paderborn University)
Soenke Sievers (University of Paderborn)
2. Corporate Crypto Holdings and Analysts’ Forecasting Environment
Nikolaos Tsileponis (University of Bristol)P
Yi Huang (University of Bristol)
Adriana Korczak (University of Bristol)
3. On the contemporaneous reporting of income increasing and income decreasing special items: initial evidence
James Potepa (American University)P
Kalin Kolev (Baruch College - CUNY)
FR PS 16 room T02
. . chaired by: Ekaete Efretuei (Liverpool John Moores University / Liverpool Business School)
1. The Usefulness of Cryptocurrency Disclosures: Evidence from U.S. public firms
Thinh Nguyen (Lancaster University)
2. Mandatory Forecasts and Debt Markets
Ruth Rooz (Stern) (Ariel University)P
Benjamin Segal (Fordham University)
3. Surplus Reduction and Personal Incentives in the Government Sector
Xi Chen (University of Bristol)P
Gilles Hilary (Georgetown University,McDonough School of Business)
Amanda Beck (Georgia State University)
FR PS 17 room 204
. . . . . . . . . . . . . . . . . . . . . . . . . . . . . . . . . chaired by: GerritVon Zedlitz (University of Mannheim)
1. Dissecting Insider Sales
JulianeWutzler (Worms University of Applied Sciences)P
Amir Amel-Zadeh (University of Oxford,Saïd Business School)
2. Patent Collateral Value Verification and Credit Constraints
Jessica Kim-Gina (Chapman University)P
Aytekin Ertan (London Business School)
Muskan Chawla (University of British Columbia)
FR PS 18 room TD 0
. . . . . . . . . . . . . . . . . . . . . . . . . . . . . . . . . . . . chaired by: Annalisa Prencipe (Bocconi University)
1. Pay Inequality and Job Satisfaction: Evidence from Glassdoor
Clifton Green (Emory University)
Stanimir Markov (University of Texas at Dallas)P
Dexin Zhou (CUNY, Baruch College)
9","[Category]:Financial Reporting;[Name]:The Effects of Human Capital Disclosures on Professional Investors’ Assessments of Firm Risk;[Author_1]:Ethan Rouen;[Uni_1]:Harvard Business School;[Author_2]:Lisa Laviers;[Uni_2]:Tulane University;[Author_3]:Jason Sandvik;[Uni_3]:University of Arizona;[Author_4]:Robert Jennings;[Uni_4]:University of Arizona  
[Category]:Financial Reporting;[Name]:Changes in Firms’ Business Models and Accrual Estimation;[Author_1]:Stephan Kaiser;[Uni_1]:Paderborn University;[Author_2]:Benedikt Franke;[Uni_2]:University of Würzburg;[Author_3]:Frederic Schlackl;[Uni_3]:HEC Montréal;[Author_4]:Reeyarn Li;[Uni_4]:Paderborn University;[Author_5]:Soenke Sievers;[Uni_5]:University of Paderborn  
[Category]:Financial Reporting;[Name]:Corporate Crypto Holdings and Analysts’ Forecasting Environment;[Author_1]:Nikolaos Tsileponis;[Uni_1]:University of Bristol;[Author_2]:Yi Huang;[Uni_2]:University of Bristol;[Author_3]:Adriana Korczak;[Uni_3]:University of Bristol  
[Category]:Financial Reporting;[Name]:On the contemporaneous reporting of income increasing and income decreasing special items: initial evidence;[Author_1]:James Potepa;[Uni_1]:American University;[Author_2]:Kalin Kolev;[Uni_2]:Baruch College - CUNY  
[Category]:Financial Reporting;[Name]:The Usefulness of Cryptocurrency Disclosures: Evidence from U.S. public firms;[Author_1]:Thinh Nguyen;[Uni_1]:Lancaster University  
[Category]:Financial Reporting;[Name]:Mandatory Forecasts and Debt Markets;[Author_1]:Ruth Rooz;[Uni_1]:Stern (Ariel University);[Author_2]:Benjamin Segal;[Uni_2]:Fordham University  
[Category]:Financial Reporting;[Name]:Surplus Reduction and Personal Incentives in the Government Sector;[Author_1]:Xi Chen;[Uni_1]:University of Bristol;[Author_2]:Gilles Hilary;[Uni_2]:Georgetown University, McDonough School of Business;[Author_3]:Amanda Beck;[Uni_3]:Georgia State University  
[Category]:Financial Reporting;[Name]:Dissecting Insider Sales;[Author_1]:Juliane Wutzler;[Uni_1]:Worms University of Applied Sciences;[Author_2]:Amir Amel-Zadeh;[Uni_2]:University of Oxford, Saïd Business School  
[Category]:Financial Reporting;[Name]:Patent Collateral Value Verification and Credit Constraints;[Author_1]:Jessica Kim-Gina;[Uni_1]:Chapman University;[Author_2]:Aytekin Ertan;[Uni_2]:London Business School;[Author_3]:Muskan Chawla;[Uni_3]:University of British Columbia  
[Category]:Financial Reporting;[Name]:Pay Inequality and Job Satisfaction: Evidence from Glassdoor;[Author_1]:Clifton Green;[Uni_1]:Emory University;[Author_2]:Stanimir Markov;[Uni_2]:University of Texas at Dallas;[Author_3]:Dexin Zhou;[Uni_3]:CUNY, Baruch College"
9,9.0,"2. Intermediaries under the Spotlight: Transparency of Pharmacy Benefit Managers and Medicare Part D Drug
costs
Nicola Maria Fiore (Bocconi University)
FR RF 08 room 103B
. . . . . . . . . . . . . . . . . . . . . . . . . . . . . . . . . . . . . . . . chaired by: Lars Knorren (Tilburg University)
1. Mandatory Disclosure and Voluntary CEO Departure
Young Jun Cho (Singapore Management University)P
Jaewoo Kim (University of Oregon)
Hojun Seo (Purdue University)
Yucheng (John)Yang (Chinese University of Hong Kong)
2. The impact of credit rating reports’ sentiment and readability on analysts’forecasting—Application of neural
network models
Ujjal Mondal (Durham University)P
Ana Marques (University of East Anglia / Universidade NOVA de Lisboa)
Fabio Motoki (University of East Anglia)
Patrycja Klusak (University of Cambridge)
3. Patent Privateering
Jenny Li Zhang (University of British Columbia)P
Jinhwan Kim (Stanford University)
KristenValentine (University of Georgia)
Yuxiang Zheng (Rutgers University)
4. Enterprise System Standardization and Firm Information Provision
Wen Chen (City University of Hong Kong)P
HaibinWu (City University of Hong Kong)
Jeong-Bon Kim (City University of Hong Kong)
Chengxin Cao (CUNY, Baruch College)
Zihui Li (City University of Hong Kong)
5. From Accounting to Commercial Lending: Can Earnings Information Predict Credit Firms and Households
Credit Growth?
Indra Tumbelaka (Monash University)
Thursday,May 29, 16:00–17:30
FR PSD 05 room 211
. . . . . . . . . . . . . . . . . . . . . . . . . . . . . . . . . chaired by: Anne Jeny (IÉSEG School of Management)
1. Do Small Audit Firms Strategically Respond to PCAOB Reports?
Encarna Guillamon Saorin (Carlos III University of Madrid)P
Andres Guiral (Yonsei University)
Miguel Minutti-Meza (University of Miami)
Doocheol Moon (Yonsei University)
Discussant: Manyun Tang (University of Oxford,Saïd Business School)
2. Non-GAAP Reporting and Investor Relations
Luke Phelps (Cape Breton University)
Discussant: Ionela Andreicovici (Frankfurt School of Finance & Management)
FR PS 19 room T02
. . . . . . . . . . . . . . . . . . . . . . . . . . . . . . . . . . . . . . . . . . . . chaired by: Philip Joos (Tilburg University)
1. Do Machine-readable Disclosures Facilitate Regulatory Scrutiny? Evidence from SEC Comment Letters
Xin Xu (Hong Kong Polytechnic University)
2. When Smoke and Mirrors Fail: Strategic Climate Disclosures and Investor Skepticism
Hyunjung Rim (GeorgeWashington University)
10","[Category]:Financial Reporting;[Name]:Intermediaries under the Spotlight: Transparency of Pharmacy Benefit Managers and Medicare Part D Drug costs;[Author_1]:Nicola Maria Fiore;[Uni_1]:Bocconi University  
[Category]:Financial Reporting;[Name]:Mandatory Disclosure and Voluntary CEO Departure;[Author_1]:Young Jun Cho;[Uni_1]:Singapore Management University;[Author_2]:Jaewoo Kim;[Uni_2]:University of Oregon;[Author_3]:Hojun Seo;[Uni_3]:Purdue University;[Author_4]:Yucheng (John) Yang;[Uni_4]:Chinese University of Hong Kong  
[Category]:Financial Reporting;[Name]:The impact of credit rating reports’ sentiment and readability on analysts’ forecasting—Application of neural network models;[Author_1]:Ujjal Mondal;[Uni_1]:Durham University;[Author_2]:Ana Marques;[Uni_2]:University of East Anglia / Universidade NOVA de Lisboa;[Author_3]:Fabio Motoki;[Uni_3]:University of East Anglia;[Author_4]:Patrycja Klusak;[Uni_4]:University of Cambridge  
[Category]:Financial Reporting;[Name]:Patent Privateering;[Author_1]:Jenny Li Zhang;[Uni_1]:University of British Columbia;[Author_2]:Jinhwan Kim;[Uni_2]:Stanford University;[Author_3]:Kristen Valentine;[Uni_3]:University of Georgia;[Author_4]:Yuxiang Zheng;[Uni_4]:Rutgers University  
[Category]:Financial Reporting;[Name]:Enterprise System Standardization and Firm Information Provision;[Author_1]:Wen Chen;[Uni_1]:City University of Hong Kong;[Author_2]:Haibin Wu;[Uni_2]:City University of Hong Kong;[Author_3]:Jeong-Bon Kim;[Uni_3]:City University of Hong Kong;[Author_4]:Chengxin Cao;[Uni_4]:CUNY, Baruch College;[Author_5]:Zihui Li;[Uni_5]:City University of Hong Kong  
[Category]:Financial Reporting;[Name]:From Accounting to Commercial Lending: Can Earnings Information Predict Credit Firms and Households Credit Growth?;[Author_1]:Indra Tumbelaka;[Uni_1]:Monash University  
[Category]:Financial Reporting;[Name]:Do Small Audit Firms Strategically Respond to PCAOB Reports?;[Author_1]:Encarna Guillamon Saorin;[Uni_1]:Carlos III University of Madrid;[Author_2]:Andres Guiral;[Uni_2]:Yonsei University;[Author_3]:Miguel Minutti-Meza;[Uni_3]:University of Miami;[Author_4]:Doocheol Moon;[Uni_4]:Yonsei University  
[Category]:Financial Reporting;[Name]:Non-GAAP Reporting and Investor Relations;[Author_1]:Luke Phelps;[Uni_1]:Cape Breton University  
[Category]:Financial Reporting;[Name]:Do Machine-readable Disclosures Facilitate Regulatory Scrutiny? Evidence from SEC Comment Letters;[Author_1]:Xin Xu;[Uni_1]:Hong Kong Polytechnic University  
[Category]:Financial Reporting;[Name]:When Smoke and Mirrors Fail: Strategic Climate Disclosures and Investor Skepticism;[Author_1]:Hyunjung Rim;[Uni_1]:George Washington University"
10,10.0,"FR PS 20 room 204
. . . . . . . . . . . . . . . . . . . . . . . . . . . . chaired by: Martin Zafiryadis (Copenhagen Business School)
1. Cost Anchoring in Fair Value Estimation
Thomas Hagenberg (Northwestern University)P
Leslie Hodder (Indiana University)
Spencer Anderson (Indiana University)
Yuze Xia (Northwestern University)
2. Informational mosaic effect and discretionary disclosure (new version)
Manuel Nunez-Nickel (Universidad Carlos III de Madrid)P
Paulo Maduro (Universidad Carlos III de Madrid)
Gilberto Marquez-Illescas (University of Rhode Island)
3. Economic Consequences of Bias in Fair Value Accounting: Evidence from the Korean Bond Markets
Doyeon Kim (University of Hong Kong)
FR PS 21 room TD 0
. . . . . . . . . . . . . . . . . . . . . . . . . . . . . . . . . . . . . . . . . . . chaired by: XiaoxiWu (Bocconi University)
1. Commitment through Forecasting: Managerial Buyback Guidance and Payout Policy
Zachary Kaplan (Washington University in St. Louis)
LaurenVollon (University of Notre Dame,Mendoza College of Business)
Adriano Salerno (Bocconi University)P
2. Do Investors Trade on Stale Earnings Information? Evidence from China
Kevin Li (University of Adelaide)P
Liuchuang Li (Xi’an Jiaotong University)
3. Hiding in Plain Sight: Do Investors Price the Likelihood of Future Opportunism in Non-GAAP Earnings?
Keehea Moon (GeorgeWashington University)P
Edgar Rodriguez-Vazquez (CUNY, Baruch College)
FR RF 09 room 307A
. . . . . . . . . . . . . . . . . . . . . . . . . . . . . . . . . . . . . . . . . . . . . . . chaired by: Siqi Liu (Open University)
1. Do capital markets anticipate financial restatements?
Christian Tischer (Ilmenau University of Technology)
Michael Grüning (Ilmenau University of Technology)P
2. The determinants of IFRS abandonment process: firm-level evidence from Italy
Luca Baccarini (Università Politecnica delle Marche)
3. Firm-Level Political Risk and Accounting Conservatism
Safa Gaaya (Ecole de Commerce et de Management à Paris)P
Moez Essid (Ecole de Commerce et de Management à Paris)
Adel Beldi (IÉSEG School of Management)
Itidel Ben Saad (University of Sousse)
4. On the shoulders of giants: (How) Does Mandating Annual Report Discourse on Strategy and Business Model
Improve Transparency About Value Creation?
Mahmoud Gad (Lancaster University)
Sam Rawsthorne (Lancaster University)P
StevenYoung (Lancaster University)
5. Internally Generated Intangible Capital and Information Uncertainty: The Mediating Role of Narrative
Disclosures
Xinyi Peng (University of Calgary)
Rong Zhao (University of Calgary)P
FR RF 10 room 307B
. . . . . . . . . . . . . . . . . . . . . . . . . . . . . . . . . . . . . . chaired by: Matteo Merlo (University of Bologna)
1. Corporate governance profiles and accounting conservatism in European financial institutions
Virpi Haaramo (University of Eastern Finland)P
11","[Category]:Financial Reporting;[Name]:Cost Anchoring in Fair Value Estimation;[Author_1]:Thomas Hagenberg;[Uni_1]:Northwestern University;[Author_2]:Leslie Hodder;[Uni_2]:Indiana University;[Author_3]:Spencer Anderson;[Uni_3]:Indiana University;[Author_4]:Yuze Xia;[Uni_4]:Northwestern University  
[Category]:Financial Reporting;[Name]:Informational mosaic effect and discretionary disclosure (new version);[Author_1]:Manuel Nunez-Nickel;[Uni_1]:Universidad Carlos III de Madrid;[Author_2]:Paulo Maduro;[Uni_2]:Universidad Carlos III de Madrid;[Author_3]:Gilberto Marquez-Illescas;[Uni_3]:University of Rhode Island  
[Category]:Financial Reporting;[Name]:Economic Consequences of Bias in Fair Value Accounting: Evidence from the Korean Bond Markets;[Author_1]:Doyeon Kim;[Uni_1]:University of Hong Kong  
[Category]:Financial Reporting;[Name]:Commitment through Forecasting: Managerial Buyback Guidance and Payout Policy;[Author_1]:Zachary Kaplan;[Uni_1]:Washington University in St. Louis;[Author_2]:Lauren Vollon;[Uni_2]:University of Notre Dame,Mendoza College of Business;[Author_3]:Adriano Salerno;[Uni_3]:Bocconi University  
[Category]:Financial Reporting;[Name]:Do Investors Trade on Stale Earnings Information? Evidence from China;[Author_1]:Kevin Li;[Uni_1]:University of Adelaide;[Author_2]:Liuchuang Li;[Uni_2]:Xi’an Jiaotong University  
[Category]:Financial Reporting;[Name]:Hiding in Plain Sight: Do Investors Price the Likelihood of Future Opportunism in Non-GAAP Earnings?;[Author_1]:Keehea Moon;[Uni_1]:George Washington University;[Author_2]:Edgar Rodriguez-Vazquez;[Uni_2]:CUNY, Baruch College  
[Category]:Financial Reporting;[Name]:Do capital markets anticipate financial restatements?;[Author_1]:Christian Tischer;[Uni_1]:Ilmenau University of Technology;[Author_2]:Michael Grüning;[Uni_2]:Ilmenau University of Technology  
[Category]:Financial Reporting;[Name]:The determinants of IFRS abandonment process: firm-level evidence from Italy;[Author_1]:Luca Baccarini;[Uni_1]:Università Politecnica delle Marche  
[Category]:Financial Reporting;[Name]:Firm-Level Political Risk and Accounting Conservatism;[Author_1]:Safa Gaaya;[Uni_1]:Ecole de Commerce et de Management à Paris;[Author_2]:Moez Essid;[Uni_2]:Ecole de Commerce et de Management à Paris;[Author_3]:Adel Beldi;[Uni_3]:IÉSEG School of Management;[Author_4]:Itidel Ben Saad;[Uni_4]:University of Sousse  
[Category]:Financial Reporting;[Name]:On the shoulders of giants: (How) Does Mandating Annual Report Discourse on Strategy and Business Model Improve Transparency About Value Creation?;[Author_1]:Mahmoud Gad;[Uni_1]:Lancaster University;[Author_2]:Sam Rawsthorne;[Uni_2]:Lancaster University;[Author_3]:Steven Young;[Uni_3]:Lancaster University  
[Category]:Financial Reporting;[Name]:Internally Generated Intangible Capital and Information Uncertainty: The Mediating Role of Narrative Disclosures;[Author_1]:Xinyi Peng;[Uni_1]:University of Calgary;[Author_2]:Rong Zhao;[Uni_2]:University of Calgary  
[Category]:Financial Reporting;[Name]:Corporate governance profiles and accounting conservatism in European financial institutions;[Author_1]:Virpi Haaramo;[Uni_1]:University of Eastern Finland"
11,11.0,"Markus Matto (University of Eastern Finland)
Mervi Niskanen (University of Eastern Finland)
Hannu Ojala (University of Eastern Finland)
2. ADR intra-sector spillover effect on accrual based earnings management
DanteViana, Jr. (University of Algarve)P
Isabel Lourenço (ISCTE - Instituto Universitário de Lisboa)
3. Determinants of Textual Dissimilarity in 10-K Risk Disclosures
Kevin Gauch (Technical University of Darmstadt)P
Iuliia Gauch (Technical University of Darmstadt)
Reiner Quick (Technical University of Darmstadt)
Christian Friedrich (University of Mannheim)
4. Does size matter? A comparative study of earnings management across small, medium and large private and
publicly listed companies in the UK
Ivana Rozic (Cardiff University, Cardiff Business School)P
Salma Ibrahim (Kingston University)
George Giannopoulos (Kingston University)
Friday,May 30,09:00–10:30
FR PS 22 room 101
. . . . . . . . . . . . . . . . . . . . . . . . . . . . . . . . . . . . . . . . . . . chaired by: Jae Bum Kim (Lehigh University)
1. Accounting Standard-Induced Regulatory Capital Management: Evidence from the New Lease Accounting
Standard ASC 842
Makafui Anani (Hong Kong Polytechnic University)
2. Let them “fake it until they make it”: half-truth disclosure, signaling and the unintended drawback of mandatory
certification
Loïc Belze (Emlyon Business School)P
Francois Larmande (Université de Sherbrooke)
3. Disclosure Effects of a Non-Financial Reporting Mandate: A Topic Modeling Approach
Bianca Minuth (ESCP Business School Paris)
FR PS 23 room 207
. . . . . . . . . . . . . . . . . . . . . . . . . . . . . . . . chaired by: Federico Siano (University of Texas at Dallas)
1. Unravel Unraveling
Xiang Zheng (Nanyang Technological University)P
Qi Zhang (Chinese University of Hong Kong)
2. Measuring Sustainability Reporting Quality: A Retrieval-Augmented Generation Approach
Qi Zhang (Chinese University of Hong Kong)P
Yi-Chun Chen (City University of Hong Kong)
Tse-Chun Lin (University of Hong Kong)
3. Uncertain Information Advantage and Price Discovery: Evidence from Data Vendor Dissemination Differences
Elsa Maria Juliani (INSEAD)P
Karthik Balakrishnan (Rice University)
Lakshmanan Shivakumar (London Business School)
DavidWilson (Rice University)
FR PS 24 room TD 0
. . . . . . . . . . . . . . . . . . . . . . . . . . . . . . . . chaired by: Tony Kang (University of Nebraska-Lincoln)
1. Does Investors’ Utilization of Technologies Discourage Firms’Disclosure? Evidence from Archival and
Experimental Analyses
Songyi Han (NHH - Norwegian School of Economics)P
Cai Chen (INSEAD)
Mike Mai (China Europe International Business School)
12","[Category]:Financial Reporting;[Name]:1. ADR intra-sector spillover effect on accrual based earnings management;[Author_1]:DanteViana, Jr.;[Uni_1]:University of Algarve;[Author_2]:Isabel Lourenço;[Uni_2]:ISCTE - Instituto Universitário de Lisboa  
[Category]:Financial Reporting;[Name]:2. Determinants of Textual Dissimilarity in 10-K Risk Disclosures;[Author_1]:Kevin Gauch;[Uni_1]:Technical University of Darmstadt;[Author_2]:Iuliia Gauch;[Uni_2]:Technical University of Darmstadt;[Author_3]:Reiner Quick;[Uni_3]:Technical University of Darmstadt;[Author_4]:Christian Friedrich;[Uni_4]:University of Mannheim  
[Category]:Financial Reporting;[Name]:3. Does size matter? A comparative study of earnings management across small, medium and large private and publicly listed companies in the UK;[Author_1]:Ivana Rozic;[Uni_1]:Cardiff University, Cardiff Business School;[Author_2]:Salma Ibrahim;[Uni_2]:Kingston University;[Author_3]:George Giannopoulos;[Uni_3]:Kingston University  
[Category]:Financial Reporting;[Name]:1. Accounting Standard-Induced Regulatory Capital Management: Evidence from the New Lease Accounting Standard ASC 842;[Author_1]:Makafui Anani;[Uni_1]:Hong Kong Polytechnic University  
[Category]:Financial Reporting;[Name]:2. Let them “fake it until they make it”: half-truth disclosure, signaling and the unintended drawback of mandatory certification;[Author_1]:Loïc Belze;[Uni_1]:Emlyon Business School;[Author_2]:Francois Larmande;[Uni_2]:Université de Sherbrooke  
[Category]:Financial Reporting;[Name]:3. Disclosure Effects of a Non-Financial Reporting Mandate: A Topic Modeling Approach;[Author_1]:Bianca Minuth;[Uni_1]:ESCP Business School Paris  
[Category]:Financial Reporting;[Name]:1. Unravel Unraveling;[Author_1]:Xiang Zheng;[Uni_1]:Nanyang Technological University;[Author_2]:Qi Zhang;[Uni_2]:Chinese University of Hong Kong  
[Category]:Financial Reporting;[Name]:2. Measuring Sustainability Reporting Quality: A Retrieval-Augmented Generation Approach;[Author_1]:Qi Zhang;[Uni_1]:Chinese University of Hong Kong;[Author_2]:Yi-Chun Chen;[Uni_2]:City University of Hong Kong;[Author_3]:Tse-Chun Lin;[Uni_3]:University of Hong Kong  
[Category]:Financial Reporting;[Name]:3. Uncertain Information Advantage and Price Discovery: Evidence from Data Vendor Dissemination Differences;[Author_1]:Elsa Maria Juliani;[Uni_1]:INSEAD;[Author_2]:Karthik Balakrishnan;[Uni_2]:Rice University;[Author_3]:Lakshmanan Shivakumar;[Uni_3]:London Business School;[Author_4]:DavidWilson;[Uni_4]:Rice University  
[Category]:Financial Reporting;[Name]:1. Does Investors’ Utilization of Technologies Discourage Firms’Disclosure? Evidence from Archival and Experimental Analyses;[Author_1]:Songyi Han;[Uni_1]:NHH - Norwegian School of Economics;[Author_2]:Cai Chen;[Uni_2]:INSEAD;[Author_3]:Mike Mai;[Uni_3]:China Europe International Business School"
12,12.0,"2. How executive turnover affects earnings announcement disclosure content and formatting choices
Lars Knorren (Tilburg University)P
Mate Szeles (Tilburg University)
Jeremiah Bentley (University of Massachusetts Amherst)
3. Human Capital Disclosure and Debt Contracting
Ming Cherng Deng (CUNY, Baruch College)
FR RF 11 room 307A
. . . . . . . . . . . . . . . . . . chaired by: Ting Dai (Hong Kong University of Science and Technology)
1. The Effect of IFRS 16 on the Propensity to Announce Share Repurchases
Ni-Yun Chen (National SunYat-Sen University)
2. Non-GAAP earnings reporting by european companies: comparability of non-GAAP earnings, transparency and
quality of non-GAAP adjustments
Djibrilla Aziz (Dijon Bourgogne University,IAE Management School)
3. Devils Is in the Details: The Consequences of Firm-Specific Cybersecurity Risk Disclosure
Won No (Rutgers University)P
Kyungha Lee (Rutgers University)
Arion Cheong (Stevens Institute of Technology)
4. Do natural disasters affect investment efficiency?
Lin-HuiYu (National Taiwan University)
5. Beyond Earnings Quality: Evaluating the Quality of Voluntary Corporate Financial Reporting Practices
Weili Ge (University ofWashington)P
Patricia Dechow (University of Southern California)
Sarah Mcvay (University ofWashington)
Wei Ting Loh (Singapore Management University)
FR RF 12 room 307B
. . . . . . . . . . . . . . . . . . . . . . . . . . . . . . . . . chaired by: Andrew Glover (University ofWashington)
1. Narrative Disclosures: The Effects of Persuasion Strategy and Perceived Manager Age on Investor Judgments
Clarence Goh (Singapore Management University)
2. The Value of Financial Statements in Predicting the Innovation Performance of Early-Stage Technology-based
Firms: A Machine Learning Approach
Bin Ke (National University of Singapore)P
Xinjie Ma (National University of Singapore)
YanboWang (University of Hong Kong)
3. Is the Road to Sustainability Paved with Good Intentions? Effects of Scenario Analysis and Sustainability
Actions on Managers’ Climate Risk Disclosure Decisi
YanjiaYang (University of Bern)P
FengYeo (University of South Carolina)
Friday,May 30,11:00–12:30
FR PSD 06 room 211
. . . . . . . . . . . . . . . . . . . . . . . . . . . . . . . . . . . . . . . . . . . . . . . . . . . . . . . . . . . . . . . . . . . . . . . . . . . . . . . .
1. Behind the Corporate Veil: How Business Groups Arbitrage ESG Disclosure Mandates
Stefano Cascino (London School of Economics and Political Science)P
Maria Correia (London School of Economics and Political Science)
Discussant: Matthias Breuer (Columbia University)
2. Climate disclosure in financial statements
Maximilian A. Müller (University of Cologne)
Gaizka Ormazabal (IESE Business School)
Thorsten Sellhorn (LMU Munich)P
VictorWagner (Ludwig-Maximilians-Universität München)
13","[Category]:Financial Reporting;[Name]:How executive turnover affects earnings announcement disclosure content and formatting choices;[Author_1]:Lars Knorren;[Uni_1]:Tilburg University;[Author_2]:Mate Szeles;[Uni_2]:Tilburg University;[Author_3]:Jeremiah Bentley;[Uni_3]:University of Massachusetts Amherst  
[Category]:Financial Reporting;[Name]:Human Capital Disclosure and Debt Contracting;[Author_1]:Ming Cherng Deng;[Uni_1]:CUNY, Baruch College  
[Category]:Financial Reporting;[Name]:The Effect of IFRS 16 on the Propensity to Announce Share Repurchases;[Author_1]:Ni-Yun Chen;[Uni_1]:National Sun Yat-Sen University  
[Category]:Financial Reporting;[Name]:Non-GAAP earnings reporting by european companies: comparability of non-GAAP earnings, transparency and quality of non-GAAP adjustments;[Author_1]:Djibrilla Aziz;[Uni_1]:Dijon Bourgogne University, IAE Management School  
[Category]:Financial Reporting;[Name]:Devils Is in the Details: The Consequences of Firm-Specific Cybersecurity Risk Disclosure;[Author_1]:Won No;[Uni_1]:Rutgers University;[Author_2]:Kyungha Lee;[Uni_2]:Rutgers University;[Author_3]:Arion Cheong;[Uni_3]:Stevens Institute of Technology  
[Category]:Financial Reporting;[Name]:Do natural disasters affect investment efficiency?;[Author_1]:Lin-Hui Yu;[Uni_1]:National Taiwan University  
[Category]:Financial Reporting;[Name]:Beyond Earnings Quality: Evaluating the Quality of Voluntary Corporate Financial Reporting Practices;[Author_1]:Weili Ge;[Uni_1]:University of Washington;[Author_2]:Patricia Dechow;[Uni_2]:University of Southern California;[Author_3]:Sarah Mcvay;[Uni_3]:University of Washington;[Author_4]:Wei Ting Loh;[Uni_4]:Singapore Management University  
[Category]:Financial Reporting;[Name]:Narrative Disclosures: The Effects of Persuasion Strategy and Perceived Manager Age on Investor Judgments;[Author_1]:Clarence Goh;[Uni_1]:Singapore Management University  
[Category]:Financial Reporting;[Name]:The Value of Financial Statements in Predicting the Innovation Performance of Early-Stage Technology-based Firms: A Machine Learning Approach;[Author_1]:Bin Ke;[Uni_1]:National University of Singapore;[Author_2]:Xinjie Ma;[Uni_2]:National University of Singapore;[Author_3]:Yanbo Wang;[Uni_3]:University of Hong Kong  
[Category]:Financial Reporting;[Name]:Is the Road to Sustainability Paved with Good Intentions? Effects of Scenario Analysis and Sustainability Actions on Managers’ Climate Risk Disclosure Decisi;[Author_1]:Yanjia Yang;[Uni_1]:University of Bern;[Author_2]:Feng Yeo;[Uni_2]:University of South Carolina  
[Category]:Financial Reporting;[Name]:Behind the Corporate Veil: How Business Groups Arbitrage ESG Disclosure Mandates;[Author_1]:Stefano Cascino;[Uni_1]:London School of Economics and Political Science;[Author_2]:Maria Correia;[Uni_2]:London School of Economics and Political Science  
[Category]:Financial Reporting;[Name]:Climate disclosure in financial statements;[Author_1]:Maximilian A. Müller;[Uni_1]:University of Cologne;[Author_2]:Gaizka Ormazabal;[Uni_2]:IESE Business School;[Author_3]:Thorsten Sellhorn;[Uni_3]:LMU Munich;[Author_4]:Victor Wagner;[Uni_4]:Ludwig-Maximilians-Universität München"
13,13.0,"Discussant: Francesco Mazzi (University of Florence)
FR PS 25 room 101
. . . . . . . . . . . . . . . . . . . . . . . . . . . . . . . . . . . . . . . . chaired by: Andrea Lionzo (Catholic University)
1. Reporting Regulation and Market Perception
Elena Reck (Ruhr University Bochum)
2. Does Stock Liquidity Impact Non-GAAP Reporting? Evidence from a Natural Experiment
Byungki Kim (University of Queensland)
Kalin Kolev (CUNY, Baruch College)
Hangsoo Kyung (Hong Kong Polytechnic University)P
You-Il (Chris) Park (University of Hawai’i at Mānoa)
3. Are pre-restatement non-GAAP reporting choices determinants of market reactions to material GAAP
restatements?
Christian Sofilkanitsch (Nazarbayev University)P
Soenke Sievers (affiliation not provided)
Jens Müller (Paderborn University)
Oliver Mehring (Paderborn University)
FR PS 26 room 204
. . . . . . . . . . . . . . . . . . . . . . . . . . . . . . . . . . . . . . . . . . . . . . . . . . . . . . . . . . . . . . . . . . . . . . . . . . . . . . . . .
1. CEO Overconfidence and Strategic Repetition from Notes to MD&A in 10-Ks
Javad Rajabalizadeh (University of Turku)P
Hannu Schadewitz (University of Turku)
Antti Miihkinen (University of Turku)
Nikolaos Tsileponis (University of Bristol)
2. CEO Narcissism and Repetitive Language in MD&A Disclosures: Informative Reinforcement or Opportunistic
Obfuscation?
Stergios Leventis (International Hellenic University)P
Nikolaos Tsileponis (University of Bristol)
Javad Rajabalizadeh (University of Turku)
Reza Hesarzadeh (Ferdowsi University of Mashhad)
3. CEOs Vocal Emotions, Textual Tones and Earnings Management: Evidence from Earnings Conference Calls
ZhihongWang (Clark University)
Tien-Shih Hsieh (University of Massachusetts Dartmouth)P
Jeong-Bon Kim (Simon Fraser University)
FR PS 27 room 207
. . . . . . . . . . . . . . . . . . . . . . . . . . chaired by: Chia-Ling Chao (National Chung Cheng University)
1. The Net Impact of Legalizing Sports Betting on Public Finance
Daphne Lui (ESSEC Business School)P
Zeping Pan (ESCP Business School)
Hui Tan (ESSEC Business School)
2. The Intergovernmental Fiscal System and Local Firms’Accounting Choices
Travis Chow (University of Hong Kong)
Weizhu Hou (Renmin University of China)
XinWang (University of Hong Kong)P
3. Relative Importance of Financial and Environmental Information in B2B Contracting: Experimental Evidence
from Firms in Germany
Daniela Zipperer (University of Mannheim)P
Yuhan Liu (University of Mannheim)
Jannis Bischof (University of Mannheim)
Davud Rostam-Afschar (University of Mannheim)
14","[Category]:Financial Reporting;[Name]:Reporting Regulation and Market Perception;[Author_1]:Elena Reck;[Uni_1]:Ruhr University Bochum  
[Category]:Financial Reporting;[Name]:Does Stock Liquidity Impact Non-GAAP Reporting? Evidence from a Natural Experiment;[Author_1]:Byungki Kim;[Uni_1]:University of Queensland;[Author_2]:Kalin Kolev;[Uni_2]:CUNY, Baruch College;[Author_3]:Hangsoo Kyung;[Uni_3]:Hong Kong Polytechnic University;[Author_4]:You-Il (Chris) Park;[Uni_4]:University of Hawai’i at Mānoa  
[Category]:Financial Reporting;[Name]:Are pre-restatement non-GAAP reporting choices determinants of market reactions to material GAAP restatements?;[Author_1]:Christian Sofilkanitsch;[Uni_1]:Nazarbayev University;[Author_2]:Soenke Sievers;[Uni_2]:affiliation not provided;[Author_3]:Jens Müller;[Uni_3]:Paderborn University;[Author_4]:Oliver Mehring;[Uni_4]:Paderborn University  
[Category]:Financial Reporting;[Name]:CEO Overconfidence and Strategic Repetition from Notes to MD&A in 10-Ks;[Author_1]:Javad Rajabalizadeh;[Uni_1]:University of Turku;[Author_2]:Hannu Schadewitz;[Uni_2]:University of Turku;[Author_3]:Antti Miihkinen;[Uni_3]:University of Turku;[Author_4]:Nikolaos Tsileponis;[Uni_4]:University of Bristol  
[Category]:Financial Reporting;[Name]:CEO Narcissism and Repetitive Language in MD&A Disclosures: Informative Reinforcement or Opportunistic Obfuscation?;[Author_1]:Stergios Leventis;[Uni_1]:International Hellenic University;[Author_2]:Nikolaos Tsileponis;[Uni_2]:University of Bristol;[Author_3]:Javad Rajabalizadeh;[Uni_3]:University of Turku;[Author_4]:Reza Hesarzadeh;[Uni_4]:Ferdowsi University of Mashhad  
[Category]:Financial Reporting;[Name]:CEOs Vocal Emotions, Textual Tones and Earnings Management: Evidence from Earnings Conference Calls;[Author_1]:Zhihong Wang;[Uni_1]:Clark University;[Author_2]:Tien-Shih Hsieh;[Uni_2]:University of Massachusetts Dartmouth;[Author_3]:Jeong-Bon Kim;[Uni_3]:Simon Fraser University  
[Category]:Financial Reporting;[Name]:The Net Impact of Legalizing Sports Betting on Public Finance;[Author_1]:Daphne Lui;[Uni_1]:ESSEC Business School;[Author_2]:Zeping Pan;[Uni_2]:ESCP Business School;[Author_3]:Hui Tan;[Uni_3]:ESSEC Business School  
[Category]:Financial Reporting;[Name]:The Intergovernmental Fiscal System and Local Firms’ Accounting Choices;[Author_1]:Travis Chow;[Uni_1]:University of Hong Kong;[Author_2]:Weizhu Hou;[Uni_2]:Renmin University of China;[Author_3]:Xin Wang;[Uni_3]:University of Hong Kong  
[Category]:Financial Reporting;[Name]:Relative Importance of Financial and Environmental Information in B2B Contracting: Experimental Evidence from Firms in Germany;[Author_1]:Daniela Zipperer;[Uni_1]:University of Mannheim;[Author_2]:Yuhan Liu;[Uni_2]:University of Mannheim;[Author_3]:Jannis Bischof;[Uni_3]:University of Mannheim;[Author_4]:Davud Rostam-Afschar;[Uni_4]:University of Mannheim"
14,14.0,"FR PS 28 room TD 0
. . . . . . . . . . . . . . . . . . . . . . . chaired by: Juergen Ernstberger (Technical University of Munich)
1. Externality Reduction, ESG Reporting, and Strategic NGO Communication
TheresaWittreich (University of Graz)
2. Can Reporting Drive Corporate Sustainability?
Martin Klosch (UniversitätWien)P
TheresaWittreich (University of Graz)
3. ESG Investors and Mandatory ESG Disclosures: Evidence from Human Capital Disclosures
Martin Zafiryadis (Copenhagen Business School)
FR RF 13 room 206B
. . . . . . . . . . . . . . . . . . . . . . . . . . . . . . . . . . . chaired by: Amitav Saha (University of Notre Dame)
1. The Influence of Disclosure Tone on Loan Pricing and Structure in the Syndicated Loan Market
Ann Ling-Ching Chan (National Chengchi University)P
Vincent Chen (National Chengchi University)
KevinWhee Ling Koh (Nanyang Technological University)
2. Earnings management behavior under multistage financial difficulties: From financial distress to zombification
DavidVeganzones (ESCE)P
Eric Severin (University of Lille)
Yves Mard (Université Clermont Auvergne,IAE CleRMa)
3. Beyond the Research Department: Brokerage Branches’Local Information Advantage and Analyst Forecast
Quality
Xia Chen (Singapore Management University)
An-Ping Lin (Singapore Management University)P
Yajing Tian (Singapore Management University)
4. Media Interactions with Firms’ Executives
Ying Huang (INSEAD)P
Elsa Maria Juliani (INSEAD)
Friday,May 30,14:00–15:30
FR PSD 07 room 211
. . . . . . . . . . . . . . chaired by: Padmini Srinivasan (Indian Institute of Management Bangalore)
1. Exploiting Social Funds’ Desire for Impact through Imprecise Financial Climate-Risk Information
Lucas Mahieux (Tilburg University)P
Volker Laux (University of Texas at Austin)
Discussant: Yasmin Hoffmann (University of Mannheim)
2. Reliability-Relevance Trade Offs with an Attention-Constrained Manager
Ulrich Schäfer (UniversitätWien)P
Sebastian Fleer (University of Basel)
Discussant: Lucas Mahieux (Tilburg University)
FR PS 29 room T02
. . . . . . . . . . . . . . . . . . . . . . . . . . . . . . . . . . . . . . . . . . . chaired by: Lukas Obernauer (WUVienna)
1. Attentive Market Timing
Mengdi Zhang (Hong Kong Polytechnic University)P
Yifei Mao (Cornell University)
Hong Xiang (Hong Kong Polytechnic University)
2. Management Non-GAAP Revenue Guidance
Ted Christensen (University of Georgia)
Lynn Davis (University of Georgia)
Edgar Rodriguez-Vazquez (CUNY, Baruch College)
XiaoxiWu (Bocconi University)P
15","[Category]:Financial Reporting;[Name]:Externality Reduction, ESG Reporting, and Strategic NGO Communication;[Author_1]:TheresaWittreich;[Uni_1]:University of Graz  
[Category]:Financial Reporting;[Name]:Can Reporting Drive Corporate Sustainability?;[Author_1]:Martin Klosch;[Uni_1]:UniversitätWien;[Author_2]:TheresaWittreich;[Uni_2]:University of Graz  
[Category]:Financial Reporting;[Name]:ESG Investors and Mandatory ESG Disclosures: Evidence from Human Capital Disclosures;[Author_1]:Martin Zafiryadis;[Uni_1]:Copenhagen Business School  
[Category]:Financial Reporting;[Name]:The Influence of Disclosure Tone on Loan Pricing and Structure in the Syndicated Loan Market;[Author_1]:Ann Ling-Ching Chan;[Uni_1]:National Chengchi University;[Author_2]:Vincent Chen;[Uni_2]:National Chengchi University;[Author_3]:KevinWhee Ling Koh;[Uni_3]:Nanyang Technological University  
[Category]:Financial Reporting;[Name]:Earnings management behavior under multistage financial difficulties: From financial distress to zombification;[Author_1]:DavidVeganzones;[Uni_1]:ESCE;[Author_2]:Eric Severin;[Uni_2]:University of Lille;[Author_3]:Yves Mard;[Uni_3]:Université Clermont Auvergne,IAE CleRMa  
[Category]:Financial Reporting;[Name]:Beyond the Research Department: Brokerage Branches’Local Information Advantage and Analyst Forecast Quality;[Author_1]:Xia Chen;[Uni_1]:Singapore Management University;[Author_2]:An-Ping Lin;[Uni_2]:Singapore Management University;[Author_3]:Yajing Tian;[Uni_3]:Singapore Management University  
[Category]:Financial Reporting;[Name]:Media Interactions with Firms’ Executives;[Author_1]:Ying Huang;[Uni_1]:INSEAD;[Author_2]:Elsa Maria Juliani;[Uni_2]:INSEAD  
[Category]:Financial Reporting;[Name]:Exploiting Social Funds’ Desire for Impact through Imprecise Financial Climate-Risk Information;[Author_1]:Lucas Mahieux;[Uni_1]:Tilburg University;[Author_2]:Volker Laux;[Uni_2]:University of Texas at Austin  
[Category]:Financial Reporting;[Name]:Reliability-Relevance Trade Offs with an Attention-Constrained Manager;[Author_1]:Ulrich Schäfer;[Uni_1]:UniversitätWien;[Author_2]:Sebastian Fleer;[Uni_2]:University of Basel  
[Category]:Financial Reporting;[Name]:Attentive Market Timing;[Author_1]:Mengdi Zhang;[Uni_1]:Hong Kong Polytechnic University;[Author_2]:Yifei Mao;[Uni_2]:Cornell University;[Author_3]:Hong Xiang;[Uni_3]:Hong Kong Polytechnic University  
[Category]:Financial Reporting;[Name]:Management Non-GAAP Revenue Guidance;[Author_1]:Ted Christensen;[Uni_1]:University of Georgia;[Author_2]:Lynn Davis;[Uni_2]:University of Georgia;[Author_3]:Edgar Rodriguez-Vazquez;[Uni_3]:CUNY, Baruch College;[Author_4]:XiaoxiWu;[Uni_4]:Bocconi University"
15,15.0,"3. Institutional Ownership Concentration and Informational Efficiency
Yan Xiong (University of Hong Kong)
Yang Liyan (University of Toronto)
Zexin Zheng (Hong Kong University of Science and Technology)P
FR PS 30 room 204
. . . . . . . . . . . . . . . . . . . . . . . . . . . . . . . . . . . . . chaired by: Mark Clatworthy (University of Bristol)
1. Financial Literacy and Earnings Informativeness: Evidence from Market Reactions to Earnings Announcements
Xiaoran (Jason) Jia (Wilfrid Laurier University)
Kiridaran Kanagaretnam (York University,Schulich School of Business)P
CheeYeow Lim (Singapore Management University)
Gerald Lobo (University of Houston)
2. Exploring the Predictive Ability of Asymmetric Cost Behavior on AAERs
Andreas Charitou (University of Cyprus)
Dimitrios Ntounis (University of Southampton)P
OrestesVlismas (Athens University of Economics and Business)
3. Beyond Earnings: Sales Calls
Cong Tao (Lancaster University)
FR PS 31 room TD 0
. . . . . . . . . . . . . . . . . . . . . . . . . . . . . . . . . . . . . . . chaired by: Disen Albrecht (Rutgers University)
1. Sinking in the Same Boat: Portfolio Overlap and Strategic Information Acquisition
FanWu (Chinese University of Hong Kong)P
Mingxuan Ma (University of Zurich)
Haoran Liu (Chinese University of Hong Kong)
2. Capital Market Effects of SEC Rules under Academic Influence
Jan Seitz (LMU Munich)
3. Pressin’Down on CFOs: Experimental Insights into Materiality Decisions
Ilaria Martino (University of Naples Federico II)P
Alessandra Allini (University of Naples Federico II)
FR RF 14 room 201
. . . . . . . . . . . . . . . . . . . . . . . . . . . . . . . . . . . . . chaired by: Nicola Maria Fiore (Bocconi University)
1. Top Management Team Diversity and Sustainability Reporting Quality
Lea Hagemeier (University of Cologne)
2. IFRS Adoption, Accruals Reliability, and Cash Holdings: Insights from the United Arab Emirates
Imen Ben Slimene (Université de Haute-Alsace,CREGO)P
Mundher Alhamood (University of Basra-Iraq)
3. The Effects of Accounting Enforcement on the Informativeness of Capitalised R&D across IFRS Countries
MarvinWee (Australian National University)
4. Does the Disclosure of Supplier Finance Program Obligations Matter for Financial Reporting Quality?
Chia-Ling Chao (National Chung Cheng University)P
Shwu-Min Horng (National Chengchi University)
5. Audit Fees, Firm Characteristics and Trends in Climate and Biodiversity Risk Disclosures: Evidence from
Mandatory US Filings
Antti Miihkinen (University of Turku)
FR RF 15 room 206B
. . . . . . . . . . . . . . . . . . . . chaired by: StephanieVan DerVeen (Erasmus University Rotterdam)
1. How does media intervention influence firms’information disclosure?
Yachang Zeng (Nanyang Technological University)P
Jihun Bae (Erasmus University Rotterdam)
Jingoo Kang (NYU Abu Dhabi)
16","[Category]:Financial Reporting;[Name]:Institutional Ownership Concentration and Informational Efficiency;[Author_1]:Yan Xiong;[Uni_1]:University of Hong Kong;[Author_2]:Yang Liyan;[Uni_2]:University of Toronto;[Author_3]:Zexin Zheng;[Uni_3]:Hong Kong University of Science and Technology  
[Category]:Financial Reporting;[Name]:Financial Literacy and Earnings Informativeness: Evidence from Market Reactions to Earnings Announcements;[Author_1]:Xiaoran (Jason) Jia;[Uni_1]:Wilfrid Laurier University;[Author_2]:Kiridaran Kanagaretnam;[Uni_2]:York University,Schulich School of Business;[Author_3]:CheeYeow Lim;[Uni_3]:Singapore Management University;[Author_4]:Gerald Lobo;[Uni_4]:University of Houston  
[Category]:Financial Reporting;[Name]:Exploring the Predictive Ability of Asymmetric Cost Behavior on AAERs;[Author_1]:Andreas Charitou;[Uni_1]:University of Cyprus;[Author_2]:Dimitrios Ntounis;[Uni_2]:University of Southampton;[Author_3]:Orestes Vlismas;[Uni_3]:Athens University of Economics and Business  
[Category]:Financial Reporting;[Name]:Sinking in the Same Boat: Portfolio Overlap and Strategic Information Acquisition;[Author_1]:Fan Wu;[Uni_1]:Chinese University of Hong Kong;[Author_2]:Mingxuan Ma;[Uni_2]:University of Zurich;[Author_3]:Haoran Liu;[Uni_3]:Chinese University of Hong Kong  
[Category]:Financial Reporting;[Name]:Capital Market Effects of SEC Rules under Academic Influence;[Author_1]:Jan Seitz;[Uni_1]:LMU Munich  
[Category]:Financial Reporting;[Name]:Pressin’Down on CFOs: Experimental Insights into Materiality Decisions;[Author_1]:Ilaria Martino;[Uni_1]:University of Naples Federico II;[Author_2]:Alessandra Allini;[Uni_2]:University of Naples Federico II  
[Category]:Financial Reporting;[Name]:Top Management Team Diversity and Sustainability Reporting Quality;[Author_1]:Lea Hagemeier;[Uni_1]:University of Cologne  
[Category]:Financial Reporting;[Name]:IFRS Adoption, Accruals Reliability, and Cash Holdings: Insights from the United Arab Emirates;[Author_1]:Imen Ben Slimene;[Uni_1]:Université de Haute-Alsace,CREGO;[Author_2]:Mundher Alhamood;[Uni_2]:University of Basra-Iraq  
[Category]:Financial Reporting;[Name]:The Effects of Accounting Enforcement on the Informativeness of Capitalised R&D across IFRS Countries;[Author_1]:Marvin Wee;[Uni_1]:Australian National University  
[Category]:Financial Reporting;[Name]:Does the Disclosure of Supplier Finance Program Obligations Matter for Financial Reporting Quality?;[Author_1]:Chia-Ling Chao;[Uni_1]:National Chung Cheng University;[Author_2]:Shwu-Min Horng;[Uni_2]:National Chengchi University  
[Category]:Financial Reporting;[Name]:Audit Fees, Firm Characteristics and Trends in Climate and Biodiversity Risk Disclosures: Evidence from Mandatory US Filings;[Author_1]:Antti Miihkinen;[Uni_1]:University of Turku  
[Category]:Financial Reporting;[Name]:How does media intervention influence firms’ information disclosure?;[Author_1]:Yachang Zeng;[Uni_1]:Nanyang Technological University;[Author_2]:Jihun Bae;[Uni_2]:Erasmus University Rotterdam;[Author_3]:Jingoo Kang;[Uni_3]:NYU Abu Dhabi"
16,16.0,"2. Investment Efficiency in the Context of Shareholder Primacy and Stakeholder Primacy Models
Zabihollah Rezaee (University of Memphis,Fogelman College of Business & Economics)P
Saied Homayoun (University of Gävle)
Salem Boumediene (University of Illinois Springfield)
Salma Boumediene (University of Illinois Springfield)
3. Can Banks Weather This Storm? The Effect of IFRS 9’s Prudential Filters on Banks’Incentives towards
Corrective Actions
Sherif Elashmawy (University of Oulu)
4. Reporting Transparency and Stability in Banks
Heylel-Li Biton (Hebrew University of Jerusalem)P
Eddie Riedl (Boston University)
Alan Jagolinzer (University of Cambridge)
SOCIAL AND ENVIRONMENTAL ACCOUNTING & ETHICAL ISSUES IN ACCOUNTING
Wednesday,May 28, 15:30–17:00
SEE PSD 01 room 404
. . . . . . . . . . . . . . . . . . . . . . . . . . . . . . . . . . . . . chaired by: Caterina Pesci (University of Trento)
1. The moral compass—The ethical foundations of action within Italian Savings Banks
Angela Nativio (Università Ca’ FoscariVenezia,Venice School of Management)P
Fabrizio Panozzo (Università Ca’ FoscariVenezia)
Chiara Mio (Università Ca’ FoscariVenezia)
Discussant: SofiaYasmin (University of Manchester)
2. A Principlist Perspective on the Ethicality of Management Control Systems
Veronica Casarin (ESSEC Business School)
Bernard Leca (ESSEC Business School)
Stefan Linder (ESSEC Business School)P
Discussant: Leanne Johnstone (Örebro University)
SEE PS 01 room 207
. . . . . . . . . . . . . . . . . . . . . . . . . . . . . . . . . . . . . . . . . . . . chaired by: Katrin Hummel (WUVienna)
1. ESG Reporting Divergence
Qiang Cheng (Singapore Management University)
Yun Lou (Singapore Management University)P
MengjieYang (Monash University)
2. The puzzle of ESG rating: disagreement and tendency
Jingxian Xie (University of Reading)P
Lei Tao (University of Reading)
Ronita Ram (University of Reading)
3. The More, the Better? Multiple Sustainability Reporting Standards and the Usefulness of Disclosures for Passive
ESG Raters
Tami Dinh (University of St. Gallen)
Andreas Seebeck (Constructor University)
RobinWolter (University of St. Gallen)P
SEE PS 02 room 209
. . . . . . . . . . . . . . . . . . . . . . . . . . . . . . . . . . . chaired by: Galina Goncharenko (Aston University)
1. Regulating Greenwashing
Shiyao Peng (University of Sydney)P
Shan Zhou (University of Sydney)
Zhiyuan (Simon) Tan (University of Sydney)
17","[Category]:Financial Reporting;[Name]:Investment Efficiency in the Context of Shareholder Primacy and Stakeholder Primacy Models;[Author_1]:Zabihollah Rezaee;[Uni_1]:University of Memphis,Fogelman College of Business & Economics;[Author_2]:Saied Homayoun;[Uni_2]:University of Gävle;[Author_3]:Salem Boumediene;[Uni_3]:University of Illinois Springfield;[Author_4]:Salma Boumediene;[Uni_4]:University of Illinois Springfield  
[Category]:Financial Reporting;[Name]:Can Banks Weather This Storm? The Effect of IFRS 9’s Prudential Filters on Banks’Incentives towards Corrective Actions;[Author_1]:Sherif Elashmawy;[Uni_1]:University of Oulu  
[Category]:Financial Reporting;[Name]:Reporting Transparency and Stability in Banks;[Author_1]:Heylel-Li Biton;[Uni_1]:Hebrew University of Jerusalem;[Author_2]:Eddie Riedl;[Uni_2]:Boston University;[Author_3]:Alan Jagolinzer;[Uni_3]:University of Cambridge  
[Category]:Social and Environmental Accounting & Ethical Issues in Accounting;[Name]:The moral compass—The ethical foundations of action within Italian Savings Banks;[Author_1]:Angela Nativio;[Uni_1]:Università Ca’ FoscariVenezia,Venice School of Management;[Author_2]:Fabrizio Panozzo;[Uni_2]:Università Ca’ FoscariVenezia;[Author_3]:Chiara Mio;[Uni_3]:Università Ca’ FoscariVenezia  
[Category]:Social and Environmental Accounting & Ethical Issues in Accounting;[Name]:A Principlist Perspective on the Ethicality of Management Control Systems;[Author_1]:Veronica Casarin;[Uni_1]:ESSEC Business School;[Author_2]:Bernard Leca;[Uni_2]:ESSEC Business School;[Author_3]:Stefan Linder;[Uni_3]:ESSEC Business School  
[Category]:Social and Environmental Accounting & Ethical Issues in Accounting;[Name]:ESG Reporting Divergence;[Author_1]:Qiang Cheng;[Uni_1]:Singapore Management University;[Author_2]:Yun Lou;[Uni_2]:Singapore Management University;[Author_3]:MengjieYang;[Uni_3]:Monash University  
[Category]:Social and Environmental Accounting & Ethical Issues in Accounting;[Name]:The puzzle of ESG rating: disagreement and tendency;[Author_1]:Jingxian Xie;[Uni_1]:University of Reading;[Author_2]:Lei Tao;[Uni_2]:University of Reading;[Author_3]:Ronita Ram;[Uni_3]:University of Reading  
[Category]:Social and Environmental Accounting & Ethical Issues in Accounting;[Name]:The More, the Better? Multiple Sustainability Reporting Standards and the Usefulness of Disclosures for Passive ESG Raters;[Author_1]:Tami Dinh;[Uni_1]:University of St. Gallen;[Author_2]:Andreas Seebeck;[Uni_2]:Constructor University;[Author_3]:RobinWolter;[Uni_3]:University of St. Gallen  
[Category]:Social and Environmental Accounting & Ethical Issues in Accounting;[Name]:Regulating Greenwashing;[Author_1]:Shiyao Peng;[Uni_1]:University of Sydney;[Author_2]:Shan Zhou;[Uni_2]:University of Sydney;[Author_3]:Zhiyuan (Simon) Tan;[Uni_3]:University of Sydney"
17,17.0,"2. Unveiling the Sustainability Narrative in Earnings Conference Calls: Evidence from the Automotive Industry
Katrin Hummel (WUVienna)
Blerita Korca (University of Bamberg)P
3. Two roads diverged in a wood - Crossroads of valuation in deliberation processes
Fabrizio Panozzo (Università Ca’ FoscariVenezia)P
Angela Nativio (Università Ca’ FoscariVenezia,Venice School of Management)
SEE PS 03 room 309
. . . . . . . . . . . . . . . . . . . . . . . . . . . . . . . . . . . . chaired by: Elena Carrión (Universidad de Burgos)
1. The Impact of CEO Political Ideology on Firm-Level Climate Change Exposure: Evidence from Earnings Call
Cheol Lee (Wayne State University)P
Parunchana Pacharn (Brock University)
Kareen Brown (Brock University)
Sohyung Kim (Brock University)
2. Federal judge ideology, ex ante litigation risk, and environmental disclosures during earnings conference calls
Kerstin Lopatta (Hamburg University)
Thomas Tammen (Hamburg University)P
Sebastian Tideman-Frappart (Syracuse University)
3. Playing both sides: Navigating political uncertainty through bipartisan disclosures
Amir Amel-Zadeh (University of Oxford,Saïd Business School)
Kazbi Soonawalla (University of Oxford,Saïd Business School)
Qing Xia (University of Oxford)P
SEE RF 01 room 206B
. . . . . . . . . . . . . . . . . . . . . . . . . . . . . . . . . . chaired by: Giuseppe Nicolò (University of Salerno)
1. Are U.S. Corporations Ready for the CSRD? A text analysis on 10-K filings
Simone Pizzi (Università del Salento)P
Fabio Caputo (Università del Salento)
AndreaVenturelli (University of Salento)
2. CEO environmental experience and firms’ environmental disclosure
JoãoVictor Joaquim Dos Santos (University of the Balearic Islands)P
Helena Isidro (ISCTE - Instituto Universitário de Lisboa)
3. Greening the economy through green loans: A club convergence approach
Silvia Gordano (University of Turin)P
Michele Lemme (University of Turin)
4. Gender diversity and corporate sustainability: How female presence makes a difference?
Ahmed Sarhan (Northumbria University)P
Princess Bwanya (University of Northumbria)
5. The Hunt for Talent: CSR Information in Job Advertisements
Lisa Lüttke (Humboldt University of Berlin)P
Vanessa Flagmeier (University of Göttingen)
SEE RF 02 room 307A
. . . . . . . . . . . . . . . . . . . . . . . . . . . . . . . . . chaired by: Rodolfo Damiano (University of Palermo)
1. Pressure Makes Disclosures: An International Business Perspective of Carbon Disclosure
Yijun Meng (Shanghai University of International Business and Economics)
ZiqiaoYan (East China University of Political Science and Law)P
2. Does sustainable performance matter for Non-Financial Disclosure readability? A Fog-Index analysis on Italian
listed companies
Giuseppe Bifulco (University of Milano-Bicocca)P
Sara Trucco (UNINT)
Francesca Di Donato (Universita’ Telematica San Raffaele Roma)
18","[Category]:Financial Reporting;[Name]:Unveiling the Sustainability Narrative in Earnings Conference Calls: Evidence from the Automotive Industry;[Author_1]:Katrin Hummel;[Uni_1]:WUVienna;[Author_2]:Blerita Korca;[Uni_2]:University of Bamberg  
[Category]:Social and Environmental Accounting & Ethical Issues in Accounting;[Name]:Two roads diverged in a wood - Crossroads of valuation in deliberation processes;[Author_1]:Fabrizio Panozzo;[Uni_1]:Università Ca’ FoscariVenezia;[Author_2]:Angela Nativio;[Uni_2]:Università Ca’ FoscariVenezia,Venice School of Management  
[Category]:Social and Environmental Accounting & Ethical Issues in Accounting;[Name]:The Impact of CEO Political Ideology on Firm-Level Climate Change Exposure: Evidence from Earnings Call;[Author_1]:Cheol Lee;[Uni_1]:Wayne State University;[Author_2]:Parunchana Pacharn;[Uni_2]:Brock University;[Author_3]:Kareen Brown;[Uni_3]:Brock University;[Author_4]:Sohyung Kim;[Uni_4]:Brock University  
[Category]:Social and Environmental Accounting & Ethical Issues in Accounting;[Name]:Federal judge ideology, ex ante litigation risk, and environmental disclosures during earnings conference calls;[Author_1]:Kerstin Lopatta;[Uni_1]:Hamburg University;[Author_2]:Thomas Tammen;[Uni_2]:Hamburg University;[Author_3]:Sebastian Tideman-Frappart;[Uni_3]:Syracuse University  
[Category]:Social and Environmental Accounting & Ethical Issues in Accounting;[Name]:Playing both sides: Navigating political uncertainty through bipartisan disclosures;[Author_1]:Amir Amel-Zadeh;[Uni_1]:University of Oxford,Saïd Business School;[Author_2]:Kazbi Soonawalla;[Uni_2]:University of Oxford,Saïd Business School;[Author_3]:Qing Xia;[Uni_3]:University of Oxford  
[Category]:Financial Reporting;[Name]:Are U.S. Corporations Ready for the CSRD? A text analysis on 10-K filings;[Author_1]:Simone Pizzi;[Uni_1]:Università del Salento;[Author_2]:Fabio Caputo;[Uni_2]:Università del Salento;[Author_3]:AndreaVenturelli;[Uni_3]:University of Salento  
[Category]:Social and Environmental Accounting & Ethical Issues in Accounting;[Name]:CEO environmental experience and firms’ environmental disclosure;[Author_1]:JoãoVictor Joaquim Dos Santos;[Uni_1]:University of the Balearic Islands;[Author_2]:Helena Isidro;[Uni_2]:ISCTE - Instituto Universitário de Lisboa  
[Category]:Social and Environmental Accounting & Ethical Issues in Accounting;[Name]:Greening the economy through green loans: A club convergence approach;[Author_1]:Silvia Gordano;[Uni_1]:University of Turin;[Author_2]:Michele Lemme;[Uni_2]:University of Turin  
[Category]:Social and Environmental Accounting & Ethical Issues in Accounting;[Name]:Gender diversity and corporate sustainability: How female presence makes a difference?;[Author_1]:Ahmed Sarhan;[Uni_1]:Northumbria University;[Author_2]:Princess Bwanya;[Uni_2]:University of Northumbria  
[Category]:Social and Environmental Accounting & Ethical Issues in Accounting;[Name]:The Hunt for Talent: CSR Information in Job Advertisements;[Author_1]:Lisa Lüttke;[Uni_1]:Humboldt University of Berlin;[Author_2]:Vanessa Flagmeier;[Uni_2]:University of Göttingen  
[Category]:Social and Environmental Accounting & Ethical Issues in Accounting;[Name]:Pressure Makes Disclosures: An International Business Perspective of Carbon Disclosure;[Author_1]:Yijun Meng;[Uni_1]:Shanghai University of International Business and Economics;[Author_2]:ZiqiaoYan;[Uni_2]:East China University of Political Science and Law  
[Category]:Social and Environmental Accounting & Ethical Issues in Accounting;[Name]:Does sustainable performance matter for Non-Financial Disclosure readability? A Fog-Index analysis on Italian listed companies;[Author_1]:Giuseppe Bifulco;[Uni_1]:University of Milano-Bicocca;[Author_2]:Sara Trucco;[Uni_2]:UNINT;[Author_3]:Francesca Di Donato;[Uni_3]:Universita’ Telematica San Raffaele Roma"
18,18.0,"Carlo Caserio (eCampus)
3. How Board Gender Diversity Moderates the Effect of External Pressures on Environmental Reporting
Isabel Gallego-Álvarez (Universidad de Salamanca)
M. Consuelo Pucheta-Martínez (University Jaume I of Castellón)
Inmaculada Bel-Oms (University ofValencia)P
4. COP and Climate Reporting: towards a new era of environmental transparency
Bastien David (Université Toulouse Capitole)
Wednesday,May 28, 17:30–19:00
SEE PSD 02 room 211
. . . . . . . . . . . . . . . . . . . . . . . . . . . . . chaired by: Ericka Costa (Università degli Studi di Trento)
1. Steering Banks Towards Sustainability—Combining a System and a Change Perspective
Katrin Hummel (WUVienna)P
Annette Krauss (University of Zurich)
Discussant: Angela Nativio (Università Ca’ FoscariVenezia,Venice School of Management)
2. The construction of double materiality: the emerging boundary work and institutional work in new
sustainability assurance practices
Sanjay Bissessur (University of Amsterdam)P
Xiang Gao (Ernst &Young)
Afonso Lobato Dionisio (Deloitte)
Beer Manson (Deloitte)
Discussant: Florian Habermann (University of Lausanne)
SEE PS 04 room 209
. . . . . . . . . . . . . . . . . . . . . . . . . . . . . . . . . . . . . . . . chaired by: SijingWei (Creighton University)
1. Carbon Emissions Reporting, Investment Incentives and Efficiency
Robert Goex (University of Zurich)P
AlfredWagenhofer (University of Graz)
2. Does ESG-Linked Executive Compensation Influence ESG Decoupling?
Yasser Eliwa (Zayed University)P
Ahmed Saleh (Brunel University)
Ahmed Hassan Ahmed (University of Dundee)
Tasawar Nawaz (King Fahd University of Petroleum and Minerals)
3. Assessing the Costs of Industrial Decarbonization
Gunther Glenk (University of Mannheim)
SEE PS 05 room 309
. . . . . . . . . . . . . . . . . . . . . . . . . . . . . . . . . . . chaired by: Thomas Tammen (Hamburg University)
1. Do Managers Learn from Analysts about ESG? Evidence from Earnings Conference Call
Jonghan Park (CUHK-Shenzhen)
Jeonghu Pak (Korea Advanced Institute of Science and Technology)P
Jiyong Eom (Korea Advanced Institute of Science and Technology)
Kevin Kim (Korea Advanced Institute of Science and Technology)
2. Deceptive Language in Climate-related Disclosures during Conference Calls
Bobae Choi (University of Queensland)P
Arif Ahammed (University of Newcastle)
MinzhiWu (University of Newcastle)
3. Environmental Penalties and Green Talk: Evidence from conference calls
Chiara De Amicis (SKEMA Business School)P
Sonia Falconieri (affiliation not provided)
19","[Category]:Financial Reporting;[Name]:How Board Gender Diversity Moderates the Effect of External Pressures on Environmental Reporting;[Author_1]:Carlo Caserio;[Uni_1]:eCampus;[Author_2]:Isabel Gallego-Álvarez;[Uni_2]:Universidad de Salamanca;[Author_3]:M. Consuelo Pucheta-Martínez;[Uni_3]:University Jaume I of Castellón;[Author_4]:Inmaculada Bel-Oms;[Uni_4]:University of Valencia  
[Category]:Social and Environmental Accounting & Ethical Issues in Accounting;[Name]:COP and Climate Reporting: towards a new era of environmental transparency;[Author_1]:Bastien David;[Uni_1]:Université Toulouse Capitole  
[Category]:Social and Environmental Accounting & Ethical Issues in Accounting;[Name]:Steering Banks Towards Sustainability—Combining a System and a Change Perspective;[Author_1]:Katrin Hummel;[Uni_1]:WUVienna;[Author_2]:Annette Krauss;[Uni_2]:University of Zurich  
[Category]:Social and Environmental Accounting & Ethical Issues in Accounting;[Name]:The construction of double materiality: the emerging boundary work and institutional work in new sustainability assurance practices;[Author_1]:Sanjay Bissessur;[Uni_1]:University of Amsterdam;[Author_2]:Xiang Gao;[Uni_2]:Ernst & Young;[Author_3]:Afonso Lobato Dionisio;[Uni_3]:Deloitte;[Author_4]:Beer Manson;[Uni_4]:Deloitte  
[Category]:Social and Environmental Accounting & Ethical Issues in Accounting;[Name]:Carbon Emissions Reporting, Investment Incentives and Efficiency;[Author_1]:Robert Goex;[Uni_1]:University of Zurich;[Author_2]:Alfred Wagenhofer;[Uni_2]:University of Graz  
[Category]:Social and Environmental Accounting & Ethical Issues in Accounting;[Name]:Does ESG-Linked Executive Compensation Influence ESG Decoupling?;[Author_1]:Yasser Eliwa;[Uni_1]:Zayed University;[Author_2]:Ahmed Saleh;[Uni_2]:Brunel University;[Author_3]:Ahmed Hassan Ahmed;[Uni_3]:University of Dundee;[Author_4]:Tasawar Nawaz;[Uni_4]:King Fahd University of Petroleum and Minerals  
[Category]:Social and Environmental Accounting & Ethical Issues in Accounting;[Name]:Assessing the Costs of Industrial Decarbonization;[Author_1]:Gunther Glenk;[Uni_1]:University of Mannheim  
[Category]:Social and Environmental Accounting & Ethical Issues in Accounting;[Name]:Do Managers Learn from Analysts about ESG? Evidence from Earnings Conference Call;[Author_1]:Jonghan Park;[Uni_1]:CUHK-Shenzhen;[Author_2]:Jeonghu Pak;[Uni_2]:Korea Advanced Institute of Science and Technology;[Author_3]:Jiyong Eom;[Uni_3]:Korea Advanced Institute of Science and Technology;[Author_4]:Kevin Kim;[Uni_4]:Korea Advanced Institute of Science and Technology  
[Category]:Social and Environmental Accounting & Ethical Issues in Accounting;[Name]:Deceptive Language in Climate-related Disclosures during Conference Calls;[Author_1]:Bobae Choi;[Uni_1]:University of Queensland;[Author_2]:Arif Ahammed;[Uni_2]:University of Newcastle;[Author_3]:Minzhi Wu;[Uni_3]:University of Newcastle  
[Category]:Social and Environmental Accounting & Ethical Issues in Accounting;[Name]:Environmental Penalties and Green Talk: Evidence from conference calls;[Author_1]:Chiara De Amicis;[Uni_1]:SKEMA Business School;[Author_2]:Sonia Falconieri;[Uni_2]:affiliation not provided"
19,19.0,"SEE RF 03 room 205A
. . . . . . . . . . . . . . . . . . . . . . . . . . . . . . . . chaired by: Saeed Md Abdullah (University of Trieste)
1. Unveiling the Dual Impact of Diversity & Inclusion: Boosting Financial Outcomes through Enhanced
Environmental Performance
Eleonora Monaco (University of Bologna)P
Luca Galati (University of Bologna)
Lorenzo Dal Maso (University of Bologna)
Marco Maria Mattei (University of Bologna)
2. ESG Controversies and Corporate Value: Evidence from Luxury Fashion Scandals
Christina Ionela Neokleous (Aston University)P
Mahmoud Elmarzouky (University of St. Andrews)
Doaa Shohaieb (Aston University)
3. Integrating the SDGs into Corporate Strategy: A Case Study of EDP Group
Helena Costa Oliveira (ISCAP, CEOS.PP)P
Marta Gomes (ISCAP)
Isabel Maldonado (ISCAP / Universidade Portucalense / Universidade de Aveiro)
Susana Bastos (ISCAP, CEOS.PP)
Paulino Silva (ISCAP, CEOS.PP)
4. The Role of Board Cultural Diversity in Shaping the Impact of Anti-Bribery and Corruption Transparency on
Financial and ESG Outcomes in FTSE 100 Firms
Ali Gerged (University of Sheffield)
5. Do CEO and Board Benevolence Influence Corporate Employee-related Disclosures?
Pamela Kent (Queensland University of Technology)P
AsheshaWeerasinghe (Queensland University of Technology)
Tammy Zunker (Alphacrucis University College)
SEE RF 04 room 302
. . . . . . . . . . . . . . . . . . . . . . . . . . . . . . . . . . chaired by: AndreasWeyer (University of St. Gallen)
1. Circular Economy Reporting in the Automotive Sector Navigating Symbolic vs. Substantive Disclosures Under
CSRD/ESRS E5 Requirements
Justyna Fijalkowska (University of Social Sciences)
Dominika Hadro (Wrocław University of Economics and Business)P
Silvana Secinaro (University of Turin)
Davide Calandra (University of Turin)
Michele Oppioli (University of Turin)
2. Sustainability reporting journey: Critics from the past and challenges for the future | A systematic literature
review
Valentina Toscano (University of Milano-Bicocca)P
Federica Doni (University of Milano-Bicocca)
Michela Magliacani (Università degli Studi di Pavia)
3. Settlingdissonance: Thechallengesofpursuingsustainabilityandcommercialviabilityinimpactratingagencies
Hind Hsissou (Audencia - Nantes Universite)
4. The Relevance of Carbon Capture and Storage Disclosures to Future Changes in Emissions
Kenneth Reichelt (Louisiana State University)P
StephanieWalton (Louisiana State University)
Alex Helms (Louisiana State University)
5. Triangulation of Financial and Non-Financial Reporting: the Case of Human Resources
Joerg R.Werner (Frankfurt School of Finance & Management)
SEE RF 05 room 402
. . . . . . . . . . . . . . . . . . . . . . . . . . . . . . . . . . chaired by: Shah Md Taha Islam (Monash University)
1. The Power of Soft Social Activism: Public Climate Concern and Corporate Carbon Disclosure
20","[Category]:Social and Environmental Accounting & Ethical Issues in Accounting;[Name]:Unveiling the Dual Impact of Diversity & Inclusion: Boosting Financial Outcomes through Enhanced Environmental Performance;[Author_1]:Eleonora Monaco;[Uni_1]:University of Bologna;[Author_2]:Luca Galati;[Uni_2]:University of Bologna;[Author_3]:Lorenzo Dal Maso;[Uni_3]:University of Bologna;[Author_4]:Marco Maria Mattei;[Uni_4]:University of Bologna

[Category]:Social and Environmental Accounting & Ethical Issues in Accounting;[Name]:ESG Controversies and Corporate Value: Evidence from Luxury Fashion Scandals;[Author_1]:Christina Ionela Neokleous;[Uni_1]:Aston University;[Author_2]:Mahmoud Elmarzouky;[Uni_2]:University of St. Andrews;[Author_3]:Doaa Shohaieb;[Uni_3]:Aston University

[Category]:Social and Environmental Accounting & Ethical Issues in Accounting;[Name]:Integrating the SDGs into Corporate Strategy: A Case Study of EDP Group;[Author_1]:Helena Costa Oliveira;[Uni_1]:ISCAP, CEOS.PP;[Author_2]:Marta Gomes;[Uni_2]:ISCAP;[Author_3]:Isabel Maldonado;[Uni_3]:ISCAP / Universidade Portucalense / Universidade de Aveiro;[Author_4]:Susana Bastos;[Uni_4]:ISCAP, CEOS.PP;[Author_5]:Paulino Silva;[Uni_5]:ISCAP, CEOS.PP

[Category]:Social and Environmental Accounting & Ethical Issues in Accounting;[Name]:The Role of Board Cultural Diversity in Shaping the Impact of Anti-Bribery and Corruption Transparency on Financial and ESG Outcomes in FTSE 100 Firms;[Author_1]:Ali Gerged;[Uni_1]:University of Sheffield

[Category]:Social and Environmental Accounting & Ethical Issues in Accounting;[Name]:Do CEO and Board Benevolence Influence Corporate Employee-related Disclosures?;[Author_1]:Pamela Kent;[Uni_1]:Queensland University of Technology;[Author_2]:Ashesha Weerasinghe;[Uni_2]:Queensland University of Technology;[Author_3]:Tammy Zunker;[Uni_3]:Alphacrucis University College

[Category]:Social and Environmental Accounting & Ethical Issues in Accounting;[Name]:Circular Economy Reporting in the Automotive Sector Navigating Symbolic vs. Substantive Disclosures Under CSRD/ESRS E5 Requirements;[Author_1]:Justyna Fijalkowska;[Uni_1]:University of Social Sciences;[Author_2]:Dominika Hadro;[Uni_2]:Wrocław University of Economics and Business;[Author_3]:Silvana Secinaro;[Uni_3]:University of Turin;[Author_4]:Davide Calandra;[Uni_4]:University of Turin;[Author_5]:Michele Oppioli;[Uni_5]:University of Turin

[Category]:Social and Environmental Accounting & Ethical Issues in Accounting;[Name]:Sustainability reporting journey: Critics from the past and challenges for the future | A systematic literature review;[Author_1]:Valentina Toscano;[Uni_1]:University of Milano-Bicocca;[Author_2]:Federica Doni;[Uni_2]:University of Milano-Bicocca;[Author_3]:Michela Magliacani;[Uni_3]:Università degli Studi di Pavia

[Category]:Social and Environmental Accounting & Ethical Issues in Accounting;[Name]:Settlingdissonance: Thechallengesofpursuingsustainabilityandcommercialviabilityinimpactratingagencies;[Author_1]:Hind Hsissou;[Uni_1]:Audencia - Nantes Universite

[Category]:Social and Environmental Accounting & Ethical Issues in Accounting;[Name]:The Relevance of Carbon Capture and Storage Disclosures to Future Changes in Emissions;[Author_1]:Kenneth Reichelt;[Uni_1]:Louisiana State University;[Author_2]:Stephanie Walton;[Uni_2]:Louisiana State University;[Author_3]:Alex Helms;[Uni_3]:Louisiana State University

[Category]:Social and Environmental Accounting & Ethical Issues in Accounting;[Name]:Triangulation of Financial and Non-Financial Reporting: the Case of Human Resources;[Author_1]:Joerg R. Werner;[Uni_1]:Frankfurt School of Finance & Management

[Category]:Social and Environmental Accounting & Ethical Issues in Accounting;[Name]:The Power of Soft Social Activism: Public Climate Concern and Corporate Carbon Disclosure;[Author_1]:;[Uni_1]:;[Author_2]:;[Uni_2]:;[Author_3]:;[Uni_3]:;[Author_4]:;[Uni_4]:;[Author_5]:;[Uni_5]:"
20,20.0,"LuluYe (Northwestern Polytechnical University)P
Hui Liu (Northwestern Polytechnical University)
Ming Jia (Northwestern Polytechnical University)
Zhang Zhe (Xi’an Jiaotong University)
2. Supervision or Collusion: The Impact of Institutional Investors’Site Visits on Corporate Greenwashing
Jiaqi Ning (Northwestern Polytechnical University)
Hui Liu (Northwestern Polytechnical University)P
Ming Jia (Northwestern Polytechnical University)
3. Benefit corporations: publish impacts or “perish”under the legitimacy perspective?
Laura Rocca (University of Brescia)
Andrea Caccialanza (University of Bologna)P
MonicaVeneziani (University of Brescia)
Claudio Teodori (University of Brescia)
4. Implementation of the United Nations Sustainable Development Goals (SDGs): Selected Case Studies from
Pakistani and Chilean Companies
Furqan Suhail (University of Sheffield)
Camila Mateluna Sánchez (Universidad de Santiago de Chile)
Mirna Jabbour (University of Sheffield)
DavidYates (University of Sheffield)
Belal Ataur (University of Birmingham)P
Sanjay Lanka (Northampton University)
5. The Effect of Institutional Investor Climate Activism on Exploratory Green Innovation and Exploitative Green
Innovation
YuhuiWang (Northwestern Polytechnical University)P
Zhen Huang (Northwestern Polytechnical University)
Ming Jia (Northwestern Polytechnical University)
Thursday,May 29, 09:00–10:30
SEE PS 06 room 207
. . . . . . . . . . . . . . . . . . . . . . . . . . . . . . . . . . . . . chaired by: AdamVitalis (University ofWaterloo)
1. Incentives and Values: Unpacking Sustainable Decision-Making through a Vignette Experiment
Rinze Hartman (Nijmegen School of Management)
Daniel Reimsbach (University of Paderborn)P
Geert Braam (Radboud University)
Joris Knoben (Tilburg University)
2. How Does Climate Change Estimate Uncertainties Influence Investor Judgment?
Dani Puspitasari (Monash University)
John Ko (Monash University)P
Soon-Yeow Phang (Monash University)
Ashna Prasad (Monash University)
SEE PS 07 room 209
. . . . . . . . . . . . . . . . . . . . . . . . . . . . . chaired by: Rebecca Maughan (University College Dublin)
1. Navigating the Tensions of Stakeholder Engagements under ESRS: Reflexive Accountability vs. Symbolic
Compliance
Othmar Lehner (Hanken School of Economics)P
Christoph Eisl (University of Applied Sciences Upper Austria)
2. Exploring the Transition to Normativity: An Analysis of Stakeholders’Perspectives on Sustainability Reporting
Standard-Setting
Karina Bauernhofer (WUVienna)P
Katrin Hummel (WUVienna)
21","[Category]:Financial Reporting;[Name]:Supervision or Collusion: The Impact of Institutional Investors’Site Visits on Corporate Greenwashing;[Author_1]:Jiaqi Ning;[Uni_1]:Northwestern Polytechnical University;[Author_2]:Hui Liu;[Uni_2]:Northwestern Polytechnical University;[Author_3]:Ming Jia;[Uni_3]:Northwestern Polytechnical University;[Author_4]:Zhang Zhe;[Uni_4]:Xi’an Jiaotong University  
[Category]:Social and Environmental Accounting & Ethical Issues in Accounting;[Name]:Benefit corporations: publish impacts or “perish”under the legitimacy perspective?;[Author_1]:Laura Rocca;[Uni_1]:University of Brescia;[Author_2]:Andrea Caccialanza;[Uni_2]:University of Bologna;[Author_3]:Monica Veneziani;[Uni_3]:University of Brescia;[Author_4]:Claudio Teodori;[Uni_4]:University of Brescia  
[Category]:Social and Environmental Accounting & Ethical Issues in Accounting;[Name]:Implementation of the United Nations Sustainable Development Goals (SDGs): Selected Case Studies from Pakistani and Chilean Companies;[Author_1]:Furqan Suhail;[Uni_1]:University of Sheffield;[Author_2]:Camila Mateluna Sánchez;[Uni_2]:Universidad de Santiago de Chile;[Author_3]:Mirna Jabbour;[Uni_3]:University of Sheffield;[Author_4]:David Yates;[Uni_4]:University of Sheffield;[Author_5]:Belal Ataur;[Uni_5]:University of Birmingham;[Author_6]:Sanjay Lanka;[Uni_6]:Northampton University  
[Category]:Social and Environmental Accounting & Ethical Issues in Accounting;[Name]:The Effect of Institutional Investor Climate Activism on Exploratory Green Innovation and Exploitative Green Innovation;[Author_1]:Yuhui Wang;[Uni_1]:Northwestern Polytechnical University;[Author_2]:Zhen Huang;[Uni_2]:Northwestern Polytechnical University;[Author_3]:Ming Jia;[Uni_3]:Northwestern Polytechnical University  
[Category]:Social and Environmental Accounting & Ethical Issues in Accounting;[Name]:Incentives and Values: Unpacking Sustainable Decision-Making through a Vignette Experiment;[Author_1]:Rinze Hartman;[Uni_1]:Nijmegen School of Management;[Author_2]:Daniel Reimsbach;[Uni_2]:University of Paderborn;[Author_3]:Geert Braam;[Uni_3]:Radboud University;[Author_4]:Joris Knoben;[Uni_4]:Tilburg University  
[Category]:Social and Environmental Accounting & Ethical Issues in Accounting;[Name]:How Does Climate Change Estimate Uncertainties Influence Investor Judgment?;[Author_1]:Dani Puspitasari;[Uni_1]:Monash University;[Author_2]:John Ko;[Uni_2]:Monash University;[Author_3]:Soon-Yeow Phang;[Uni_3]:Monash University;[Author_4]:Ashna Prasad;[Uni_4]:Monash University  
[Category]:Social and Environmental Accounting & Ethical Issues in Accounting;[Name]:Navigating the Tensions of Stakeholder Engagements under ESRS: Reflexive Accountability vs. Symbolic Compliance;[Author_1]:Othmar Lehner;[Uni_1]:Hanken School of Economics;[Author_2]:Christoph Eisl;[Uni_2]:University of Applied Sciences Upper Austria  
[Category]:Social and Environmental Accounting & Ethical Issues in Accounting;[Name]:Exploring the Transition to Normativity: An Analysis of Stakeholders’Perspectives on Sustainability Reporting Standard-Setting;[Author_1]:Karina Bauernhofer;[Uni_1]:WUVienna;[Author_2]:Katrin Hummel;[Uni_2]:WUVienna"
21,21.0,"3. Opportunities and Challenges of Corporate Sustainability Reporting Directive Compliance: Case Study
Evidence from Germany
Nina Gonzalez Tablada (University of Bamberg)
Blerita Korca (University of Bamberg)
Frank Schiemann (University of Bamberg)P
SEE PS 08 room 309
. . . . . . . . . . . . . . . . . . . . . . . . chaired by: Ellie Chapple (Queensland University of Technology)
1. Underlying logics of SMEs’ attitudes to sustainability reporting. Evidence from a post-communist country
Nadia Albu (Bucharest University of Economic Studies)P
Catalin Albu (Bucharest University of Economic Studies)
Maria-Silvia Fota (Bucharest University of Economic Studies)
Mirela Nichita (Bucharest University of Economic Studies)
Mirela Paunescu (Bucharest University of Economic Studies)
2. The Political Concerns and Corporate Philanthropic Donation Stickiness: Evidence from China
Yanan Cao (Shanghai University of International Business and Economics)
3. Russia’s Strategic Foreign Ownership and Corporate Sustainability Disclosure in Georgia
Erekle Pirveli (Caucasus University)P
Timur Uman (Jönköping University)
Vakhtang Partsvaniya (Caucasus University)
SEE RF 06 room 307A
. . . . . . . . . . . . . . . . . . . . . . . . . . . . . . . . . . . chaired by: Mirella Ciaburri (Roma Tre University)
1. Setting emissions reduction targets in the era of the EU CSRD and US SEC’s rule on climate disclosures: what
can we learn from pioneering companies?
Paloma Merello Gimenez (University ofValencia)
Rubén Porcuna-Enguix (University ofValencia)
Ana Zorio-Grima (Universitat deValència)P
2. Assessing a systemic model of the relationships between companies, biodiversity, and ecosystems to manage the
environmental performance
Lino Cinquini (Sant’Anna School of Advanced Studies)
Giacomo Pigatto (Sant’Anna School of Advanced Studies)P
Andrea Tenucci (Sant’Anna School of Advanced Studies)
3. Environmental Accounting as a Mediator for Institutional Logic Tensions: a case study of a Municipal
Corporation
Antonio D’Alessio (University of Naples “Parthenope”)P
Alessandro Scaletti (University of Naples “Parthenope”)
Gabriella D’amore (University of Naples “Parthenope”)
4. ESG compensation policy and assurance over sustainability reports: Global evidence
Kholod Alsahali (Jubail Industrial College)
5. Competing Institutional Logics and Stakeholder Perspectives on Sustainability Reporting Regulation: Insights
from the European Public Consultation
Rodolfo Damiano (University of Palermo)P
GiuseppeValenza (University of Palermo)
SEE RF 07 room 307B
. . . . . . . . . . . . . . . . . . . . . . . . . . . chaired by: Katharina-MariaWagner (University of Passau)
1. Empirical Research on the Relationship Between ESG Bond Issuance and Cost of Capital: Evidence from Japan
Chenchen Su (Musashino University)
2. Sustainable Development Goals Disclosures by Insurance Companies: Developing Country Perspective
Ronita Ram (University of Reading)P
Wayne Fong (University of Reading)
22","[Category]:Financial Reporting;[Name]:Opportunities and Challenges of Corporate Sustainability Reporting Directive Compliance: Case Study Evidence from Germany;[Author_1]:Nina Gonzalez Tablada;[Uni_1]:University of Bamberg;[Author_2]:Blerita Korca;[Uni_2]:University of Bamberg;[Author_3]:Frank Schiemann;[Uni_3]:University of Bamberg  
[Category]:Social and Environmental Accounting & Ethical Issues in Accounting;[Name]:Underlying logics of SMEs’ attitudes to sustainability reporting. Evidence from a post-communist country;[Author_1]:Nadia Albu;[Uni_1]:Bucharest University of Economic Studies;[Author_2]:Catalin Albu;[Uni_2]:Bucharest University of Economic Studies;[Author_3]:Maria-Silvia Fota;[Uni_3]:Bucharest University of Economic Studies;[Author_4]:Mirela Nichita;[Uni_4]:Bucharest University of Economic Studies;[Author_5]:Mirela Paunescu;[Uni_5]:Bucharest University of Economic Studies  
[Category]:Social and Environmental Accounting & Ethical Issues in Accounting;[Name]:The Political Concerns and Corporate Philanthropic Donation Stickiness: Evidence from China;[Author_1]:Yanan Cao;[Uni_1]:Shanghai University of International Business and Economics  
[Category]:Social and Environmental Accounting & Ethical Issues in Accounting;[Name]:Russia’s Strategic Foreign Ownership and Corporate Sustainability Disclosure in Georgia;[Author_1]:Erekle Pirveli;[Uni_1]:Caucasus University;[Author_2]:Timur Uman;[Uni_2]:Jönköping University;[Author_3]:Vakhtang Partsvaniya;[Uni_3]:Caucasus University  
[Category]:Social and Environmental Accounting & Ethical Issues in Accounting;[Name]:Setting emissions reduction targets in the era of the EU CSRD and US SEC’s rule on climate disclosures: what can we learn from pioneering companies?;[Author_1]:Paloma Merello Gimenez;[Uni_1]:University of Valencia;[Author_2]:Rubén Porcuna-Enguix;[Uni_2]:University of Valencia;[Author_3]:Ana Zorio-Grima;[Uni_3]:Universitat de València  
[Category]:Social and Environmental Accounting & Ethical Issues in Accounting;[Name]:Assessing a systemic model of the relationships between companies, biodiversity, and ecosystems to manage the environmental performance;[Author_1]:Lino Cinquini;[Uni_1]:Sant’Anna School of Advanced Studies;[Author_2]:Giacomo Pigatto;[Uni_2]:Sant’Anna School of Advanced Studies;[Author_3]:Andrea Tenucci;[Uni_3]:Sant’Anna School of Advanced Studies  
[Category]:Social and Environmental Accounting & Ethical Issues in Accounting;[Name]:Environmental Accounting as a Mediator for Institutional Logic Tensions: a case study of a Municipal Corporation;[Author_1]:Antonio D’Alessio;[Uni_1]:University of Naples “Parthenope”;[Author_2]:Alessandro Scaletti;[Uni_2]:University of Naples “Parthenope”;[Author_3]:Gabriella D’amore;[Uni_3]:University of Naples “Parthenope”  
[Category]:Social and Environmental Accounting & Ethical Issues in Accounting;[Name]:ESG compensation policy and assurance over sustainability reports: Global evidence;[Author_1]:Kholod Alsahali;[Uni_1]:Jubail Industrial College  
[Category]:Social and Environmental Accounting & Ethical Issues in Accounting;[Name]:Competing Institutional Logics and Stakeholder Perspectives on Sustainability Reporting Regulation: Insights from the European Public Consultation;[Author_1]:Rodolfo Damiano;[Uni_1]:University of Palermo;[Author_2]:Giuseppe Valenza;[Uni_2]:University of Palermo  
[Category]:Financial Analysis;[Name]:Empirical Research on the Relationship Between ESG Bond Issuance and Cost of Capital: Evidence from Japan;[Author_1]:Chenchen Su;[Uni_1]:Musashino University  
[Category]:Social and Environmental Accounting & Ethical Issues in Accounting;[Name]:Sustainable Development Goals Disclosures by Insurance Companies: Developing Country Perspective;[Author_1]:Ronita Ram;[Uni_1]:University of Reading;[Author_2]:Wayne Fong;[Uni_2]:University of Reading"
22,22.0,"Gunnar Rimmel (Aalborg University)
3. Interplay between materiality and comparability
Blerita Korca (University of Bamberg)
Ericka Costa (Università degli Studi di Trento)P
Mercedes Luque-Vílchez (University of Córdoba)
Emanuele Taufer (University of Trento)
4. Lobbying on climate change disclosure: Evidence from IFRS S2
Saeed Md Abdullah (University of Trieste)
5. The Influence of Time Horizon and Narrative Framing in Environmental Disclosures on Investor Decisions
Jo Mentens (KU Leuven)
Thursday,May 29, 11:00–12:30
SEE PSD 03 room 404
. . . . . . . . . . . . . . . . . . . . . . . . . . . . . . . . . . . chaired by: Begoña Giner (University ofValencia)
1. Pollution Information Program, Public Awareness, and Corporate Environmental Investments
Qiang Cheng (Singapore Management University)
Ying Hao (Beijing Normal University)
Lixin Huang (Beijing Normal University)P
Yue (Michael) Zhao (Singapore Management University)
Discussant: Daniela Zipperer (University of Mannheim)
2. Managing Corporate Emission Disclosures Through Divestitures
Tanja Keeve (Frankfurt School of Finance & Management)P
Frank Ecker (Frankfurt School of Finance & Management)
Discussant: Frank Schiemann (University of Bamberg)
SEE PS 09 room 207
. . . . . . . . . . . . . . . . . . . . . . . . . . . . . chaired by: Patricia Ruffing-Straube (University of Zurich)
1. The Determinants and Short-Term Consequences of Banks’Pledges to Disclose Financed Carbon Emissions
Romain Oberson (IÉSEG School of Management)P
Elizabeth Demers (University ofWaterloo)
Xue Bai (Blue Umbrella Limited)
2. Does mandatory disclosure enhance ESG performance of mutual funds? Evidence from EU SFDR Regulation
Anh Ngo (University of Exeter)P
Vicky Kiosse (University of Exeter)
Chendi Zhang (University of Exeter)
3. The Silent Bias: Local Newspaper Closures and its Effect on Lending Discrimination
Agnes Bäker (Vrije Universiteit Amsterdam)
Jan Riepe (Paderborn University)
AmelieWulff (University of Konstanz)P
SEE PS 10 room 209
. . . . . . . . . . . . . . . . . . . . . . . . . . . . . . . chaired by: Daniel Reimsbach (University of Paderborn)
1. Determinants of managerial discretion in ESG reporting
Akihiro Noda (Shiga University)
2. The Effects of Board Demographic and Structural Diversity on Corporate Biodiversity Disclosures: UK Evidence
Tantawy Moussa (University ofWestminster)P
Amani Faraji (University ofWestminster)
Mostafa Hussien (University ofWestminster,Westminster Business Schools)
SEE PS 11 room 309
. . . . . . . . . . . . . . . . . . . . . . . . . . . . . . . . . . . chaired by: Carol Pomare (Mount Allison University)
1. Are Firms Socialwashing? The effect of CSR on tax avoidance
23","[Category]:Financial Reporting;[Name]:Interplay between materiality and comparability;[Author_1]:Gunnar Rimmel;[Uni_1]:Aalborg University;[Author_2]:Blerita Korca;[Uni_2]:University of Bamberg;[Author_3]:Ericka Costa;[Uni_3]:Università degli Studi di Trento;[Author_4]:Mercedes Luque-Vílchez;[Uni_4]:University of Córdoba;[Author_5]:Emanuele Taufer;[Uni_5]:University of Trento  
[Category]:Social and Environmental Accounting & Ethical Issues in Accounting;[Name]:Pollution Information Program, Public Awareness, and Corporate Environmental Investments;[Author_1]:Qiang Cheng;[Uni_1]:Singapore Management University;[Author_2]:Ying Hao;[Uni_2]:Beijing Normal University;[Author_3]:Lixin Huang;[Uni_3]:Beijing Normal University;[Author_4]:Yue (Michael) Zhao;[Uni_4]:Singapore Management University  
[Category]:Social and Environmental Accounting & Ethical Issues in Accounting;[Name]:Managing Corporate Emission Disclosures Through Divestitures;[Author_1]:Tanja Keeve;[Uni_1]:Frankfurt School of Finance & Management;[Author_2]:Frank Ecker;[Uni_2]:Frankfurt School of Finance & Management  
[Category]:Social and Environmental Accounting & Ethical Issues in Accounting;[Name]:The Determinants and Short-Term Consequences of Banks’ Pledges to Disclose Financed Carbon Emissions;[Author_1]:Romain Oberson;[Uni_1]:IÉSEG School of Management;[Author_2]:Elizabeth Demers;[Uni_2]:University of Waterloo;[Author_3]:Xue Bai;[Uni_3]:Blue Umbrella Limited  
[Category]:Social and Environmental Accounting & Ethical Issues in Accounting;[Name]:Does mandatory disclosure enhance ESG performance of mutual funds? Evidence from EU SFDR Regulation;[Author_1]:Anh Ngo;[Uni_1]:University of Exeter;[Author_2]:Vicky Kiosse;[Uni_2]:University of Exeter;[Author_3]:Chendi Zhang;[Uni_3]:University of Exeter  
[Category]:Social and Environmental Accounting & Ethical Issues in Accounting;[Name]:The Silent Bias: Local Newspaper Closures and its Effect on Lending Discrimination;[Author_1]:Agnes Bäker;[Uni_1]:Vrije Universiteit Amsterdam;[Author_2]:Jan Riepe;[Uni_2]:Paderborn University;[Author_3]:Amelie Wulff;[Uni_3]:University of Konstanz  
[Category]:Social and Environmental Accounting & Ethical Issues in Accounting;[Name]:Determinants of managerial discretion in ESG reporting;[Author_1]:Akihiro Noda;[Uni_1]:Shiga University  
[Category]:Social and Environmental Accounting & Ethical Issues in Accounting;[Name]:The Effects of Board Demographic and Structural Diversity on Corporate Biodiversity Disclosures: UK Evidence;[Author_1]:Tantawy Moussa;[Uni_1]:University of Westminster;[Author_2]:Amani Faraji;[Uni_2]:University of Westminster;[Author_3]:Mostafa Hussien;[Uni_3]:University of Westminster, Westminster Business Schools  
[Category]:Social and Environmental Accounting & Ethical Issues in Accounting;[Name]:Are Firms Socialwashing? The effect of CSR on tax avoidance;[Author_1]:;[Uni_1]:;[Author_2]:;[Uni_2]:;[Author_3]:;[Uni_3]:;[Author_4]:;[Uni_4]:;[Author_5]:;[Uni_5]:"
23,23.0,"Caroline Tahar (IAE Lyon School of Management)P
Mohamed Khenissi (IAE Lyon School of Management)
2. Detecting greenwashing behavior in decarbonization performance
Jingduan Li (Central Queensland University)P
Xuhui Peng (Western Sydney University)
Qingliang Tang (Western Sydney University)
3. The Effect of Mandatory CSR Disclosure on CSR-washing
Jia Guo (Hong Kong Polytechnic University)P
Jeffrey Ng (University of Hong Kong)
HongWu (Fudan University)
Qi Zhang (Chinese University of Hong Kong)
SEE RF 08 room 302
. . . . . . . . . . . . . . . . . . . . . . . . . . . . . . . . . . . . . . . . . . chaired by: Nicola Raimo (LUM University)
1. Reporting on ESG Risks: Requirements and Empirical Evidence from German DAX 40 Companies
Ute Merbecks (Rhine-Waal Universitiy of Applied Science)P
IngeWulf (TU Clausthal)
2. The Paradigm of Female Directors in the Managerial Capture of Sustainability Assurance: An Analysis
Supported by Natural Language Processing Methods
Marta Sánchez Sancho (University of Salamanca)P
Jennifer Martinez Ferrero (Universidad de Salamanca)
Emma García-Meca (Technical University of Cartagena)
3. Organizational Commitment as a Solution to Collusive Supervision Over Reporting
Joshua Cieslewicz (UtahValley University)
4. Effects of negative information in sustainability reports and social media disclosure on investors’willingness to
invest
HendrikWewers (Rptu Kaiserslautern-Landau)
5. Examining Firm-Level Risk and CEO Pay Ratios The Moderating Role of Social Responsibility in U.S. Firms
Alhanouf Almubarak (University of East Anglia)P
Ana Marques (University of East Anglia / Universidade NOVA de Lisboa)
Fabio Motoki (University of East Anglia)
SEE RF 09 room 307B
. . . . . . . . . . . . . . . . . . . . . . . . . . . . . . . . . . chaired by: Sophia Pfanner (Universität Innsbruck)
1. Ecological Function Zones
Yuxia Zou (Nanyang Technological University)P
TaoYe (University of International Business and Economics)
2. A Typology of Integrated Key Performance Indicators (iKPIs)
Dounia Chlyeh (Kühne Logistics University)
3. Applying Benford’s Law to detect manipulation in carbon performance
Christian Ott (EM Strasbourg Business School)
4. Assurance of sustainability reporting: A systematic literature review of 24 years of research
Sherine Jharni (Università degli Studi di Genova)P
Giulia Leoni (Università degli Studi di Genova)
5. Quality counts: exploring the link between codes of ethics and employee satisfaction
Zezeng Li (Queen Mary University of London)P
Christopher Cowton (University of Huddersfield Business School)
Thursday,May 29, 14:00–15:30
SEE PSD 04 room 404
. . . . . . . . . . . . . . . . . . . . . . . . . . . . . . chaired by: Paul Griffin (University of California-Davis)
24","[Category]:Financial Reporting;[Name]:Detecting greenwashing behavior in decarbonization performance;[Author_1]:Jingduan Li;[Uni_1]:Central Queensland University;[Author_2]:Xuhui Peng;[Uni_2]:Western Sydney University;[Author_3]:Qingliang Tang;[Uni_3]:Western Sydney University  
[Category]:Social and Environmental Accounting & Ethical Issues in Accounting;[Name]:The Effect of Mandatory CSR Disclosure on CSR-washing;[Author_1]:Jia Guo;[Uni_1]:Hong Kong Polytechnic University;[Author_2]:Jeffrey Ng;[Uni_2]:University of Hong Kong;[Author_3]:Hong Wu;[Uni_3]:Fudan University;[Author_4]:Qi Zhang;[Uni_4]:Chinese University of Hong Kong  
[Category]:Social and Environmental Accounting & Ethical Issues in Accounting;[Name]:Reporting on ESG Risks: Requirements and Empirical Evidence from German DAX 40 Companies;[Author_1]:Ute Merbecks;[Uni_1]:Rhine-Waal University of Applied Science;[Author_2]:Inge Wulf;[Uni_2]:TU Clausthal  
[Category]:Social and Environmental Accounting & Ethical Issues in Accounting;[Name]:The Paradigm of Female Directors in the Managerial Capture of Sustainability Assurance: An Analysis Supported by Natural Language Processing Methods;[Author_1]:Marta Sánchez Sancho;[Uni_1]:University of Salamanca;[Author_2]:Jennifer Martinez Ferrero;[Uni_2]:Universidad de Salamanca;[Author_3]:Emma García-Meca;[Uni_3]:Technical University of Cartagena  
[Category]:Social and Environmental Accounting & Ethical Issues in Accounting;[Name]:Organizational Commitment as a Solution to Collusive Supervision Over Reporting;[Author_1]:Joshua Cieslewicz;[Uni_1]:Utah Valley University  
[Category]:Social and Environmental Accounting & Ethical Issues in Accounting;[Name]:Effects of negative information in sustainability reports and social media disclosure on investors’ willingness to invest;[Author_1]:Hendrik Wewers;[Uni_1]:RPTU Kaiserslautern-Landau  
[Category]:Social and Environmental Accounting & Ethical Issues in Accounting;[Name]:Examining Firm-Level Risk and CEO Pay Ratios The Moderating Role of Social Responsibility in U.S. Firms;[Author_1]:Alhanouf Almubarak;[Uni_1]:University of East Anglia;[Author_2]:Ana Marques;[Uni_2]:University of East Anglia / Universidade NOVA de Lisboa;[Author_3]:Fabio Motoki;[Uni_3]:University of East Anglia  
[Category]:Social and Environmental Accounting & Ethical Issues in Accounting;[Name]:Ecological Function Zones;[Author_1]:Yuxia Zou;[Uni_1]:Nanyang Technological University;[Author_2]:Tao Ye;[Uni_2]:University of International Business and Economics  
[Category]:Accounting and Information Systems;[Name]:A Typology of Integrated Key Performance Indicators (iKPIs);[Author_1]:Dounia Chlyeh;[Uni_1]:Kühne Logistics University  
[Category]:Financial Reporting;[Name]:Applying Benford’s Law to detect manipulation in carbon performance;[Author_1]:Christian Ott;[Uni_1]:EM Strasbourg Business School  
[Category]:Public Sector Accounting & Not-For-Profit Accounting;[Name]:Assurance of sustainability reporting: A systematic literature review of 24 years of research;[Author_1]:Sherine Jharni;[Uni_1]:Università degli Studi di Genova;[Author_2]:Giulia Leoni;[Uni_2]:Università degli Studi di Genova  
[Category]:Accounting Education;[Name]:Quality counts: exploring the link between codes of ethics and employee satisfaction;[Author_1]:Zezeng Li;[Uni_1]:Queen Mary University of London;[Author_2]:Christopher Cowton;[Uni_2]:University of Huddersfield Business School"
24,24.0,"1. EPA Regional Monitoring, Local Regulatory Risks, and Firm Response
Grace Fan (Singapore Management University)P
XiWu (University of California-Berkeley)
Trung Nguyen (Federal Reserve Board of Richmond)
Discussant: Igor Kadach (IESE Business School)
2. Politics, CSR Investment, and Real Effects
June Huang (University of Texas at Dallas)P
Kirti Sinha (University of Texas at Dallas)
MV Shivaani (University of Texas at Dallas)
Discussant: Giulia Sargiacomo (University of Toronto,Rotman School of Management)
SEE PS 12 room 101
. . . . . . . . . . . . . . . . . . . . . . . . . . . . . . . . . . . . . chaired by: Bobae Choi (University of Queensland)
1. Incorporating Carbon Emissions into Decision-Making—The Case of Transactional Connectivity
Felix Müller (Technical University of Munich)P
Juergen Ernstberger (Technical University of Munich)
Mario Keiling (Technical University of Munich)
Mike Szabo (SAP)
Bastian Distler (SAP)
2. CO2 emissions and the quality of earnings
Alessandro Mura (University of Cagliari)
Stefano Corso (University of Cagliari)P
SEE PS 13 room 207
. . . . . . . . . . . . . . . . . . . . . . . . . . . . . . . . . . . . . . . . . . . . . . . . . . . . . . . . . . . . . . . . . . . . . . . . . . . . . . . .
1. Green revenue generation and sales contribution: are consumers willing to bear the cost of sustainability?
Atm Karim (Queen’s University Belfast)P
Mahmoud Elmarzouky (University of St. Andrews)
2. The Effect of Customer Demand for Carbon Disclosures along Supply Chains
Jin Deng (Hong Kong University of Science and Technology)
3. Consumer Voices, Corporate Consequences: The Oversight Power of Customer Reviews in E&S Crises
Angelo Ditillo (Bocconi University)
Michele Fumagalli (Bocconi University)
RobertoVincenzi (Bocconi University)P
SEE PS 14 room 309
. . . . . . . . . . . . . . . . . . . . . . . . . . . . . . . . . . . . . . . chaired by: Chiara Crovini (Aalborg University)
1. Motivating sustainable behaviour in the workplace through control
Leanne Johnstone (Örebro University)
Peter Beusch (University of Gothenburg)P
2. Accounting for a contemporary workplace: The employer and employee discourses and the Self
Galina Goncharenko (Aston University)P
Sami Adwan (University of Sussex)
Siwen Liu (Tianjin University of Science and Technology)
SEE RF 10 room 202
. . . . . . . . . . . . . . . . . . . . . . . . . . . . . . . . chaired by: Daniela Zipperer (University of Mannheim)
1. Exploring Drivers and Barriers to Sustainability Practices in SMEs Across European Contexts
Souad Moufty (De Montfort University)
2. The Relevance of Climate Risk Disclosure: Evidence from Europe
Bjarne Brié (Tilburg University)P
Kristof Stouthuysen (Vlerick Business School)
TimVerdonck (University of Antwerp)
25","[Category]:Financial Reporting;[Name]:EPA Regional Monitoring, Local Regulatory Risks, and Firm Response;[Author_1]:Grace Fan;[Uni_1]:Singapore Management University;[Author_2]:XiWu;[Uni_2]:University of California-Berkeley;[Author_3]:Trung Nguyen;[Uni_3]:Federal Reserve Board of Richmond  
[Category]:Social and Environmental Accounting & Ethical Issues in Accounting;[Name]:Politics, CSR Investment, and Real Effects;[Author_1]:June Huang;[Uni_1]:University of Texas at Dallas;[Author_2]:Kirti Sinha;[Uni_2]:University of Texas at Dallas;[Author_3]:MV Shivaani;[Uni_3]:University of Texas at Dallas  
[Category]:Social and Environmental Accounting & Ethical Issues in Accounting;[Name]:Incorporating Carbon Emissions into Decision-Making—The Case of Transactional Connectivity;[Author_1]:Felix Müller;[Uni_1]:Technical University of Munich;[Author_2]:Juergen Ernstberger;[Uni_2]:Technical University of Munich;[Author_3]:Mario Keiling;[Uni_3]:Technical University of Munich;[Author_4]:Mike Szabo;[Uni_4]:SAP;[Author_5]:Bastian Distler;[Uni_5]:SAP  
[Category]:Social and Environmental Accounting & Ethical Issues in Accounting;[Name]:CO2 emissions and the quality of earnings;[Author_1]:Alessandro Mura;[Uni_1]:University of Cagliari;[Author_2]:Stefano Corso;[Uni_2]:University of Cagliari  
[Category]:Social and Environmental Accounting & Ethical Issues in Accounting;[Name]:Green revenue generation and sales contribution: are consumers willing to bear the cost of sustainability?;[Author_1]:Atm Karim;[Uni_1]:Queen’s University Belfast;[Author_2]:Mahmoud Elmarzouky;[Uni_2]:University of St. Andrews  
[Category]:Social and Environmental Accounting & Ethical Issues in Accounting;[Name]:The Effect of Customer Demand for Carbon Disclosures along Supply Chains;[Author_1]:Jin Deng;[Uni_1]:Hong Kong University of Science and Technology  
[Category]:Social and Environmental Accounting & Ethical Issues in Accounting;[Name]:Consumer Voices, Corporate Consequences: The Oversight Power of Customer Reviews in E&S Crises;[Author_1]:Angelo Ditillo;[Uni_1]:Bocconi University;[Author_2]:Michele Fumagalli;[Uni_2]:Bocconi University;[Author_3]:Roberto Vincenzi;[Uni_3]:Bocconi University  
[Category]:Social and Environmental Accounting & Ethical Issues in Accounting;[Name]:Motivating sustainable behaviour in the workplace through control;[Author_1]:Leanne Johnstone;[Uni_1]:Örebro University;[Author_2]:Peter Beusch;[Uni_2]:University of Gothenburg  
[Category]:Social and Environmental Accounting & Ethical Issues in Accounting;[Name]:Accounting for a contemporary workplace: The employer and employee discourses and the Self;[Author_1]:Galina Goncharenko;[Uni_1]:Aston University;[Author_2]:Sami Adwan;[Uni_2]:University of Sussex;[Author_3]:Siwen Liu;[Uni_3]:Tianjin University of Science and Technology  
[Category]:Social and Environmental Accounting & Ethical Issues in Accounting;[Name]:Exploring Drivers and Barriers to Sustainability Practices in SMEs Across European Contexts;[Author_1]:Souad Moufty;[Uni_1]:De Montfort University  
[Category]:Social and Environmental Accounting & Ethical Issues in Accounting;[Name]:The Relevance of Climate Risk Disclosure: Evidence from Europe;[Author_1]:Bjarne Brié;[Uni_1]:Tilburg University;[Author_2]:Kristof Stouthuysen;[Uni_2]:Vlerick Business School;[Author_3]:Tim Verdonck;[Uni_3]:University of Antwerp"
25,25.0,"3. How do institutional pressures and business incentives affect the level of implementation of corporate
compliance systems?
Sara Rodríguez-Gómez (University of Granada)
María Lourdes Arco-Castro (University of Granada)
Isabel María García Sánchez (Universidad de Salamanca)
MaríaVictoria López-Pérez (University of Granada)P
4. How Governmentality Shapes Risk Management Practices: A case study form a listed Energy-Sector Company
Edoardo Borlatto (Università degli Studi di Torino)P
Edoardo Crocco (University of Turin)
Francesca Culasso (University of Turin)
Elisa Truant (University of Turin)
5. Corporate Disclosures and Real Responses to Geopolitical Risk: Evidence from the War in Ukraine
David Park (Seoul National University)
SEE RF 11 room TD 2A
. . . . . . . . . . . . . . chaired by: Arbita Chakraborty (Indian Institute of Management-Udaipur)
1. The Impact of European Firms’ Emissions Reduction Effectiveness on Financial Constraints: Evidence from the
Quintuple Helix Model Perspective
Emma García-Meca (Technical University of Cartagena)
Jennifer Martinez Ferrero (Universidad de Salamanca)
Carmelo Reverte (Polytechnic University of Cartagena)P
2. Characteristics of Firms that declaration of supporting TCFD
Chao Hsin Huang (ChungYuan Christian University)P
Te-Kuan Lee (ChungYuan Christian University)
Tse-Cheng Lin (affiliation not provided)
3. Carbon Management Accounting based on Material Flow Cost Accounting
Benedikt Rohde (University of Göttingen)P
Stefan Dierkes (University of Göttingen)
4. Do markets punish corporate bad behaviour? Evidence from ESG Controversies and Firm Performance in Africa
Olatundun Adelegan (Aalto University)
5. Science-Based Targets: Symbol or Substance? Financial Implications for Adopting Firms
Jan-Hendrik Meier (Kiel University of Applied Science)P
Tetiana Paientko (Berlin University of Applied Sciences of Economics and Techniques)
Thursday,May 29, 16:00–17:30
SEE PS 15 room 101
. . . . . . . . . . . . . . . . . . . . . . . . . . . . . . chaired by: Christian Ott (EM Strasbourg Business School)
1. Pricing firms’ biodiversity risk exposure: Empirical evidence from audit fees
Tobias Steindl (University of Regensburg)P
Stephan Küster (Free University of Berlin)
Sven Hartlieb (University of Innsbruck)
2. Audit Committees Characteristics and ESG Disclosure Transparency
Dina El Mahdy (Morgan State University)P
KimberlyWalker (Virginia Tech)
3. Does ESG Performance Affect Audit Fees?
Martin (Myung Sub) Kim (Saint Joseph’s University)
SEE PS 16 room 207
. . . . . . . . . . . . . . . . . . . . . . . . . . . . . . . . . . . . . . . . . . . . . . . . . . . . . . . . . . . . . . . . . . . . . . . . . . . . . . . .
1. Navigating Complexity: A New Conceptual Model for Environmental Accountability in Dynamic Conflict Arenas
Riccardo Torelli (Università Cattolica del Sacro Cuore)P
Marcello Cosa (Università Cattolica del Sacro Cuore)
26","[Category]:Financial Reporting;[Name]:How do institutional pressures and business incentives affect the level of implementation of corporate compliance systems?;[Author_1]:Sara Rodríguez-Gómez;[Uni_1]:University of Granada;[Author_2]:María Lourdes Arco-Castro;[Uni_2]:University of Granada;[Author_3]:Isabel María García Sánchez;[Uni_3]:Universidad de Salamanca;[Author_4]:MaríaVictoria López-Pérez;[Uni_4]:University of Granada

[Category]:Social and Environmental Accounting & Ethical Issues in Accounting;[Name]:How Governmentality Shapes Risk Management Practices: A case study from a listed Energy-Sector Company;[Author_1]:Edoardo Borlatto;[Uni_1]:Università degli Studi di Torino;[Author_2]:Edoardo Crocco;[Uni_2]:University of Turin;[Author_3]:Francesca Culasso;[Uni_3]:University of Turin;[Author_4]:Elisa Truant;[Uni_4]:University of Turin

[Category]:Social and Environmental Accounting & Ethical Issues in Accounting;[Name]:Corporate Disclosures and Real Responses to Geopolitical Risk: Evidence from the War in Ukraine;[Author_1]:David Park;[Uni_1]:Seoul National University

[Category]:Social and Environmental Accounting & Ethical Issues in Accounting;[Name]:The Impact of European Firms’ Emissions Reduction Effectiveness on Financial Constraints: Evidence from the Quintuple Helix Model Perspective;[Author_1]:Emma García-Meca;[Uni_1]:Technical University of Cartagena;[Author_2]:Jennifer Martinez Ferrero;[Uni_2]:Universidad de Salamanca;[Author_3]:Carmelo Reverte;[Uni_3]:Polytechnic University of Cartagena

[Category]:Social and Environmental Accounting & Ethical Issues in Accounting;[Name]:Characteristics of Firms that declaration of supporting TCFD;[Author_1]:Chao Hsin Huang;[Uni_1]:ChungYuan Christian University;[Author_2]:Te-Kuan Lee;[Uni_2]:ChungYuan Christian University;[Author_3]:Tse-Cheng Lin;[Uni_3]:affiliation not provided

[Category]:Social and Environmental Accounting & Ethical Issues in Accounting;[Name]:Carbon Management Accounting based on Material Flow Cost Accounting;[Author_1]:Benedikt Rohde;[Uni_1]:University of Göttingen;[Author_2]:Stefan Dierkes;[Uni_2]:University of Göttingen

[Category]:Social and Environmental Accounting & Ethical Issues in Accounting;[Name]:Do markets punish corporate bad behaviour? Evidence from ESG Controversies and Firm Performance in Africa;[Author_1]:Olatundun Adelegan;[Uni_1]:Aalto University

[Category]:Social and Environmental Accounting & Ethical Issues in Accounting;[Name]:Science-Based Targets: Symbol or Substance? Financial Implications for Adopting Firms;[Author_1]:Jan-Hendrik Meier;[Uni_1]:Kiel University of Applied Science;[Author_2]:Tetiana Paientko;[Uni_2]:Berlin University of Applied Sciences of Economics and Techniques

[Category]:Social and Environmental Accounting & Ethical Issues in Accounting;[Name]:Pricing firms’ biodiversity risk exposure: Empirical evidence from audit fees;[Author_1]:Tobias Steindl;[Uni_1]:University of Regensburg;[Author_2]:Stephan Küster;[Uni_2]:Free University of Berlin;[Author_3]:Sven Hartlieb;[Uni_3]:University of Innsbruck

[Category]:Auditing;[Name]:Audit Committees Characteristics and ESG Disclosure Transparency;[Author_1]:Dina El Mahdy;[Uni_1]:Morgan State University;[Author_2]:Kimberly Walker;[Uni_2]:Virginia Tech

[Category]:Auditing;[Name]:Does ESG Performance Affect Audit Fees?;[Author_1]:Martin (Myung Sub) Kim;[Uni_1]:Saint Joseph’s University

[Category]:Social and Environmental Accounting & Ethical Issues in Accounting;[Name]:Navigating Complexity: A New Conceptual Model for Environmental Accountability in Dynamic Conflict Arenas;[Author_1]:Riccardo Torelli;[Uni_1]:Università Cattolica del Sacro Cuore;[Author_2]:Marcello Cosa;[Uni_2]:Università Cattolica del Sacro Cuore"
26,26.0,"2. Do ESG ratings construct paradoxical realities?
Stefan Schaper (Aarhus University)P
Irene Pollach (Aarhus University)
3. Professional service firms and sustainability professionals: on the construction of ’Best Practices’for
Sustainability
Xiaoyu (Aurora) Xu (HEC Paris)
SEE RF 12 room 205A
. . . . . . . . . . . . . . . . . . . . . . . . . . . . . . chaired by: Veronique Blum (Université Grenoble Alpes)
1. The Impact of ESG Performance on the Executive-to-Employee Pay Gap: The Moderating Role of Labor Union
Density and Labor Dispute Pressure
RuiWang (Newcastle University)
2. Fifty Years of Corporate Sustainability in Accounting Research: A Systematic Literature Review Using Machine
Learning Techniques
Arianna Pisciella (Università Cattolica del Sacro Cuore)P
Bianca Minuth (ESCP Business School Paris)
3. Do higher ESG self-disclosures by the target company help to enhance deal outcomes in business combinations?
Kang Cheng (Morgan State University)
4. Investors’Preferences in Qualitative Characteristics of Sustainability Disclosures: A Discrete Choice
Experiment and an Analysis of Willingness-to-Pay
Maria Gabriela Misiuda (Technical University of Berlin)P
Maik Lachmann (Technical University of Berlin)
SEE RF 13 room 302
. . . . . . . . . . . . . . . . . . . . . . . . . . . . . . . . . chaired by: Lana Sabelfeld (University of Gothenburg)
1. The impact of environmental awareness on environmental reporting quality and environmental performance
Katharina-MariaWagner (University of Passau)P
Christoph Pelger (University of Passau)
2. Climate (De)Commitment: Evidence from the Science Based Targets Initiative
NouhaWasli (University of Cagliari)P
Andrea Melis (University of Cagliari)
Thomas Kaspereit (University of Luxembourg)
3. Accountability in Impact Investments: How beneficiaries are heard during the investment process?
Johanna Lähteenmäki (University of Jyvaskyla)P
Jukka Pellinen (University of Jyväskylä)
Toni Mättö (University of Jyväskylä)
4. Corporate Life Cycle and its Impact on Textual Characteristics in CSR Disclosure—Evidence from Europe
Aaron Kasischke (University of Bamberg)
5. Uncovering greenwashing through textual analysis of sustainability disclosures
Agne Sneideriene (Vytautas Magnus University)P
Renata Legenzova (Vytautas Magnus University)
SEE RF 14 room 402
. . . . . . . . . . . . . . . . . . . . . . . . . . . . . . . . . . . . . . . . . . . chaired by: Ruth Dimes (Open University)
1. Nonfinancial target setting: a study on the determinants of carbon emission reduction targets
Nicola DallaVia (Free University of Bozen-Bolzano)P
Paolo Perego (Free University of Bozen-Bolzano)
2. Does the Market React to Greenwashing? The Impact of Alignment Between ESG Disclosure and ESG
Performance on Capital Markets
Kevin Gauch (Technical University of Darmstadt)
Kevin Mcmeeking (Brunel University)
Carol Pomare (Mount Allison University)P
27","[Category]:Financial Reporting;[Name]:Do ESG ratings construct paradoxical realities?;[Author_1]:Stefan Schaper;[Uni_1]:Aarhus University;[Author_2]:Irene Pollach;[Uni_2]:Aarhus University  
[Category]:Social and Environmental Accounting & Ethical Issues in Accounting;[Name]:Professional service firms and sustainability professionals: on the construction of ’Best Practices’ for Sustainability;[Author_1]:Xiaoyu (Aurora) Xu;[Uni_1]:HEC Paris  
[Category]:Financial Reporting;[Name]:The Impact of ESG Performance on the Executive-to-Employee Pay Gap: The Moderating Role of Labor Union Density and Labor Dispute Pressure;[Author_1]:Rui Wang;[Uni_1]:Newcastle University  
[Category]:Social and Environmental Accounting & Ethical Issues in Accounting;[Name]:Fifty Years of Corporate Sustainability in Accounting Research: A Systematic Literature Review Using Machine Learning Techniques;[Author_1]:Arianna Pisciella;[Uni_1]:Università Cattolica del Sacro Cuore;[Author_2]:Bianca Minuth;[Uni_2]:ESCP Business School Paris  
[Category]:Financial Reporting;[Name]:Do higher ESG self-disclosures by the target company help to enhance deal outcomes in business combinations?;[Author_1]:Kang Cheng;[Uni_1]:Morgan State University  
[Category]:Social and Environmental Accounting & Ethical Issues in Accounting;[Name]:Investors’ Preferences in Qualitative Characteristics of Sustainability Disclosures: A Discrete Choice Experiment and an Analysis of Willingness-to-Pay;[Author_1]:Maria Gabriela Misiuda;[Uni_1]:Technical University of Berlin;[Author_2]:Maik Lachmann;[Uni_2]:Technical University of Berlin  
[Category]:Social and Environmental Accounting & Ethical Issues in Accounting;[Name]:The impact of environmental awareness on environmental reporting quality and environmental performance;[Author_1]:Katharina-Maria Wagner;[Uni_1]:University of Passau;[Author_2]:Christoph Pelger;[Uni_2]:University of Passau  
[Category]:Social and Environmental Accounting & Ethical Issues in Accounting;[Name]:Climate (De)Commitment: Evidence from the Science Based Targets Initiative;[Author_1]:Nouha Wasli;[Uni_1]:University of Cagliari;[Author_2]:Andrea Melis;[Uni_2]:University of Cagliari;[Author_3]:Thomas Kaspereit;[Uni_3]:University of Luxembourg  
[Category]:Social and Environmental Accounting & Ethical Issues in Accounting;[Name]:Accountability in Impact Investments: How beneficiaries are heard during the investment process?;[Author_1]:Johanna Lähteenmäki;[Uni_1]:University of Jyväskylä;[Author_2]:Jukka Pellinen;[Uni_2]:University of Jyväskylä;[Author_3]:Toni Mättö;[Uni_3]:University of Jyväskylä  
[Category]:Social and Environmental Accounting & Ethical Issues in Accounting;[Name]:Corporate Life Cycle and its Impact on Textual Characteristics in CSR Disclosure—Evidence from Europe;[Author_1]:Aaron Kasischke;[Uni_1]:University of Bamberg  
[Category]:Social and Environmental Accounting & Ethical Issues in Accounting;[Name]:Uncovering greenwashing through textual analysis of sustainability disclosures;[Author_1]:Agne Sneideriene;[Uni_1]:Vytautas Magnus University;[Author_2]:Renata Legenzova;[Uni_2]:Vytautas Magnus University  
[Category]:Social and Environmental Accounting & Ethical Issues in Accounting;[Name]:Nonfinancial target setting: a study on the determinants of carbon emission reduction targets;[Author_1]:Nicola DallaVia;[Uni_1]:Free University of Bozen-Bolzano;[Author_2]:Paolo Perego;[Uni_2]:Free University of Bozen-Bolzano  
[Category]:Financial Analysis;[Name]:Does the Market React to Greenwashing? The Impact of Alignment Between ESG Disclosure and ESG Performance on Capital Markets;[Author_1]:Kevin Gauch;[Uni_1]:Technical University of Darmstadt;[Author_2]:Kevin Mcmeeking;[Uni_2]:Brunel University;[Author_3]:Carol Pomare;[Uni_3]:Mount Allison University"
27,27.0,"3. Strategic Climate Metrics: Prioritising Key Factors for Enhanced Decision-Making
Jose Luis BlascoVazquez (Universidad Autónoma de Madrid)P
Elena Carrión (Universidad de Burgos)
4. The materiality assessment in sustainability reporting: A structured literature review
Cristina Florio (University ofVerona)P
Riccardo Stacchezzini (University ofVerona)
Matilde D’onofrio (University ofVerona)
Alessandro Lai (University ofVerona)
Francesca Rossignoli (University ofVerona)
Silvano Corbella (University ofVerona)
5. ESG-Based Compensation and Corporate Social Risk: The Mediating Effect of Corporate Social Performance
Simona Fiandrino (University of Turin)P
Silvia Panfilo (Università Ca’ FoscariVenezia,Venice School of Management)
Cristina Florio (University ofVerona)
Friday,May 30,09:00–10:30
SEE PSD 05 room 211
. . . . . . . . . . . . . . . . . . . . . . . . . . . . . . . . chaired by: Frank Schiemann (University of Bamberg)
1. Does High-Speed Home Internet Improve Access to Credit? Evidence from a Google Fiber Rollout
Francisco Dimas Pena Romera (Arizona State University)P
RogerWhite (Arizona State University)
Discussant: Thomas Tammen (Hamburg University)
2. Does Zombification Influence Corporate Carbon Performance?
Sadok El Ghoul (University of Alberta)
Spyridon Gkikopoulos (University of Manchester)P
Omrane Guedhami (University of South Carolina)
Konstantinos Stathopoulos (University of Manchester)
Discussant: Paul Griffin (University of California-Davis)
SEE PS 17 room 209
. . . . . . . . . . . . . . . . . . . . . . . . . . . . . . . . . . . . . . chaired by: Benita Gullkvist (University ofVaasa)
1. Disclosure Regulation and ESG Transparency
Charlotte-Louisa Donau (University of Cologne)P
Maximilian A. Müller (University of Cologne)
2. Donations in the Dark
Ionela Andreicovici (Frankfurt School of Finance & Management)P
Nava Cohen (New Jersey City University)
Alessandro Ghio (ESCP Business School)
Luc Paugam (HEC Paris)
SEE PS 18 room 309
. . . . . . . . . . . . . . . . . . . . . . . . . . . . . . . . . . . . . chaired by: Blerita Korca (University of Bamberg)
1. Lost in translation: accounting and the construction of net-zero emissions
Elena Carrión (Universidad de Burgos)P
Carlos Larrinaga (Universidad de Burgos)
2. The Role of National Carbon Budgets in Accounting for Climate Change
Rebecca Maughan (University College Dublin)P
Aideen O’dochartaigh (University College Dublin)
Anna Pringle (Dublin City University)
3. Measuring the Unmeasurable: Challenges and Pathways in Biodiversity Accounting
Eva-Maria Öhlinger (Johannes Kepler University)P
Othmar Lehner (Hanken School of Economics)
28","[Category]:Financial Reporting;[Name]:Strategic Climate Metrics: Prioritising Key Factors for Enhanced Decision-Making;[Author_1]:Jose Luis BlascoVazquez;[Uni_1]:Universidad Autónoma de Madrid;[Author_2]:Elena Carrión;[Uni_2]:Universidad de Burgos  
[Category]:Social and Environmental Accounting & Ethical Issues in Accounting;[Name]:The materiality assessment in sustainability reporting: A structured literature review;[Author_1]:Cristina Florio;[Uni_1]:University ofVerona;[Author_2]:Riccardo Stacchezzini;[Uni_2]:University ofVerona;[Author_3]:Matilde D’onofrio;[Uni_3]:University ofVerona;[Author_4]:Alessandro Lai;[Uni_4]:University ofVerona;[Author_5]:Francesca Rossignoli;[Uni_5]:University ofVerona  
[Category]:Social and Environmental Accounting & Ethical Issues in Accounting;[Name]:ESG-Based Compensation and Corporate Social Risk: The Mediating Effect of Corporate Social Performance;[Author_1]:Simona Fiandrino;[Uni_1]:University of Turin;[Author_2]:Silvia Panfilo;[Uni_2]:Università Ca’ FoscariVenezia,Venice School of Management;[Author_3]:Cristina Florio;[Uni_3]:University ofVerona  
[Category]:Social and Environmental Accounting & Ethical Issues in Accounting;[Name]:Does High-Speed Home Internet Improve Access to Credit? Evidence from a Google Fiber Rollout;[Author_1]:Francisco Dimas Pena Romera;[Uni_1]:Arizona State University;[Author_2]:RogerWhite;[Uni_2]:Arizona State University  
[Category]:Social and Environmental Accounting & Ethical Issues in Accounting;[Name]:Does Zombification Influence Corporate Carbon Performance?;[Author_1]:Sadok El Ghoul;[Uni_1]:University of Alberta;[Author_2]:Spyridon Gkikopoulos;[Uni_2]:University of Manchester;[Author_3]:Omrane Guedhami;[Uni_3]:University of South Carolina;[Author_4]:Konstantinos Stathopoulos;[Uni_4]:University of Manchester  
[Category]:Social and Environmental Accounting & Ethical Issues in Accounting;[Name]:Disclosure Regulation and ESG Transparency;[Author_1]:Charlotte-Louisa Donau;[Uni_1]:University of Cologne;[Author_2]:Maximilian A. Müller;[Uni_2]:University of Cologne  
[Category]:Social and Environmental Accounting & Ethical Issues in Accounting;[Name]:Donations in the Dark;[Author_1]:Ionela Andreicovici;[Uni_1]:Frankfurt School of Finance & Management;[Author_2]:Nava Cohen;[Uni_2]:New Jersey City University;[Author_3]:Alessandro Ghio;[Uni_3]:ESCP Business School;[Author_4]:Luc Paugam;[Uni_4]:HEC Paris  
[Category]:Social and Environmental Accounting & Ethical Issues in Accounting;[Name]:Lost in translation: accounting and the construction of net-zero emissions;[Author_1]:Elena Carrión;[Uni_1]:Universidad de Burgos;[Author_2]:Carlos Larrinaga;[Uni_2]:Universidad de Burgos  
[Category]:Social and Environmental Accounting & Ethical Issues in Accounting;[Name]:The Role of National Carbon Budgets in Accounting for Climate Change;[Author_1]:Rebecca Maughan;[Uni_1]:University College Dublin;[Author_2]:Aideen O’dochartaigh;[Uni_2]:University College Dublin;[Author_3]:Anna Pringle;[Uni_3]:Dublin City University  
[Category]:Social and Environmental Accounting & Ethical Issues in Accounting;[Name]:Measuring the Unmeasurable: Challenges and Pathways in Biodiversity Accounting;[Author_1]:Eva-Maria Öhlinger;[Uni_1]:Johannes Kepler University;[Author_2]:Othmar Lehner;[Uni_2]:Hanken School of Economics"
28,28.0,"SEE RF 15 room 205A
. . . . . . . . . . . . . . . . . . . . . . . . . . . . . . . chaired by: Lisa Lüttke (Humboldt University of Berlin)
1. Is ESG performance influenced by CEO features in the energy sector? Female directors on board as moderator
Maria Consuelo Pucheta-Martinez (Universitat Jaume I)P
Inmaculada Bel-Oms (University ofValencia)
Isabel Gallego-Álvarez (Universidad de Salamanca)
2. Stakeholder impact on Corporate Digital Responsibility reporting
Ewelina Zarzycka (University of Lodz)
3. The breadth of sustainability assurance statement and decoupling practices: Do controversies matter?
Najib Bwanika (Université de Rennes)P
Florence Depoers (Paris Nanterre University)
Lionel Touchais (University of Rennes I,IGR-IAE De Rennes)
4. Statutory Auditors as Providers of Mandatory Sustainability Reporting Assurance under the Corporate
Sustainability Reporting Directive: Insights from Instituti
Joanna Krasodomska (Krakow University of Economics)P
Ewelina Zarzycka (University of Lodz)
SEE RF 16 room 302
. . . . . . . . . . . . . . . . . . . . . . . . . . . . . . . . . . . chaired by: Alexander Sigg (University of St. Gallen)
1. The Role of Competitor Reporting in ESG Greenwashing
YangYoude (Nanjing University of Science and Technology)
Bakr Al-Gamrh (Rennes School of Business)P
Fei Jinhua (Southeast University)
Xu Guanghua (Nanjing University of Science and Technology)
2. Exploring Environmental, Social, and Governance Disclosure on Social Media: The Role of Cultural Dimensions
Giuseppe Nicolò (University of Salerno)P
Lukasz Bryl (Poznań University of Economics and Business)
Diana Ferullo (University of Salerno)
3. Drivers of Circular Economy Disclosure in the Banking Industry: European Evidence
Nicola Raimo (LUM University)P
Vitiana L’abate (LUM University)
Ilenia Fraccalvieri (LUM University)
FilippoVitolla (LUM University)
Candida Bussoli (LUM University)
4. SDG Reporting and Sustainability Performance: Insights from Italian Companies
Valentina Beretta (University of Pavia)P
Maria Chiara Demartini (Università degli Studi di Pavia)
Sara Trucco (UNINT)
SEE RF 17 room 402
. . . . . . . . . . . . . . . . . . . . . . . . . . . . . chaired by: Amanpreet Kaur (University of South Australia)
1. Do PRI Signatories Exhibit Better Readability in CSR Reports?
Maria Del Mar Sanchez Hernandez (Technical University of Cartagena)P
Jennifer Martinez Ferrero (Universidad de Salamanca)
Emma García-Meca (Technical University of Cartagena)
M. Camino Ramon-Llorens (Technical University of Cartagena)
2. Determinants of corporate environmental taxes: Country-level empirical evidence
Lukas Schmidt (Constructor University Bremen)P
MariusWeiß (University of Erlangen-Nürnberg)
Andreas Seebeck (Constructor University)
3. Executive Compensation and Corporate Irresponsibility: Evidence from the United States
Philipp Richter (Dresden University of Technology)
29","[Category]:Financial Reporting;[Name]:Is ESG performance influenced by CEO features in the energy sector? Female directors on board as moderator;[Author_1]:Maria Consuelo Pucheta-Martinez;[Uni_1]:Universitat Jaume I;[Author_2]:Inmaculada Bel-Oms;[Uni_2]:University of Valencia;[Author_3]:Isabel Gallego-Álvarez;[Uni_3]:Universidad de Salamanca  
[Category]:Financial Reporting;[Name]:Stakeholder impact on Corporate Digital Responsibility reporting;[Author_1]:Ewelina Zarzycka;[Uni_1]:University of Lodz  
[Category]:Financial Reporting;[Name]:The breadth of sustainability assurance statement and decoupling practices: Do controversies matter?;[Author_1]:Najib Bwanika;[Uni_1]:Université de Rennes;[Author_2]:Florence Depoers;[Uni_2]:Paris Nanterre University;[Author_3]:Lionel Touchais;[Uni_3]:University of Rennes I, IGR-IAE De Rennes  
[Category]:Financial Reporting;[Name]:Statutory Auditors as Providers of Mandatory Sustainability Reporting Assurance under the Corporate Sustainability Reporting Directive: Insights from Instituti;[Author_1]:Joanna Krasodomska;[Uni_1]:Krakow University of Economics;[Author_2]:Ewelina Zarzycka;[Uni_2]:University of Lodz  
[Category]:Financial Reporting;[Name]:The Role of Competitor Reporting in ESG Greenwashing;[Author_1]:YangYoude;[Uni_1]:Nanjing University of Science and Technology;[Author_2]:Bakr Al-Gamrh;[Uni_2]:Rennes School of Business;[Author_3]:Fei Jinhua;[Uni_3]:Southeast University;[Author_4]:Xu Guanghua;[Uni_4]:Nanjing University of Science and Technology  
[Category]:Financial Reporting;[Name]:Exploring Environmental, Social, and Governance Disclosure on Social Media: The Role of Cultural Dimensions;[Author_1]:Giuseppe Nicolò;[Uni_1]:University of Salerno;[Author_2]:Lukasz Bryl;[Uni_2]:Poznań University of Economics and Business;[Author_3]:Diana Ferullo;[Uni_3]:University of Salerno  
[Category]:Financial Reporting;[Name]:Drivers of Circular Economy Disclosure in the Banking Industry: European Evidence;[Author_1]:Nicola Raimo;[Uni_1]:LUM University;[Author_2]:Vitiana L’abate;[Uni_2]:LUM University;[Author_3]:Ilenia Fraccalvieri;[Uni_3]:LUM University;[Author_4]:FilippoVitolla;[Uni_4]:LUM University;[Author_5]:Candida Bussoli;[Uni_5]:LUM University  
[Category]:Financial Reporting;[Name]:SDG Reporting and Sustainability Performance: Insights from Italian Companies;[Author_1]:Valentina Beretta;[Uni_1]:University of Pavia;[Author_2]:Maria Chiara Demartini;[Uni_2]:Università degli Studi di Pavia;[Author_3]:Sara Trucco;[Uni_3]:UNINT  
[Category]:Financial Reporting;[Name]:Do PRI Signatories Exhibit Better Readability in CSR Reports?;[Author_1]:Maria Del Mar Sanchez Hernandez;[Uni_1]:Technical University of Cartagena;[Author_2]:Jennifer Martinez Ferrero;[Uni_2]:Universidad de Salamanca;[Author_3]:Emma García-Meca;[Uni_3]:Technical University of Cartagena;[Author_4]:M. Camino Ramon-Llorens;[Uni_4]:Technical University of Cartagena  
[Category]:Financial Reporting;[Name]:Determinants of corporate environmental taxes: Country-level empirical evidence;[Author_1]:Lukas Schmidt;[Uni_1]:Constructor University Bremen;[Author_2]:MariusWeiß;[Uni_2]:University of Erlangen-Nürnberg;[Author_3]:Andreas Seebeck;[Uni_3]:Constructor University  
[Category]:Financial Reporting;[Name]:Executive Compensation and Corporate Irresponsibility: Evidence from the United States;[Author_1]:Philipp Richter;[Uni_1]:Dresden University of Technology"
29,29.0,"4. Do Board Sustainability Committees Contribute to Firm-Level CSR Outcomes? The Role of Sustainability
Committee Characteristics and Governance Mechanisms
Jyotirmoy Podder (Axis Accounting)
Abdus Sobhan (Manchester Metropolitan University)
Amitav Saha (University of Notre Dame)P
Sudipta Bose (University of Newcastle)
Friday,May 30,11:00–12:30
SEE PSD 06 room 404
. . . . chaired by: Giulia Sargiacomo (University of Toronto,Rotman School of Management)
1. Eponymy, Reputation, and ESG Reporting in Private Family Firms
Annalisa Prencipe (Bocconi University)P
Gianfranco Siciliano (China Europe International Business School)
Alessandro Minichilli (Bocconi University)
Valentino D’angelo (affiliation not provided)
Olivia Askheim (Bocconi University)
Discussant: Chiara De Amicis (SKEMA Business School)
2. Do Managers Invest in Stakeholder Relationships to Insure against Personal Fallout? Evidence from Clawback
Provisions
Joonil Lee (Kyunghee University)
Peter Oh (McGill University)
Patrick Ryu (University of Manchester)P
Jingjing Zhang (McGill University)
Discussant: Xi Li (London School of Economics and Political Science)
SEE PS 19 room 209
. . . . . . . . . . . . . . . . . . . . . . . . . . . . . . . . . . . . chaired by: Louise Gorman (Trinity College Dublin)
1. Influential Chief Sustainability Officer and Corporate Social Responsibility Performance
Eunice Khoo (Australian National University)
2. Heterogeneous sustainability impacts through actions directed at primary and secondary stakeholders
Paul Griffin (University of California-Davis)P
Florian Habermann (University of Lausanne)
3. Do Reputation and Performance Visibility Shape Corporate Environmental, Social, and Governance Outcomes?
Marvin Nipper (Friedrich Alexander University)P
Kevin Munch (University of Florida)
Ivy Munoko (University of Florida)
SEE PS 20 room 210
. . . . . . . . . . . . . . . . . . . . . . . . . . . . . . . . . . . . . chaired by: Dorota Dobija (Kozminski University)
1. The Peer Effect and Benchmark Effect of Information Disclosure: Evidence from Corporate Social Responsibility
Information Disclosure
Yuan-Tang Tsai (National Taipei University)P
Teng-ShihWang (Providence University)
Yi-Hsing Liao (ChungYuan Christian University)
2. Real effects of the introduction of the EU Whistleblowing Directive on Private sector: Evidence from Europe
Jovana Radenkovic (Free University of Berlin)P
Ruiwen Liu (Free University of Berlin)
3. Sustainability-Linked Bonds Crisis: Will the label survive?
Verena Braun (University of Zurich)
Patricia Ruffing-Straube (University of Zurich)P
30","[Category]:Social and Environmental Accounting & Ethical Issues in Accounting;[Name]:Do Board Sustainability Committees Contribute to Firm-Level CSR Outcomes? The Role of Sustainability Committee Characteristics and Governance Mechanisms;[Author_1]:Jyotirmoy Podder;[Uni_1]:Axis Accounting;[Author_2]:Abdus Sobhan;[Uni_2]:Manchester Metropolitan University;[Author_3]:Amitav Saha;[Uni_3]:University of Notre Dame;[Author_4]:Sudipta Bose;[Uni_4]:University of Newcastle

[Category]:Social and Environmental Accounting & Ethical Issues in Accounting;[Name]:Eponymy, Reputation, and ESG Reporting in Private Family Firms;[Author_1]:Annalisa Prencipe;[Uni_1]:Bocconi University;[Author_2]:Gianfranco Siciliano;[Uni_2]:China Europe International Business School;[Author_3]:Alessandro Minichilli;[Uni_3]:Bocconi University;[Author_4]:Valentino D’angelo;[Uni_4]:;[Author_5]:Olivia Askheim;[Uni_5]:Bocconi University

[Category]:Social and Environmental Accounting & Ethical Issues in Accounting;[Name]:Do Managers Invest in Stakeholder Relationships to Insure against Personal Fallout? Evidence from Clawback Provisions;[Author_1]:Joonil Lee;[Uni_1]:Kyunghee University;[Author_2]:Peter Oh;[Uni_2]:McGill University;[Author_3]:Patrick Ryu;[Uni_3]:University of Manchester;[Author_4]:Jingjing Zhang;[Uni_4]:McGill University

[Category]:Social and Environmental Accounting & Ethical Issues in Accounting;[Name]:Influential Chief Sustainability Officer and Corporate Social Responsibility Performance;[Author_1]:Eunice Khoo;[Uni_1]:Australian National University

[Category]:Social and Environmental Accounting & Ethical Issues in Accounting;[Name]:Heterogeneous sustainability impacts through actions directed at primary and secondary stakeholders;[Author_1]:Paul Griffin;[Uni_1]:University of California-Davis;[Author_2]:Florian Habermann;[Uni_2]:University of Lausanne

[Category]:Social and Environmental Accounting & Ethical Issues in Accounting;[Name]:Do Reputation and Performance Visibility Shape Corporate Environmental, Social, and Governance Outcomes?;[Author_1]:Marvin Nipper;[Uni_1]:Friedrich Alexander University;[Author_2]:Kevin Munch;[Uni_2]:University of Florida;[Author_3]:Ivy Munoko;[Uni_3]:University of Florida

[Category]:Social and Environmental Accounting & Ethical Issues in Accounting;[Name]:The Peer Effect and Benchmark Effect of Information Disclosure: Evidence from Corporate Social Responsibility Information Disclosure;[Author_1]:Yuan-Tang Tsai;[Uni_1]:National Taipei University;[Author_2]:Teng-Shih Wang;[Uni_2]:Providence University;[Author_3]:Yi-Hsing Liao;[Uni_3]:ChungYuan Christian University

[Category]:Social and Environmental Accounting & Ethical Issues in Accounting;[Name]:Real effects of the introduction of the EU Whistleblowing Directive on Private sector: Evidence from Europe;[Author_1]:Jovana Radenkovic;[Uni_1]:Free University of Berlin;[Author_2]:Ruiwen Liu;[Uni_2]:Free University of Berlin

[Category]:Social and Environmental Accounting & Ethical Issues in Accounting;[Name]:Sustainability-Linked Bonds Crisis: Will the label survive?;[Author_1]:Verena Braun;[Uni_1]:University of Zurich;[Author_2]:Patricia Ruffing-Straube;[Uni_2]:University of Zurich"
30,30.0,"SEE PS 21 room 309
. . . . . . . . . . . . . . . . . . . . . . . . . . . . . . . . . . . . . . . . . . . chaired by: Lucas Lee (IE Business School)
1. Double Materiality as a Driver of Real Effects: Evidence from the European Union’s Non-Financial Disclosure
Directive
Peter Fiechter (University of Neuchatel)
Florian Habermann (University of Lausanne)P
Gaia Melloni (HEC Lausanne / University of Lausanne)
Arianna Pisciella (Università Cattolica del Sacro Cuore)
2. Reporting for change: Does the adoption of double materiality influence ESG risk management?
Silvia Panfilo (Università Ca’ FoscariVenezia,Venice School of Management)
Francesco Scarpa (Università Ca’ FoscariVenezia,Venice School of Management)P
Nicolas Canestraro (Università Ca’ FoscariVenezia,Venice School of Management)
3. Challenges of double materiality: content analysis of comment letters on the European Sustainability Reporting
Standard Exposure Draft Consultation
Mahsa Ghorbanijazin (Université Toulouse Capitole)P
Jennifer Boutant Lapeyre (Université Toulouse Capitole)
Isabelle Martinez (Université Toulouse Capitole)
SEE RF 18 room 307A
. . . . . . . . . . . . . . . . . . . . . . . . . . . chaired by: Marisa Agostini (Università Ca’ FoscariVenezia)
1. Are CEOs enhancing corporate social responsibility reporting in the oil and gas sector? A multi-method analysis
on thematic manipulation
Miguel Pombinho (University of Évora,CEFAGE)P
Ana Fialho Silva (University of Évora, CEFAGE)
Andreia Dionísio (University of Évora,CEFAGE)
2. Shaping International Sustainability Standards: An Analysis of Lobbying Effects on the IFRS S2
Eric Heyden (Rostock University)
3. Do Board Sustainable Development Committees Matter to Carbon Emission Reporting Quality?
Shu-Miao Lai (National Taiwan Ocean University)P
Chih-Liang Liu (NationalYang Ming Chiao Tung University)
4. Who Blows and Why? A Mediation Model from Accountants’Locus of Control to Whistleblowing
Meng Bai (Xi’an Jiaotong University)P
He Zhang (Xi’an Jiaotong University)
Junrui Zhang (Xi’an Jiaotong University)
George Lan (University ofWindsor, Odette School of Business)
Yang Su (Xi’an Jiaotong University)
5. The Moderating Role of Earnings Pressure on the Relationship of CSR Performance and Earnings Management
Ann Kristin Meyer (University of Siegen)P
Andreas Dutzi (University of Siegen)
SEE RF 19 room 307B
. . . . . . . . . . . . . . . . . . . . . . chaired by: Riccardo Torelli (Università Cattolica del Sacro Cuore)
1. Alignment with and eligibility to the EU Taxonomy: a new index for its measurement and the impact on the cost of
debt
Fabio Rizzato (University of Turin)
Simona Fiandrino (University of Turin)
Alberto Tonelli (University of Turin)
Giorgia La Barbera (University of Turin)P
Alain Devalle (University of Turin)
2. Shadow Accounts in Action: Challenging and Reinforcing Hegemony in China’s Governance Regime
Dan Shen (University of Portsmouth)
31","[Category]:Social and Environmental Accounting & Ethical Issues in Accounting;[Name]:Double Materiality as a Driver of Real Effects: Evidence from the European Union’s Non-Financial Disclosure Directive;[Author_1]:Peter Fiechter;[Uni_1]:University of Neuchatel;[Author_2]:Florian Habermann;[Uni_2]:University of Lausanne;[Author_3]:Gaia Melloni;[Uni_3]:HEC Lausanne / University of Lausanne;[Author_4]:Arianna Pisciella;[Uni_4]:Università Cattolica del Sacro Cuore

[Category]:Social and Environmental Accounting & Ethical Issues in Accounting;[Name]:Reporting for change: Does the adoption of double materiality influence ESG risk management?;[Author_1]:Silvia Panfilo;[Uni_1]:Università Ca’ Foscari Venezia, Venice School of Management;[Author_2]:Francesco Scarpa;[Uni_2]:Università Ca’ Foscari Venezia, Venice School of Management;[Author_3]:Nicolas Canestraro;[Uni_3]:Università Ca’ Foscari Venezia, Venice School of Management

[Category]:Social and Environmental Accounting & Ethical Issues in Accounting;[Name]:Challenges of double materiality: content analysis of comment letters on the European Sustainability Reporting Standard Exposure Draft Consultation;[Author_1]:Mahsa Ghorbanijazin;[Uni_1]:Université Toulouse Capitole;[Author_2]:Jennifer Boutant Lapeyre;[Uni_2]:Université Toulouse Capitole;[Author_3]:Isabelle Martinez;[Uni_3]:Université Toulouse Capitole

[Category]:Social and Environmental Accounting & Ethical Issues in Accounting;[Name]:Are CEOs enhancing corporate social responsibility reporting in the oil and gas sector? A multi-method analysis on thematic manipulation;[Author_1]:Miguel Pombinho;[Uni_1]:University of Évora, CEFAGE;[Author_2]:Ana Fialho Silva;[Uni_2]:University of Évora, CEFAGE;[Author_3]:Andreia Dionísio;[Uni_3]:University of Évora, CEFAGE

[Category]:Social and Environmental Accounting & Ethical Issues in Accounting;[Name]:Shaping International Sustainability Standards: An Analysis of Lobbying Effects on the IFRS S2;[Author_1]:Eric Heyden;[Uni_1]:Rostock University

[Category]:Social and Environmental Accounting & Ethical Issues in Accounting;[Name]:Do Board Sustainable Development Committees Matter to Carbon Emission Reporting Quality?;[Author_1]:Shu-Miao Lai;[Uni_1]:National Taiwan Ocean University;[Author_2]:Chih-Liang Liu;[Uni_2]:National Yang Ming Chiao Tung University

[Category]:Social and Environmental Accounting & Ethical Issues in Accounting;[Name]:Who Blows and Why? A Mediation Model from Accountants’ Locus of Control to Whistleblowing;[Author_1]:Meng Bai;[Uni_1]:Xi’an Jiaotong University;[Author_2]:He Zhang;[Uni_2]:Xi’an Jiaotong University;[Author_3]:Junrui Zhang;[Uni_3]:Xi’an Jiaotong University;[Author_4]:George Lan;[Uni_4]:University of Windsor, Odette School of Business;[Author_5]:Yang Su;[Uni_5]:Xi’an Jiaotong University

[Category]:Social and Environmental Accounting & Ethical Issues in Accounting;[Name]:The Moderating Role of Earnings Pressure on the Relationship of CSR Performance and Earnings Management;[Author_1]:Ann Kristin Meyer;[Uni_1]:University of Siegen;[Author_2]:Andreas Dutzi;[Uni_2]:University of Siegen

[Category]:Public Sector Accounting & Not-For-Profit Accounting;[Name]:Alignment with and eligibility to the EU Taxonomy: a new index for its measurement and the impact on the cost of debt;[Author_1]:Fabio Rizzato;[Uni_1]:University of Turin;[Author_2]:Simona Fiandrino;[Uni_2]:University of Turin;[Author_3]:Alberto Tonelli;[Uni_3]:University of Turin;[Author_4]:Giorgia La Barbera;[Uni_4]:University of Turin;[Author_5]:Alain Devalle;[Uni_5]:University of Turin

[Category]:Accounting and Governance;[Name]:Shadow Accounts in Action: Challenging and Reinforcing Hegemony in China’s Governance Regime;[Author_1]:Dan Shen;[Uni_1]:University of Portsmouth"
31,31.0,"3. Exploring Knowledge Management Systems in Exponential Organizations: insights from Non-Financial
Reporting practices
Paolo Biancone (University of Turin)
Federico Lanzalonga (University of Turin)
Ginevra Degregori (University of Turin)P
4. Exploringthelandscapeofcarbonaccounting: Insightsfromaliteraturereviewandpathwaysforfutureresearch
Juliette Senn (Montpellier Business School)P
Sarah Maire (IÉSEG School of Management)
Sophie Spring (University of Montpellier)
5. Examining the paradox between CSR practices in audit firms and their impact on audit quality and reputation
Di Min (Newcastle University)
Friday,May 30,14:00–15:30
SEE PSD 07 room 404
. . . . . . . . . . . . . . . . . . . . . . . . chaired by: Sebastian Tideman-Frappart (Syracuse University)
1. “If Not Certain Be Vague”: How Uncertainty about Investors’Preferences Shapes Voluntary Climate-Change
Disclosure
Giulia Sargiacomo (University of Toronto,Rotman School of Management)P
Ole-Kristian Hope (University of Toronto,Rotman School of Management)
Discussant: Thorsten Sellhorn (LMU Munich)
2. Climate Disclosures and Decarbonization along the Supply Chain
Igor Kadach (IESE Business School)P
Pietro Bonetti (IESE Business School)
Gaizka Ormazabal (IESE Business School)
Ellen En (IESE Business School)
Discussant: June Huang (University of Texas at Dallas)
SEE PS 22 room 101
. . . . . . . . . . . . . . . . . . . . . . . . . . . . . . . . . . . . . . . . . . . . . . . . . . . . . . . . . . . . . . . . . . . . . . . . . . . . . . . . .
1. Soft law, hard results: The impact of government climate action plans on investor attention
Wei Li (University of Adelaide)
2. Equity Market Reactions to the Adoption of the Corporate Sustainability Reporting Directive
Nicolas Frenzel (Potsdam University)
3. Net Zero Emission Target Adoption as Market Signal: How Investors Screen Target Adoption
Shah Md Taha Islam (Monash University)P
Michaela Rankin (Monash University)
Mehdi Khedmati (Monash University)
SEE PS 23 room 207
. . . . . . . . . . . . . . . . . . . . . . . . . . . . . . . . . . . . . . . . . . . . . . . . . . . . . . . . . . . . . . . . . . . . . . . . . . . . . . . .
1. Within-Firm Information Inequality and Employee Wage Disparity
Yuqing Zhou (Chinese University of Hong Kong)
Yifan Jia (Xiamen University)P
2. When Disaster Strikes: How Climate Events Influence Employment Preferences
YiyuanWang (Chinese University of Hong Kong)P
Yuqing Zhou (Chinese University of Hong Kong)
Yue Zheng (Hong Kong University of Science and Technology)
Allen Huang (Hong Kong University of Science and Technology)
3. Good for Shareholders, Bad for Stakeholders? An Unintended Consequence of Say-on-Pay Laws on
Employee-Related Policies
Yiye Liu (Hong Kong Polytechnic University)
32","[Category]:Financial Reporting;[Name]:Exploring Knowledge Management Systems in Exponential Organizations: insights from Non-Financial Reporting practices;[Author_1]:Paolo Biancone;[Uni_1]:University of Turin;[Author_2]:Federico Lanzalonga;[Uni_2]:University of Turin;[Author_3]:Ginevra Degregori;[Uni_3]:University of Turin  
[Category]:Social and Environmental Accounting & Ethical Issues in Accounting;[Name]:Exploring the landscape of carbon accounting: Insights from a literature review and pathways for future research;[Author_1]:Juliette Senn;[Uni_1]:Montpellier Business School;[Author_2]:Sarah Maire;[Uni_2]:IÉSEG School of Management;[Author_3]:Sophie Spring;[Uni_3]:University of Montpellier  
[Category]:Accounting and Governance;[Name]:Examining the paradox between CSR practices in audit firms and their impact on audit quality and reputation;[Author_1]:Di Min;[Uni_1]:Newcastle University  
[Category]:Social and Environmental Accounting & Ethical Issues in Accounting;[Name]:""If Not Certain Be Vague"": How Uncertainty about Investors’ Preferences Shapes Voluntary Climate-Change Disclosure;[Author_1]:Giulia Sargiacomo;[Uni_1]:University of Toronto,Rotman School of Management;[Author_2]:Ole-Kristian Hope;[Uni_2]:University of Toronto,Rotman School of Management  
[Category]:Social and Environmental Accounting & Ethical Issues in Accounting;[Name]:Climate Disclosures and Decarbonization along the Supply Chain;[Author_1]:Igor Kadach;[Uni_1]:IESE Business School;[Author_2]:Pietro Bonetti;[Uni_2]:IESE Business School;[Author_3]:Gaizka Ormazabal;[Uni_3]:IESE Business School;[Author_4]:Ellen En;[Uni_4]:IESE Business School  
[Category]:Social and Environmental Accounting & Ethical Issues in Accounting;[Name]:Soft law, hard results: The impact of government climate action plans on investor attention;[Author_1]:Wei Li;[Uni_1]:University of Adelaide  
[Category]:Social and Environmental Accounting & Ethical Issues in Accounting;[Name]:Equity Market Reactions to the Adoption of the Corporate Sustainability Reporting Directive;[Author_1]:Nicolas Frenzel;[Uni_1]:Potsdam University  
[Category]:Social and Environmental Accounting & Ethical Issues in Accounting;[Name]:Net Zero Emission Target Adoption as Market Signal: How Investors Screen Target Adoption;[Author_1]:Shah Md Taha Islam;[Uni_1]:Monash University;[Author_2]:Michaela Rankin;[Uni_2]:Monash University;[Author_3]:Mehdi Khedmati;[Uni_3]:Monash University  
[Category]:Management Accounting;[Name]:Within-Firm Information Inequality and Employee Wage Disparity;[Author_1]:Yuqing Zhou;[Uni_1]:Chinese University of Hong Kong;[Author_2]:Yifan Jia;[Uni_2]:Xiamen University  
[Category]:Social and Environmental Accounting & Ethical Issues in Accounting;[Name]:When Disaster Strikes: How Climate Events Influence Employment Preferences;[Author_1]:Yiyuan Wang;[Uni_1]:Chinese University of Hong Kong;[Author_2]:Yuqing Zhou;[Uni_2]:Chinese University of Hong Kong;[Author_3]:Yue Zheng;[Uni_3]:Hong Kong University of Science and Technology;[Author_4]:Allen Huang;[Uni_4]:Hong Kong University of Science and Technology  
[Category]:Accounting and Governance;[Name]:Good for Shareholders, Bad for Stakeholders? An Unintended Consequence of Say-on-Pay Laws on Employee-Related Policies;[Author_1]:Yiye Liu;[Uni_1]:Hong Kong Polytechnic University"
32,32.0,"SEE PS 24 room 309
. . . . . . . . . . . . . . . . . . . . . . . . . . . . . . . chaired by: Rimona Palas (College of Law and Business)
1. The Paradox of Creative Culture: Financial Gains at the Cost of ESG Performance
Xue Emma Chen (Durham University)
2. The Role of Private Anti-Corruption Reporting in Corporate Accountability
Natalia Berg (Linnaeus University)
3. From Comments to Policy: Insights from GPT Analysis of Public Sentiment on SEC’s Climate Disclosure Rules
Kostas Pappas (University of Liverpool)P
Alice Liang Xu (University of Manchester)
SEE RF 20 room 307A
. . . . . . . . . . . . . . . . . . . . . . . . . . . . . . . . . . . chaired by: RobinWolter (University of St. Gallen)
1. Shareholder Gains or Integration Strains? The Social Trade-offs in Acquisitions
Alexander Sigg (University of St. Gallen)P
Thomas Berndt (University of St. Gallen)
2. The effect of digital transformation on corporate greenwashing: from the perspective of management myopia
Zhen Huang (Northwestern Polytechnical University)
Jing Zhang (Northwestern Polytechnical University)P
3. Carbon-washing and family ownership: Global insights into sustainability hypocrisy
Ella (Guangxin) Xu (Murdoch University)P
JoeyYang (University ofWestern Australia)
Yuan Shan (University ofWestern Australia)
4. Social information matters—An empirical analysis of disaggregated GRI disclosures
AndreasWeyer (University of St. Gallen)P
Thomas Berndt (University of St. Gallen)
SEE RF 21 room 307B
. . . . . . . . . . . . . . . . . . . . . . . . . . . . . . . . . . . . chaired by: Chenchen Su (Musashino University)
1. Calculating emissions: Challenges and different perceptions in carbon accounting
Chiara Crovini (Aalborg University)P
Frederik Zachariassen (University of Southern Denmark)
Sirle Bürkland (University of Southern Denmark)
2. Disclosure quality of Sustainable Development Goals: A value relevance approach in the European context
Gianluca Gabrielli (University of Parma)P
Pier Luigi Marchini (University of Parma)
Dalila Baldini (University of Parma)
3. The Level of CSR Reporting of Private Firms
Paula Stanka (Ruhr University Bochum)P
Matthias Nienaber (Ruhr University Bochum)
4. Integration of Sustainability Concerns into Management Systems and Climate Change-Induced Financial Risk
Disclosures
Siqi Liu (Open University)P
Cristiana Bernardi (Open University)
Andrew Stark (Manchester Business School)
5. Transitioning to Integrated Reporting: A Case Study of BMW from the Institutional Logics Perspective
Nils Ulrich Kneußel (Friedrich Alexander University)P
Thomas Fischer (Friedrich Alexander University)
Jonas Albers (Friedrich Alexander University)
Dominik Zink (Friedrich Alexander University)
33","[Category]:Social and Environmental Accounting & Ethical Issues in Accounting;[Name]:The Paradox of Creative Culture: Financial Gains at the Cost of ESG Performance;[Author_1]:Xue Emma Chen;[Uni_1]:Durham University  
[Category]:Social and Environmental Accounting & Ethical Issues in Accounting;[Name]:The Role of Private Anti-Corruption Reporting in Corporate Accountability;[Author_1]:Natalia Berg;[Uni_1]:Linnaeus University  
[Category]:Social and Environmental Accounting & Ethical Issues in Accounting;[Name]:From Comments to Policy: Insights from GPT Analysis of Public Sentiment on SEC’s Climate Disclosure Rules;[Author_1]:Kostas Pappas;[Uni_1]:University of Liverpool;[Author_2]:Alice Liang Xu;[Uni_2]:University of Manchester  
[Category]:Social and Environmental Accounting & Ethical Issues in Accounting;[Name]:Shareholder Gains or Integration Strains? The Social Trade-offs in Acquisitions;[Author_1]:Alexander Sigg;[Uni_1]:University of St. Gallen;[Author_2]:Thomas Berndt;[Uni_2]:University of St. Gallen  
[Category]:Social and Environmental Accounting & Ethical Issues in Accounting;[Name]:The effect of digital transformation on corporate greenwashing: from the perspective of management myopia;[Author_1]:Zhen Huang;[Uni_1]:Northwestern Polytechnical University;[Author_2]:Jing Zhang;[Uni_2]:Northwestern Polytechnical University  
[Category]:Social and Environmental Accounting & Ethical Issues in Accounting;[Name]:Carbon-washing and family ownership: Global insights into sustainability hypocrisy;[Author_1]:Ella (Guangxin) Xu;[Uni_1]:Murdoch University;[Author_2]:Joey Yang;[Uni_2]:University of Western Australia;[Author_3]:Yuan Shan;[Uni_3]:University of Western Australia  
[Category]:Social and Environmental Accounting & Ethical Issues in Accounting;[Name]:Social information matters—An empirical analysis of disaggregated GRI disclosures;[Author_1]:Andreas Weyer;[Uni_1]:University of St. Gallen;[Author_2]:Thomas Berndt;[Uni_2]:University of St. Gallen  
[Category]:Social and Environmental Accounting & Ethical Issues in Accounting;[Name]:Calculating emissions: Challenges and different perceptions in carbon accounting;[Author_1]:Chiara Crovini;[Uni_1]:Aalborg University;[Author_2]:Frederik Zachariassen;[Uni_2]:University of Southern Denmark;[Author_3]:Sirle Bürkland;[Uni_3]:University of Southern Denmark  
[Category]:Social and Environmental Accounting & Ethical Issues in Accounting;[Name]:Disclosure quality of Sustainable Development Goals: A value relevance approach in the European context;[Author_1]:Gianluca Gabrielli;[Uni_1]:University of Parma;[Author_2]:Pier Luigi Marchini;[Uni_2]:University of Parma;[Author_3]:Dalila Baldini;[Uni_3]:University of Parma  
[Category]:Social and Environmental Accounting & Ethical Issues in Accounting;[Name]:The Level of CSR Reporting of Private Firms;[Author_1]:Paula Stanka;[Uni_1]:Ruhr University Bochum;[Author_2]:Matthias Nienaber;[Uni_2]:Ruhr University Bochum  
[Category]:Social and Environmental Accounting & Ethical Issues in Accounting;[Name]:Integration of Sustainability Concerns into Management Systems and Climate Change-Induced Financial Risk Disclosures;[Author_1]:Siqi Liu;[Uni_1]:Open University;[Author_2]:Cristiana Bernardi;[Uni_2]:Open University;[Author_3]:Andrew Stark;[Uni_3]:Manchester Business School  
[Category]:Social and Environmental Accounting & Ethical Issues in Accounting;[Name]:Transitioning to Integrated Reporting: A Case Study of BMW from the Institutional Logics Perspective;[Author_1]:Nils Ulrich Kneußel;[Uni_1]:Friedrich Alexander University;[Author_2]:Thomas Fischer;[Uni_2]:Friedrich Alexander University;[Author_3]:Jonas Albers;[Uni_3]:Friedrich Alexander University;[Author_4]:Dominik Zink;[Uni_4]:Friedrich Alexander University"
33,33.0,"FINANCIAL ANALYSIS
Wednesday,May 28, 15:30–17:00
FA PS 01 room 104
. . . . . . . . . . . . . . . . . . . . . . . . . . . . . . . . . . . . . . . . . . . . . chaired by: Rani Suleman (HEC Montréal)
1. Narratives contextualizing numeric disclosures: Insights from earnings calls
Imelda Taraj (University of Gothenburg)P
RanikWahlstrøm (Norwegian University of Science and Technology)
2. Information Asymmetry and Disclosure: Evidence from Uncertainties
Kangkang Cao (EBS Universität fürWirtschaft und Recht)
3. Earnings Conference Calls and Investor Disagreement: The Effect of Heterogeneity in Participating Analysts’
Information Acquisition Focus
Fani Kalogirou (Universidade Católica Portuguesa)P
Mari Paananen (University of Gothenburg)
Imelda Taraj (University of Gothenburg)
FA PS 02 room 203
. . . . . . . . . . . . . . . . . . . . . . . . . . . . . chaired by: ShiranVaknin Froymovich (SUNY Binghamton)
1. The Rise of Net Debt Covenants
Oliver Binz (ESMT Berlin)
2. Strategic Alignment of Accounting Performance Measures: Evidence from Earnouts
CeciliaWei Hu (Deakin University)P
Sunyoung Kim (Monash University)
3. Perception Shapes Reality: Firms’ Proactive Pay Adjustments
Zhi Li (Chapman University)P
Peng Qiyuan (University of Dayton)
LinglingWang (University of Connecticut)
FA PS 03 room 210
. . . . . . . . . . . . . . . . . . . . . . . . . . . . . . . chaired by: Yuxia Zou (Nanyang Technological University)
1. When Roots Bond: The Effect of Surname Sharing on Analyst Team Performance
Chunyu Zu (Communication University of China)
2. Health constraints and analysts’ strategic substitution in the research production
YangWang (Lancaster University)P
Pawel Bilinski (affiliation not provided)
Hui Xu (Lancaster University)
3. Fertility Policy and Female Analysts: Consequences and Remedies
Weixing Cai (Guangdong University of Finance and Economics)
Yuqi Pu (Guangdong University of Finance and Economics)
Cheng Zeng (Hong Kong Polytechnic University)
Jing Zhao (Hong Kong Polytechnic University)P
FA RF 01 room 307B
. . . . . . . . . . . . . . . . . . chaired by: Mingyang Liu (Frankfurt School of Finance & Management)
1. Competing with earnout provisions: Do financial advisors reduce the need for earnouts?
LucaViarengo (Università Cattolica del Sacro Cuore)P
Leonidas Barbopoulos (University of Edinburgh)
Carlo D’augusta (Bocconi University)
2. Backlog orders and weather suspensions: New evidences from procurement contracts
Riccardo Camboni (University of Padova)P
Andrea Bafundi (Università di Padova)
Camilla Ciappei (University of Padova)
Claudia Imperatore (Bocconi University)
34","[Category]:Financial Analysis;[Name]:Narratives contextualizing numeric disclosures: Insights from earnings calls;[Author_1]:Imelda Taraj;[Uni_1]:University of Gothenburg;[Author_2]:Ranik Wahlstrøm;[Uni_2]:Norwegian University of Science and Technology  
[Category]:Financial Analysis;[Name]:Information Asymmetry and Disclosure: Evidence from Uncertainties;[Author_1]:Kangkang Cao;[Uni_1]:EBS Universität für Wirtschaft und Recht  
[Category]:Financial Analysis;[Name]:Earnings Conference Calls and Investor Disagreement: The Effect of Heterogeneity in Participating Analysts’ Information Acquisition Focus;[Author_1]:Fani Kalogirou;[Uni_1]:Universidade Católica Portuguesa;[Author_2]:Mari Paananen;[Uni_2]:University of Gothenburg;[Author_3]:Imelda Taraj;[Uni_3]:University of Gothenburg  
[Category]:Financial Analysis;[Name]:The Rise of Net Debt Covenants;[Author_1]:Oliver Binz;[Uni_1]:ESMT Berlin  
[Category]:Financial Analysis;[Name]:Strategic Alignment of Accounting Performance Measures: Evidence from Earnouts;[Author_1]:Cecilia Wei Hu;[Uni_1]:Deakin University;[Author_2]:Sunyoung Kim;[Uni_2]:Monash University  
[Category]:Financial Analysis;[Name]:Perception Shapes Reality: Firms’ Proactive Pay Adjustments;[Author_1]:Zhi Li;[Uni_1]:Chapman University;[Author_2]:Peng Qiyuan;[Uni_2]:University of Dayton;[Author_3]:Lingling Wang;[Uni_3]:University of Connecticut  
[Category]:Financial Analysis;[Name]:When Roots Bond: The Effect of Surname Sharing on Analyst Team Performance;[Author_1]:Chunyu Zu;[Uni_1]:Communication University of China  
[Category]:Financial Analysis;[Name]:Health constraints and analysts’ strategic substitution in the research production;[Author_1]:Yang Wang;[Uni_1]:Lancaster University;[Author_2]:Pawel Bilinski;[Uni_2]:affiliation not provided;[Author_3]:Hui Xu;[Uni_3]:Lancaster University  
[Category]:Financial Analysis;[Name]:Fertility Policy and Female Analysts: Consequences and Remedies;[Author_1]:Weixing Cai;[Uni_1]:Guangdong University of Finance and Economics;[Author_2]:Yuqi Pu;[Uni_2]:Guangdong University of Finance and Economics;[Author_3]:Cheng Zeng;[Uni_3]:Hong Kong Polytechnic University;[Author_4]:Jing Zhao;[Uni_4]:Hong Kong Polytechnic University  
[Category]:Financial Analysis;[Name]:Competing with earnout provisions: Do financial advisors reduce the need for earnouts?;[Author_1]:Luca Viarengo;[Uni_1]:Università Cattolica del Sacro Cuore;[Author_2]:Leonidas Barbopoulos;[Uni_2]:University of Edinburgh;[Author_3]:Carlo D’augusta;[Uni_3]:Bocconi University  
[Category]:Financial Analysis;[Name]:Backlog orders and weather suspensions: New evidences from procurement contracts;[Author_1]:Riccardo Camboni;[Uni_1]:University of Padova;[Author_2]:Andrea Bafundi;[Uni_2]:Università di Padova;[Author_3]:Camilla Ciappei;[Uni_3]:University of Padova;[Author_4]:Claudia Imperatore;[Uni_4]:Bocconi University"
34,34.0,"3. Does IFRS Adoption Affect Perceived Financial Reporting Quality? Evidence from International Surveys
Kirstin Becker (Copenhagen Business School)P
Bjørn Jørgensen (Copenhagen Business School)
4. SEC Comment Letters and the Statement of Cash Flows: A Double-Edged Sword in Regulatory Oversight
Davide Arrighi (Università Cattolica del Sacro Cuore)P
Andreas Charitou (University of Cyprus)
5. Labor misconduct and M&A Performance
Khadija Almaghrabi (King Abdulaziz University)
Wednesday,May 28, 17:30–19:00
FA PSD 01 room 404
. . . . . . . . . . . . . . . . . . . . . . . . . . . . . . . . . . . . . . . . . . . . . . . . . . . . . . . . . . . . . . . . . . . . . . . . . . . . . . . .
1. The risk relevance of restructuring
Vivek Raval (University of Illinois Chicago)
Discussant: Dimitris Kanelis (Maastricht University)
2. Impact of Stringent Regulation on the Ratings Market: Evidence from the Death of a Rating Agency
Sriniwas Mahapatro (Rochester Institute of Technology)
Discussant: Ulf Bruggemann (Humboldt University of Berlin)
FA PS 04 room 104
. . . . . . . . . . . . . . . . . . . . . . . . . . . . chaired by: Chunyu Zu (Communication University of China)
1. The Impact of M&A Transactions on Acquiring Firm Voluntary Disclosure
Todd Kravet (University of Connecticut)P
Sarah Mcvay (University ofWashington)
JamesWarren (Texas A&M University)
2. Capital Market-related Agglomeration Spillovers: Evidence from Million Dollar Plant Expansions
Yuxiang Zheng (Rutgers University)P
Yongoh Roh (McGill University)
Yaping Zheng (University of Alberta)
Dawn Matsumoto (University ofWashington)
3. Is the whole more than the sum of its parts? Underpricing and long-run IPO performance
Andreas Charitou (University of Cyprus)P
Irene Karamanou (University of Cyprus)
Gerald Lobo (University of Houston, Bauer College of Business)
George Loizides (University of Cyprus)
FA PS 05 room 203
. . . . . . . . . . . . . . . . . . . . . . . . . . . . . . . . . . . . . chaired by: Souad Moufty (De Montfort University)
1. Asymmetric Disclosure Patterns in the Presence of Common Ownership
Tom Kubick (University of Nebraska-Lincoln)
Yijun Li (Erasmus University Rotterdam)P
Taylor Paskett (University of Nebraska-Lincoln)
2. Industry (un)relatedness and analyst forecasts
Baptiste Colas (Carlos III University of Madrid)P
Encarna Guillamon Saorin (Carlos III University of Madrid)
Nikolaos Floropoulos (Carlos III University of Madrid)
3. Risk-Based Peer Selection in Fairness Opinions
PatrickVorst (Maastricht University)P
Benjamin Noordermeer (Maastricht University)
FA PS 06 room 210
. . . . . . . . . . . . . . . . . . . . . . . . . . . . . . . . . . . . . . . . . chaired by: Orie Miyazawa (University of Kent)
35","[Category]:Financial Reporting;[Name]:Does IFRS Adoption Affect Perceived Financial Reporting Quality? Evidence from International Surveys;[Author_1]:Kirstin Becker;[Uni_1]:Copenhagen Business School;[Author_2]:Bjørn Jørgensen;[Uni_2]:Copenhagen Business School  
[Category]:Financial Analysis;[Name]:SEC Comment Letters and the Statement of Cash Flows: A Double-Edged Sword in Regulatory Oversight;[Author_1]:Davide Arrighi;[Uni_1]:Università Cattolica del Sacro Cuore;[Author_2]:Andreas Charitou;[Uni_2]:University of Cyprus  
[Category]:Financial Analysis;[Name]:Labor misconduct and M&A Performance;[Author_1]:Khadija Almaghrabi;[Uni_1]:King Abdulaziz University  
[Category]:Financial Analysis;[Name]:The risk relevance of restructuring;[Author_1]:Vivek Raval;[Uni_1]:University of Illinois Chicago  
[Category]:Financial Analysis;[Name]:Impact of Stringent Regulation on the Ratings Market: Evidence from the Death of a Rating Agency;[Author_1]:Sriniwas Mahapatro;[Uni_1]:Rochester Institute of Technology  
[Category]:Financial Analysis;[Name]:The Impact of M&A Transactions on Acquiring Firm Voluntary Disclosure;[Author_1]:Todd Kravet;[Uni_1]:University of Connecticut;[Author_2]:Sarah Mcvay;[Uni_2]:University of Washington;[Author_3]:James Warren;[Uni_3]:Texas A&M University  
[Category]:Financial Analysis;[Name]:Capital Market-related Agglomeration Spillovers: Evidence from Million Dollar Plant Expansions;[Author_1]:Yuxiang Zheng;[Uni_1]:Rutgers University;[Author_2]:Yongoh Roh;[Uni_2]:McGill University;[Author_3]:Yaping Zheng;[Uni_3]:University of Alberta;[Author_4]:Dawn Matsumoto;[Uni_4]:University of Washington  
[Category]:Financial Analysis;[Name]:Is the whole more than the sum of its parts? Underpricing and long-run IPO performance;[Author_1]:Andreas Charitou;[Uni_1]:University of Cyprus;[Author_2]:Irene Karamanou;[Uni_2]:University of Cyprus;[Author_3]:Gerald Lobo;[Uni_3]:University of Houston, Bauer College of Business;[Author_4]:George Loizides;[Uni_4]:University of Cyprus  
[Category]:Financial Analysis;[Name]:Asymmetric Disclosure Patterns in the Presence of Common Ownership;[Author_1]:Tom Kubick;[Uni_1]:University of Nebraska-Lincoln;[Author_2]:Yijun Li;[Uni_2]:Erasmus University Rotterdam;[Author_3]:Taylor Paskett;[Uni_3]:University of Nebraska-Lincoln  
[Category]:Financial Analysis;[Name]:Industry (un)relatedness and analyst forecasts;[Author_1]:Baptiste Colas;[Uni_1]:Carlos III University of Madrid;[Author_2]:Encarna Guillamon Saorin;[Uni_2]:Carlos III University of Madrid;[Author_3]:Nikolaos Floropoulos;[Uni_3]:Carlos III University of Madrid  
[Category]:Financial Analysis;[Name]:Risk-Based Peer Selection in Fairness Opinions;[Author_1]:Patrick Vorst;[Uni_1]:Maastricht University;[Author_2]:Benjamin Noordermeer;[Uni_2]:Maastricht University"
35,35.0,"1. Firm Locations and Market Reactions to Regional Shocks: Insight from Brexit Referendum
Zifeng Feng (University of Texas at El Paso)
Rose Neng Lai (University of Macau)
Zongyuan Li (University of Galway)P
2. Information Crosschecking: Are Investors Bound to Their Priors?
Noga Abraham (Reichman University)P
Shai Levi (Tel Aviv University)
Eti Einhorn (Tel Aviv University)
FA RF 02 room 304A
. . . . . . . . . . . . . . . . . . . . . . . . . . . . . . . . chaired by: Massimo Postiglione (University of Brescia)
1. Active Engagement or Information Displacement: The Global Impacts of Mandatory Non-Financial Disclosure
Qiyu Zhang (University of Sussex)
Lu Li (Loughborough University)P
Ding Chen (University of Birmingham)
Jun Gu (Shenzhen University)
2. A few ratios do not tell the whole story: financial statements informativeness evolution and bankruptcy
predictions
Francois Larmande (Université de Sherbrooke)P
Marc Bourmont (Neoma Business School)
Wenbin Cao (Neoma Business School)
Pierre Six (Neoma Business School)
JeromeVerny (Neoma Business School)
3. CEO Overconfidence, Asset Growth and the Cross-Section of Stock Returns
Lydia Diamantopoulou (University of Piraeus)P
Andreas Charitou (University of Cyprus)
Georgios Papanastasopoulos (University of Piraeus)
4. Unlocking Financing Opportunities: The Impact of the ELITE Program on SMEs’Financing
Giorgio Ricciardi (University of Campania - LuigiVanvitelli)P
Nicola Moscariello (University of Campania - LuigiVanvitelli)
Antonio Meles (University of Campania - LuigiVanvitelli)
Pietro Fera (University of Campania - LuigiVanvitelli)
Lugi Raffaele Pellegrino (University of Rome-TorVergata)
5. The Role of Financial Constraints on M&A Financing with Earnouts Contracts
Leonidas Barbopoulos (University of Edinburgh)
Jo Danbolt (University of Edinburgh)
Sarah Nechbaoui (University of Edinburgh)P
Thursday,May 29, 09:00–10:30
FA PS 07 room 104
. . . . . . . . . . . . . . . . . . . . . . . . . . . . . . . . . . . . chaired by: Amanda Beck (Georgia State University)
1. Positive Externalities of Accounting Standard Change: The Case of CECL Adoption
Xiao Liu (Southern Methodist University)P
Konduru Sivaramakrishnan (Rice University)
Hailey Ballew (Rice University)
2. Hidden Weaknesses: The Role of Unrealized Losses in Monetary Policy Transmission
Antonio DeVito (University of Bologna)P
Benedikt Kagerer (University of Cambridge)
Cosimo Pancaro (European Central Bank)
Alessio Reghezza (European Central Bank)
36","[Category]:Financial Reporting;[Name]:Firm Locations and Market Reactions to Regional Shocks: Insight from Brexit Referendum;[Author_1]:Zifeng Feng;[Uni_1]:University of Texas at El Paso;[Author_2]:Rose Neng Lai;[Uni_2]:University of Macau;[Author_3]:Zongyuan Li;[Uni_3]:University of Galway  
[Category]:Financial Reporting;[Name]:Information Crosschecking: Are Investors Bound to Their Priors?;[Author_1]:Noga Abraham;[Uni_1]:Reichman University;[Author_2]:Shai Levi;[Uni_2]:Tel Aviv University;[Author_3]:Eti Einhorn;[Uni_3]:Tel Aviv University  
[Category]:Financial Analysis;[Name]:Active Engagement or Information Displacement: The Global Impacts of Mandatory Non-Financial Disclosure;[Author_1]:Qiyu Zhang;[Uni_1]:University of Sussex;[Author_2]:Lu Li;[Uni_2]:Loughborough University;[Author_3]:Ding Chen;[Uni_3]:University of Birmingham;[Author_4]:Jun Gu;[Uni_4]:Shenzhen University  
[Category]:Financial Analysis;[Name]:A few ratios do not tell the whole story: financial statements informativeness evolution and bankruptcy predictions;[Author_1]:Francois Larmande;[Uni_1]:Université de Sherbrooke;[Author_2]:Marc Bourmont;[Uni_2]:Neoma Business School;[Author_3]:Wenbin Cao;[Uni_3]:Neoma Business School;[Author_4]:Pierre Six;[Uni_4]:Neoma Business School;[Author_5]:JeromeVerny;[Uni_5]:Neoma Business School  
[Category]:Financial Analysis;[Name]:CEO Overconfidence, Asset Growth and the Cross-Section of Stock Returns;[Author_1]:Lydia Diamantopoulou;[Uni_1]:University of Piraeus;[Author_2]:Andreas Charitou;[Uni_2]:University of Cyprus;[Author_3]:Georgios Papanastasopoulos;[Uni_3]:University of Piraeus  
[Category]:Financial Analysis;[Name]:Unlocking Financing Opportunities: The Impact of the ELITE Program on SMEs’Financing;[Author_1]:Giorgio Ricciardi;[Uni_1]:University of Campania - LuigiVanvitelli;[Author_2]:Nicola Moscariello;[Uni_2]:University of Campania - LuigiVanvitelli;[Author_3]:Antonio Meles;[Uni_3]:University of Campania - LuigiVanvitelli;[Author_4]:Pietro Fera;[Uni_4]:University of Campania - LuigiVanvitelli;[Author_5]:Lugi Raffaele Pellegrino;[Uni_5]:University of Rome-TorVergata  
[Category]:Financial Analysis;[Name]:The Role of Financial Constraints on M&A Financing with Earnouts Contracts;[Author_1]:Leonidas Barbopoulos;[Uni_1]:University of Edinburgh;[Author_2]:Jo Danbolt;[Uni_2]:University of Edinburgh;[Author_3]:Sarah Nechbaoui;[Uni_3]:University of Edinburgh  
[Category]:Financial Analysis;[Name]:Positive Externalities of Accounting Standard Change: The Case of CECL Adoption;[Author_1]:Xiao Liu;[Uni_1]:Southern Methodist University;[Author_2]:Konduru Sivaramakrishnan;[Uni_2]:Rice University;[Author_3]:Hailey Ballew;[Uni_3]:Rice University  
[Category]:Financial Analysis;[Name]:Hidden Weaknesses: The Role of Unrealized Losses in Monetary Policy Transmission;[Author_1]:Antonio DeVito;[Uni_1]:University of Bologna;[Author_2]:Benedikt Kagerer;[Uni_2]:University of Cambridge;[Author_3]:Cosimo Pancaro;[Uni_3]:European Central Bank;[Author_4]:Alessio Reghezza;[Uni_4]:European Central Bank"
36,36.0,"FA PS 08 room 210
. . . . . . . . . . . . . . . . . . . . . . . . . . . . . . . . . . . . . . chaired by: Marco Bisogno (University of Salerno)
1. Do Analysts Learn from the News Media? Evidence from a Natural Experiment
Somnath Das (University of Illinois Chicago)P
Rong (Irene) Zhong (University of Illinois Chicago)
2. Opposites Attract and Likes Repel: Social Media Assimilation Effects in Analysts
Duo (Selina) Pei (University ofWarwick)P
Yifei Chen (Southwestern University of Finance and Economics)
3. Blockchain-Induced Supply Chain Transparency and Firm Performance: The Role of Capacity Utilization
Jedson Pinto (University of Texas at Dallas)P
Shinwoo Lee (Hong Kong Baptist University)
Daniel Rabetti (National University of Singapore)
Gil Sadka (University of Texas at Dallas)
FA RF 03 room 302
. . . . . . . . . . . . . . . . . . . . . . . . . . . . . . . . . . . . chaired by: Ahmed Abdelkader (University of Bath)
1. The role of Environmental, Social, and Governance (ESG) in credit rating revisions during the Covid-19
pandemic
Cintia Meireles Urbina (Universidade de São Paulo / University of Twente)P
Tatiana Albanez (Universidade de São Paulo)
Lucas Barros (Universidade de São Paulo)
Xiaohong Huang (University of Twente)
Laura Spierdijk (University of Twente)
2. Corporate Environmental Responsibility and Cost of Equity Capital—A Meta-Analytical Review
RobertWitte (Linz Johannes Kepler University)
Ewald Aschauer (WUVienna)P
Helmut Pernsteiner (Johannes Kepler University Linz)
3. Natural Disasters and Financial Analysts: The Impact of Hurricanes on Earnings Forecasts
Hui Zhou (University of Auckland)P
Yuting Ning (University of Auckland)
4. Analysts Prediction of Manipulated and Unmanipulated Earnings: the case of AAERSs firms
Franck Missonier-Piera (University of Fribourg)
DianaVazquez Espinosa (University of Fribourg)P
Francois Aubert (Clermont Auvergne University)
5. Mitigating Acquisition Risk: The Critical Role of Indemnification during Merger Contracting
Disen Albrecht (Rutgers University)P
Audra Boone (Texas Christian University)
Patrick Hopkins (Texas Christian University)
FA RF 04 room 402
. . . . . . . . . . . . . . . . . . . . . . . . . . . . . . . . . . . . chaired by: Alberto Halfeld (University of St. Gallen)
1. Does political connection influence corporate innovation?
Ann Ling-Ching Chan (National Chengchi University)
Stephanie Tsui (National Chengchi University)P
Francesca Hsu (SOE Technology Inc. )
KyunghwaYu (National Chengchi University)
2. Where Is the Benefit in Benefit Corporations? Evidence from Staggered Implementation of the Benefit
Corporation Laws in the US
Laura Ferraro (University of Calabria)P
Devendra Kale (University of Rhode Island)
Arati Kale (affiliation not provided)
3. EU Taxonomy Eligibility: Implications in Terms of ESG, Financial Performance and Market Preferences
37","[Category]:Financial Analysis;[Name]:Do Analysts Learn from the News Media? Evidence from a Natural Experiment;[Author_1]:Somnath Das;[Uni_1]:University of Illinois Chicago;[Author_2]:Rong (Irene) Zhong;[Uni_2]:University of Illinois Chicago  
[Category]:Financial Analysis;[Name]:Opposites Attract and Likes Repel: Social Media Assimilation Effects in Analysts;[Author_1]:Duo (Selina) Pei;[Uni_1]:University of Warwick;[Author_2]:Yifei Chen;[Uni_2]:Southwestern University of Finance and Economics  
[Category]:Financial Analysis;[Name]:Blockchain-Induced Supply Chain Transparency and Firm Performance: The Role of Capacity Utilization;[Author_1]:Jedson Pinto;[Uni_1]:University of Texas at Dallas;[Author_2]:Shinwoo Lee;[Uni_2]:Hong Kong Baptist University;[Author_3]:Daniel Rabetti;[Uni_3]:National University of Singapore;[Author_4]:Gil Sadka;[Uni_4]:University of Texas at Dallas  
[Category]:Financial Analysis;[Name]:The role of Environmental, Social, and Governance (ESG) in credit rating revisions during the Covid-19 pandemic;[Author_1]:Cintia Meireles Urbina;[Uni_1]:Universidade de São Paulo / University of Twente;[Author_2]:Tatiana Albanez;[Uni_2]:Universidade de São Paulo;[Author_3]:Lucas Barros;[Uni_3]:Universidade de São Paulo;[Author_4]:Xiaohong Huang;[Uni_4]:University of Twente;[Author_5]:Laura Spierdijk;[Uni_5]:University of Twente  
[Category]:Financial Analysis;[Name]:Corporate Environmental Responsibility and Cost of Equity Capital—A Meta-Analytical Review;[Author_1]:RobertWitte;[Uni_1]:Linz Johannes Kepler University;[Author_2]:Ewald Aschauer;[Uni_2]:WUVienna;[Author_3]:Helmut Pernsteiner;[Uni_3]:Johannes Kepler University Linz  
[Category]:Financial Analysis;[Name]:Natural Disasters and Financial Analysts: The Impact of Hurricanes on Earnings Forecasts;[Author_1]:Hui Zhou;[Uni_1]:University of Auckland;[Author_2]:Yuting Ning;[Uni_2]:University of Auckland  
[Category]:Financial Analysis;[Name]:Analysts Prediction of Manipulated and Unmanipulated Earnings: the case of AAERSs firms;[Author_1]:Franck Missonier-Piera;[Uni_1]:University of Fribourg;[Author_2]:DianaVazquez Espinosa;[Uni_2]:University of Fribourg;[Author_3]:Francois Aubert;[Uni_3]:Clermont Auvergne University  
[Category]:Financial Analysis;[Name]:Mitigating Acquisition Risk: The Critical Role of Indemnification during Merger Contracting;[Author_1]:Disen Albrecht;[Uni_1]:Rutgers University;[Author_2]:Audra Boone;[Uni_2]:Texas Christian University;[Author_3]:Patrick Hopkins;[Uni_3]:Texas Christian University  
[Category]:Financial Analysis;[Name]:Does political connection influence corporate innovation?;[Author_1]:Ann Ling-Ching Chan;[Uni_1]:National Chengchi University;[Author_2]:Stephanie Tsui;[Uni_2]:National Chengchi University;[Author_3]:Francesca Hsu;[Uni_3]:SOE Technology Inc.;[Author_4]:KyunghwaYu;[Uni_4]:National Chengchi University  
[Category]:Financial Analysis;[Name]:Where Is the Benefit in Benefit Corporations? Evidence from Staggered Implementation of the Benefit Corporation Laws in the US;[Author_1]:Laura Ferraro;[Uni_1]:University of Calabria;[Author_2]:Devendra Kale;[Uni_2]:University of Rhode Island;[Author_3]:Arati Kale;[Uni_3]:affiliation not provided  
[Category]:Financial Analysis;[Name]:EU Taxonomy Eligibility: Implications in Terms of ESG, Financial Performance and Market Preferences;[Author_1]:;[Uni_1]:;[Author_2]:;[Uni_2]:;[Author_3]:;[Uni_3]:;[Author_4]:;[Uni_4]:;[Author_5]:;[Uni_5]:"
37,37.0,"Massimo Postiglione (University of Brescia)P
Matilde Molendi (University of Brescia)
Cristian Carini (University of Brescia)
Laura Rocca (University of Brescia)
4. The Impact of Climate Change on the Performance of Agricultural Companies Worldwide
Francisca Pardo (University ofValencia)P
Karen Serrano (Universidad Metropolitana)
Ana Ibáñez (University ofValencia)
José Farinós (University ofValencia)
5. Lost (and Found) in Translation: Using Operational Efficiency to Explain the Predictiveness of Accumulated
Foreign Currency Translation Adjustments
Sarah Noor (Indiana University, Kelley School of Business)P
Sam Tiras (Indiana University, Kelley School of Business)
Fabio Moraes Da Costa (University of Iowa)
Thursday,May 29, 11:00–12:30
FA PS 09 room 210
. . . . . . . . . . . . . . . . . . . . . . . . . . . . . . . . . . . chaired by: Dina El Mahdy (Morgan State University)
1. The effect of ASC 606 on management forecasts: a lesson for principles-based accounting standard
Kyungran Lee (Neoma Business School)P
Yue Chen (Chinese University of Hong Kong)
Michael Kimbrough (University of Maryland)
Shinwoo Lee (Hong Kong Baptist University)
2. Does Analysts’ Forward-looking Information Affect Stock Price Synchronicity? A Textual Analysis Based on
Analyst Reports
Yufan Chang (Northwestern Polytechnical University)
3. Analysts’Forecasting Models and Uncertainty About the Past
Tzachi Zach (Ohio State University)P
Min Park (University of Kansas)
FA RF 05 room 304A
. . . . . . . . . . . . . . . . . . . . . . . . . chaired by: Mengdi Zhang (Hong Kong Polytechnic University)
1. How does information content in firms reports affect information asymmetry?
ChristopherVon Koch (Linnaeus University)P
Micael Jönsson (Lund University)
Ola Nilsson (Linneaus University)
Tova Gunnarsson (Linnaeus University)
Annie Hallengren (Linnaeus University)
2. Doing Good or Mitigating Bad? How Sustainable Fund Disclosure Frames Influence Retail Investors
Joseph Johnson (University of South Carolina)
3. Let’s talk ESG—The extent and form of ESG disclosures in conference calls
Jordi Louis Geuken (Ruhr University Bochum)P
Jonas Ewertz (Ruhr University Bochum)
Matthias Nienaber (Ruhr University Bochum)
4. Economic Policy Uncertainty and Profitability of Healthcare Institutions: Evidence from General Hospitals in
Korea
Kwang Hwa Jeong (Kangwon National University)P
Hongmin Chun (SungshinWomen’s University)
5. Cutting the Long Story Short: Activist Short Sellers and the Detection of Financial Misconduct
Apostolos Ballas (Athens University of Economics and Business)
Demetrios Zacharakis (Athens University of Economics and Business)P
38","[Category]:Financial Reporting;[Name]:The Impact of Climate Change on the Performance of Agricultural Companies Worldwide;[Author_1]:Francisca Pardo;[Uni_1]:University of Valencia;[Author_2]:Karen Serrano;[Uni_2]:Universidad Metropolitana;[Author_3]:Ana Ibáñez;[Uni_3]:University of Valencia;[Author_4]:José Farinós;[Uni_4]:University of Valencia  
[Category]:Financial Reporting;[Name]:Lost (and Found) in Translation: Using Operational Efficiency to Explain the Predictiveness of Accumulated Foreign Currency Translation Adjustments;[Author_1]:Sarah Noor;[Uni_1]:Indiana University, Kelley School of Business;[Author_2]:Sam Tiras;[Uni_2]:Indiana University, Kelley School of Business;[Author_3]:Fabio Moraes Da Costa;[Uni_3]:University of Iowa  
[Category]:Financial Analysis;[Name]:The effect of ASC 606 on management forecasts: a lesson for principles-based accounting standard;[Author_1]:Kyungran Lee;[Uni_1]:Neoma Business School;[Author_2]:Yue Chen;[Uni_2]:Chinese University of Hong Kong;[Author_3]:Michael Kimbrough;[Uni_3]:University of Maryland;[Author_4]:Shinwoo Lee;[Uni_4]:Hong Kong Baptist University  
[Category]:Financial Analysis;[Name]:Does Analysts’ Forward-looking Information Affect Stock Price Synchronicity? A Textual Analysis Based on Analyst Reports;[Author_1]:Yufan Chang;[Uni_1]:Northwestern Polytechnical University  
[Category]:Financial Analysis;[Name]:Analysts’ Forecasting Models and Uncertainty About the Past;[Author_1]:Tzachi Zach;[Uni_1]:Ohio State University;[Author_2]:Min Park;[Uni_2]:University of Kansas  
[Category]:Financial Analysis;[Name]:How does information content in firms reports affect information asymmetry?;[Author_1]:Christopher Von Koch;[Uni_1]:Linnaeus University;[Author_2]:Micael Jönsson;[Uni_2]:Lund University;[Author_3]:Ola Nilsson;[Uni_3]:Linneaus University;[Author_4]:Tova Gunnarsson;[Uni_4]:Linnaeus University;[Author_5]:Annie Hallengren;[Uni_5]:Linnaeus University  
[Category]:Social and Environmental Accounting & Ethical Issues in Accounting;[Name]:Doing Good or Mitigating Bad? How Sustainable Fund Disclosure Frames Influence Retail Investors;[Author_1]:Joseph Johnson;[Uni_1]:University of South Carolina  
[Category]:Social and Environmental Accounting & Ethical Issues in Accounting;[Name]:Let’s talk ESG—The extent and form of ESG disclosures in conference calls;[Author_1]:Jordi Louis Geuken;[Uni_1]:Ruhr University Bochum;[Author_2]:Jonas Ewertz;[Uni_2]:Ruhr University Bochum;[Author_3]:Matthias Nienaber;[Uni_3]:Ruhr University Bochum  
[Category]:Accounting and Governance;[Name]:Economic Policy Uncertainty and Profitability of Healthcare Institutions: Evidence from General Hospitals in Korea;[Author_1]:Kwang Hwa Jeong;[Uni_1]:Kangwon National University;[Author_2]:Hongmin Chun;[Uni_2]:Sungshin Women’s University  
[Category]:Accounting and Governance;[Name]:Cutting the Long Story Short: Activist Short Sellers and the Detection of Financial Misconduct;[Author_1]:Apostolos Ballas;[Uni_1]:Athens University of Economics and Business;[Author_2]:Demetrios Zacharakis;[Uni_2]:Athens University of Economics and Business"
38,38.0,"FA RF 06 room 402
. . . . . . . . . . . . . . . . . . . . chaired by: Frederik Pietig (EBS Universität fürWirtschaft und Recht)
1. Does Climate Change Awareness Influence Conditional Conservatism? Evidence from the U.S.
Lei Zhang (Xi’an Jiaotong-Liverpool University)P
Kiridaran Kanagaretnam (York University,Schulich School of Business)
2. Understand firm-level social exposure
Mingyang Liu (Frankfurt School of Finance & Management)
3. Do Investors Understand Firms’ Market Risk Disclosures? The Effect of Risk Format and Uncertainty on
Investment Willingness
Alessandro Cortese (University of Bern)
4. The informativeness of accounting policy changes: European Evidence
Georgia Siougle (Athens University of Economics and Business)
Olga Chara Pavlopoulou (Athens University of Economics and Business)P
5. Determinants of hedge accounting policy choice: IAS 39 versus IFRS 9
Ana Morais (University of Lisbon, ISEG)P
Ines Pinto (University of Lisbon, ISEG)
Daniela Penela (Academia Militar - Centro de Investigação)
Thursday,May 29, 14:00–15:30
FA PSD 02 room 308
. . . . . . . . . . . . . . chaired by: Apostolos Ballas (Athens University of Economics and Business)
1. Broker-Hosted Credit Conferences
Derrald Stice (University of Hong Kong)P
Zhongwen Fan (City University of Hong Kong)
Xiao Zhang (University of Hong Kong)
ChristopherWilliams (University of Michigan)
Discussant: Marco Errico (Tilburg University)
2. Conflict of Interests and Informed Trading in Universal Banks
Rainer Haselmann (Goethe University)
Christian Leuz (University of Chicago)P
Sebastian Schreiber (Goethe University)
Discussant: Jan Riepe (Paderborn University)
FA PS 10 room 209
. . . . . . . . . . . . . . . . . . chaired by: Julian Chamizo-Gonzalez (Universidad Autónoma de Madrid)
1. The Asymmetric Relation between DuPont Components and Future Performance
Benjamin Noordermeer (Maastricht University)
2. The Information Content of Operational Efficiency
Jonathan Berkovitch (Luiss Guido Carli)P
Mary Barth (Stanford University)
Doron Israeli (Reichman University / Nazarbayev University)
3. Risky Business: The Risk-Relevance of Earnings over Time
Dimitris Kanelis (Maastricht University)P
PatrickVorst (Maastricht University)
FA RF 07 room 307A
. . . . . . . . . . . . . . . . . . . . . . . . . . . . . . . . . . . chaired by: Alessandro Cortese (University of Bern)
1. The informativeness of annual earnings forecasts and analyst reports of different horizons
Nikolaos Floropoulos (Carlos III University of Madrid)
2. The Influence of Accruals Management Practices on AI Generated Credit Scores
Joanne Horton (University ofWarwick)
Fani Kalogirou (Universidade Católica Portuguesa)
Mari Paananen (University of Gothenburg)P
39","[Category]:Financial Analysis;[Name]:Does Climate Change Awareness Influence Conditional Conservatism? Evidence from the U.S.;[Author_1]:Lei Zhang;[Uni_1]:Xi’an Jiaotong-Liverpool University;[Author_2]:Kiridaran Kanagaretnam;[Uni_2]:York University,Schulich School of Business  
[Category]:Financial Analysis;[Name]:Understand firm-level social exposure;[Author_1]:Mingyang Liu;[Uni_1]:Frankfurt School of Finance & Management  
[Category]:Financial Analysis;[Name]:Do Investors Understand Firms’ Market Risk Disclosures? The Effect of Risk Format and Uncertainty on Investment Willingness;[Author_1]:Alessandro Cortese;[Uni_1]:University of Bern  
[Category]:Financial Analysis;[Name]:The informativeness of accounting policy changes: European Evidence;[Author_1]:Georgia Siougle;[Uni_1]:Athens University of Economics and Business;[Author_2]:Olga Chara Pavlopoulou;[Uni_2]:Athens University of Economics and Business  
[Category]:Financial Analysis;[Name]:Determinants of hedge accounting policy choice: IAS 39 versus IFRS 9;[Author_1]:Ana Morais;[Uni_1]:University of Lisbon, ISEG;[Author_2]:Ines Pinto;[Uni_2]:University of Lisbon, ISEG;[Author_3]:Daniela Penela;[Uni_3]:Academia Militar - Centro de Investigação  
[Category]:Financial Analysis;[Name]:Broker-Hosted Credit Conferences;[Author_1]:Derrald Stice;[Uni_1]:University of Hong Kong;[Author_2]:Zhongwen Fan;[Uni_2]:City University of Hong Kong;[Author_3]:Xiao Zhang;[Uni_3]:University of Hong Kong;[Author_4]:Christopher Williams;[Uni_4]:University of Michigan  
[Category]:Financial Analysis;[Name]:Conflict of Interests and Informed Trading in Universal Banks;[Author_1]:Rainer Haselmann;[Uni_1]:Goethe University;[Author_2]:Christian Leuz;[Uni_2]:University of Chicago;[Author_3]:Sebastian Schreiber;[Uni_3]:Goethe University  
[Category]:Financial Analysis;[Name]:The Asymmetric Relation between DuPont Components and Future Performance;[Author_1]:Benjamin Noordermeer;[Uni_1]:Maastricht University  
[Category]:Financial Analysis;[Name]:The Information Content of Operational Efficiency;[Author_1]:Jonathan Berkovitch;[Uni_1]:Luiss Guido Carli;[Author_2]:Mary Barth;[Uni_2]:Stanford University;[Author_3]:Doron Israeli;[Uni_3]:Reichman University / Nazarbayev University  
[Category]:Financial Analysis;[Name]:Risky Business: The Risk-Relevance of Earnings over Time;[Author_1]:Dimitris Kanelis;[Uni_1]:Maastricht University;[Author_2]:Patrick Vorst;[Uni_2]:Maastricht University  
[Category]:Financial Analysis;[Name]:The informativeness of annual earnings forecasts and analyst reports of different horizons;[Author_1]:Nikolaos Floropoulos;[Uni_1]:Carlos III University of Madrid  
[Category]:Financial Analysis;[Name]:The Influence of Accruals Management Practices on AI Generated Credit Scores;[Author_1]:Joanne Horton;[Uni_1]:University of Warwick;[Author_2]:Fani Kalogirou;[Uni_2]:Universidade Católica Portuguesa;[Author_3]:Mari Paananen;[Uni_3]:University of Gothenburg"
39,39.0,"3. Financial returns from R&D investments: The moderating role of innovation efficiency
Oveis Madadian (IÉSEG School of Management)P
MaudVan Den Broeke (IÉSEG School of Management)
4. Political Scrutiny and Environmental Misconduct
Kathyayini Madduri (London School of Economics and Political Science)P
Maria Correia (London School of Economics and Political Science)
Aneesh Raghunandan (London School of Economics and Political Science)
5. Bridging the Innovation Gap: A Holistic Rating Framework to Enhance Market Efficiency
Vanessa Orlando (University of St. Gallen)P
Thomas Berndt (University of St. Gallen)
Thursday,May 29, 16:00–17:30
FA PSD 03 room 404
. . . . . . . . . . . . . . . . . . . . . . . . . . . . . . . . . . . . . . . . . . chaired by: Lucia Pierini (Luiss Guido Carli)
1. Non-Fundamental Loan Renegotiations
Aj Chen (University British Columbia)
Matthew Phillips (Massachusetts Institute of Technology)
ReginaWittenberg Moerman (Northwestern University,Kellogg School of Management)P
TiangeYe (University of Southern California)
Discussant: Sara Longo (Free University of Bozen-Bolzano)
2. Lender-borrower Interactions and Loan Contracting
Xiangyu Li (University of Southern California)
Xinlei Li (University of California-Davis)P
Allen Huang (Hong Kong University of Science and Technology)
Discussant: Isabella Brancaccio (Bocconi University)
FA PS 11 room 209
. . . . . . . . . . . . . . . . . . . . . . . . . . . . . . . . . chaired by: Arshad Hasan (Lahore School of Economics)
1. Assessing the Impact of Cryptocurrency Analysts on Market Dynamics: Insights from Analyst Reports
Janja Brendel (Chinese University of Hong Kong)
2. When It Makes Sense: Text Cohesion of Analyst Reports
Zhaoyang Gu (Chinese University of Hong Kong)P
Jian Xue (Tsinghua University)
Qian Zhang (Tsinghua University)
3. Short-sighted Equity Analysis: Evidence from Analyst Reports
Minkang Lu (Zhongnan University of Economics and Law)
Hongping Tan (McGill University)P
PengWang (McGill University)
ChangqiuYu (University of Manitoba)
FA PS 12 room 309
. . . . . . . . . . . . . . . . . . . . . . . . . . . . chaired by: Jason Chen (Central Connecticut State University)
1. Ho do Bonds React to Risk Information in Earnings Announcements?
Martin Kapons (INSEAD)P
Peter Kelly (University of Notre Dame)
2. Loan guarantee and portfolio greening: evidence from European credit registers
Bruno Buchetti (University of Padua)P
Salvatore Perdichizzi (Università di Padova)
Ixart Miquel-Flores (European Central Bank)
Alessio Reghezza (European Central Bank)
Luca Lin (State University of NewYork)
40","[Category]:Financial Reporting;[Name]:3. Financial returns from R&D investments: The moderating role of innovation efficiency;[Author_1]:Oveis Madadian;[Uni_1]:IÉSEG School of Management;[Author_2]:MaudVan Den Broeke;[Uni_2]:IÉSEG School of Management  
[Category]:Social and Environmental Accounting & Ethical Issues in Accounting;[Name]:4. Political Scrutiny and Environmental Misconduct;[Author_1]:Kathyayini Madduri;[Uni_1]:London School of Economics and Political Science;[Author_2]:Maria Correia;[Uni_2]:London School of Economics and Political Science;[Author_3]:Aneesh Raghunandan;[Uni_3]:London School of Economics and Political Science  
[Category]:Financial Analysis;[Name]:5. Bridging the Innovation Gap: A Holistic Rating Framework to Enhance Market Efficiency;[Author_1]:Vanessa Orlando;[Uni_1]:University of St. Gallen;[Author_2]:Thomas Berndt;[Uni_2]:University of St. Gallen  
[Category]:Financial Analysis;[Name]:1. Non-Fundamental Loan Renegotiations;[Author_1]:Aj Chen;[Uni_1]:University British Columbia;[Author_2]:Matthew Phillips;[Uni_2]:Massachusetts Institute of Technology;[Author_3]:ReginaWittenberg Moerman;[Uni_3]:Northwestern University,Kellogg School of Management;[Author_4]:TiangeYe;[Uni_4]:University of Southern California  
[Category]:Financial Analysis;[Name]:2. Lender-borrower Interactions and Loan Contracting;[Author_1]:Xiangyu Li;[Uni_1]:University of Southern California;[Author_2]:Xinlei Li;[Uni_2]:University of California-Davis;[Author_3]:Allen Huang;[Uni_3]:Hong Kong University of Science and Technology  
[Category]:Financial Analysis;[Name]:1. Assessing the Impact of Cryptocurrency Analysts on Market Dynamics: Insights from Analyst Reports;[Author_1]:Janja Brendel;[Uni_1]:Chinese University of Hong Kong  
[Category]:Financial Analysis;[Name]:2. When It Makes Sense: Text Cohesion of Analyst Reports;[Author_1]:Zhaoyang Gu;[Uni_1]:Chinese University of Hong Kong;[Author_2]:Jian Xue;[Uni_2]:Tsinghua University;[Author_3]:Qian Zhang;[Uni_3]:Tsinghua University  
[Category]:Financial Analysis;[Name]:3. Short-sighted Equity Analysis: Evidence from Analyst Reports;[Author_1]:Minkang Lu;[Uni_1]:Zhongnan University of Economics and Law;[Author_2]:Hongping Tan;[Uni_2]:McGill University;[Author_3]:PengWang;[Uni_3]:McGill University;[Author_4]:ChangqiuYu;[Uni_4]:University of Manitoba  
[Category]:Financial Analysis;[Name]:1. Ho do Bonds React to Risk Information in Earnings Announcements?;[Author_1]:Martin Kapons;[Uni_1]:INSEAD;[Author_2]:Peter Kelly;[Uni_2]:University of Notre Dame  
[Category]:Financial Analysis;[Name]:2. Loan guarantee and portfolio greening: evidence from European credit registers;[Author_1]:Bruno Buchetti;[Uni_1]:University of Padua;[Author_2]:Salvatore Perdichizzi;[Uni_2]:Università di Padova;[Author_3]:Ixart Miquel-Flores;[Uni_3]:European Central Bank;[Author_4]:Alessio Reghezza;[Uni_4]:European Central Bank;[Author_5]:Luca Lin;[Uni_5]:State University of NewYork"
40,40.0,"3. The Impact of Information Exchange Technology on Syndicated Lending
Xingyu Huang (Bocconi University)
FA RF 08 room 304A
. . . . . . . . . . . . . . . . . . . . . . . . . . . . . . . . . . . . . . . chaired by: Atul Rai (Wichita State University)
1. Sea Level Rise Risk and the Cost of Equity Capital
Chris Florakis (University of Liverpool)
YujiaWang (University of Liverpool)P
Yang Zhao (University of Liverpool)
2. The Effect of Disclosure and Information Asymmetries on the Relationship Between Carbon Performance and
Debt Maturity
Adrian Ferreras (Universidad de León)
Maria T. Tascon (Universidad de Leon)P
Paula Castro (Universidad de León)
3. Investigating Abnormal Investment Patterns: The Role of Agency Costs and Financing Constraints within UK
SMEs
Mohammad Mousavi (Bradford University)P
Saeed Akbar (University of Bradford)
Sundas Naeem (University of Bradford)
Jing Li (University of Bradford)
4. Driving Financial Performance through ESG Excellence
Marie-Anne Lorain (Complutense University of Madrid)P
Elena Urquia (Complutense University of Madrid)
Francisco José Alcaraz Quiles (Universidad de Malaga)
IgnacioVelasco (Universidad Complutense de Madrid)
5. Digital Sustainability Reporting and ESG Risk Assessment
Duc Hung Tran (Aachen University of Applied Sciences)
Friday,May 30,09:00–10:30
FA PS 13 room 104
. . . . . . . . . . . . . . . . . . . . . . . . . . . . . . . . . . . . . . . . . . chaired by: Terry Harris (Durham University)
1. Mandatory ESG Disclosure and Debt Concentration
Fengqin Chen (Hong Kong Polytechnic University)
Yuan Huang (Hong Kong Polytechnic University)
Walid Saffar (Hong Kong Polytechnic University)P
2. When Speed Trumps Sustainability: Environmental Disclosure Frequency and Environmental Investment
Myopia
Sheryl Zhang (ESSEC Business School)
3. Equity Returns, CDS Prices, and Sustainability
Andreas Barth (University ofWürzburg)P
Christian Schlag (Goethe University)
FA PS 14 room 210
. . . . . . . . . . . . . . . . . . . . . . . . . . . . . . . . . . . . . . . . chaired by: Mercy Denedo (Durham University)
1. How do stock market participants use Generative AI?Evidence from user-platform interaction data
Yilan Li (ESSEC Business School)P
FanWu (Chinese University of Hong Kong)
Frank Ecker (Frankfurt School of Finance & Management)
Xitong Li (HEC Paris)
2. Retail Investors’ Chatter, Interaction and Earnings Announcement Returns
Johannes Gaul (University of Mannheim,ZEW)
Pascal Schrader (University of Mannheim)P
41","[Category]:Financial Reporting;[Name]:The Impact of Information Exchange Technology on Syndicated Lending;[Author_1]:Xingyu Huang;[Uni_1]:Bocconi University  
[Category]:Financial Analysis;[Name]:Sea Level Rise Risk and the Cost of Equity Capital;[Author_1]:Chris Florakis;[Uni_1]:University of Liverpool;[Author_2]:YujiaWang;[Uni_2]:University of Liverpool;[Author_3]:Yang Zhao;[Uni_3]:University of Liverpool  
[Category]:Financial Analysis;[Name]:The Effect of Disclosure and Information Asymmetries on the Relationship Between Carbon Performance and Debt Maturity;[Author_1]:Adrian Ferreras;[Uni_1]:Universidad de León;[Author_2]:Maria T. Tascon;[Uni_2]:Universidad de Leon;[Author_3]:Paula Castro;[Uni_3]:Universidad de León  
[Category]:Management Accounting;[Name]:Investigating Abnormal Investment Patterns: The Role of Agency Costs and Financing Constraints within UK SMEs;[Author_1]:Mohammad Mousavi;[Uni_1]:Bradford University;[Author_2]:Saeed Akbar;[Uni_2]:University of Bradford;[Author_3]:Sundas Naeem;[Uni_3]:University of Bradford;[Author_4]:Jing Li;[Uni_4]:University of Bradford  
[Category]:Social and Environmental Accounting & Ethical Issues in Accounting;[Name]:Driving Financial Performance through ESG Excellence;[Author_1]:Marie-Anne Lorain;[Uni_1]:Complutense University of Madrid;[Author_2]:Elena Urquia;[Uni_2]:Complutense University of Madrid;[Author_3]:Francisco José Alcaraz Quiles;[Uni_3]:Universidad de Malaga;[Author_4]:IgnacioVelasco;[Uni_4]:Universidad Complutense de Madrid  
[Category]:Social and Environmental Accounting & Ethical Issues in Accounting;[Name]:Digital Sustainability Reporting and ESG Risk Assessment;[Author_1]:Duc Hung Tran;[Uni_1]:Aachen University of Applied Sciences  
[Category]:Financial Analysis;[Name]:Mandatory ESG Disclosure and Debt Concentration;[Author_1]:Fengqin Chen;[Uni_1]:Hong Kong Polytechnic University;[Author_2]:Yuan Huang;[Uni_2]:Hong Kong Polytechnic University;[Author_3]:Walid Saffar;[Uni_3]:Hong Kong Polytechnic University  
[Category]:Social and Environmental Accounting & Ethical Issues in Accounting;[Name]:When Speed Trumps Sustainability: Environmental Disclosure Frequency and Environmental Investment Myopia;[Author_1]:Sheryl Zhang;[Uni_1]:ESSEC Business School  
[Category]:Financial Analysis;[Name]:Equity Returns, CDS Prices, and Sustainability;[Author_1]:Andreas Barth;[Uni_1]:University of Würzburg;[Author_2]:Christian Schlag;[Uni_2]:Goethe University  
[Category]:Accounting and Information Systems;[Name]:How do stock market participants use Generative AI? Evidence from user-platform interaction data;[Author_1]:Yilan Li;[Uni_1]:ESSEC Business School;[Author_2]:FanWu;[Uni_2]:Chinese University of Hong Kong;[Author_3]:Frank Ecker;[Uni_3]:Frankfurt School of Finance & Management;[Author_4]:Xitong Li;[Uni_4]:HEC Paris  
[Category]:Financial Analysis;[Name]:Retail Investors’ Chatter, Interaction and Earnings Announcement Returns;[Author_1]:Johannes Gaul;[Uni_1]:University of Mannheim,ZEW;[Author_2]:Pascal Schrader;[Uni_2]:University of Mannheim"
41,41.0,"3. Algorithm Access for All: Information Processing Democratization via GitHub
Stephanie Cheng (Tulane University)
Richard Crowley (Singapore Management University)P
Pengkai Lin (Singapore Management University)
Yuan Zhao (Singapore Management University)
FA RF 09 room 304A
. . . . . . . . . . . . . . . . . . . . . . . . . . . . . . . . . . . . . . . . . . . chaired by: Keno Buß (Goethe University)
1. Leverage and Operating Risk in Asset Pricing: An Accounting Perspective
Xuanheng Huang (Bocconi University)P
Peter Pope (London School of Economics and Political Science)
2. Information Access and Capital Structure: Evidence from Social Media Activity
Niccolò Marcarini (Università Cattolica del Sacro Cuore)P
Giulia Redigolo (ESADE)
3. Analyst Coverage and the Quality of R&D Spending: Evidence from China
Mark Anderson (University of Calgary)
Jiyuan Li (Xi’an Jiaotong University)P
FangjunWang (Xi’an Jiaotong University)
Junqin Sun (Xi’an Jiaotong University)
4. Has the FINRA Rule 2242 been successful in enhancing the quality of debt reports issued by sell-side analysts?
Zacharias Petrou (University of Liverpool)P
Andreas Charitou (University of Cyprus)
Irene Karamanou (University of Cyprus)
FA RF 10 room 305A
. . . . . . . . . . . . . . . . . . . . . . . . . . . . . . . . chaired by: Sarah Nechbaoui (University of Edinburgh)
1. The Informativeness of Accounting Ratios for Bankruptcy Prediction Through the Economic Cycle
Anne D’Arcy (WUVienna)P
Jelena Radovanovic (WUVienna)
2. Markov Chains in Cash Flow Sign Patterns: Transitions and Predictive Ability
Hiroki Hisaoka (Keio University)P
Yasuhiro Ohta (Keio University)
YiuwaiWong (Musashi University)
3. Don’t you know? They are talking about a revaluation—Market reactions to gains or losses on investment
property and earnings call sentiment
Thomas Kaspereit (University of Luxembourg)
4. Strategically Small Firms and the Real Effects of Public Grants in a Crisis
Ozan Guler (CUNEF)P
Mircea Epure (Pompeu Fabra University / Barcelona School of Economics)
Amedeo Pugliese (University of Padova)
Friday,May 30,11:00–12:30
FA PSD 04 room 308
. . . . . . . . . . . . . . . . . . . . . . . . . . . . . . . . . . . chaired by: Jonathan Berkovitch (Luiss Guido Carli)
1. Gender Differences in Sell-Side Analysts’ Social Interactions
Guangyu Li (City University of London,Bayes Business School)P
Crawford Spence (King’s College London)
Zhong Chen (King’s College London)
Discussant: Andreea Moraru-Arfire (ESSEC Business School)
2. Fictional Experiments in Patent Disclosures
Lu Tong (Southwestern University of Finance and Economics)P
Yue Zhang (Baruch College - CUNY)
42","[Category]:Financial Reporting;[Name]:Algorithm Access for All: Information Processing Democratization via GitHub;[Author_1]:Stephanie Cheng;[Uni_1]:Tulane University;[Author_2]:Richard Crowley;[Uni_2]:Singapore Management University;[Author_3]:Pengkai Lin;[Uni_3]:Singapore Management University;[Author_4]:Yuan Zhao;[Uni_4]:Singapore Management University  
[Category]:Financial Reporting;[Name]:Leverage and Operating Risk in Asset Pricing: An Accounting Perspective;[Author_1]:Xuanheng Huang;[Uni_1]:Bocconi University;[Author_2]:Peter Pope;[Uni_2]:London School of Economics and Political Science  
[Category]:Financial Reporting;[Name]:Information Access and Capital Structure: Evidence from Social Media Activity;[Author_1]:Niccolò Marcarini;[Uni_1]:Università Cattolica del Sacro Cuore;[Author_2]:Giulia Redigolo;[Uni_2]:ESADE  
[Category]:Financial Reporting;[Name]:Analyst Coverage and the Quality of R&D Spending: Evidence from China;[Author_1]:Mark Anderson;[Uni_1]:University of Calgary;[Author_2]:Jiyuan Li;[Uni_2]:Xi’an Jiaotong University;[Author_3]:Fangjun Wang;[Uni_3]:Xi’an Jiaotong University;[Author_4]:Junqin Sun;[Uni_4]:Xi’an Jiaotong University  
[Category]:Financial Reporting;[Name]:Has the FINRA Rule 2242 been successful in enhancing the quality of debt reports issued by sell-side analysts?;[Author_1]:Zacharias Petrou;[Uni_1]:University of Liverpool;[Author_2]:Andreas Charitou;[Uni_2]:University of Cyprus;[Author_3]:Irene Karamanou;[Uni_3]:University of Cyprus  
[Category]:Financial Reporting;[Name]:The Informativeness of Accounting Ratios for Bankruptcy Prediction Through the Economic Cycle;[Author_1]:Anne D’Arcy;[Uni_1]:WUVienna;[Author_2]:Jelena Radovanovic;[Uni_2]:WUVienna  
[Category]:Financial Reporting;[Name]:Markov Chains in Cash Flow Sign Patterns: Transitions and Predictive Ability;[Author_1]:Hiroki Hisaoka;[Uni_1]:Keio University;[Author_2]:Yasuhiro Ohta;[Uni_2]:Keio University;[Author_3]:Yiuwai Wong;[Uni_3]:Musashi University  
[Category]:Financial Reporting;[Name]:Don’t you know? They are talking about a revaluation—Market reactions to gains or losses on investment property and earnings call sentiment;[Author_1]:Thomas Kaspereit;[Uni_1]:University of Luxembourg  
[Category]:Financial Reporting;[Name]:Strategically Small Firms and the Real Effects of Public Grants in a Crisis;[Author_1]:Ozan Guler;[Uni_1]:CUNEF;[Author_2]:Mircea Epure;[Uni_2]:Pompeu Fabra University / Barcelona School of Economics;[Author_3]:Amedeo Pugliese;[Uni_3]:University of Padova  
[Category]:Financial Reporting;[Name]:Gender Differences in Sell-Side Analysts’ Social Interactions;[Author_1]:Guangyu Li;[Uni_1]:City University of London,Bayes Business School;[Author_2]:Crawford Spence;[Uni_2]:King’s College London;[Author_3]:Zhong Chen;[Uni_3]:King’s College London  
[Category]:Financial Reporting;[Name]:Fictional Experiments in Patent Disclosures;[Author_1]:Lu Tong;[Uni_1]:Southwestern University of Finance and Economics;[Author_2]:Yue Zhang;[Uni_2]:Baruch College - CUNY"
42,42.0,"Jihwon Park (Baruch College - CUNY)
Discussant: PatrickVorst (Maastricht University)
FA PS 15 room 104
. . . . . . . . . . . . . . . . . . . . . . . . . . . . . . . . . . . . . . chaired by: Simona Fiandrino (University of Turin)
1. Manager Sentiment and Merger Activities
Daniel Gyung Paik (University of Richmond)
Brandon Lee (Indiana University Northwest)
Bo Meng (Sacred Heart University)P
Nhat Nguyen (Colorado State University)
2. The role of boutique advisers in fairness opinions: Evidence from tender offers
Olga Ihl-Deviv’e (Open University in Heerlen)P
Annelies Renders (BI Norwegian Business School)
3. Do Managers Buy Profitability Through Acquisitions for Job Security?
Ashiq Ali (University of Texas at Dallas)P
Todd Kravet (University of Connecticut)
Bin Li (Vanderbilt University)
FA PS 16 room 203
. . . . . . . . . . . . . . . . . . . . . . . chaired by: Rusha Nandy (NHH - Norwegian School of Economics)
1. Prevention Is Better Than Cure: Forecasting Future Misreporting
Dhanya Krishna Kumar (University ofWarwick)
Joanne Horton (University ofWarwick)P
Facundo Mercado (University ofWarwick)
2. What’s in a Number? Voluntary Quantification of Risk Factor Disclosures and Investors’Perceptions of Risk,
Management Credibility, and Disclosure Usefulne
Alexis Kunz (University of Bern)P
Alessandro Cortese (University of Bern)
3. The impact of mandatory disclosure on SEC financial statement review outcomes
Cristi Gleason (University of Iowa)P
Martin Thomsen (University of Siegen)
FA RF 11 room 302
. . . . . . . . . . . . . . . . . . . . . . . . . . . . . . . . . . . . . . . . chaired by: Yuhan Liu (University of Mannheim)
1. Biases in Analysts’ Long-Horizon Forecasted Income Statements, Balance Sheets, and Cash Flow Statements
Brian Burnett (University of North Carolina at Charlotte)
Adam Manlove (University of North Carolina at Charlotte)P
Greg Martin (University of North Carolina at Charlotte)
2. Do YouTube Finfluencers Add Value to Investors?
Tuan Ho (University of Bristol)P
Richard Zeng (University of Bristol)
3. Lease Accounting Standard-Setting Process and Corporate Political Activities in Japan
Yoshinori Shimada (Saitama University)
4. Are Analysts Overly Optimistic Around Earnings Strings?
Vadim Balashov (Rutgers University)P
Zhanel Devides (Penn State Abington)
5. Navigating the Growth Trap: The P/E Implied Earnings Growth Duration
Robert Gutsche (Bern University of Applied Sciences)P
Alexandru Septimiu Rif (affiliation not provided)
Florian Deglmann (affiliation not provided)
FA RF 12 room 402
. . . . . . . . . . . . . . . . . . . . . . . . . . . . . . chaired by: Benjamin Noordermeer (Maastricht University)
43","[Category]:Financial Analysis;[Name]:Manager Sentiment and Merger Activities;[Author_1]:Daniel Gyung Paik;[Uni_1]:University of Richmond;[Author_2]:Brandon Lee;[Uni_2]:Indiana University Northwest;[Author_3]:Bo Meng;[Uni_3]:Sacred Heart University;[Author_4]:Nhat Nguyen;[Uni_4]:Colorado State University  
[Category]:Financial Analysis;[Name]:The role of boutique advisers in fairness opinions: Evidence from tender offers;[Author_1]:Olga Ihl-Deviv’e;[Uni_1]:Open University in Heerlen;[Author_2]:Annelies Renders;[Uni_2]:BI Norwegian Business School  
[Category]:Financial Analysis;[Name]:Do Managers Buy Profitability Through Acquisitions for Job Security?;[Author_1]:Ashiq Ali;[Uni_1]:University of Texas at Dallas;[Author_2]:Todd Kravet;[Uni_2]:University of Connecticut;[Author_3]:Bin Li;[Uni_3]:Vanderbilt University  
[Category]:Financial Analysis;[Name]:Prevention Is Better Than Cure: Forecasting Future Misreporting;[Author_1]:Dhanya Krishna Kumar;[Uni_1]:University of Warwick;[Author_2]:Joanne Horton;[Uni_2]:University of Warwick;[Author_3]:Facundo Mercado;[Uni_3]:University of Warwick  
[Category]:Financial Analysis;[Name]:What’s in a Number? Voluntary Quantification of Risk Factor Disclosures and Investors’ Perceptions of Risk, Management Credibility, and Disclosure Usefulne;[Author_1]:Alexis Kunz;[Uni_1]:University of Bern;[Author_2]:Alessandro Cortese;[Uni_2]:University of Bern  
[Category]:Financial Analysis;[Name]:The impact of mandatory disclosure on SEC financial statement review outcomes;[Author_1]:Cristi Gleason;[Uni_1]:University of Iowa;[Author_2]:Martin Thomsen;[Uni_2]:University of Siegen  
[Category]:Financial Analysis;[Name]:Biases in Analysts’ Long-Horizon Forecasted Income Statements, Balance Sheets, and Cash Flow Statements;[Author_1]:Brian Burnett;[Uni_1]:University of North Carolina at Charlotte;[Author_2]:Adam Manlove;[Uni_2]:University of North Carolina at Charlotte;[Author_3]:Greg Martin;[Uni_3]:University of North Carolina at Charlotte  
[Category]:Financial Analysis;[Name]:Do YouTube Finfluencers Add Value to Investors?;[Author_1]:Tuan Ho;[Uni_1]:University of Bristol;[Author_2]:Richard Zeng;[Uni_2]:University of Bristol  
[Category]:Financial Analysis;[Name]:Lease Accounting Standard-Setting Process and Corporate Political Activities in Japan;[Author_1]:Yoshinori Shimada;[Uni_1]:Saitama University  
[Category]:Financial Analysis;[Name]:Are Analysts Overly Optimistic Around Earnings Strings?;[Author_1]:Vadim Balashov;[Uni_1]:Rutgers University;[Author_2]:Zhanel Devides;[Uni_2]:Penn State Abington  
[Category]:Financial Analysis;[Name]:Navigating the Growth Trap: The P/E Implied Earnings Growth Duration;[Author_1]:Robert Gutsche;[Uni_1]:Bern University of Applied Sciences;[Author_2]:Alexandru Septimiu Rif;[Uni_2]:affiliation not provided;[Author_3]:Florian Deglmann;[Uni_3]:affiliation not provided"
43,43.0,"1. Net-Zero Target Adoption as a Regulatory Shock: Implications for Real Earnings Management
Christofer Adrian (Monash University)P
Mukesh Garg (Monash University)
Janto Haman (Monash University)
Cameron Truong (Monash University)
Zhilin Xue (Deakin University)
2. Understanding the D&I strategy in business groups: empirical evidence from business group affiliates
Junzi Zhang (University of Bristol)P
JunjieWang (East China University of Political Science and Law)
3. Does Media Sentiment on Target Innovation Predict Performance of Technology Mergers and Acquisitions
Yugang Chen (SunYat-Sen University)P
Jihua Lu (SunYat-Sen University)
MingzhuWang (King’s College London)
4. Identifying peer firms based on consumer visits and credit card spending to related brand stores
Tan Do (City University of London, Bayes Business School)
Friday,May 30,14:00–15:30
FA PS 17 room 104
. . . . . . . . . . . . . . . . . . . . . . . . . . . . . . . . . . . . . . . . . . . . . . . . . . . . . . . . . . . . . . . . . . . . . . . . . . . . . . . . . .
1. Subordinated Debt in the Insurance Industry: The Case of Solvency II
Udi Lewkowicz (Tel Aviv University)P
DanWeiss (Tel Aviv University)
2. Once Bitten, Twice Shy: S&L Crisis Experience and Depositor Reactions to Default News
Yang Qiu (Zhejiang University)
FA PS 18 room 209
. . . . . . . . . . . . . . . . . . . . . . . . . . . . . chaired by: Mercedes Luque-Vílchez (University of Córdoba)
1. Partisan Banks and Creditor Coordination within Loan Syndicates
Robert Bushman (University of North Carolina)
SangWoo Sohn (City University of Hong Kong)P
Jianxin Zhao (Emory University)
2. Sweeping It Under the Rug? The Securitisation of Climate Stressed Loans by European Banks
Frederik Pietig (EBS Universität fürWirtschaft und Recht)
3. Do depositors monitor banks using accounting information? Evidence from the EDGAR log file
Isabella Brancaccio (Bocconi University)
FA PS 19 room 210
. . . . . . . . . . . . . . . . . . . . . . . . . . . . . . . . . chaired by: Federica Doni (University of Milano-Bicocca)
1. The Dual Roles of Analysts in Shaping Green Investment Strategies
Ole-Kristian Hope (University of Toronto,Rotman School of Management)
2. Carbon Emissions and Tone Management in Climate-Related Disclosures
Walid Ben Amar (University of Ottawa)
Breeda Comyns (Kedge Business School)
Ziyu Kong (Université Toulouse Capitole)
Isabelle Martinez (Université Toulouse Capitole)P
University Paul Sabatier (University Paul Sabatier)
3. The impact of regulatory guidance and awareness on climate risk pricing in the corporate bond market
Lukas Knierim (University of Göttingen)P
Stefan Dierkes (University of Göttingen)
FA RF 13 room 302
. . . . . . . . . . . . . . . . . . . . . . . . . . . . . . . . . . . chaired by: Javad Rajabalizadeh (University of Turku)
44","[Category]:Financial Reporting;[Name]:Net-Zero Target Adoption as a Regulatory Shock: Implications for Real Earnings Management;[Author_1]:Christofer Adrian;[Uni_1]:Monash University;[Author_2]:Mukesh Garg;[Uni_2]:Monash University;[Author_3]:Janto Haman;[Uni_3]:Monash University;[Author_4]:Cameron Truong;[Uni_4]:Monash University;[Author_5]:Zhilin Xue;[Uni_5]:Deakin University  
[Category]:Social and Environmental Accounting & Ethical Issues in Accounting;[Name]:Understanding the D&I strategy in business groups: empirical evidence from business group affiliates;[Author_1]:Junzi Zhang;[Uni_1]:University of Bristol;[Author_2]:Junjie Wang;[Uni_2]:East China University of Political Science and Law  
[Category]:Financial Analysis;[Name]:Does Media Sentiment on Target Innovation Predict Performance of Technology Mergers and Acquisitions;[Author_1]:Yugang Chen;[Uni_1]:SunYat-Sen University;[Author_2]:Jihua Lu;[Uni_2]:SunYat-Sen University;[Author_3]:Mingzhu Wang;[Uni_3]:King’s College London  
[Category]:Financial Analysis;[Name]:Identifying peer firms based on consumer visits and credit card spending to related brand stores;[Author_1]:Tan Do;[Uni_1]:City University of London, Bayes Business School  
[Category]:Financial Analysis;[Name]:Subordinated Debt in the Insurance Industry: The Case of Solvency II;[Author_1]:Udi Lewkowicz;[Uni_1]:Tel Aviv University;[Author_2]:Dan Weiss;[Uni_2]:Tel Aviv University  
[Category]:Financial Analysis;[Name]:Once Bitten, Twice Shy: S&L Crisis Experience and Depositor Reactions to Default News;[Author_1]:Yang Qiu;[Uni_1]:Zhejiang University  
[Category]:Accounting and Governance;[Name]:Partisan Banks and Creditor Coordination within Loan Syndicates;[Author_1]:Robert Bushman;[Uni_1]:University of North Carolina;[Author_2]:SangWoo Sohn;[Uni_2]:City University of Hong Kong;[Author_3]:Jianxin Zhao;[Uni_3]:Emory University  
[Category]:Accounting and Governance;[Name]:Sweeping It Under the Rug? The Securitisation of Climate Stressed Loans by European Banks;[Author_1]:Frederik Pietig;[Uni_1]:EBS Universität für Wirtschaft und Recht  
[Category]:Accounting and Governance;[Name]:Do depositors monitor banks using accounting information? Evidence from the EDGAR log file;[Author_1]:Isabella Brancaccio;[Uni_1]:Bocconi University  
[Category]:Accounting and Information Systems;[Name]:The Dual Roles of Analysts in Shaping Green Investment Strategies;[Author_1]:Ole-Kristian Hope;[Uni_1]:University of Toronto, Rotman School of Management  
[Category]:Accounting and Information Systems;[Name]:Carbon Emissions and Tone Management in Climate-Related Disclosures;[Author_1]:Walid Ben Amar;[Uni_1]:University of Ottawa;[Author_2]:Breeda Comyns;[Uni_2]:Kedge Business School;[Author_3]:Ziyu Kong;[Uni_3]:Université Toulouse Capitole;[Author_4]:Isabelle Martinez;[Uni_4]:Université Toulouse Capitole;[Author_5]:University Paul Sabatier;[Uni_5]:University Paul Sabatier  
[Category]:Accounting and Information Systems;[Name]:The impact of regulatory guidance and awareness on climate risk pricing in the corporate bond market;[Author_1]:Lukas Knierim;[Uni_1]:University of Göttingen;[Author_2]:Stefan Dierkes;[Uni_2]:University of Göttingen"
44,44.0,"1. The spillover effect of shareholder activism on target-sought fairness opinions
PauloVictor Gomes Novaes (University of Technology Sydney)P
Gabriel Pundrich (University of Florida)
Wagner Moura Lamounier (Federal University of Minas Gerais)
2. CEO-director ties and non-GAAP earnings disclosures
Luisa Unda (Universitat de les Illes Balears)P
Dinithi Ranasinghe (University of Otago)
Syed Shams (University of Southern Queensland)
Hoa Luong (University of Otago)
3. The Deterrence Effect of Tax Whistleblowing Programs on Aggressive Tax Behavior
Linda Thorne (York University)
4. Analyst Strong Views and Market Reactions
Ziqi Tang (University ofWarwick)P
Dan Segal (Reichman University / University ofWarwick)
Joshua Livnat (NewYork University)
ACCOUNTING AND GOVERNANCE
Wednesday,May 28, 15:30–17:00
GV PSD 01 room 308
. . . . . . . . . . . . . . . . . . . . . . . . . . . . . chaired by: SueWright (University of Technology Sydney)
1. The Real Effects of CEO Depression: Evidence from Corporate Investment Behavior
Brian Miller (Indiana University)
Discussant: Ashlyn Perkins (London Business School)
2. Family First: The Effect of CEO Children on Financial Misreporting
Markus Andreas Frank (Munich University of Technology)P
Peter Schaefer (Technical University of Munich)
GV PS 01 room 303
. . . . . . . . . . . . . . . . . . . . . . . . . . . . . . . . chaired by: Chiara De Amicis (SKEMA Business School)
1. Beyond Gender: The Impact of Board Diversity on Corporate Social Responsibility—A Systematic Review and
Research Agenda
Jan Apel (Leuphana University)P
PatrickVelte (Leuphana University)
2. The Impact of Board Culture on Firm Value
JasmijnVandenberk (KU Leuven)P
Ann Gaeremynck (KU Leuven)
StevenVanhaverbeke (Catholic University of Leuven)
3. Rebuilding trust: board actions and their effectiveness in the wake of corporate social irresponsibility
Rebecca Bachmann (Macquarie University)P
Helen Spiropoulos (University of Technology Sydney)
Lucy Zhao (University of Technology Sydney)
GV RF 01 room 302
. . . . . . . . . . . . . . . . . . . . . . . . . . . . . . . . . . . . . . . . . . . . . . chaired by: EnshuaiYu (Boston College)
1. AI in Audit Committees: A Multi-Dimensional Governance Framework
Patrick Zbinden (University of St. Gallen)P
Thomas Berndt (University of St. Gallen)
Michele Sutter-Rüdisser (affiliation not provided)
2. Corporate Governance and Business Innovation: The Role of the Board and Ownership Structure in Spanish
Listed Firms
David Toscano Pardo (University of Huelva)P
45","[Category]:Financial Reporting;[Name]:The spillover effect of shareholder activism on target-sought fairness opinions;[Author_1]:PauloVictor Gomes Novaes;[Uni_1]:University of Technology Sydney;[Author_2]:Gabriel Pundrich;[Uni_2]:University of Florida;[Author_3]:Wagner Moura Lamounier;[Uni_3]:Federal University of Minas Gerais  
[Category]:Financial Reporting;[Name]:CEO-director ties and non-GAAP earnings disclosures;[Author_1]:Luisa Unda;[Uni_1]:Universitat de les Illes Balears;[Author_2]:Dinithi Ranasinghe;[Uni_2]:University of Otago;[Author_3]:Syed Shams;[Uni_3]:University of Southern Queensland;[Author_4]:Hoa Luong;[Uni_4]:University of Otago  
[Category]:Taxation;[Name]:The Deterrence Effect of Tax Whistleblowing Programs on Aggressive Tax Behavior;[Author_1]:Linda Thorne;[Uni_1]:York University  
[Category]:Financial Analysis;[Name]:Analyst Strong Views and Market Reactions;[Author_1]:Ziqi Tang;[Uni_1]:University of Warwick;[Author_2]:Dan Segal;[Uni_2]:Reichman University / University of Warwick;[Author_3]:Joshua Livnat;[Uni_3]:New York University  
[Category]:Accounting and Governance;[Name]:The Real Effects of CEO Depression: Evidence from Corporate Investment Behavior;[Author_1]:Brian Miller;[Uni_1]:Indiana University  
[Category]:Accounting and Governance;[Name]:Family First: The Effect of CEO Children on Financial Misreporting;[Author_1]:Markus Andreas Frank;[Uni_1]:Munich University of Technology;[Author_2]:Peter Schaefer;[Uni_2]:Technical University of Munich  
[Category]:Accounting and Governance;[Name]:Beyond Gender: The Impact of Board Diversity on Corporate Social Responsibility—A Systematic Review and Research Agenda;[Author_1]:Jan Apel;[Uni_1]:Leuphana University;[Author_2]:Patrick Velte;[Uni_2]:Leuphana University  
[Category]:Accounting and Governance;[Name]:The Impact of Board Culture on Firm Value;[Author_1]:Jasmijn Vandenberk;[Uni_1]:KU Leuven;[Author_2]:Ann Gaeremynck;[Uni_2]:KU Leuven;[Author_3]:Steven Vanhaverbeke;[Uni_3]:Catholic University of Leuven  
[Category]:Accounting and Governance;[Name]:Rebuilding trust: board actions and their effectiveness in the wake of corporate social irresponsibility;[Author_1]:Rebecca Bachmann;[Uni_1]:Macquarie University;[Author_2]:Helen Spiropoulos;[Uni_2]:University of Technology Sydney;[Author_3]:Lucy Zhao;[Uni_3]:University of Technology Sydney  
[Category]:Accounting and Governance;[Name]:AI in Audit Committees: A Multi-Dimensional Governance Framework;[Author_1]:Patrick Zbinden;[Uni_1]:University of St. Gallen;[Author_2]:Thomas Berndt;[Uni_2]:University of St. Gallen;[Author_3]:Michele Sutter-Rüdisser;[Uni_3]:  
[Category]:Accounting and Governance;[Name]:Corporate Governance and Business Innovation: The Role of the Board and Ownership Structure in Spanish Listed Firms;[Author_1]:David Toscano Pardo;[Uni_1]:University of Huelva"
45,45.0,"Alba Maria Priego De La Cruz (University of Huelva)
María Teresa Aceytuno (Universidad de Huelva)
3. Socially Responsible Investment and ESG performance: The impact of foreign investors
SoniaVitali (Università Politecnica delle Marche)
4. The Trading Response of Institutional Shareholders around Shifts of Firm Control
GeraldWard (Lancaster University)P
Musa Subasi (University of Maryland)
Yue Zheng (Hong Kong University of Science and Technology)
Shijun Cheng (Shanghai Advanced Institute of Finance)
GV RF 02 room 402
. . . . . . . . . . . . . . . . . . . . . . . . . . . . . . . . . . . chaired by: Al-HabbyelYusoph (Bocconi University)
1. Does Mandatory CSR Spending Exacerbate Agency Conflict?
Arbita Chakraborty (Indian Institute of Management-Udaipur)P
Wei Shi (Deakin University)
Moumita Tiwari (Indian Institute of Management-Udaipur)
2. The role of co-opted boards in shaping goodwill accounting practices
Atm Karim (Queen’s University Belfast)
Mahmoud Elmarzouky (University of St. Andrews)P
3. From Weak Controls to Corporate Failure: The Amplifying Effect of Fraud on Bankruptcy Risk
Patrícia Pain (Universidade Federal do Espírito Santo)P
Christian Sobngwi (University of Texas Rio GrandeValley)
Vagner Marques (Universidade Federal do Espirito Santo)
Giorgio Gotti (University of Texas Rio GrandeValley)
4. The Impact of Managerial Power on Firms’Sustainable Management
Karoline Els (WUVienna)
5. Environmentally Experienced Executives and Corporate Tax Strategy
Tarek Abdelfattah (University of Nottingham)P
Qian Song (Loughborough University)
ChaoweiWang (Loughborough University)
Subhan Ullah (University of Nottingham)
Wednesday,May 28, 17:30–19:00
GV PS 02 room 303
. . . . . . . . . . . . . . . . . . . . . . . . . . . . . . . . . . . chaired by: Liliana Pimentel (University of Coimbra)
1. Does CSR performance affect debt contracting? Evidence from the expansion of Asset4
Mariano Scapin (University of Bristol)P
Trang Nguyen (University of Bristol)
Silvina Rubio (University of Bristol)
Zijian Liu (University of Bristol)
2. Drought Risk and the Weighting of Performance Measures in Compensation Contracts
Shengmin Hung (Soochow University)P
Shu-LingWu (National Taiwan University)
3. Corporate Governance Mechanisms and ESG Performance: CSR Committees, Sustainability Compensation
Targets and Shareholder Voting in the EU
Alexander Hofer (WUVienna)
Markus Isack (WUVienna)P
GV PS 03 room 401
. . . . . . . . . . . . . . . . . . . . . . . . . . chaired by: Jonathan Nam (Hong Kong Polytechnic University)
1. Do Firms Overemphasize the Industry-Focused Peer Benchmarking? Evidence from the GICS Major
Restructuring
46","[Category]:Financial Reporting;[Name]:Socially Responsible Investment and ESG performance: The impact of foreign investors;[Author_1]:Sonia Vitali;[Uni_1]:Università Politecnica delle Marche;[Author_2]:Gerald Ward;[Uni_2]:Lancaster University;[Author_3]:Musa Subasi;[Uni_3]:University of Maryland;[Author_4]:Yue Zheng;[Uni_4]:Hong Kong University of Science and Technology;[Author_5]:Shijun Cheng;[Uni_5]:Shanghai Advanced Institute of Finance  
[Category]:Financial Reporting;[Name]:Does Mandatory CSR Spending Exacerbate Agency Conflict?;[Author_1]:Arbita Chakraborty;[Uni_1]:Indian Institute of Management-Udaipur;[Author_2]:Wei Shi;[Uni_2]:Deakin University;[Author_3]:Moumita Tiwari;[Uni_3]:Indian Institute of Management-Udaipur  
[Category]:Financial Reporting;[Name]:The role of co-opted boards in shaping goodwill accounting practices;[Author_1]:Atm Karim;[Uni_1]:Queen’s University Belfast;[Author_2]:Mahmoud Elmarzouky;[Uni_2]:University of St. Andrews  
[Category]:Financial Reporting;[Name]:From Weak Controls to Corporate Failure: The Amplifying Effect of Fraud on Bankruptcy Risk;[Author_1]:Patrícia Pain;[Uni_1]:Universidade Federal do Espírito Santo;[Author_2]:Christian Sobngwi;[Uni_2]:University of Texas Rio Grande Valley;[Author_3]:Vagner Marques;[Uni_3]:Universidade Federal do Espírito Santo;[Author_4]:Giorgio Gotti;[Uni_4]:University of Texas Rio Grande Valley  
[Category]:Financial Reporting;[Name]:The Impact of Managerial Power on Firms’ Sustainable Management;[Author_1]:Karoline Els;[Uni_1]:WUVienna  
[Category]:Financial Reporting;[Name]:Environmentally Experienced Executives and Corporate Tax Strategy;[Author_1]:Tarek Abdelfattah;[Uni_1]:University of Nottingham;[Author_2]:Qian Song;[Uni_2]:Loughborough University;[Author_3]:Chaowei Wang;[Uni_3]:Loughborough University;[Author_4]:Subhan Ullah;[Uni_4]:University of Nottingham  
[Category]:Financial Reporting;[Name]:Does CSR performance affect debt contracting? Evidence from the expansion of Asset4;[Author_1]:Mariano Scapin;[Uni_1]:University of Bristol;[Author_2]:Trang Nguyen;[Uni_2]:University of Bristol;[Author_3]:Silvina Rubio;[Uni_3]:University of Bristol;[Author_4]:Zijian Liu;[Uni_4]:University of Bristol  
[Category]:Financial Reporting;[Name]:Drought Risk and the Weighting of Performance Measures in Compensation Contracts;[Author_1]:Shengmin Hung;[Uni_1]:Soochow University;[Author_2]:Shu-Ling Wu;[Uni_2]:National Taiwan University  
[Category]:Financial Reporting;[Name]:Corporate Governance Mechanisms and ESG Performance: CSR Committees, Sustainability Compensation Targets and Shareholder Voting in the EU;[Author_1]:Alexander Hofer;[Uni_1]:WUVienna;[Author_2]:Markus Isack;[Uni_2]:WUVienna"
46,46.0,"Xucheng Shi (ESSEC Business School)
2. How Can Firms Determine Heterogenous Shareholder Preferences? Evidence from Say-on-Climate
DerinYilmazatilla (INSEAD)
GV RF 03 room 205B
. . . . . . . . . . . . . . . . . . . . . . . . . . . . . . . . . . . chaired by: Awad Ibrahim (Portsmouth University)
1. Were You in The States? Benefits of Hiring Top Executives With U.S. Background For U.S.-Listed Foreign Firms
Shijun Cheng (Shanghai Advanced Institute of Finance)
Yingwen Guo (Hong Kong Polytechnic University)P
Jingjing Li (Harbin Institute of Technology-Shenzhen)
Shanshan Lin (Guangdong University of Finance)
MinghaiWei (SunYat-Sen University)
2. Social Enterprises and Sustainable Development Goals: Empirical Evidence from Special Employment Centers
Elisabet Gomez-Gonzalez (Universidad Castilla La Mancha)
Elisa Cano (Universidad Castilla La Mancha)P
Jesús Santos Peñalver (Universidad de Castilla La Mancha)
Julián Chamizo (Universidad Autónoma de Madrid)
3. The Relationships Between Board Composition, Environmental Innovation, and Financial Performance: The
Significance of Diversity Policies and Practices
DilettaVianello (University of Florence)P
Camilla Ciappei (University of Padova)
Giovanni Liberatore (University of Florence)
4. Compliance Practices and Perceptions in French Professional Football Clubs: Implications for Financial
Governance and Risk Management
Mohamed Salehddine (Montpellier I University)P
Philippe Chapellier (Montpellier University)
Agnès Mazars-Chapelon (University of Montpellier)
5. IASB’s changes to the primary financial statements: the disclosure of management-defined performance
measures
Abdullah Alkhawfi (University of East Anglia)P
Ana Marques (University of East Anglia / Universidade NOVA de Lisboa)
Francesca Cuomo (University of East Anglia)
Fabio Motoki (University of East Anglia)
GV RF 04 room 305A
. . . . . . . . . . . . . . . . . . . . chaired by: João Paulo Ribeiro (Federal University of Santa Catarina)
1. Corporate Governance and Timeliness of Goodwill Impairment Recognition of European Listed Companies
Sofiya Meleshkova (University of Turku)
2. Female Directors and Corporate Risk-taking: Evidence from the “Two-Child”Policy in China
Shengnan Li (Xiamen University)
Yuanyuan Li (Xiamen University)
Yuanyuan Liu (Xiamen University)P
YuWang (Xiamen University)
3. Towards Standardization in the Management of the Major French Music Festivals: The Case of a Festival
Undergoing a Radical Change of Governance
Arnaud Pinchon (Univesity of Prepignan,MRM)P
Agnès Mazars-Chapelon (University of Montpellier)
Villesèque Dubus Fabienne (Univesity of Prepignan,MRM)
4. Accountability in UK Banking: Individual Accountability and its Impact on Governance and Risk Culture
Afshan Moeed (Open University)
Anwar Halari (Open University)P
47","[Category]:Financial Reporting;[Name]:How Can Firms Determine Heterogenous Shareholder Preferences? Evidence from Say-on-Climate;[Author_1]:Derin Yilmazatilla;[Uni_1]:INSEAD;[Author_2]:Xucheng Shi;[Uni_2]:ESSEC Business School  
[Category]:Accounting and Governance;[Name]:Were You in The States? Benefits of Hiring Top Executives With U.S. Background For U.S.-Listed Foreign Firms;[Author_1]:Shijun Cheng;[Uni_1]:Shanghai Advanced Institute of Finance;[Author_2]:Yingwen Guo;[Uni_2]:Hong Kong Polytechnic University;[Author_3]:Jingjing Li;[Uni_3]:Harbin Institute of Technology-Shenzhen;[Author_4]:Shanshan Lin;[Uni_4]:Guangdong University of Finance;[Author_5]:Minghai Wei;[Uni_5]:SunYat-Sen University  
[Category]:Social and Environmental Accounting & Ethical Issues in Accounting;[Name]:Social Enterprises and Sustainable Development Goals: Empirical Evidence from Special Employment Centers;[Author_1]:Elisabet Gomez-Gonzalez;[Uni_1]:Universidad Castilla La Mancha;[Author_2]:Elisa Cano;[Uni_2]:Universidad Castilla La Mancha;[Author_3]:Jesús Santos Peñalver;[Uni_3]:Universidad de Castilla La Mancha;[Author_4]:Julián Chamizo;[Uni_4]:Universidad Autónoma de Madrid  
[Category]:Accounting and Governance;[Name]:The Relationships Between Board Composition, Environmental Innovation, and Financial Performance: The Significance of Diversity Policies and Practices;[Author_1]:Diletta Vianello;[Uni_1]:University of Florence;[Author_2]:Camilla Ciappei;[Uni_2]:University of Padova;[Author_3]:Giovanni Liberatore;[Uni_3]:University of Florence  
[Category]:Public Sector Accounting & Not-For-Profit Accounting;[Name]:Compliance Practices and Perceptions in French Professional Football Clubs: Implications for Financial Governance and Risk Management;[Author_1]:Mohamed Salehddine;[Uni_1]:Montpellier I University;[Author_2]:Philippe Chapellier;[Uni_2]:Montpellier University;[Author_3]:Agnès Mazars-Chapelon;[Uni_3]:University of Montpellier  
[Category]:Financial Reporting;[Name]:IASB’s changes to the primary financial statements: the disclosure of management-defined performance measures;[Author_1]:Abdullah Alkhawfi;[Uni_1]:University of East Anglia;[Author_2]:Ana Marques;[Uni_2]:University of East Anglia / Universidade NOVA de Lisboa;[Author_3]:Francesca Cuomo;[Uni_3]:University of East Anglia;[Author_4]:Fabio Motoki;[Uni_4]:University of East Anglia  
[Category]:Accounting and Governance;[Name]:Corporate Governance and Timeliness of Goodwill Impairment Recognition of European Listed Companies;[Author_1]:Sofiya Meleshkova;[Uni_1]:University of Turku  
[Category]:Accounting and Governance;[Name]:Female Directors and Corporate Risk-taking: Evidence from the “Two-Child” Policy in China;[Author_1]:Shengnan Li;[Uni_1]:Xiamen University;[Author_2]:Yuanyuan Li;[Uni_2]:Xiamen University;[Author_3]:Yuanyuan Liu;[Uni_3]:Xiamen University;[Author_4]:Yu Wang;[Uni_4]:Xiamen University  
[Category]:Public Sector Accounting & Not-For-Profit Accounting;[Name]:Towards Standardization in the Management of the Major French Music Festivals: The Case of a Festival Undergoing a Radical Change of Governance;[Author_1]:Arnaud Pinchon;[Uni_1]:Univesity of Prepignan,MRM;[Author_2]:Agnès Mazars-Chapelon;[Uni_2]:University of Montpellier;[Author_3]:Villesèque Dubus Fabienne;[Uni_3]:Univesity of Prepignan,MRM  
[Category]:Accounting and Governance;[Name]:Accountability in UK Banking: Individual Accountability and its Impact on Governance and Risk Culture;[Author_1]:Afshan Moeed;[Uni_1]:Open University;[Author_2]:Anwar Halari;[Uni_2]:Open University"
47,47.0,"5. When a bad signal means good fortune: Market microstructure and executive compensation
Niklas Meyer (Vrije Universiteit Amsterdam)P
Christopher Rigsby (Vrije Universiteit Amsterdam)
Thursday,May 29, 09:00–10:30
GV PSD 02 room 404
. . . . . . . . . . . . . . . . . . . . . . . . . . . . . . . . . . . . . . . . . chaired by: Wanli Zhao (Bocconi University)
1. Did the Introduction of a Reputation Mechanism for Stewardship Code Voluntary Disclosures Improve Investor
Engagement?
Massimiliano Bonacchi (university of Bolzano)
April Klein (NewYork University, Stern School of Business)
Sara Longo (Free University of Bozen-Bolzano)P
Giovanni Strampelli (Bocconi University)
Discussant: GeorgiosVoulgaris (University of Manchester)
2. Corporate Ambulance Chasing? Plaintiff’s Attorney Marketing as a Signal of Corporate Litigation Risk
Steve Kaplan (Arizona State University)
Adi Masli (Kansas University)
Matt Peterson (University of Kansas)P
EricWeisbrod (University of Kansas)
Discussant: Cristina Grande-Herrera (Universidad Pontificia Comillas)
GV PS 04 room 203
. . . . . . . . . . . . . . . . . . . . . . . . . . . . . . . . . . . . chaired by: Claudia Frisenna (University of Catania)
1. Do Employers Use Non-Disclosure Agreements to Silence Whistleblowers on Accounting Misconduct? Evidence
from California
Diana Choi (Purdue University)P
Jonathan Black (University of Melbourne)
HayoonYee (City University of Hong Kong)
Gus De Franco (Purdue University)
2. Executive Bonus Adjustments to Industry Non-Financial Violations
Mariya Ivanova (NHH - Norwegian School of Economics)P
Francesca Franco (Bocconi University)
Claudia Imperatore (Bocconi University)
3. Shareholders’ Perception on the Separate Disclosure of “Bonus”Versus “Non-Equity Incentive Plan
Compensation” in the Summary Compensation Table
Shu-LingWu (National Taiwan University)P
Shengmin Hung (Soochow University)
Wulung Li (Texas A&M International University)
GV PS 05 room 303
. . . . . . . . . . . . . . . . . . . . . . . . . . . . . . . . . chaired by: Luisa Unda (Universitat de les Illes Balears)
1. Common Ownership, Advertising, and Product Market Competition
Xiaotian Liu (Shanghai University of International Business and Economics)
Yaxuan Qi (City University of Hong Kong)
YinWang (Singapore Management University)P
Wenji Xu (City University of Hong Kong)
2. Market Reaction to Voting Intention Disclosures
Tzu-Ting Chiu (NHH - Norwegian School of Economics)
Xi Li (London School of Economics and Political Science)
Rusha Nandy (NHH - Norwegian School of Economics)P
Simone Traini (NHH - Norwegian School of Economics)
48","[Category]:Financial Reporting;[Name]:When a bad signal means good fortune: Market microstructure and executive compensation;[Author_1]:Niklas Meyer;[Uni_1]:Vrije Universiteit Amsterdam;[Author_2]:Christopher Rigsby;[Uni_2]:Vrije Universiteit Amsterdam  
[Category]:Social and Environmental Accounting & Ethical Issues in Accounting;[Name]:Did the Introduction of a Reputation Mechanism for Stewardship Code Voluntary Disclosures Improve Investor Engagement?;[Author_1]:Massimiliano Bonacchi;[Uni_1]:university of Bolzano;[Author_2]:April Klein;[Uni_2]:NewYork University, Stern School of Business;[Author_3]:Sara Longo;[Uni_3]:Free University of Bozen-Bolzano;[Author_4]:Giovanni Strampelli;[Uni_4]:Bocconi University  
[Category]:Financial Analysis;[Name]:Corporate Ambulance Chasing? Plaintiff’s Attorney Marketing as a Signal of Corporate Litigation Risk;[Author_1]:Steve Kaplan;[Uni_1]:Arizona State University;[Author_2]:Adi Masli;[Uni_2]:Kansas University;[Author_3]:Matt Peterson;[Uni_3]:University of Kansas;[Author_4]:Eric Weisbrod;[Uni_4]:University of Kansas  
[Category]:Accounting and Governance;[Name]:Do Employers Use Non-Disclosure Agreements to Silence Whistleblowers on Accounting Misconduct? Evidence from California;[Author_1]:Diana Choi;[Uni_1]:Purdue University;[Author_2]:Jonathan Black;[Uni_2]:University of Melbourne;[Author_3]:Hayoon Yee;[Uni_3]:City University of Hong Kong;[Author_4]:Gus De Franco;[Uni_4]:Purdue University  
[Category]:Management Accounting;[Name]:Executive Bonus Adjustments to Industry Non-Financial Violations;[Author_1]:Mariya Ivanova;[Uni_1]:NHH - Norwegian School of Economics;[Author_2]:Francesca Franco;[Uni_2]:Bocconi University;[Author_3]:Claudia Imperatore;[Uni_3]:Bocconi University  
[Category]:Financial Reporting;[Name]:Shareholders’ Perception on the Separate Disclosure of “Bonus” Versus “Non-Equity Incentive Plan Compensation” in the Summary Compensation Table;[Author_1]:Shu-Ling Wu;[Uni_1]:National Taiwan University;[Author_2]:Shengmin Hung;[Uni_2]:Soochow University;[Author_3]:Wulung Li;[Uni_3]:Texas A&M International University  
[Category]:Financial Analysis;[Name]:Common Ownership, Advertising, and Product Market Competition;[Author_1]:Xiaotian Liu;[Uni_1]:Shanghai University of International Business and Economics;[Author_2]:Yaxuan Qi;[Uni_2]:City University of Hong Kong;[Author_3]:Yin Wang;[Uni_3]:Singapore Management University;[Author_4]:Wenji Xu;[Uni_4]:City University of Hong Kong  
[Category]:Auditing;[Name]:Market Reaction to Voting Intention Disclosures;[Author_1]:Tzu-Ting Chiu;[Uni_1]:NHH - Norwegian School of Economics;[Author_2]:Xi Li;[Uni_2]:London School of Economics and Political Science;[Author_3]:Rusha Nandy;[Uni_3]:NHH - Norwegian School of Economics;[Author_4]:Simone Traini;[Uni_4]:NHH - Norwegian School of Economics"
48,48.0,"3. Ownership Type and Hospital Efficiency: A Stochastic Frontier Analysis
Haiyan (Helen) Zhou (University of Texas Rio GrandeValley)P
Mohammad Rakibul Islam (University of Texas Rio GrandeValley,Vackar College of Business and
Entrepreneur)
GV RF 05 room 205A
. . . . . . . . . . . . . . . . . . . . . . . . . . . . chaired by: Zhihuan Li (Queen Mary University of London)
1. Norm Sensitivity and Occupational Fraud Dynamics in Intra-Firm Peer Networks: A Mixed-Method Approach
Christian Stindt (Hamburg University of Technology)P
Alexandra Eckert (Hamburg University of Technology)
Matthias Meyer (Hamburg University of Technology)
2. Clawback effectiveness in deterring financial reporting misstatement: The moderating role of the family
Francesca Rossignoli (University ofVerona)P
Velia Cenciarelli (Università Cattolica del Sacro Cuore)
Andrea Lionzo (Catholic University)
3. Audit committees’ networks and audit fees: A European analysis
Ruth Garcia Cobo (University ofValladolid)P
Cesar Zarza Herranz (Universidad de Alcalá)
Felix Lopez Iturriaga (Universidad deValladold)
Monika Causholli (University of Kentucky)
4. The voice of small shareholders at annual general meetings
Alberto Quagli (Università degli Studi di Genova)
Francesco Avallone (Università degli Studi di Genova)
Costanza Di Fabio (Università degli Studi di Genova)P
Paola Ramassa (Università degli Studi di Genova)
5. Collaborative or not Collaborative? Stakeholder Engagement Approaches in Italian Listed Companies
Clara Benfante (University of Parma)P
Valentina Ghinizzini (University of Parma)
Veronica Tibiletti (Università di Parma)
Dina Lucia Todaro (Università Cattolica del Sacro Cuore)
Thursday,May 29, 11:00–12:30
GV PSD 03 room 308
. . . . . . . . . . . . . . . . . . . . . . . . . . . . . . . . . chaired by: Ana M. Albuquerque (Boston University)
1. The Assignment of Intellectual Property Rights and Innovation
StellaYeayeun Park (Sogang Business School)
Discussant: Francesco Grossetti (Bocconi University)
2. Anywhere but Here: Pay Transparency and Human Capital Allocation
Xixi Xiao (University of Hong Kong)P
Yifei Lu (University of Illinois Urbana-Champaign)
Xingyu Shen (University of Rochester)
Discussant: Claudia Imperatore (Bocconi University)
GV PS 06 room 104
. . . . . . . . . . . . . . . . . . . . . . . . . . . . . . . . . . . . . . . . . . . . . . . . chaired by: Karoline Els (WUVienna)
1. Regulatory Attention, Innovation and Internal Information Environment
Olga Bogachek (Free University of Bozen-Bolzano)
2. Unintended Regulatory Spillovers: The Impact of Bank Regulatory Oversight on Environmental Enforcement
John Gallemore (University of North Carolina)
Vincent Giese (University of Mannheim)P
49","[Category]:Financial Reporting;[Name]:Ownership Type and Hospital Efficiency: A Stochastic Frontier Analysis;[Author_1]:Haiyan (Helen) Zhou;[Uni_1]:University of Texas Rio Grande Valley;[Author_2]:Mohammad Rakibul Islam;[Uni_2]:University of Texas Rio Grande Valley, Vackar College of Business and Entrepreneur  
[Category]:Financial Reporting;[Name]:Norm Sensitivity and Occupational Fraud Dynamics in Intra-Firm Peer Networks: A Mixed-Method Approach;[Author_1]:Christian Stindt;[Uni_1]:Hamburg University of Technology;[Author_2]:Alexandra Eckert;[Uni_2]:Hamburg University of Technology;[Author_3]:Matthias Meyer;[Uni_3]:Hamburg University of Technology  
[Category]:Financial Reporting;[Name]:Clawback effectiveness in deterring financial reporting misstatement: The moderating role of the family;[Author_1]:Francesca Rossignoli;[Uni_1]:University of Verona;[Author_2]:Velia Cenciarelli;[Uni_2]:Università Cattolica del Sacro Cuore;[Author_3]:Andrea Lionzo;[Uni_3]:Catholic University  
[Category]:Financial Reporting;[Name]:Audit committees’ networks and audit fees: A European analysis;[Author_1]:Ruth Garcia Cobo;[Uni_1]:University of Valladolid;[Author_2]:Cesar Zarza Herranz;[Uni_2]:Universidad de Alcalá;[Author_3]:Felix Lopez Iturriaga;[Uni_3]:Universidad de Valladold;[Author_4]:Monika Causholli;[Uni_4]:University of Kentucky  
[Category]:Financial Reporting;[Name]:The voice of small shareholders at annual general meetings;[Author_1]:Alberto Quagli;[Uni_1]:Università degli Studi di Genova;[Author_2]:Francesco Avallone;[Uni_2]:Università degli Studi di Genova;[Author_3]:Costanza Di Fabio;[Uni_3]:Università degli Studi di Genova;[Author_4]:Paola Ramassa;[Uni_4]:Università degli Studi di Genova  
[Category]:Financial Reporting;[Name]:Collaborative or not Collaborative? Stakeholder Engagement Approaches in Italian Listed Companies;[Author_1]:Clara Benfante;[Uni_1]:University of Parma;[Author_2]:Valentina Ghinizzini;[Uni_2]:University of Parma;[Author_3]:Veronica Tibiletti;[Uni_3]:Università di Parma;[Author_4]:Dina Lucia Todaro;[Uni_4]:Università Cattolica del Sacro Cuore  
[Category]:Financial Reporting;[Name]:The Assignment of Intellectual Property Rights and Innovation;[Author_1]:Stella Yeayeun Park;[Uni_1]:Sogang Business School  
[Category]:Financial Reporting;[Name]:Anywhere but Here: Pay Transparency and Human Capital Allocation;[Author_1]:Xixi Xiao;[Uni_1]:University of Hong Kong;[Author_2]:Yifei Lu;[Uni_2]:University of Illinois Urbana-Champaign;[Author_3]:Xingyu Shen;[Uni_3]:University of Rochester  
[Category]:Financial Reporting;[Name]:Regulatory Attention, Innovation and Internal Information Environment;[Author_1]:Olga Bogachek;[Uni_1]:Free University of Bozen-Bolzano  
[Category]:Financial Reporting;[Name]:Unintended Regulatory Spillovers: The Impact of Bank Regulatory Oversight on Environmental Enforcement;[Author_1]:John Gallemore;[Uni_1]:University of North Carolina;[Author_2]:Vincent Giese;[Uni_2]:University of Mannheim"
49,49.0,"GV PS 07 room 303
. . . . . . . . . . . . . . . . . . . . . . . . . . . . . . . . . . . . . . . . . . . . chaired by: Fang Li (Lancaster University)
1. Pay Transparency and Patient Satisfaction
Kuanning Cai (Hong Kong Polytechnic University)P
Jia Guo (Hong Kong Polytechnic University)
Jeffrey Ng (University of Hong Kong)
NanYang (Hong Kong Polytechnic University)
2. Between Transparency and Privacy: Investor Identity Verification and Demand for Crypto Tokens
Yang Ding (Carlos III University of Madrid)
3. CEO Extraversion and Shareholders’ Say on Pay Votes
Evelyn Intan (Goethe University)
GV RF 06 room 305A
. . . . . . . . . . . . . . . . . . . . . . . . . . chaired by: Omrane Guedhami (University of South Carolina)
1. Does Lender Monitoring Spill Over into Supply Chain Contracts?
Ting Dai (Hong Kong University of Science and Technology)
2. Ex-Ante Litigation Risk, CEOs’ Tournament Incentives, and Stock Price Crash Risk
Yenn-Ru Chen (National Chengchi University)
Jyun-Ying Fu (National Taiwan University)
Chia-HsiangWeng (National Chengchi University)P
3. The Effect of IFRS 16 Implementation on Enterprise Value: Evidence from DAX 40 Companies
Tetiana Paientko (Berlin University of Applied Sciences of Economics and Techniques)P
Jan-Hendrik Meier (Kiel University of Applied Science)
Aswini Shrestha (Hochschule für Technik undWirtschaft Berlin)
4. CEO Overconfidence, Other Comprehensive Income Volatility and Firm Value
Khaled Ghozzi (IPAG Business School Nice)P
Lakhal Faten (Léonard deVinci Pôle Universitaire)
Bilel Bezouiech (ESLSCA)
Thursday,May 29, 14:00–15:30
GV PS 08 room 104
. . . . . . . . . . . . . . . . . . . . . . . . . . . . . . . . . . . . . . . . . . . . . . . . . . . . . . . . . . . . . . . . . . . . . . . . . . . . . . . . .
1. The Unintended Costs of Whistleblower Protection: Evidence from the Dodd-Frank Act and Corporate
Innovation
Tingting Tao (University of Sheffield)P
Jiao Ji (University of Sheffield)
Hanwen Sun (University of Bath)
2. Corporate Political Connections and Value Appropriation in Buyer-Supplier Relationships: Evidence from
U.S. Firms
AngieWang (Hong Kong Polytechnic University)
3. Mutual Fund Governance of Corporate Political Spending: The Case of Politically Motivated Charitable Giving
ErdongWang (University ofWyoming)P
Disen Albrecht (Rutgers University)
GV PS 09 room 210
. . . . . . . . . . . . . . . . . . . . . . . . . . . . . . . . . . . . . . . . . . . . . . . . . . . . . . . . . . . . . . . . . . . . . . . . . . . . . . . . .
1. Power through Similarity: Does CEO-CFO Partnership Enhance Firm Resilience to Natural Disasters?
Leah Marlene Matzner (Frankfurt University)
2. Is Overconfidence a Moderator? The Effect of Managerial Ability on Firm’s Internal Control
Mingyu Li (University of Bath)P
Fanis Tsoligkas (University of Bath)
Pietro Perotti (University of Bath)
50","[Category]:Financial Reporting;[Name]:Pay Transparency and Patient Satisfaction;[Author_1]:Kuanning Cai;[Uni_1]:Hong Kong Polytechnic University;[Author_2]:Jia Guo;[Uni_2]:Hong Kong Polytechnic University;[Author_3]:Jeffrey Ng;[Uni_3]:University of Hong Kong;[Author_4]:NanYang;[Uni_4]:Hong Kong Polytechnic University  
[Category]:Financial Reporting;[Name]:Between Transparency and Privacy: Investor Identity Verification and Demand for Crypto Tokens;[Author_1]:Yang Ding;[Uni_1]:Carlos III University of Madrid  
[Category]:Financial Reporting;[Name]:CEO Extraversion and Shareholders’ Say on Pay Votes;[Author_1]:Evelyn Intan;[Uni_1]:Goethe University  
[Category]:Financial Reporting;[Name]:Does Lender Monitoring Spill Over into Supply Chain Contracts?;[Author_1]:Ting Dai;[Uni_1]:Hong Kong University of Science and Technology  
[Category]:Financial Reporting;[Name]:Ex-Ante Litigation Risk, CEOs’ Tournament Incentives, and Stock Price Crash Risk;[Author_1]:Yenn-Ru Chen;[Uni_1]:National Chengchi University;[Author_2]:Jyun-Ying Fu;[Uni_2]:National Taiwan University;[Author_3]:Chia-Hsiang Weng;[Uni_3]:National Chengchi University  
[Category]:Financial Reporting;[Name]:The Effect of IFRS 16 Implementation on Enterprise Value: Evidence from DAX 40 Companies;[Author_1]:Tetiana Paientko;[Uni_1]:Berlin University of Applied Sciences of Economics and Techniques;[Author_2]:Jan-Hendrik Meier;[Uni_2]:Kiel University of Applied Science;[Author_3]:Aswini Shrestha;[Uni_3]:Hochschule für Technik und Wirtschaft Berlin  
[Category]:Financial Reporting;[Name]:CEO Overconfidence, Other Comprehensive Income Volatility and Firm Value;[Author_1]:Khaled Ghozzi;[Uni_1]:IPAG Business School Nice;[Author_2]:Lakhal Faten;[Uni_2]:Léonard de Vinci Pôle Universitaire;[Author_3]:Bilel Bezouiech;[Uni_3]:ESLSCA  
[Category]:Financial Reporting;[Name]:The Unintended Costs of Whistleblower Protection: Evidence from the Dodd-Frank Act and Corporate Innovation;[Author_1]:Tingting Tao;[Uni_1]:University of Sheffield;[Author_2]:Jiao Ji;[Uni_2]:University of Sheffield;[Author_3]:Hanwen Sun;[Uni_3]:University of Bath  
[Category]:Financial Reporting;[Name]:Corporate Political Connections and Value Appropriation in Buyer-Supplier Relationships: Evidence from U.S. Firms;[Author_1]:Angie Wang;[Uni_1]:Hong Kong Polytechnic University  
[Category]:Financial Reporting;[Name]:Mutual Fund Governance of Corporate Political Spending: The Case of Politically Motivated Charitable Giving;[Author_1]:Erdong Wang;[Uni_1]:University of Wyoming;[Author_2]:Disen Albrecht;[Uni_2]:Rutgers University  
[Category]:Financial Reporting;[Name]:Power through Similarity: Does CEO-CFO Partnership Enhance Firm Resilience to Natural Disasters?;[Author_1]:Leah Marlene Matzner;[Uni_1]:Frankfurt University  
[Category]:Financial Reporting;[Name]:Is Overconfidence a Moderator? The Effect of Managerial Ability on Firm’s Internal Control;[Author_1]:Mingyu Li;[Uni_1]:University of Bath;[Author_2]:Fanis Tsoligkas;[Uni_2]:University of Bath;[Author_3]:Pietro Perotti;[Uni_3]:University of Bath"
50,50.0,"GV RF 07 room 302
. . . . . . . . . . . . . . . . . . . . . . . . . . . . . . . . . . . . . chaired by: Maria T. Tascon (Universidad de Leon)
1. The Effects of ESG Reputation Risks and Investor Attention towards Sustainability on Earnings Management
Rudresh Pandey (Oslo Business School)
2. Contagion Effects of Equity Financing Announcements Within Business Groups
Douglas Cumming (Florida Atlantic University)
Sanchit Jain (Indian Institute of Management Bangalore)
Varun Jindal (Indian Institute of Management Bangalore)P
3. Shareholder Stability and Earnings Management
Yuangao Xiang (Tongji University)
Xue Li (Shandong University)P
Nanzhi Xue (Donghua University)
4. Board-level Employee Representation and Digital Transformation
Marc Steffen Rapp (University of Marburg)
Lion Fischer (University of Marburg)P
GV RF 08 room 307B
. . . . . . . . . . . . . . . . . . . . . . . . . . . . . . . . . . . . . . . . . . . . . . . . . . . . . . . . . . . . . . . . . . . . . . . . . . . . . . .
1. Exploring Corporate Governance’s Role in the Green Transition
Dorota Dobija (Kozminski University)P
Łukasz Kozłowski (Kozminski University)
Joanna Krasodomska (Krakow University of Economics)
Grygorii Kravchenko (Kozminski University)
Ewelina Zarzycka (University of Lodz)
2. Capital Allocation to Assurance Activities: The Impact of Financial Constraints on Internal and External
Auditing Investments
Benjamin Fligge (University of Duisburg-Essen)
3. Brick or Treat: Shareholder Activism and Corporate Leasing
Fang Li (Lancaster University)P
Gaizka Ormazabal (IESE Business School)
CarlesVergara Alert (affiliation not provided)
4. Female Representation on Executive Committees and Firm Performance: A European study
Josep García-Blandón (University Ramon Llull,IQS School of Management)P
Josep Argiles-Bosch (University of Barcelona)
Diego Ravenda (TBS Education)
David Castillo-Merino (University Ramon Llull,IQS School of Management)
Thursday,May 29, 16:00–17:30
GV PSD 04 room 308
. . . . . . . . . . . . . . . . . . . . . . . . . . . . . . . chaired by: Bakr Al-Gamrh (Rennes School of Business)
1. Regulatory Costs and Vertical Integration: Evidence from Supply Chain Disclosure Regulations
EnshuaiYu (Boston College)
Discussant: Niklas Meyer (Vrije Universiteit Amsterdam)
2. The Relationship between CEO Pay Ratio and Share Repurchases
Yuan-Ju Chen (National Cheng Kung University)P
Lui-Ching Tsai (National ChiaYi University)
Chaur-ShiuhYoung (National Cheng Kung University)
Discussant: Yun Lou (Singapore Management University)
GV PS 10 room 104
. . . . . . . . . . . . . . . . . . . . . . . . . . . . . . . . . chaired by: Sampson Kwabena Senahey (IE University)
1. Does board skepticism improve oversight effectiveness? Evidence from directors’early career experience
Yuyan Guan (Nanyang Technological University)P
51","[Category]:Financial Reporting;[Name]:The Effects of ESG Reputation Risks and Investor Attention towards Sustainability on Earnings Management;[Author_1]:Rudresh Pandey;[Uni_1]:Oslo Business School  
[Category]:Financial Reporting;[Name]:Contagion Effects of Equity Financing Announcements Within Business Groups;[Author_1]:Douglas Cumming;[Uni_1]:Florida Atlantic University;[Author_2]:Sanchit Jain;[Uni_2]:Indian Institute of Management Bangalore;[Author_3]:Varun Jindal;[Uni_3]:Indian Institute of Management Bangalore  
[Category]:Financial Reporting;[Name]:Shareholder Stability and Earnings Management;[Author_1]:Yuangao Xiang;[Uni_1]:Tongji University;[Author_2]:Xue Li;[Uni_2]:Shandong University;[Author_3]:Nanzhi Xue;[Uni_3]:Donghua University  
[Category]:Financial Reporting;[Name]:Board-level Employee Representation and Digital Transformation;[Author_1]:Marc Steffen Rapp;[Uni_1]:University of Marburg;[Author_2]:Lion Fischer;[Uni_2]:University of Marburg  
[Category]:Financial Reporting;[Name]:Exploring Corporate Governance’s Role in the Green Transition;[Author_1]:Dorota Dobija;[Uni_1]:Kozminski University;[Author_2]:Łukasz Kozłowski;[Uni_2]:Kozminski University;[Author_3]:Joanna Krasodomska;[Uni_3]:Krakow University of Economics;[Author_4]:Grygorii Kravchenko;[Uni_4]:Kozminski University;[Author_5]:Ewelina Zarzycka;[Uni_5]:University of Lodz  
[Category]:Auditing;[Name]:Capital Allocation to Assurance Activities: The Impact of Financial Constraints on Internal and External Auditing Investments;[Author_1]:Benjamin Fligge;[Uni_1]:University of Duisburg-Essen  
[Category]:Auditing;[Name]:Brick or Treat: Shareholder Activism and Corporate Leasing;[Author_1]:Fang Li;[Uni_1]:Lancaster University;[Author_2]:Gaizka Ormazabal;[Uni_2]:IESE Business School;[Author_3]:CarlesVergara Alert;[Uni_3]:  
[Category]:Accounting and Governance;[Name]:Female Representation on Executive Committees and Firm Performance: A European study;[Author_1]:Josep García-Blandón;[Uni_1]:University Ramon Llull,IQS School of Management;[Author_2]:Josep Argiles-Bosch;[Uni_2]:University of Barcelona;[Author_3]:Diego Ravenda;[Uni_3]:TBS Education;[Author_4]:David Castillo-Merino;[Uni_4]:University Ramon Llull,IQS School of Management  
[Category]:Financial Reporting;[Name]:Regulatory Costs and Vertical Integration: Evidence from Supply Chain Disclosure Regulations;[Author_1]:Enshuai Yu;[Uni_1]:Boston College  
[Category]:Financial Reporting;[Name]:The Relationship between CEO Pay Ratio and Share Repurchases;[Author_1]:Yuan-Ju Chen;[Uni_1]:National Cheng Kung University;[Author_2]:Lui-Ching Tsai;[Uni_2]:National ChiaYi University;[Author_3]:Chaur-Shiuh Young;[Uni_3]:National Cheng Kung University  
[Category]:Accounting and Governance;[Name]:Does board skepticism improve oversight effectiveness? Evidence from directors’early career experience;[Author_1]:Yuyan Guan;[Uni_1]:Nanyang Technological University"
51,51.0,"Shuqing Luo (University of Hong Kong)
Wen Chen (City University of Hong Kong)
SoYean Kwak (Hongik University)
2. Does Ideology really Matter in Accounting Standard Setting? Evidence from the European Parliament
Fabian Albrecht (University of Bremen)P
Jochen Zimmermann (University of Bremen)
3. The relationship between professional accountants and sustainability: an institutional analysis in the European
Union
Matteo Pozzoli (Parthenope University of Naples)P
Elbano De Nuccio (CNDCEC)
GV PS 11 room 210
. . . . . . . . . . . . . . . . . . . . . . . . . . . . . . chaired by: Claudia Arena (University of Naples Federico II)
1. Beyond Monetary Incentives: The Role of Meaningfulness in Professional Behavior and Performance
Li Lai (Southwestern University of Finance and Economics)
Chundan Lan (University of Minnesota,Carlson School of Management)
Joshua Madsen (University of Minnesota,Carlson School of Management)
ShanWu (Xi’an Jiaotong-Liverpool University)P
2. The Mafia influence in the Business Context: Infiltration of Criminal firms in the Public Procurement System
Camilla Ciappei (University of Padova)P
Andrea Bafundi (Università di Padova)
Michele Fabrizi (University of Padova)
Antonio Parbonetti (Universityof Padova)
3. Unpacking ESG Risk Disclosure Determinants: The Role of Stakeholder, Shareholder, and Managerial Influence
Marisa Agostini (Università Ca’ FoscariVenezia)
Daria Arkhipova (Università Ca’ FoscariVenezia,Venice School of Management)P
Marco Fasan (Università Ca’ FoscariVenezia,Venice School of Management)
Silvia Panfilo (Università Ca’ FoscariVenezia,Venice School of Management)
GV RF 09 room 305A
. . . . . . . . . . . . . . . . . . . . . . . . . . . . . . . . . chaired by: Patrick Zbinden (University of St. Gallen)
1. Boardroom Backscratching and Dividend Policies
Solomon Opare (Massey University)
Mabel D Costa (Durham University)P
Anthony Kyiu (University of Durham)
2. Investor Sentiment, Stock Liquidity, and the Role of Pre-Earnings Disclosures
Yi-Mien Lin (National Chung Hsing University)P
Jing-Chi Chen (University of Memphis)
3. Options Trading Activities and Underlying Firms’Tax Avoidance Behavior
Mohammad Hendijani Zadeh (North Carolina A&T State University)P
Zahra Jalali (McGill University)
Collins Okafor (North Carolina A&T State University)
4. ESG Ratings and Financial Reporting Quality in Sensitive Industries: Why Social Performance Matters
Rimona Palas (College of Law and Business)P
Dov Solomon (College of Law and Business)
Dalit Gafni (College of Management Academic Studies)
Ido Baum (College of Management Academic Studies)
Friday,May 30,09:00–10:30
GV PSD 05 room 404
. . . . . . . . . . . . . . . . . . . . . . . . . . . . . . . chaired by: Rebecca Bachmann (Macquarie University)
52","[Category]:Financial Reporting;[Name]:Does Ideology really Matter in Accounting Standard Setting? Evidence from the European Parliament;[Author_1]:Fabian Albrecht;[Uni_1]:University of Bremen;[Author_2]:Jochen Zimmermann;[Uni_2]:University of Bremen  
[Category]:Social and Environmental Accounting & Ethical Issues in Accounting;[Name]:The relationship between professional accountants and sustainability: an institutional analysis in the European Union;[Author_1]:Matteo Pozzoli;[Uni_1]:Parthenope University of Naples;[Author_2]:Elbano De Nuccio;[Uni_2]:CNDCEC  
[Category]:Accounting and Governance;[Name]:Beyond Monetary Incentives: The Role of Meaningfulness in Professional Behavior and Performance;[Author_1]:Li Lai;[Uni_1]:Southwestern University of Finance and Economics;[Author_2]:Chundan Lan;[Uni_2]:University of Minnesota, Carlson School of Management;[Author_3]:Joshua Madsen;[Uni_3]:University of Minnesota, Carlson School of Management;[Author_4]:ShanWu;[Uni_4]:Xi’an Jiaotong-Liverpool University  
[Category]:Public Sector Accounting & Not-For-Profit Accounting;[Name]:The Mafia influence in the Business Context: Infiltration of Criminal firms in the Public Procurement System;[Author_1]:Camilla Ciappei;[Uni_1]:University of Padova;[Author_2]:Andrea Bafundi;[Uni_2]:Università di Padova;[Author_3]:Michele Fabrizi;[Uni_3]:University of Padova;[Author_4]:Antonio Parbonetti;[Uni_4]:Universityof Padova  
[Category]:Accounting and Governance;[Name]:Unpacking ESG Risk Disclosure Determinants: The Role of Stakeholder, Shareholder, and Managerial Influence;[Author_1]:Marisa Agostini;[Uni_1]:Università Ca’ Foscari Venezia;[Author_2]:Daria Arkhipova;[Uni_2]:Università Ca’ Foscari Venezia, Venice School of Management;[Author_3]:Marco Fasan;[Uni_3]:Università Ca’ Foscari Venezia, Venice School of Management;[Author_4]:Silvia Panfilo;[Uni_4]:Università Ca’ Foscari Venezia, Venice School of Management  
[Category]:Financial Analysis;[Name]:Boardroom Backscratching and Dividend Policies;[Author_1]:Solomon Opare;[Uni_1]:Massey University;[Author_2]:Mabel D Costa;[Uni_2]:Durham University;[Author_3]:Anthony Kyiu;[Uni_3]:University of Durham  
[Category]:Financial Analysis;[Name]:Investor Sentiment, Stock Liquidity, and the Role of Pre-Earnings Disclosures;[Author_1]:Yi-Mien Lin;[Uni_1]:National Chung Hsing University;[Author_2]:Jing-Chi Chen;[Uni_2]:University of Memphis  
[Category]:Taxation;[Name]:Options Trading Activities and Underlying Firms’ Tax Avoidance Behavior;[Author_1]:Mohammad Hendijani Zadeh;[Uni_1]:North Carolina A&T State University;[Author_2]:Zahra Jalali;[Uni_2]:McGill University;[Author_3]:Collins Okafor;[Uni_3]:North Carolina A&T State University  
[Category]:Social and Environmental Accounting & Ethical Issues in Accounting;[Name]:ESG Ratings and Financial Reporting Quality in Sensitive Industries: Why Social Performance Matters;[Author_1]:Rimona Palas;[Uni_1]:College of Law and Business;[Author_2]:Dov Solomon;[Uni_2]:College of Law and Business;[Author_3]:Dalit Gafni;[Uni_3]:College of Management Academic Studies;[Author_4]:Ido Baum;[Uni_4]:College of Management Academic Studies"
52,52.0,"1. Minority Representation at Work
Matthias Breuer (Columbia University)P
Wei Cai (Columbia University)
Anthony Le (Columbia University)
FelixVetter (University of Mannheim)
Discussant: Carmine Pizzo (Lancaster University)
2. Labor Unions and Income Smoothing: A Panel Analysis using French micro-data
Fabien-Antoine Dugardin (Universite de Lorraine)
Discussant: Ann Gaeremynck (KU Leuven)
GV PS 12 room 203
. . . . . . . . . . . . . . . . . . . . . . . . . . . . . chaired by: Evisa Mitrou (Queen Mary University of London)
1. Are firms ideologically fickle?
Bryce Cross (Saint Mary’s University)P
Matthew Boland (Saint Mary’s University)
Douglas Cumming (Florida Atlantic University)
2. Resisting the Trend: The Role of Boards in Tailoring CEO Compensation for Firms with Distinct Strategies
Sebastian Firk (University of Groningen)
Alexander Hofer (WUVienna)P
AlexanderVan Slooten (University of Groningen)
3. How regulation prompts non-target firms to comply: remuneration committee characteristics in Australia
Doowon Lee (University of Sydney)P
SueWright (University of Technology Sydney)
Bobae Choi (University of Queensland)
DongyueYang (University of Newcastle)
GV PS 13 room 303
. . . . . . . . . . . . . . . . . . . . . . . . . . . . . chaired by: Benjamin Fligge (University of Duisburg-Essen)
1. Shocked but Not Awed: The Impact of Internal Control Material Weaknesses on Employee Turnover
Maya Thevenot (Florida Atlantic University)P
Tonya Blocker (Sam Houston State University)
Mohammad Meah (Florida Atlantic University)
2. Do Rising Tides Clean the Waters? Large Facility Openings and Local Misconduct
Yongoh Roh (McGill University)P
Yuxiang Zheng (Rutgers University)
Yaping Zheng (University of Alberta)
3. A Competitive Wake-up Call? The Impact of Investor-Manager Direct Interaction on Analyst Forecast Accuracy
Xiaoyue Song (Xi’an Jiaotong University)P
Junrui Zhang (Xi’an Jiaotong University)
Weina Zhao (Xi’an Jiaotong University)
GV RF 10 room 205B
. . . . . . . . . . . . . . . . . . . . . . . . . . . . . . . . . . . . . . . . . . . . chaired by: DerinYilmazatilla (INSEAD)
1. Cooperative bank mergers in Finland and Germany—A comparative empirical analysis on narrated hard and
soft rationales
Pasi Sajasalo (University of Jyväskylä)
Tommi Auvinen (University of Jyväskylä)
Eric Meyer (Universität Munster)
Antti Rautiainen (University of Jyväskylä)P
2. The Impact of Board and Audit Committee Interlocks on Internal Control Weaknesses: An Empirical Study of
U.S.-Listed Companies
Fang Gong (National Taiwan University)P
53","[Category]:Financial Reporting;[Name]:Minority Representation at Work;[Author_1]:Matthias Breuer;[Uni_1]:Columbia University;[Author_2]:Wei Cai;[Uni_2]:Columbia University;[Author_3]:Anthony Le;[Uni_3]:Columbia University;[Author_4]:Felix Vetter;[Uni_4]:University of Mannheim  
[Category]:Social and Environmental Accounting & Ethical Issues in Accounting;[Name]:Labor Unions and Income Smoothing: A Panel Analysis using French micro-data;[Author_1]:Fabien-Antoine Dugardin;[Uni_1]:Universite de Lorraine  
[Category]:Accounting and Governance;[Name]:Are firms ideologically fickle?;[Author_1]:Bryce Cross;[Uni_1]:Saint Mary’s University;[Author_2]:Matthew Boland;[Uni_2]:Saint Mary’s University;[Author_3]:Douglas Cumming;[Uni_3]:Florida Atlantic University  
[Category]:Accounting and Governance;[Name]:Resisting the Trend: The Role of Boards in Tailoring CEO Compensation for Firms with Distinct Strategies;[Author_1]:Sebastian Firk;[Uni_1]:University of Groningen;[Author_2]:Alexander Hofer;[Uni_2]:WUVienna;[Author_3]:Alexander Van Slooten;[Uni_3]:University of Groningen  
[Category]:Public Sector Accounting & Not-For-Profit Accounting;[Name]:How regulation prompts non-target firms to comply: remuneration committee characteristics in Australia;[Author_1]:Doowon Lee;[Uni_1]:University of Sydney;[Author_2]:Sue Wright;[Uni_2]:University of Technology Sydney;[Author_3]:Bobae Choi;[Uni_3]:University of Queensland;[Author_4]:Dongyue Yang;[Uni_4]:University of Newcastle  
[Category]:Auditing;[Name]:Shocked but Not Awed: The Impact of Internal Control Material Weaknesses on Employee Turnover;[Author_1]:Maya Thevenot;[Uni_1]:Florida Atlantic University;[Author_2]:Tonya Blocker;[Uni_2]:Sam Houston State University;[Author_3]:Mohammad Meah;[Uni_3]:Florida Atlantic University  
[Category]:Taxation;[Name]:Do Rising Tides Clean the Waters? Large Facility Openings and Local Misconduct;[Author_1]:Yongoh Roh;[Uni_1]:McGill University;[Author_2]:Yuxiang Zheng;[Uni_2]:Rutgers University;[Author_3]:Yaping Zheng;[Uni_3]:University of Alberta  
[Category]:Management Accounting;[Name]:A Competitive Wake-up Call? The Impact of Investor-Manager Direct Interaction on Analyst Forecast Accuracy;[Author_1]:Xiaoyue Song;[Uni_1]:Xi’an Jiaotong University;[Author_2]:Junrui Zhang;[Uni_2]:Xi’an Jiaotong University;[Author_3]:Weina Zhao;[Uni_3]:Xi’an Jiaotong University  
[Category]:Public Sector Accounting & Not-For-Profit Accounting;[Name]:Cooperative bank mergers in Finland and Germany—A comparative empirical analysis on narrated hard and soft rationales;[Author_1]:Pasi Sajasalo;[Uni_1]:University of Jyväskylä;[Author_2]:Tommi Auvinen;[Uni_2]:University of Jyväskylä;[Author_3]:Eric Meyer;[Uni_3]:Universität Munster;[Author_4]:Antti Rautiainen;[Uni_4]:University of Jyväskylä  
[Category]:Auditing;[Name]:The Impact of Board and Audit Committee Interlocks on Internal Control Weaknesses: An Empirical Study of U.S.-Listed Companies;[Author_1]:Fang Gong;[Uni_1]:National Taiwan University"
53,53.0,"TaychangWang (National Taiwan University)
3. When Subordinate Executives Matter: Internal Governance and Carbon Emissions
Jamshed Iqbal (University of Jyväskylä)
4. General Counsel in Top Management: Balancing Optimism and Caution in Earnings Calls
Achmad Faizal Azmi (Lancaster University)
5. Organizational Psychological Capital, Organizational Climate, and Corporate Credit Risk
Tsung-Kang Chen (NationalYang Ming Chiao Tung University)
Yi Jie Tseng (Fu Jen Catholic University)P
Yun Hao (NationalYang Ming Chiao Tung University)
Friday,May 30,11:00–12:30
GV PS 14 room 303
. . . . . . . . . . . . . . . . . . . . . . . . . . . . . . . . . chaired by: Tam Nguyen (Nottingham Trent University)
1. Corporate Greenwashing Worldwide: An Investigation of ESG Performance, Disclosure, and Assurance for
Global Investors
Keith Duncan (Bond University)P
Kim Kercher (Bond University, Bond Business School)
George Anyaba (Infinity Bank)
Colette Southam (Bond University, Bond Business School)
2. When Capable Managers Know Tech: Managerial Ability, IT Expertise, and Cybersecurity Risk Management
Li-Kai Liao (NationalYunlin University of Science and Technology)P
Sophia H.T. Liu (National Taiwan University)
AudreyWenhsin Hsu (National Taiwan University)
Shih-Han Chiu (National Cheng Kung University)
3. Gender Diverse Boards, Honest Books: The Earnings Management Effect of California SB 826
Antonio B.Vazquez (Stockholm School of Economics)
Cristina Grande-Herrera (Universidad Pontificia Comillas)P
GV PS 15 room 401
. . . . . . . . . . . . . . . . . . . . . . . . . . . . . . . . . . . . . . . . . . . chaired by: Petra Inwinkl (UniversitätWien)
1. Audit Committee Quality and the Type II Equity Agency Problem
Mattias Hamberg (Gävle University College)
Katarzyna Cieslak (Uppsala University)P
2. Asymmetric Cost Behavior, Capital Structure and Profitability
Antonio Davila (IESE Business School)
Ismail El Fassi (University of St. Gallen)P
Daniel Oyon (HEC Lausanne)
Nicolas Rudolf (University of Lausanne)
3. Do Banks Price Undisclosed SEC Investigations?
WeiWang (Temple University)
Inder Khurana (University of Missouri-Columbia)
K.K. Raman (University of Texas at San Antonio)
Xiaoyu Zhu (SunYat-Sen University)P
GV RF 11 room 205A
. . . . . . . . . . . . . . . . . . . . . . . . . . . . . . . . . chaired by: Kholod Alsahali (Jubail Industrial College)
1. From Words to Actions: ceo Activism and Sustainability Reporting
Androniki Triantafylli (Queen Mary University of London)P
ParvathyVijayakumar (Queen Mary University of London)
2. How does Minority Shareholders’ Representation on Boards affect the Integration of Sustainability Criteria into
Executive Remuneration Contracts? Evidence from
Carla Gravellu (University of Cagliari)P
54","[Category]:Financial Reporting;[Name]:When Subordinate Executives Matter: Internal Governance and Carbon Emissions;[Author_1]:Taychang Wang;[Uni_1]:National Taiwan University;[Author_2]:Jamshed Iqbal;[Uni_2]:University of Jyväskylä;[Author_3]:Achmad Faizal Azmi;[Uni_3]:Lancaster University;[Author_4]:Tsung-Kang Chen;[Uni_4]:National Yang Ming Chiao Tung University;[Author_5]:Yi Jie Tseng;[Uni_5]:Fu Jen Catholic University  
[Category]:Social and Environmental Accounting & Ethical Issues in Accounting;[Name]:Corporate Greenwashing Worldwide: An Investigation of ESG Performance, Disclosure, and Assurance for Global Investors;[Author_1]:Keith Duncan;[Uni_1]:Bond University;[Author_2]:Kim Kercher;[Uni_2]:Bond University, Bond Business School;[Author_3]:George Anyaba;[Uni_3]:Infinity Bank;[Author_4]:Colette Southam;[Uni_4]:Bond University, Bond Business School  
[Category]:Management Accounting;[Name]:Organizational Psychological Capital, Organizational Climate, and Corporate Credit Risk;[Author_1]:Yun Hao;[Uni_1]:National Yang Ming Chiao Tung University;[Author_2]:Tsung-Kang Chen;[Uni_2]:National Yang Ming Chiao Tung University;[Author_3]:Yi Jie Tseng;[Uni_3]:Fu Jen Catholic University  
[Category]:Accounting and Governance;[Name]:General Counsel in Top Management: Balancing Optimism and Caution in Earnings Calls;[Author_1]:Achmad Faizal Azmi;[Uni_1]:Lancaster University  
[Category]:Social and Environmental Accounting & Ethical Issues in Accounting;[Name]:From Words to Actions: CEO Activism and Sustainability Reporting;[Author_1]:Androniki Triantafylli;[Uni_1]:Queen Mary University of London;[Author_2]:Parvathy Vijayakumar;[Uni_2]:Queen Mary University of London  
[Category]:Accounting and Governance;[Name]:How does Minority Shareholders’ Representation on Boards affect the Integration of Sustainability Criteria into Executive Remuneration Contracts? Evidence from;[Author_1]:Carla Gravellu;[Uni_1]:University of Cagliari  
[Category]:Auditing;[Name]:Audit Committee Quality and the Type II Equity Agency Problem;[Author_1]:Mattias Hamberg;[Uni_1]:Gävle University College;[Author_2]:Katarzyna Cieslak;[Uni_2]:Uppsala University  
[Category]:Financial Analysis;[Name]:Asymmetric Cost Behavior, Capital Structure and Profitability;[Author_1]:Antonio Davila;[Uni_1]:IESE Business School;[Author_2]:Ismail El Fassi;[Uni_2]:University of St. Gallen;[Author_3]:Daniel Oyon;[Uni_3]:HEC Lausanne;[Author_4]:Nicolas Rudolf;[Uni_4]:University of Lausanne  
[Category]:Financial Analysis;[Name]:Do Banks Price Undisclosed SEC Investigations?;[Author_1]:Wei Wang;[Uni_1]:Temple University;[Author_2]:Inder Khurana;[Uni_2]:University of Missouri-Columbia;[Author_3]:K.K. Raman;[Uni_3]:University of Texas at San Antonio;[Author_4]:Xiaoyu Zhu;[Uni_4]:Sun Yat-Sen University  
[Category]:Accounting and Governance;[Name]:Gender Diverse Boards, Honest Books: The Earnings Management Effect of California SB 826;[Author_1]:Antonio B.V. Vazquez;[Uni_1]:Stockholm School of Economics;[Author_2]:Cristina Grande-Herrera;[Uni_2]:Universidad Pontificia Comillas  
[Category]:Management Accounting;[Name]:When Capable Managers Know Tech: Managerial Ability, IT Expertise, and Cybersecurity Risk Management;[Author_1]:Li-Kai Liao;[Uni_1]:National Yunlin University of Science and Technology;[Author_2]:Sophia H.T. Liu;[Uni_2]:National Taiwan University;[Author_3]:Audrey Wenhsin Hsu;[Uni_3]:National Taiwan University;[Author_4]:Shih-Han Chiu;[Uni_4]:National Cheng Kung University"
54,54.0,"Andrea Melis (University of Cagliari)
3. Does Corporate Culture Impact on Firms’ Carbon Emissions?
Guo Lu (University of Manchester)
GeorgiosVoulgaris (University of Manchester)
Alice Liang Xu (University of Manchester)P
4. Corporate governance and environmental performance: An international qualitative comparative analysis
Luigi Rombi (University of Cagliari)P
Andrea Melis (University of Cagliari)
Reggy Hooghiemstra (University of Groningen)
5. Exploring the Disclosure of Sustainability Criteria in Executive Remuneration Design: International Evidence
Andrea Melis (University of Cagliari)P
Mariem Khalfaoui (University of Cagliari)
Luigi Rombi (University of Cagliari)
Friday,May 30,14:00–15:30
GV PS 16 room 203
. . . . . . . . . . . . . . . . . . . . . . . . . . . . . . . . . . . . . . chaired by: Bryce Cross (Saint Mary’s University)
1. The COSO Risk Management Framework from a Risk Governance Perspective
Nadine Otter (Helmut-Schmidt-University / University of the Federal Armed Forces Hamburg)
Michael Kuttner (Salzburg University of Applied Sciences)P
2. Does Sports Inspire Managerial Risk-Taking Incentives?
Yudong Liu (University of Adelaide)P
Jean Canil (University of Adelaide)
Sigitas Karpavicius (University of Adelaide)
Chia-Feng (Jeffrey)Yu (Xi’an Jiaotong-Liverpool University)
3. Local Public Corruption and Managerial Risk Incentives
Nikolaos Kalyvas (Kent Business School)P
Dimitrios Ntounis (University of Southampton)
Theodora Bermpei (IÉSEG School of Management)
GV PS 17 room 303
. . . . . . . . . . . . . . . . . . . . . . . . . . . . . . . . . . . . chaired by: Vincent Giese (University of Mannheim)
1. Top Management Team Tournament and the Quality of Corporate Social Responsibility Reporting: Evidence
from China
YiWang (ISEG Advance Centro de Investigação)P
Hwa-Hsien Hsu (University of Durham)
2. The Information Environment of Firms with Worker Representation on Corporate Boards
Martin Thomsen (University of Siegen)P
Cristi Gleason (University of Iowa)
ChristophWatrin (Muenster University)
Sascha Kieback (University of Muenster)
3. Female representation in top management team and corporate carbon performance
Benita Gullkvist (University ofVaasa)P
Juha Mäki (University ofVaasa)
GV RF 12 room 402
. . . . . . . . . . . . . . . . . . . . . . . . . . . . . . . . . . . . chaired by: Claudio Ferrantino (Bocconi University)
1. The Impact of State Ownership on Dividend Policies: An Empirical Investigation of Western European Energy
and Utilities Companies
Gregor Prandl (WUVienna)P
Gabriel Matejka (WUVienna)
Ewald Aschauer (WUVienna)
55","[Category]:Financial Reporting;[Name]:Does Corporate Culture Impact on Firms’ Carbon Emissions?;[Author_1]:Andrea Melis;[Uni_1]:University of Cagliari;[Author_2]:Guo Lu;[Uni_2]:University of Manchester;[Author_3]:Georgios Voulgaris;[Uni_3]:University of Manchester;[Author_4]:Alice Liang Xu;[Uni_4]:University of Manchester  
[Category]:Accounting and Governance;[Name]:Corporate governance and environmental performance: An international qualitative comparative analysis;[Author_1]:Luigi Rombi;[Uni_1]:University of Cagliari;[Author_2]:Andrea Melis;[Uni_2]:University of Cagliari;[Author_3]:Reggy Hooghiemstra;[Uni_3]:University of Groningen  
[Category]:Social and Environmental Accounting & Ethical Issues in Accounting;[Name]:Exploring the Disclosure of Sustainability Criteria in Executive Remuneration Design: International Evidence;[Author_1]:Andrea Melis;[Uni_1]:University of Cagliari;[Author_2]:Mariem Khalfaoui;[Uni_2]:University of Cagliari;[Author_3]:Luigi Rombi;[Uni_3]:University of Cagliari  
[Category]:Auditing;[Name]:The COSO Risk Management Framework from a Risk Governance Perspective;[Author_1]:Nadine Otter;[Uni_1]:Helmut-Schmidt-University / University of the Federal Armed Forces Hamburg;[Author_2]:Michael Kuttner;[Uni_2]:Salzburg University of Applied Sciences  
[Category]:Financial Analysis;[Name]:Does Sports Inspire Managerial Risk-Taking Incentives?;[Author_1]:Yudong Liu;[Uni_1]:University of Adelaide;[Author_2]:Jean Canil;[Uni_2]:University of Adelaide;[Author_3]:Sigitas Karpavicius;[Uni_3]:University of Adelaide;[Author_4]:Chia-Feng (Jeffrey) Yu;[Uni_4]:Xi’an Jiaotong-Liverpool University  
[Category]:Accounting and Governance;[Name]:Local Public Corruption and Managerial Risk Incentives;[Author_1]:Nikolaos Kalyvas;[Uni_1]:Kent Business School;[Author_2]:Dimitrios Ntounis;[Uni_2]:University of Southampton;[Author_3]:Theodora Bermpei;[Uni_3]:IÉSEG School of Management  
[Category]:Social and Environmental Accounting & Ethical Issues in Accounting;[Name]:Top Management Team Tournament and the Quality of Corporate Social Responsibility Reporting: Evidence from China;[Author_1]:Yi Wang;[Uni_1]:ISEG Advance Centro de Investigação;[Author_2]:Hwa-Hsien Hsu;[Uni_2]:University of Durham  
[Category]:Accounting and Governance;[Name]:The Information Environment of Firms with Worker Representation on Corporate Boards;[Author_1]:Martin Thomsen;[Uni_1]:University of Siegen;[Author_2]:Cristi Gleason;[Uni_2]:University of Iowa;[Author_3]:Christoph Watrin;[Uni_3]:Muenster University;[Author_4]:Sascha Kieback;[Uni_4]:University of Muenster  
[Category]:Social and Environmental Accounting & Ethical Issues in Accounting;[Name]:Female representation in top management team and corporate carbon performance;[Author_1]:Benita Gullkvist;[Uni_1]:University of Vaasa;[Author_2]:Juha Mäki;[Uni_2]:University of Vaasa  
[Category]:Financial Reporting;[Name]:The Impact of State Ownership on Dividend Policies: An Empirical Investigation of Western European Energy and Utilities Companies;[Author_1]:Gregor Prandl;[Uni_1]:WUVienna;[Author_2]:Gabriel Matejka;[Uni_2]:WUVienna;[Author_3]:Ewald Aschauer;[Uni_3]:WUVienna"
55,55.0,"2. The Effectiveness of Building a Corporate Governance System Led by Private Equity Funds: Consideration of
management involvement by shareholder activism
George Hara (Chinese University of Hong Kong)P
Hiroko Inokuma (Keio University)
3. The Role of Accountability in Financial Performance: Evidence from the European Energy Sector
Liliana Pimentel (University of Coimbra)P
Andreia Fernandes (University of Coimbra)
4. The effect of equity blockholders on the voluntary delistings: Empirical evidence from the USA
Zhihuan Li (Queen Mary University of London)P
Nick Tsitsianis (Queen Mary University of London)
Zhe Li (Queen Mary University of London)
5. The Effects of External Monitoring and Country-Level Factors on Compliance with One-Time Mandatory
Disclosures
Stephani Mason (DePaul University)
Dereck Barr-Pulliam (University of Louisville)
Christiana Antwi-Obimpeh (University of Texas at El Paso)P
MANAGEMENT ACCOUNTING
Wednesday,May 28, 15:30–17:00
MA PSD 01 room T01
. . . . . . . . . . . . . . . . . . . . . . . . . . . . . . . . . . . . . . . chaired by: Angelo Ditillo (Bocconi University)
1. Net Present Value as a calculative practice with gamification elements: The case of “old gamification”in
medicine development
Jari Huikku (Aalto University)P
Terhi Chakhovich (LUT University)
Katja Kolehmainen (affiliation not provided)
Discussant: Allan Hansen (Copenhagen Business School)
2. Cross-domain identity growth: the dynamics of IT-driven professional transformation
Pingli Li (University of Southampton)P
Mahmoud Al-Sayed (University of Southampton)
Discussant: Jukka Pellinen (University of Jyväskylä)
MA PS 01 room 401
. . . . . . . . . . . . . . . . . . . . . . . . . . . . . . . . . . . . . . chaired by: James Cannon (Utah State University)
1. CEO competencies, Covid-19, ESG and management earnings forecasts
Gerald Eisenhut (WUVienna)P
Margarethe Rammerstorfer (affiliation not provided)
KarlWeinmayer (Modul University)
2. Designing Incentive Systems for Supervisory and Management Boards: Possibilities and Limitations
Julia Ortner (Mainz University)P
LouisVelthuis (University of Mainz)
3. Assessing ESG Metric Designs: Implications for ESG Outcomes and CEO Compensation
In Gyun Baek (National University of Singapore)
Jeonghoon Hyun (Chung-Ang University)P
Jongwon Park (Hong Kong Polytechnic University)
MA PS 02 room 403
. . . . . . . . . . . . . . . . . . . . . . . . . . . . . . . . . . . . . chaired by: Meredith Tharapos (RMIT University)
1. Does sustainability accounting disclosure regulation change accounting practices? Research opportunities in
the wake of CSRD
Johanna Sylvander (Linköping University)
56","[Category]:Financial Reporting;[Name]:The Effectiveness of Building a Corporate Governance System Led by Private Equity Funds: Consideration of management involvement by shareholder activism;[Author_1]:George Hara;[Uni_1]:Chinese University of Hong Kong;[Author_2]:Hiroko Inokuma;[Uni_2]:Keio University  
[Category]:Financial Reporting;[Name]:The Role of Accountability in Financial Performance: Evidence from the European Energy Sector;[Author_1]:Liliana Pimentel;[Uni_1]:University of Coimbra;[Author_2]:Andreia Fernandes;[Uni_2]:University of Coimbra  
[Category]:Financial Reporting;[Name]:The effect of equity blockholders on the voluntary delistings: Empirical evidence from the USA;[Author_1]:Zhihuan Li;[Uni_1]:Queen Mary University of London;[Author_2]:Nick Tsitsianis;[Uni_2]:Queen Mary University of London;[Author_3]:Zhe Li;[Uni_3]:Queen Mary University of London  
[Category]:Management Accounting;[Name]:Net Present Value as a calculative practice with gamification elements: The case of “old gamification” in medicine development;[Author_1]:Jari Huikku;[Uni_1]:Aalto University;[Author_2]:Terhi Chakhovich;[Uni_2]:LUT University;[Author_3]:Katja Kolehmainen;[Uni_3]:affiliation not provided  
[Category]:Management Accounting;[Name]:Cross-domain identity growth: the dynamics of IT-driven professional transformation;[Author_1]:Pingli Li;[Uni_1]:University of Southampton;[Author_2]:Mahmoud Al-Sayed;[Uni_2]:University of Southampton  
[Category]:Management Accounting;[Name]:CEO competencies, Covid-19, ESG and management earnings forecasts;[Author_1]:Gerald Eisenhut;[Uni_1]:WUVienna;[Author_2]:Margarethe Rammerstorfer;[Uni_2]:affiliation not provided;[Author_3]:Karl Weinmayer;[Uni_3]:Modul University  
[Category]:Management Accounting;[Name]:Designing Incentive Systems for Supervisory and Management Boards: Possibilities and Limitations;[Author_1]:Julia Ortner;[Uni_1]:Mainz University;[Author_2]:Louis Velthuis;[Uni_2]:University of Mainz  
[Category]:Management Accounting;[Name]:Assessing ESG Metric Designs: Implications for ESG Outcomes and CEO Compensation;[Author_1]:In Gyun Baek;[Uni_1]:National University of Singapore;[Author_2]:Jeonghoon Hyun;[Uni_2]:Chung-Ang University;[Author_3]:Jongwon Park;[Uni_3]:Hong Kong Polytechnic University  
[Category]:Management Accounting;[Name]:Does sustainability accounting disclosure regulation change accounting practices? Research opportunities in the wake of CSRD;[Author_1]:Johanna Sylvander;[Uni_1]:Linköping University"
56,56.0,"Josefine Rasmussen (Linköping University)P
Emelie Havemo (Linköping University)
Nandita Mishra (Linköping University)
2. Creating ESG Risk silos or Breaking Them Down? The Effects of Risk Inventory Format and ESG Mission on Risk
Response
JoannaVan Meerbeeck (KU Leuven)P
Eddy Cardinaels (Tilburg University)
Sabra Khajehnejad (KU Leuven)
Dieter Smeulders (University of Bern)
AlexandraVan Den Abbeele (KU Leuven)
3. Beyond Disclosure: How Firms Reshape Organizational Design in Response to the Sustainability Reporting
Regulation
Anna Koelle (LMU Munich)P
Christian Hofmann (LMU Munich)
Nina Schwaiger (LMU Munich)
KatharinaWeiss (Ludwig-Maximilians-Universität München)
Hoa Ho (Ludwig-Maximilians-Universität München)
MA RF 01 room 205A
. . . . . . . . . . . . . . . . . . . . . . . . . . . . . . . . . . . . . chaired by: Hikaru Mitsuhashi (Keio University)
1. Research on the Effect of Enterprise Digital Transformation on Female Employment
Aolin Leng (Northwestern Polytechnical University)
Zhixuan Zhou (Northwestern Polytechnical University)P
Guangyuan Xing (Xi’an Jiaotong University)
2. The joint effects of incentive framing and potential budget auditing on subordinates’budget reporting honesty
David Lindermüller (Bundeswehr University Munich)
Miriam Maske (University of the Bundeswehr München)
Bernhard Hirsch (Munich University of the Federal Armed Forces)P
3. Setting Earnings Guidance under CEO Turnover Threat
Doron Hadass (Reichman University)P
DanWeiss (Tel Aviv University)
4. Power Exchange in Boards of Directors: Implications for Participative Corporate Governance
Danny Ben Shahar (Tel Aviv University)
Avraham Carmeli (Tel Aviv University)
Eyal Solganik (Reichman University)
DanWeiss (Tel Aviv University)P
Wednesday,May 28, 17:30–19:00
MA PSD 02 room 308
. . . . . . . . . . . . . . . . . . . . . . . . . . . . . . . . . . . . . . . . . . . . . . . . . . . . . . . . . . . . . . . . . . . . . . . . . . . . . . .
1. Worth Fixing? Incentive System Redesign when Earnings Informativeness is Low
Peter Oh (McGill University)P
Jeonghoon Hyun (Chung-Ang University)
Kenneth Merchant (University of Southern California)
Joonil Lee (Kyunghee University)
Discussant: Tineke Distelmans (Vrije Universiteit Amsterdam)
2. The use of financial incentives for managerial compensation: the role of firm size
Sofia Lourenço (University of Lisbon, ISEG)
Iryna Berova Alves (ISCTE - Instituto Universitário de Lisboa / ISEG Advance Centro de Investigação)P
Discussant: Victor Maas (University of Amsterdam)
57","[Category]:Financial Reporting;[Name]:Creating ESG Risk silos or Breaking Them Down? The Effects of Risk Inventory Format and ESG Mission on Risk Response;[Author_1]:JoannaVan Meerbeeck;[Uni_1]:KU Leuven;[Author_2]:Eddy Cardinaels;[Uni_2]:Tilburg University;[Author_3]:Sabra Khajehnejad;[Uni_3]:KU Leuven;[Author_4]:Dieter Smeulders;[Uni_4]:University of Bern;[Author_5]:AlexandraVan Den Abbeele;[Uni_5]:KU Leuven  
[Category]:Social and Environmental Accounting & Ethical Issues in Accounting;[Name]:Beyond Disclosure: How Firms Reshape Organizational Design in Response to the Sustainability Reporting Regulation;[Author_1]:Anna Koelle;[Uni_1]:LMU Munich;[Author_2]:Christian Hofmann;[Uni_2]:LMU Munich;[Author_3]:Nina Schwaiger;[Uni_3]:LMU Munich;[Author_4]:KatharinaWeiss;[Uni_4]:Ludwig-Maximilians-Universität München;[Author_5]:Hoa Ho;[Uni_5]:Ludwig-Maximilians-Universität München  
[Category]:Management Accounting;[Name]:Research on the Effect of Enterprise Digital Transformation on Female Employment;[Author_1]:Aolin Leng;[Uni_1]:Northwestern Polytechnical University;[Author_2]:Zhixuan Zhou;[Uni_2]:Northwestern Polytechnical University;[Author_3]:Guangyuan Xing;[Uni_3]:Xi’an Jiaotong University  
[Category]:Management Accounting;[Name]:The joint effects of incentive framing and potential budget auditing on subordinates’ budget reporting honesty;[Author_1]:David Lindermüller;[Uni_1]:Bundeswehr University Munich;[Author_2]:Miriam Maske;[Uni_2]:University of the Bundeswehr München;[Author_3]:Bernhard Hirsch;[Uni_3]:Munich University of the Federal Armed Forces  
[Category]:Financial Reporting;[Name]:Setting Earnings Guidance under CEO Turnover Threat;[Author_1]:Doron Hadass;[Uni_1]:Reichman University;[Author_2]:DanWeiss;[Uni_2]:Tel Aviv University  
[Category]:Accounting and Governance;[Name]:Power Exchange in Boards of Directors: Implications for Participative Corporate Governance;[Author_1]:Danny Ben Shahar;[Uni_1]:Tel Aviv University;[Author_2]:Avraham Carmeli;[Uni_2]:Tel Aviv University;[Author_3]:Eyal Solganik;[Uni_3]:Reichman University;[Author_4]:DanWeiss;[Uni_4]:Tel Aviv University  
[Category]:Management Accounting;[Name]:Worth Fixing? Incentive System Redesign when Earnings Informativeness is Low;[Author_1]:Peter Oh;[Uni_1]:McGill University;[Author_2]:Jeonghoon Hyun;[Uni_2]:Chung-Ang University;[Author_3]:Kenneth Merchant;[Uni_3]:University of Southern California;[Author_4]:Joonil Lee;[Uni_4]:Kyunghee University  
[Category]:Financial Analysis;[Name]:The use of financial incentives for managerial compensation: the role of firm size;[Author_1]:Sofia Lourenço;[Uni_1]:University of Lisbon, ISEG;[Author_2]:Iryna Berova Alves;[Uni_2]:ISCTE - Instituto Universitário de Lisboa / ISEG Advance Centro de Investigação"
57,57.0,"MA PS 03 room 103A
. . . . . . . . . . . . . . . . . . . . chaired by: Manuel Nunez-Nickel (Universidad Carlos III de Madrid)
1. We are different: personal characteristics and the use of real-time relative performance information
Gary (Guanlin)Wang (University of Bristol)P
Mariano Scapin (University of Bristol)
Christopher S. Chapman (University of Bristol)
2. Prompting Away the Fixation: How the Use of Generative AI Reduces Surrogation
Dennis Fehrenbacher (Monash University)P
VictorVan Pelt (WHU - Otto Beisheim School of Management)
3. Does Artificial Intelligence Elevate or Undermine Strategic Distinctiveness? An Empirical Investigation of AI in
Strategizing
Sebastian Firk (University of Groningen)
Yannik Gehrke (University of Hamburg)P
Marvin Hanisch (University of Groningen)
Jan Hennig (University of Groningen)
MichaelWolff (University of Göttingen)
MA PS 04 room 103B
. . . . . . . . . . . . . . . . . . . . . . . . . . . . . . . . . . . . . . . chaired by: Ivo Hristov (University of L’Aquila)
1. Trends in controllers’ roles and skills: Longitudinal evidence from Finland
Tytti Elo (LUT University)P
Jaan-Pauli Kimpimäki (LUT University)
Terhi Chakhovich (LUT University)
2. Accountants in a Digital Era—The Role of Protective Identity Work and Identity Fluidity
Virpi Ala-Heikkilä (University ofVaasa)P
MikaYlinen (University ofVaasa)
Marko Jarvenpaa (University ofVaasa)
Minna Sadeharju (University ofVaasa)
3. Evolving Beyond Numbers: Management Accountant Roles in the Age of Digital Transformation
Janina Matern (University of Hagen)P
Klaus Derfuss (University of Hagen)
Kristopher Pantani (University of Hagen)
Sina Sauerland (affiliation not provided)
Christian Geyer (affiliation not provided)
MA PS 05 room 403
. . . . . . . . . . . . . . . . . . . . . . . . chaired by: Gianluca F. Delfino (Stockholm School of Economics)
1. Proprietary Costs and Divisional Transparency
Victor Schauer (LMU Munich)P
Christian Hofmann (LMU Munich)
Nina Schwaiger (LMU Munich)
2. Management Control Systems in SMEs: The Role of Cost Control in Working Capital Management
Evelyn Braumann (Vrije Universiteit Amsterdam)P
Melanie Feldhues (Copenhagen Business School)
3. Demand Variability, Predictability, and Cost Structure
James Cannon (Utah State University)
MA RF 02 room 304B
. . . . . . . . . . . . . . . . . . . . . . . . . . . . . . . . . . . . . . . . . . . . . . . . . . . . . . . . . . . . . . . . . . . . . . . . . . . . . . .
1. Cultural Perspectives on Pay for Performance: Exploring its Impact on Motivation and Work Effort
Flavia Schmid (University of St. Gallen)P
Maël Schnegg (University of St. Gallen)
Klaus Moeller (University of St. Gallen)
58","[Category]:Management Accounting;[Name]:We are different: personal characteristics and the use of real-time relative performance information;[Author_1]:Gary (Guanlin) Wang;[Uni_1]:University of Bristol;[Author_2]:Mariano Scapin;[Uni_2]:University of Bristol;[Author_3]:Christopher S. Chapman;[Uni_3]:University of Bristol  
[Category]:Management Accounting;[Name]:Prompting Away the Fixation: How the Use of Generative AI Reduces Surrogation;[Author_1]:Dennis Fehrenbacher;[Uni_1]:Monash University;[Author_2]:Victor Van Pelt;[Uni_2]:WHU - Otto Beisheim School of Management  
[Category]:Management Accounting;[Name]:Does Artificial Intelligence Elevate or Undermine Strategic Distinctiveness? An Empirical Investigation of AI in Strategizing;[Author_1]:Sebastian Firk;[Uni_1]:University of Groningen;[Author_2]:Yannik Gehrke;[Uni_2]:University of Hamburg;[Author_3]:Marvin Hanisch;[Uni_3]:University of Groningen;[Author_4]:Jan Hennig;[Uni_4]:University of Groningen;[Author_5]:Michael Wolff;[Uni_5]:University of Göttingen  
[Category]:Management Accounting;[Name]:Trends in controllers’ roles and skills: Longitudinal evidence from Finland;[Author_1]:Tytty Elo;[Uni_1]:LUT University;[Author_2]:Jaan-Pauli Kimpimäki;[Uni_2]:LUT University;[Author_3]:Terhi Chakhovich;[Uni_3]:LUT University  
[Category]:Management Accounting;[Name]:Accountants in a Digital Era—The Role of Protective Identity Work and Identity Fluidity;[Author_1]:Virpi Ala-Heikkilä;[Uni_1]:University of Vaasa;[Author_2]:Mika Ylinen;[Uni_2]:University of Vaasa;[Author_3]:Marko Jarvenpaa;[Uni_3]:University of Vaasa;[Author_4]:Minna Sadeharju;[Uni_4]:University of Vaasa  
[Category]:Management Accounting;[Name]:Evolving Beyond Numbers: Management Accountant Roles in the Age of Digital Transformation;[Author_1]:Janina Matern;[Uni_1]:University of Hagen;[Author_2]:Klaus Derfuss;[Uni_2]:University of Hagen;[Author_3]:Kristopher Pantani;[Uni_3]:University of Hagen;[Author_4]:Sina Sauerland;[Uni_4]:affiliation not provided;[Author_5]:Christian Geyer;[Uni_5]:affiliation not provided  
[Category]:Management Accounting;[Name]:Proprietary Costs and Divisional Transparency;[Author_1]:Victor Schauer;[Uni_1]:LMU Munich;[Author_2]:Christian Hofmann;[Uni_2]:LMU Munich;[Author_3]:Nina Schwaiger;[Uni_3]:LMU Munich  
[Category]:Management Accounting;[Name]:Management Control Systems in SMEs: The Role of Cost Control in Working Capital Management;[Author_1]:Evelyn Braumann;[Uni_1]:Vrije Universiteit Amsterdam;[Author_2]:Melanie Feldhues;[Uni_2]:Copenhagen Business School  
[Category]:Management Accounting;[Name]:Demand Variability, Predictability, and Cost Structure;[Author_1]:James Cannon;[Uni_1]:Utah State University  
[Category]:Management Accounting;[Name]:Cultural Perspectives on Pay for Performance: Exploring its Impact on Motivation and Work Effort;[Author_1]:Flavia Schmid;[Uni_1]:University of St. Gallen;[Author_2]:Maël Schnegg;[Uni_2]:University of St. Gallen;[Author_3]:Klaus Moeller;[Uni_3]:University of St. Gallen"
58,58.0,"2. A New Era of Professional Development in Big 4 Firms: The Role of Management Control Practices
Michelle Carr (University College Cork)P
Stefan Jooss (University of Queensland)
Amalie Ringgaard (University College Cork)
3. Don’t boss me around: Mandated CSR investing and managers’allocation decisions
AdamVitalis (University ofWaterloo)P
Xi (Jason) Kuang (Georgia Institute of Technology)
Jonathan Kugel (Christopher Newport University)
Jordan Bable (Indiana University)
4. Beyond Pay-For-Performance: Change Enough or Don’t Change at All
Maël Schnegg (University of St. Gallen)P
Jonas Solbach (University of St. Gallen)
Klaus Moeller (University of St. Gallen)
5. Navigating Scandals: A Longitudinal Analysis of Corporate Communication Strategies in Sustainability
Reporting and Social Media
Alice Pennesi (Università Politecnica delle Marche)
MA RF 03 room 305B
. . . . . . . . . . . . . . . . . . . . . . . . . . . . . . . . . . . chaired by: DetianYang (University of Hong Kong)
1. When Strategy and Structure Benefit Shareholders: The Crucial Role of Aligning Organizational Structure with
Organizational Strategy to Maximize Return on Asse
Carol Pomare (Mount Allison University)
Rajiv Banker (Temple University)
Jorge Romero (Towson University)P
2. ESG Incentives in Executive Compensation
Matthias Efing (HEC Paris)
Stefanie Ehmann (Tuebingen University)
Patrick Kampkoetter (Tuebingen University)P
Raphael Moritz (University of Tübingen)
3. Forecast and Budget Design Interdependence, Forecast Roles, and Management Control Effectiveness
Daniel Mucci (Universidade de São Paulo)
4. How to Control Boundary Spanners for Good Cooperation?—A study in the AEC industry
Garlef Hupfer (IPRI gGmbH)
Thursday,May 29, 09:00–10:30
MA PS 06 room 401
. . . . . . . . . . . . . . . . . . . . . . . . . . . . . . . chaired by: Sergeja Slapničar (University of Queensland)
1. Target Difficulty, Effort-Reward Imbalance and Employee Wellbeing: Evidence from a Longitudinal Survey
BerendVan Der Kolk (Vrije Universiteit Amsterdam)P
Martijn Schoute (affiliation not provided)
Makoto Kuroki (Yokohama City University)
2. The psychological safe budgeting process and ambitious budget targets—An interaction perspective
Anna Jensen (Aarhus University)
Thomas Kristensen (Aarhus University)P
Thomas Toldbod (affiliation not provided)
3. The Effects of Performance Targets on Employee Learning
Jacob Zureich (Lehigh University)
MA PS 07 room 403
. . . . . . . . . . . . . . . . . . . . . . . . . . . . . . . . . chaired by: Gary (Guanlin)Wang (University of Bristol)
1. Time to Innovate: The Role of Input Incentives in Creative Production
Michael Milde (University of Göttingen)P
59","[Category]:Financial Reporting;[Name]:A New Era of Professional Development in Big 4 Firms: The Role of Management Control Practices;[Author_1]:Michelle Carr;[Uni_1]:University College Cork;[Author_2]:Stefan Jooss;[Uni_2]:University of Queensland;[Author_3]:Amalie Ringgaard;[Uni_3]:University College Cork  
[Category]:Financial Reporting;[Name]:Don’t boss me around: Mandated CSR investing and managers’ allocation decisions;[Author_1]:Adam Vitalis;[Uni_1]:University of Waterloo;[Author_2]:Xi (Jason) Kuang;[Uni_2]:Georgia Institute of Technology;[Author_3]:Jonathan Kugel;[Uni_3]:Christopher Newport University;[Author_4]:Jordan Bable;[Uni_4]:Indiana University  
[Category]:Financial Reporting;[Name]:Beyond Pay-For-Performance: Change Enough or Don’t Change at All;[Author_1]:Maël Schnegg;[Uni_1]:University of St. Gallen;[Author_2]:Jonas Solbach;[Uni_2]:University of St. Gallen;[Author_3]:Klaus Moeller;[Uni_3]:University of St. Gallen  
[Category]:Financial Reporting;[Name]:Navigating Scandals: A Longitudinal Analysis of Corporate Communication Strategies in Sustainability Reporting and Social Media;[Author_1]:Alice Pennesi;[Uni_1]:Università Politecnica delle Marche  
[Category]:Accounting and Governance;[Name]:When Strategy and Structure Benefit Shareholders: The Crucial Role of Aligning Organizational Structure with Organizational Strategy to Maximize Return on Asse;[Author_1]:Carol Pomare;[Uni_1]:Mount Allison University;[Author_2]:Rajiv Banker;[Uni_2]:Temple University;[Author_3]:Jorge Romero;[Uni_3]:Towson University  
[Category]:Accounting and Governance;[Name]:ESG Incentives in Executive Compensation;[Author_1]:Matthias Efing;[Uni_1]:HEC Paris;[Author_2]:Stefanie Ehmann;[Uni_2]:Tuebingen University;[Author_3]:Patrick Kampkoetter;[Uni_3]:Tuebingen University;[Author_4]:Raphael Moritz;[Uni_4]:University of Tübingen  
[Category]:Management Accounting;[Name]:Forecast and Budget Design Interdependence, Forecast Roles, and Management Control Effectiveness;[Author_1]:Daniel Mucci;[Uni_1]:Universidade de São Paulo  
[Category]:Management Accounting;[Name]:How to Control Boundary Spanners for Good Cooperation?—A study in the AEC industry;[Author_1]:Garlef Hupfer;[Uni_1]:IPRI gGmbH  
[Category]:Accounting and Governance;[Name]:Target Difficulty, Effort-Reward Imbalance and Employee Wellbeing: Evidence from a Longitudinal Survey;[Author_1]:Berend Van Der Kolk;[Uni_1]:Vrije Universiteit Amsterdam;[Author_2]:Martijn Schoute;[Uni_2]:affiliation not provided;[Author_3]:Makoto Kuroki;[Uni_3]:Yokohama City University  
[Category]:Accounting and Governance;[Name]:The psychological safe budgeting process and ambitious budget targets—An interaction perspective;[Author_1]:Anna Jensen;[Uni_1]:Aarhus University;[Author_2]:Thomas Kristensen;[Uni_2]:Aarhus University;[Author_3]:Thomas Toldbod;[Uni_3]:affiliation not provided  
[Category]:Management Accounting;[Name]:The Effects of Performance Targets on Employee Learning;[Author_1]:Jacob Zureich;[Uni_1]:Lehigh University  
[Category]:Accounting and Information Systems;[Name]:Time to Innovate: The Role of Input Incentives in Creative Production;[Author_1]:Michael Milde;[Uni_1]:University of Göttingen"
59,59.0,"Ruiqiong Zhang (Tilburg University)
Simon Dekeyser (KU Leuven)
Eddy Cardinaels (Tilburg University)
2. Creativity under AI performance evaluation
Michele Fumagalli (Bocconi University)
3. Value-based management and technological innovation: Empirical evidence on the role of context factors
Ivo Schedlinsky (Ludwig-Maximilians-Universität München)P
Friedrich Sommer (University of Bayreuth)
MichaelWiegerling (Bayreuth University)
MA RF 04 room 304A
. . . . . . . . . . . . . . . . . . . . . . . . . . . . . . . . . . . . . . . chaired by: Lan Nguyen (University of Bristol)
1. Management accounting practices and Corporate sustainability: Addressing the CSRD requirements through a
performance management framework
Ivo Hristov (University of L’Aquila)P
Cory Searcy (Toronto Metropolitan University)
Alessandro Mechelli (University of Rome-TorVergata)
2. Interpersonal Affect versus Field-Specific Knowledge: A Natural Experiment in Blinded Performance
Evaluations
Jose Luis Ucieda Blanco (Universidad Autónoma de Madrid)
Jacobo Gomez Conde (Universidad Autónoma de Madrid)P
Ricardo Malagueno (University of Essex)
Beatriz Santos-Cabalgante (Universidad Autónoma de Madrid)
3. Dual-Tasking in the Workplace: The Role of Incentives and Social Presence
Kristian Rotaru (Monash University)P
Tao Hu (Monash University)
John Ko (Monash University)
James Sewell (Monash University)
Dennis Fehrenbacher (Monash University)
4. The Role of Contractual Ambiguity and Joint Steering Committees for Managing non-equity R&D Alliances
AdèleVanpoucke (KU Leuven)P
Martine Cools (KU Leuven)
Kristof Stouthuysen (affiliation not provided)
AlexandraVan Den Abbeele (KU Leuven)
5. Accounting for the Human Factor: Managing Budgetary Slack and Dark Triad Personalities
Sebastian Oelrich (Aarhus University)
Thomas Günther (Dresden University of Technology)
Mathilde Tønnesen (Aarhus University)P
TobiasVoigtlaender (Dresden University of Technology)
MA RF 05 room 305A
. . . . . . . . . . . . . . . . . . . . . . . . . . . . chaired by: UteVanini (Kiel University of Applied Science)
1. Investigating the effects of environmental uncertainty, competitive strategy, and management control systems on
organizational learning and performance
Rachmawati Rachmawati (Widya Mandala Catholic Surabaya University)
Lindawati Gani (Universitas Indonesia)
Johnny Jermias (Simon Fraser University)P
2. The Impact of Board and Executive Characteristics on ESG Disclosure
Chih Fang (Morgan State University)
Musharraf Alanazi (Mogan State University)
Kevin Fang (University of Maryland)
60","[Category]:Financial Reporting;[Name]:Creativity under AI performance evaluation;[Author_1]:Michele Fumagalli;[Uni_1]:Bocconi University;[Author_2]:;[Uni_2]:;[Author_3]:;[Uni_3]:;[Author_4]:;[Uni_4]:;[Author_5]:;[Uni_5]:  
[Category]:Management Accounting;[Name]:Management accounting practices and Corporate sustainability: Addressing the CSRD requirements through a performance management framework;[Author_1]:Ivo Hristov;[Uni_1]:University of L’Aquila;[Author_2]:Cory Searcy;[Uni_2]:Toronto Metropolitan University;[Author_3]:Alessandro Mechelli;[Uni_3]:University of Rome-TorVergata;[Author_4]:;[Uni_4]:;[Author_5]:;[Uni_5]:  
[Category]:Management Accounting;[Name]:Interpersonal Affect versus Field-Specific Knowledge: A Natural Experiment in Blinded Performance Evaluations;[Author_1]:Jose Luis Ucieda Blanco;[Uni_1]:Universidad Autónoma de Madrid;[Author_2]:Jacobo Gomez Conde;[Uni_2]:Universidad Autónoma de Madrid;[Author_3]:Ricardo Malagueno;[Uni_3]:University of Essex;[Author_4]:Beatriz Santos-Cabalgante;[Uni_4]:Universidad Autónoma de Madrid;[Author_5]:;[Uni_5]:  
[Category]:Management Accounting;[Name]:Dual-Tasking in the Workplace: The Role of Incentives and Social Presence;[Author_1]:Kristian Rotaru;[Uni_1]:Monash University;[Author_2]:Tao Hu;[Uni_2]:Monash University;[Author_3]:John Ko;[Uni_3]:Monash University;[Author_4]:James Sewell;[Uni_4]:Monash University;[Author_5]:Dennis Fehrenbacher;[Uni_5]:Monash University  
[Category]:Management Accounting;[Name]:The Role of Contractual Ambiguity and Joint Steering Committees for Managing non-equity R&D Alliances;[Author_1]:Adèle Vanpoucke;[Uni_1]:KU Leuven;[Author_2]:Martine Cools;[Uni_2]:KU Leuven;[Author_3]:Kristof Stouthuysen;[Uni_3]:;[Author_4]:Alexandra Van Den Abbeele;[Uni_4]:KU Leuven;[Author_5]:;[Uni_5]:  
[Category]:Management Accounting;[Name]:Accounting for the Human Factor: Managing Budgetary Slack and Dark Triad Personalities;[Author_1]:Sebastian Oelrich;[Uni_1]:Aarhus University;[Author_2]:Thomas Günther;[Uni_2]:Dresden University of Technology;[Author_3]:Mathilde Tønnesen;[Uni_3]:Aarhus University;[Author_4]:Tobias Voigtlaender;[Uni_4]:Dresden University of Technology;[Author_5]:;[Uni_5]:  
[Category]:Accounting and Governance;[Name]:Investigating the effects of environmental uncertainty, competitive strategy, and management control systems on organizational learning and performance;[Author_1]:Rachmawati Rachmawati;[Uni_1]:Widya Mandala Catholic Surabaya University;[Author_2]:Lindawati Gani;[Uni_2]:Universitas Indonesia;[Author_3]:Johnny Jermias;[Uni_3]:Simon Fraser University;[Author_4]:;[Uni_4]:;[Author_5]:;[Uni_5]:  
[Category]:Accounting and Governance;[Name]:The Impact of Board and Executive Characteristics on ESG Disclosure;[Author_1]:Chih Fang;[Uni_1]:Morgan State University;[Author_2]:Musharraf Alanazi;[Uni_2]:Mogan State University;[Author_3]:Kevin Fang;[Uni_3]:University of Maryland;[Author_4]:;[Uni_4]:;[Author_5]:;[Uni_5]:"
60,60.0,"HweiWang (University of Maryland Eastern Shore)P
LeslieWest (University of Maryland Eastern Shore)
3. Board Interlocks and Asymmetric Cost Behavior
Yao Zhang (Tongji University)
4. The interplay between the organization’s management model and business model
Reinaldo Guerreiro (Universidade de São Paulo)P
Paschoal Russo (FIPECAFI)
Juliana Amaral (Faculdade Fipecafi)
Thursday,May 29, 11:00–12:30
MA PSD 03 room T01
. . . . . . . . . . . . . . . . . . . . . . . . . . . . . . . . . . . chaired by: Mark Anderson (University of Calgary)
1. Cost Uniqueness and Tax Avoidance
Hsihui Chang (Drexel University)
Yingwen Guo (Hong Kong Polytechnic University)
Raj Mashruwala (University of Calgary)P
YeWang (Toronto Metropolitan University)
Discussant: Hari Ramasubramanian (Frankfurt School of Finance & Management)
2. Asymmetric Cost Behavior and Corporate Environmental Commitments
DetianYang (University of Hong Kong)P
Clara Xiaoling Chen (University of Illinois Urbana-Champaign)
Jackie Zeyang Ju (University of Kentucky)
Hong Xie (University of Kentucky)
Discussant: Andre Hoppe (KU Leuven)
MA PS 08 room 401
. . . . . . . . . . . . . . . . . . . . . . . . . . . . . . . . . . chaired by: Adel Beldi (IÉSEG School of Management)
1. Management control through verbal rewards—A systematic review and research agenda
Sven Siverbo (Karlstad University)
2. The digital sky is the limit: management control and technological affordances in a platform organization in the
aviation industry
Veronica Casarin (ESSEC Business School)
Christoph Endenich (ESSEC Business School)P
Stefan Linder (ESSEC Business School)
Keith Robson (HEC Paris)
3. The Interplay of Management Control Systems and Employee Identification Processes in Organizational
Cultural Change
Gianluca F. Delfino (Stockholm School of Economics)P
Caterina Moschieri (IE Business School)
MA RF 06 room 304B
. . . . . . . . . . . . . . . . . . . . . . . . . . . . chaired by: Virpi Haaramo (University of Eastern Finland)
1. Misconduct Reporting and Identity
Yutong Chen (Frankfurt School of Finance & Management)P
Hari Ramasubramanian (Frankfurt School of Finance & Management)
TimoVogelsang (Frankfurt School of Finance & Management)
2. The double-edged sword of social capital embeddedness: a sequential model for linking information systems
quality to social value creation in cooperatives
Thiago Tomaz Luiz (Federal University of Santa Catarina)P
Ilse Beuren (Federal University of Santa Catarina)
Renata Oliveira (Federal University of Uberlândia)
Vanderlei Santos (Santa Catarina State University)
61","[Category]:Financial Reporting;[Name]:Board Interlocks and Asymmetric Cost Behavior;[Author_1]:Yao Zhang;[Uni_1]:Tongji University  
[Category]:Management Accounting;[Name]:The interplay between the organization’s management model and business model;[Author_1]:Reinaldo Guerreiro;[Uni_1]:Universidade de São Paulo;[Author_2]:Paschoal Russo;[Uni_2]:FIPECAFI;[Author_3]:Juliana Amaral;[Uni_3]:Faculdade Fipecafi  
[Category]:Management Accounting;[Name]:Cost Uniqueness and Tax Avoidance;[Author_1]:Hsihui Chang;[Uni_1]:Drexel University;[Author_2]:Yingwen Guo;[Uni_2]:Hong Kong Polytechnic University;[Author_3]:Raj Mashruwala;[Uni_3]:University of Calgary;[Author_4]:YeWang;[Uni_4]:Toronto Metropolitan University  
[Category]:Management Accounting;[Name]:Asymmetric Cost Behavior and Corporate Environmental Commitments;[Author_1]:DetianYang;[Uni_1]:University of Hong Kong;[Author_2]:Clara Xiaoling Chen;[Uni_2]:University of Illinois Urbana-Champaign;[Author_3]:Jackie Zeyang Ju;[Uni_3]:University of Kentucky;[Author_4]:Hong Xie;[Uni_4]:University of Kentucky  
[Category]:Management Accounting;[Name]:Management control through verbal rewards—A systematic review and research agenda;[Author_1]:Sven Siverbo;[Uni_1]:Karlstad University  
[Category]:Management Accounting;[Name]:The digital sky is the limit: management control and technological affordances in a platform organization in the aviation industry;[Author_1]:Veronica Casarin;[Uni_1]:ESSEC Business School;[Author_2]:Christoph Endenich;[Uni_2]:ESSEC Business School;[Author_3]:Stefan Linder;[Uni_3]:ESSEC Business School;[Author_4]:Keith Robson;[Uni_4]:HEC Paris  
[Category]:Management Accounting;[Name]:The Interplay of Management Control Systems and Employee Identification Processes in Organizational Cultural Change;[Author_1]:Gianluca F. Delfino;[Uni_1]:Stockholm School of Economics;[Author_2]:Caterina Moschieri;[Uni_2]:IE Business School  
[Category]:Management Accounting;[Name]:Misconduct Reporting and Identity;[Author_1]:Yutong Chen;[Uni_1]:Frankfurt School of Finance & Management;[Author_2]:Hari Ramasubramanian;[Uni_2]:Frankfurt School of Finance & Management;[Author_3]:TimoVogelsang;[Uni_3]:Frankfurt School of Finance & Management  
[Category]:Management Accounting;[Name]:The double-edged sword of social capital embeddedness: a sequential model for linking information systems quality to social value creation in cooperatives;[Author_1]:Thiago Tomaz Luiz;[Uni_1]:Federal University of Santa Catarina;[Author_2]:Ilse Beuren;[Uni_2]:Federal University of Santa Catarina;[Author_3]:Renata Oliveira;[Uni_3]:Federal University of Uberlândia;[Author_4]:Vanderlei Santos;[Uni_4]:Santa Catarina State University"
61,61.0,"3. Governmental Exposure: Curse or Blessing? New Insights from Resource-Adjustment Decisions
Awad Ibrahim (Portsmouth University)P
Hesham Ali (Nottingham University)
4. Manager’s Dilemma between Career Concerns and the Ratchet Effect
Jumpei Nishitani (Ritsumeikan University)P
Yasuhiro Mazda (Tohoku University)
5. The framing of performance measures, target setting and effort provision
Tomohiro Sakuma (Kobe University)
Sho Hayakawa (University of Marketing and Distribution Sciences)P
Hiroshi Miya (Kobe University)
Eiichiro Suematsu (Saitama University)
Thursday,May 29, 14:00–15:30
MA PS 09 room 203
. . . . . . . . . . . . . . . . . . . . . . . . . . . . . . chaired by: Catherine Batt (Copenhagen Business School)
1. Nonexecutive Equity Compensation and Financial Leverage
Yinghui Chen (Beijing Normal University)P
Ting Ren (Peking University, HSBC Business School)
MarshallVance (Virginia Tech)
Youzhi Xiao (Southeast University)
2. A Field Experiment on the Effect of (Non) Compensatory Team Compensation on Team Performance of a
Conjunctive Task
Khim Kelly (University of Central Florida)P
Adam Presslee (University ofWaterloo)
Kelsey Matthews (University ofWaterloo)
3. Management control choices and firm motivations for environmental sustainability
David Bedford (University of Technology Sydney)
Josep Bisbe (ESADE)P
Marti Guasch (ESADE)
MA RF 07 room 402
. . . . . . . . . . . . . . . . . . . . . . . . . . . . . . . . . chaired by: Tim Schacherer (University of Osnabrück)
1. Social media exposure and control systems flexibility
Jacobo Gomez Conde (Universidad Autónoma de Madrid)
Januário Monteiro (University of East Anglia)P
Rogério Lunkes (Federal University of Santa Catarina)
2. The effect of an environmental mission statement and leadership communication style on employees’
pro-environmental behavior
Sophie Maussen (Ghent University)
MelissaVerniest (Ghent University)P
Sophie Hoozée (Ghent University)
Marie Claeys (Ghent University)
3. Diffusion of management practices between a local company and a global company—a case study
Luis Pimentel (Universidade Europeia - Cetrad Europeia)P
Tiago Dias (Europeia University)
Ruben Barros (ISCTE - Instituto Universitário de Lisboa)
4. Rewarding a Leadership Team: Insights from CEO Pay Slice and Pay Dispersion among the CEO’s Top Team
Mark Anderson (University of Calgary)P
Yan Ma (University of North Florida)
Rong Zhao (University of Calgary)
5. Strategic Management Accounting Practices in the Digital Era: The Role of Blockchain Technology
62","[Category]:Financial Reporting;[Name]:Governmental Exposure: Curse or Blessing? New Insights from Resource-Adjustment Decisions;[Author_1]:Awad Ibrahim;[Uni_1]:Portsmouth University;[Author_2]:Hesham Ali;[Uni_2]:Nottingham University  
[Category]:Management Accounting;[Name]:Manager’s Dilemma between Career Concerns and the Ratchet Effect;[Author_1]:Jumpei Nishitani;[Uni_1]:Ritsumeikan University;[Author_2]:Yasuhiro Mazda;[Uni_2]:Tohoku University  
[Category]:Management Accounting;[Name]:The framing of performance measures, target setting and effort provision;[Author_1]:Tomohiro Sakuma;[Uni_1]:Kobe University;[Author_2]:Sho Hayakawa;[Uni_2]:University of Marketing and Distribution Sciences;[Author_3]:Hiroshi Miya;[Uni_3]:Kobe University;[Author_4]:Eiichiro Suematsu;[Uni_4]:Saitama University  
[Category]:Management Accounting;[Name]:Nonexecutive Equity Compensation and Financial Leverage;[Author_1]:Yinghui Chen;[Uni_1]:Beijing Normal University;[Author_2]:Ting Ren;[Uni_2]:Peking University, HSBC Business School;[Author_3]:Marshall Vance;[Uni_3]:Virginia Tech;[Author_4]:Youzhi Xiao;[Uni_4]:Southeast University  
[Category]:Management Accounting;[Name]:A Field Experiment on the Effect of (Non) Compensatory Team Compensation on Team Performance of a Conjunctive Task;[Author_1]:Khim Kelly;[Uni_1]:University of Central Florida;[Author_2]:Adam Presslee;[Uni_2]:University of Waterloo;[Author_3]:Kelsey Matthews;[Uni_3]:University of Waterloo  
[Category]:Management Accounting;[Name]:Management control choices and firm motivations for environmental sustainability;[Author_1]:David Bedford;[Uni_1]:University of Technology Sydney;[Author_2]:Josep Bisbe;[Uni_2]:ESADE;[Author_3]:Marti Guasch;[Uni_3]:ESADE  
[Category]:Management Accounting;[Name]:Social media exposure and control systems flexibility;[Author_1]:Jacobo Gomez Conde;[Uni_1]:Universidad Autónoma de Madrid;[Author_2]:Januário Monteiro;[Uni_2]:University of East Anglia;[Author_3]:Rogério Lunkes;[Uni_3]:Federal University of Santa Catarina  
[Category]:Management Accounting;[Name]:The effect of an environmental mission statement and leadership communication style on employees’ pro-environmental behavior;[Author_1]:Sophie Maussen;[Uni_1]:Ghent University;[Author_2]:Melissa Verniest;[Uni_2]:Ghent University;[Author_3]:Sophie Hoozée;[Uni_3]:Ghent University;[Author_4]:Marie Claeys;[Uni_4]:Ghent University  
[Category]:Management Accounting;[Name]:Diffusion of management practices between a local company and a global company—a case study;[Author_1]:Luis Pimentel;[Uni_1]:Universidade Europeia - Cetrad Europeia;[Author_2]:Tiago Dias;[Uni_2]:Europeia University;[Author_3]:Ruben Barros;[Uni_3]:ISCTE - Instituto Universitário de Lisboa  
[Category]:Management Accounting;[Name]:Rewarding a Leadership Team: Insights from CEO Pay Slice and Pay Dispersion among the CEO’s Top Team;[Author_1]:Mark Anderson;[Uni_1]:University of Calgary;[Author_2]:Yan Ma;[Uni_2]:University of North Florida;[Author_3]:Rong Zhao;[Uni_3]:University of Calgary"
62,62.0,"Rong Zhang (Queen Mary University of London)
Thursday,May 29, 16:00–17:30
MA PS 10 room 203
. . . . . . . . . . . . . . . . . . . . . . . . . . . . . . . . . . . . chaired by: Michele Fumagalli (Bocconi University)
1. The Effect of Reward Frequency and Reward Conditionality on Drivers of Employee Performance
Grazia Xiong (Utah State University)P
Drew Newman (University of South Carolina)
Ivo Tafkov (Georgia State University)
NathanWaddoups (University of Denver)
2. The Moderating Role of Personal Identity in Prosocial Incentives: An Experimental Investigation
Liliana Dewaele (Open University of the Netherlands)P
Thomas Thijssens (Open University of the Netherlands)
Frank Hubers (Open University of the Netherlands)
Marjolein Caniels (Open University of the Netherlands)
3. Design Qualities and Their Interdependencies in Performance Measurement Systems: On the Contours of a
Meta-Structure
Allan Hansen (Copenhagen Business School)
MA PS 11 room 303
. . . . . . . . . . . . . . . . . . . . . . . . . . . . . . . . chaired by: Nicholle Kovach (Wilfrid Laurier University)
1. Flourishing or Wilting? Managing mixed emotions under target-driven pressures
Lan Nguyen (University of Bristol)
2. When Data Visualization Backfires: The Effect of Mood and Data Visualization on Mood-congruence Bias
Yasheng Chen (Xiamen University)
Xin Xu (SunYat-Sen University)P
HuaxiangYin (Nanyang Technological University)
3. Faster or Slower than Expected: Either is a Bad Signal if You Are Already Disliked
Jeremiah Bentley (University of Massachusetts Amherst)P
Matthew Sherwood (University of Massachusetts Amherst)
AubreyWhitfield (Illinois State University)
MA RF 08 room 205B
. . . . . . . . . . . . . . . . . . . . . . . . . . . . . . . . . . . . . . . . . . . . . . . . . . . . . . . . . . . . . . . . . . . . . . . . . . . . . . .
1. The Effects of Reporting Frequency and Reporting Structure on Employee Effort
Razvan Ghita (University of Southern Denmark)P
Victor Maas (University of Amsterdam)
2. A theory of firm sustainability practices for future financial risks
ToshiakiWakabayashi (Waseda University)
Makoto Kuroki (Yokohama City University)P
MA RF 09 room 304B
. . . . . . . . . . . . . . . . . . . . . . . . . . . . . . . . . . . . . . . . . . . . . . chaired by: Florian Loizl (WUVienna)
1. The effect of control strength on outlier-driven control decisions
Cardin Masselink (Tilburg University)P
Bart Dierynck (Tilburg University)
2. Buyers Beware: The Effect of Buyers’ Product Mix and Support Provided to Tier-1 Suppliers on Supply Chain
Sustainability
Linda Chang (University of New SouthWales)P
Mandy Cheng (University of New SouthWales)
3. The Role of Loss Aversion in Multi-Rater Subjective Performance Evaluations
Taichi Kimura (Keio University)P
Takahiro Morimitsu (Seinan Gakuin University)
63","[Category]:Financial Reporting;[Name]:The Effects of Reporting Frequency and Reporting Structure on Employee Effort;[Author_1]:Razvan Ghita;[Uni_1]:University of Southern Denmark;[Author_2]:Victor Maas;[Uni_2]:University of Amsterdam  
[Category]:Management Accounting;[Name]:The Effect of Reward Frequency and Reward Conditionality on Drivers of Employee Performance;[Author_1]:Grazia Xiong;[Uni_1]:Utah State University;[Author_2]:Drew Newman;[Uni_2]:University of South Carolina;[Author_3]:Ivo Tafkov;[Uni_3]:Georgia State University;[Author_4]:Nathan Waddoups;[Uni_4]:University of Denver  
[Category]:Management Accounting;[Name]:The Moderating Role of Personal Identity in Prosocial Incentives: An Experimental Investigation;[Author_1]:Liliana Dewaele;[Uni_1]:Open University of the Netherlands;[Author_2]:Thomas Thijssens;[Uni_2]:Open University of the Netherlands;[Author_3]:Frank Hubers;[Uni_3]:Open University of the Netherlands;[Author_4]:Marjolein Caniels;[Uni_4]:Open University of the Netherlands  
[Category]:Management Accounting;[Name]:Design Qualities and Their Interdependencies in Performance Measurement Systems: On the Contours of a Meta-Structure;[Author_1]:Allan Hansen;[Uni_1]:Copenhagen Business School  
[Category]:Management Accounting;[Name]:Flourishing or Wilting? Managing mixed emotions under target-driven pressures;[Author_1]:Lan Nguyen;[Uni_1]:University of Bristol  
[Category]:Management Accounting;[Name]:When Data Visualization Backfires: The Effect of Mood and Data Visualization on Mood-congruence Bias;[Author_1]:Yasheng Chen;[Uni_1]:Xiamen University;[Author_2]:Xin Xu;[Uni_2]:Sun Yat-Sen University;[Author_3]:Huaxiang Yin;[Uni_3]:Nanyang Technological University  
[Category]:Management Accounting;[Name]:Faster or Slower than Expected: Either is a Bad Signal if You Are Already Disliked;[Author_1]:Jeremiah Bentley;[Uni_1]:University of Massachusetts Amherst;[Author_2]:Matthew Sherwood;[Uni_2]:University of Massachusetts Amherst;[Author_3]:Aubrey Whitfield;[Uni_3]:Illinois State University  
[Category]:Financial Reporting;[Name]:The Effects of Reporting Frequency and Reporting Structure on Employee Effort;[Author_1]:Razvan Ghita;[Uni_1]:University of Southern Denmark;[Author_2]:Victor Maas;[Uni_2]:University of Amsterdam  
[Category]:Accounting and Governance;[Name]:A theory of firm sustainability practices for future financial risks;[Author_1]:Toshiaki Wakabayashi;[Uni_1]:Waseda University;[Author_2]:Makoto Kuroki;[Uni_2]:Yokohama City University  
[Category]:Management Accounting;[Name]:The effect of control strength on outlier-driven control decisions;[Author_1]:Cardin Masselink;[Uni_1]:Tilburg University;[Author_2]:Bart Dierynck;[Uni_2]:Tilburg University  
[Category]:Accounting and Governance;[Name]:Buyers Beware: The Effect of Buyers’ Product Mix and Support Provided to Tier-1 Suppliers on Supply Chain Sustainability;[Author_1]:Linda Chang;[Uni_1]:University of New South Wales;[Author_2]:Mandy Cheng;[Uni_2]:University of New South Wales  
[Category]:Accounting and Governance;[Name]:The Role of Loss Aversion in Multi-Rater Subjective Performance Evaluations;[Author_1]:Taichi Kimura;[Uni_1]:Keio University;[Author_2]:Takahiro Morimitsu;[Uni_2]:Seinan Gakuin University"
63,63.0,"4. Does Attitude Matter? The Effects of Incentives and Employees’Environmental Attitude on Work-Related
Carbon Reduction Behavior
Xian Huang (University of Science and Technology of China)P
Yasheng Chen (Xiamen University)
Meirong He (Xiamen University)
5. Use of Different Performance Measures and Their Influence on Managers’Decision-making
Yudai Onitsuka (Chiba University)P
Eiichiro Suematsu (Saitama University)
EriYokota (Keio University)
Friday,May 30,09:00–10:30
MA PSD 04 room 308
. . . . . . . . . . . . . . . . . . . . . . . . . . . . . . . . . . . . . . . . . . . . chaired by: Peter Oh (McGill University)
1. The Polarizing Performance Effect of Private Social Comparison Information
Matthias Mahlendorf (Frankfurt School of Finance & Management)P
Kohler Maximilian (affiliation not provided)
Mischa Seiter (Ulm University)
TimoVogelsang (Frankfurt School of Finance & Management)
Discussant: Khim Kelly (University of Central Florida)
2. Mixed Motives for Doing Good: The Effect of Profit Motives in Charitable Initiatives on Employee Opportunism
Joel Berge (NHH - Norwegian School of Economics)P
Farah Arshad (Vrije Universiteit Amsterdam)
Discussant: Jeremiah Bentley (University of Massachusetts Amherst)
MA PS 12 room 103A
. . . . . . . . . . . . . . . . . . . . . . . . . . . . . . . . . . . . . . . chaired by: Kate Cullen (Maynooth University)
1. Time Budget Uncertainty and Creativity
Florian Loizl (WUVienna)P
Christoph Feichter (WUVienna)
Isabella Grabner (WUVienna)
2. Does Local Political Corruption Asymmetrically Affect Resource Adjustment Decisions?
Panagiotis Loukopoulos (University of Strathclyde)P
Georgios Loukopoulos (University of Sussex)
Dimitrios Ntounis (University of Southampton)
3. A Good Virus—The Contagion Effect of Whistleblowing with Monetary Incentives
Alisa Brink (Virginia Commonwealth University)P
Yelin Li (Seattle Pacific University)
MA PS 13 room 401
. . . . . . . . . . . . . . . . . . . . . . . . . . . . . . . chaired by: JurianVan Beusekom (Maastricht University)
1. Infrapolitical Resistance to Management Control in the Home Workplace
Mohamed Chelli (University of Ottawa)P
Darlene Himick (University of Ottawa)
2. Do Retention Bonuses Encourage Complacency? An Experimental Study of Retention Bonus Design
Nicholle Kovach (Wilfrid Laurier University)P
Leslie Berger (Wilfrid Laurier University)
ChristopherWong (Wilfrid Laurier University)
3. Shaping Habits in Organizations: A Field Experiment
Leonhard Grabe (University of Cologne)P
Saskia Opitz (University of Cologne)
Dirk Sliwka (University of Cologne)
64","[Category]:Financial Reporting;[Name]:Does Attitude Matter? The Effects of Incentives and Employees’ Environmental Attitude on Work-Related Carbon Reduction Behavior;[Author_1]:Xian Huang;[Uni_1]:University of Science and Technology of China;[Author_2]:Yasheng Chen;[Uni_2]:Xiamen University;[Author_3]:Meirong He;[Uni_3]:Xiamen University  
[Category]:Management Accounting;[Name]:Use of Different Performance Measures and Their Influence on Managers’ Decision-making;[Author_1]:Yudai Onitsuka;[Uni_1]:Chiba University;[Author_2]:Eiichiro Suematsu;[Uni_2]:Saitama University;[Author_3]:Eri Yokota;[Uni_3]:Keio University  
[Category]:Management Accounting;[Name]:The Polarizing Performance Effect of Private Social Comparison Information;[Author_1]:Matthias Mahlendorf;[Uni_1]:Frankfurt School of Finance & Management;[Author_2]:Kohler Maximilian;[Uni_2]:affiliation not provided;[Author_3]:Mischa Seiter;[Uni_3]:Ulm University;[Author_4]:Timo Vogelsang;[Uni_4]:Frankfurt School of Finance & Management  
[Category]:Management Accounting;[Name]:Mixed Motives for Doing Good: The Effect of Profit Motives in Charitable Initiatives on Employee Opportunism;[Author_1]:Joel Berge;[Uni_1]:NHH - Norwegian School of Economics;[Author_2]:Farah Arshad;[Uni_2]:Vrije Universiteit Amsterdam  
[Category]:Management Accounting;[Name]:Time Budget Uncertainty and Creativity;[Author_1]:Florian Loizl;[Uni_1]:WUVienna;[Author_2]:Christoph Feichter;[Uni_2]:WUVienna;[Author_3]:Isabella Grabner;[Uni_3]:WUVienna  
[Category]:Management Accounting;[Name]:Does Local Political Corruption Asymmetrically Affect Resource Adjustment Decisions?;[Author_1]:Panagiotis Loukopoulos;[Uni_1]:University of Strathclyde;[Author_2]:Georgios Loukopoulos;[Uni_2]:University of Sussex;[Author_3]:Dimitrios Ntounis;[Uni_3]:University of Southampton  
[Category]:Management Accounting;[Name]:A Good Virus—The Contagion Effect of Whistleblowing with Monetary Incentives;[Author_1]:Alisa Brink;[Uni_1]:Virginia Commonwealth University;[Author_2]:Yelin Li;[Uni_2]:Seattle Pacific University  
[Category]:Management Accounting;[Name]:Infrapolitical Resistance to Management Control in the Home Workplace;[Author_1]:Mohamed Chelli;[Uni_1]:University of Ottawa;[Author_2]:Darlene Himick;[Uni_2]:University of Ottawa  
[Category]:Management Accounting;[Name]:Do Retention Bonuses Encourage Complacency? An Experimental Study of Retention Bonus Design;[Author_1]:Nicholle Kovach;[Uni_1]:Wilfrid Laurier University;[Author_2]:Leslie Berger;[Uni_2]:Wilfrid Laurier University;[Author_3]:Christopher Wong;[Uni_3]:Wilfrid Laurier University  
[Category]:Management Accounting;[Name]:Shaping Habits in Organizations: A Field Experiment;[Author_1]:Leonhard Grabe;[Uni_1]:University of Cologne;[Author_2]:Saskia Opitz;[Uni_2]:University of Cologne;[Author_3]:Dirk Sliwka;[Uni_3]:University of Cologne"
64,64.0,"MA PS 14 room 403
. . . . . . . . . . . . . . . . . . . . . . . . . . . . . . . . . . . . chaired by: Michael Hayden (Maynooth University)
1. Uncovering the value drivers in the US airline industry: A machine learning approach
EmmaWillems (Aalto University)P
Kristof Stouthuysen (Vlerick Business School)
TimVerdonck (University of Antwerp)
2. Exploring the dynamic interplay of aspiration and anticipation in the interactional framing of future
performance in forecasting meetings
LeonaWiegmann (ESCP Business School)
Lukas Goretzki (Stockholm School of Economics)
Ferdinand Kunzl (University of Innsbruck)P
3. In Search of Strategic Risk Management: The Interplay between Risk-Based Strategic Planning and Risk
Analytics
Arthur Posch (University of Sustainability - Charlotte Fresenius Private University)P
Evelyn Braumann (Vrije Universiteit Amsterdam)
Aleksandra Klein (University of Sustainability - Charlotte Fresenius Private University)
MA RF 10 room 304B
. . . . . . . . . . . . . . . . . . . . . . . . . . . . . . . . . . . . . . . . . . . chaired by: Elisa Fiore (Luiss Guido Carli)
1. Employee autonomy as a control mechanism: why (and how) supervisors provide autonomy to employees
SanderVan Triest (University of Amsterdam)
2. The Forgotten Dimension: Antecedents and Outcomes of Social Sustainability Measurement
Elisa Ballesio (University of Turin)
Edoardo Crocco (University of Turin)P
ElisabethWalliser (Université Côte d’Azur - GRM)
Laura Broccardo (University of Turin)
3. R&D Expenditure Stickiness and Technological Innovation
Bukyung Kim (Korea University)P
Kyeongmin Kim (Korea University)
Jinbae Kim (Korea University)
4. The transformation of a donor dependent Financial NGO to a commercial microfinance institution: the
interaction between prudential supervisory logic and Manage
Marco Trombetta (IE University)P
Sampson Kwabena Senahey (IE University)
5. Enhancing a family firm’s absorptive capacity: Is there a role for performance measurement systems?
Ann Jorissen (University of Antwerp)P
Martine Cools (KU Leuven)
Phuong Duong (Universiteit Hasselt)
WimVoordeckers (Hasselt University)
Ine Paeleman (Universiteit Antwerpen)
Friday,May 30,11:00–12:30
MA PSD 05 room T01
. . . . . . . . . . . . . . . . . . . . . . . . . chaired by: Robert Rieg (Aalen University of Applied Sciences)
1. Management Control in Hybrid Contexts: The Role of Peer Monitoring for Telecommuters’Career Prospects
Isabella Grabner (WUVienna)
Tanja Schiffner (WUVienna)
MarkusWabnegg (University for Continuing Education Krems)P
Discussant: Josep Bisbe (ESADE)
2. Management Control Consistency and Employee Selection
Jan Roessner (Ludwig-Maximilians-Universität München)P
Christian Hofmann (LMU Munich)
65","[Category]:Management Accounting;[Name]:Uncovering the value drivers in the US airline industry: A machine learning approach;[Author_1]:Emma Willems;[Uni_1]:Aalto University;[Author_2]:Kristof Stouthuysen;[Uni_2]:Vlerick Business School;[Author_3]:Tim Verdonck;[Uni_3]:University of Antwerp  
[Category]:Management Accounting;[Name]:Exploring the dynamic interplay of aspiration and anticipation in the interactional framing of future performance in forecasting meetings;[Author_1]:Leona Wiegmann;[Uni_1]:ESCP Business School;[Author_2]:Lukas Goretzki;[Uni_2]:Stockholm School of Economics;[Author_3]:Ferdinand Kunzl;[Uni_3]:University of Innsbruck  
[Category]:Management Accounting;[Name]:In Search of Strategic Risk Management: The Interplay between Risk-Based Strategic Planning and Risk Analytics;[Author_1]:Arthur Posch;[Uni_1]:University of Sustainability - Charlotte Fresenius Private University;[Author_2]:Evelyn Braumann;[Uni_2]:Vrije Universiteit Amsterdam;[Author_3]:Aleksandra Klein;[Uni_3]:University of Sustainability - Charlotte Fresenius Private University  
[Category]:Management Accounting;[Name]:Employee autonomy as a control mechanism: why (and how) supervisors provide autonomy to employees;[Author_1]:Sander Van Triest;[Uni_1]:University of Amsterdam  
[Category]:Management Accounting;[Name]:The Forgotten Dimension: Antecedents and Outcomes of Social Sustainability Measurement;[Author_1]:Elisa Ballesio;[Uni_1]:University of Turin;[Author_2]:Edoardo Crocco;[Uni_2]:University of Turin;[Author_3]:Elisabeth Walliser;[Uni_3]:Université Côte d’Azur - GRM;[Author_4]:Laura Broccardo;[Uni_4]:University of Turin  
[Category]:Management Accounting;[Name]:R&D Expenditure Stickiness and Technological Innovation;[Author_1]:Bukyung Kim;[Uni_1]:Korea University;[Author_2]:Kyeongmin Kim;[Uni_2]:Korea University;[Author_3]:Jinbae Kim;[Uni_3]:Korea University  
[Category]:Management Accounting;[Name]:The transformation of a donor dependent Financial NGO to a commercial microfinance institution: the interaction between prudential supervisory logic and Manage;[Author_1]:Marco Trombetta;[Uni_1]:IE University;[Author_2]:Sampson Kwabena Senahey;[Uni_2]:IE University  
[Category]:Management Accounting;[Name]:Enhancing a family firm’s absorptive capacity: Is there a role for performance measurement systems?;[Author_1]:Ann Jorissen;[Uni_1]:University of Antwerp;[Author_2]:Martine Cools;[Uni_2]:KU Leuven;[Author_3]:Phuong Duong;[Uni_3]:Universiteit Hasselt;[Author_4]:Wim Voordeckers;[Uni_4]:Hasselt University;[Author_5]:Ine Paeleman;[Uni_5]:Universiteit Antwerpen  
[Category]:Management Accounting;[Name]:Management Control in Hybrid Contexts: The Role of Peer Monitoring for Telecommuters’ Career Prospects;[Author_1]:Isabella Grabner;[Uni_1]:WUVienna;[Author_2]:Tanja Schiffner;[Uni_2]:WUVienna;[Author_3]:Markus Wabnegg;[Uni_3]:University for Continuing Education Krems  
[Category]:Management Accounting;[Name]:Management Control Consistency and Employee Selection;[Author_1]:Jan Roessner;[Uni_1]:Ludwig-Maximilians-Universität München;[Author_2]:Christian Hofmann;[Uni_2]:LMU Munich"
65,65.0,"Nina Schwaiger (LMU Munich)
Discussant: Melissa Martin (University of Illinois Chicago)
MA PS 15 room 103A
. . . . . . . . . . . . . . . . . . . . . . . . . . . . . . . . chaired by: Natalia Mintchik (University of Cincinnati)
1. Algorithmic Target Setting: Fairness Heuristics Drive Subordinate Behavior
Robert Gillenkirch (University of Osnabrück)
Julia Ortner (Mainz University)
Tim Schacherer (University of Osnabrück)P
LouisVelthuis (University of Mainz)
2. Human and Algorithmic Advice in Operational and Strategic Decision Making
Ranna Iraqi (Technical University of Berlin)P
Maik Lachmann (Technical University of Berlin)
3. Beyond traditional and alternative budgeting: Budgeting as a framework
Catherine Batt (Copenhagen Business School)P
Amalie Ringgaard (University College Cork)
MA PS 16 room 403
. . . . . . . . . . . . . . . . . . . . . . . . . . . . . chaired by: JeanetteWillert (Copenhagen Business School)
1. The Effect of Anonymity in Upward Feedback: How Feedback Valence and Participation Basis Affect Manager
Response
Svenja Marsula (Ruhr University Bochum)P
SandraWinkelmann (Ruhr University Bochum)
Todd A. Thornock (University of Nebraska-Lincoln)
Bret Sheeley (University of Pittsburgh)
2. Information search, attention distribution and biased performance evaluations: Evidence from students and
executive managers
Miriam Maske (University of the Bundeswehr München)P
Bernhard Hirsch (Munich University of the Federal Armed Forces)
Matthias Sohn (European UniversityViadrina)
3. The Spillunder Effect: The Interplay between Cognitive Intrusion and Feedback Frequency in Sequential Task
Environments
Anil Kshatriya (ESSEC Business School)P
Hari Ramasubramanian (Frankfurt School of Finance & Management)
MA RF 11 room 304A
. . . . . . . . . . . . . . . . . . . . . . . . . . . chaired by: AlexanderVan Slooten (University of Groningen)
1. Algorithm Aversion in Internal Investment Decision-Making
Tom Gubini (Ruhr University Bochum)P
Thorsten Knauer (Ruhr University Bochum)
Svenja Marsula (Ruhr University Bochum)
SandraWinkelmann (Ruhr University Bochum)
2. Corporate ESG Performance, Nonmonetary Benefits, and Rank-and-file Employee Compensation
Ruixue Zhou (Jinan University)
3. Performance measurement system diversity, Business Intelligence, and digitalization level: impact on
sustainable performance
Kerim Karmeni (Rabat Business School - UIR)
Adel Beldi (IÉSEG School of Management)P
4. The Impact of “Artificial Intelligence Members”on Employee Performance and Team Commitment
Yasheng Chen (Xiamen University)P
ZhuojunWu (Xiamen University)
Ruyi Jie (Xiamen University)
66","[Category]:Financial Reporting;[Name]:Algorithmic Target Setting: Fairness Heuristics Drive Subordinate Behavior;[Author_1]:Robert Gillenkirch;[Uni_1]:University of Osnabrück;[Author_2]:Julia Ortner;[Uni_2]:Mainz University;[Author_3]:Tim Schacherer;[Uni_3]:University of Osnabrück;[Author_4]:Louis Velthuis;[Uni_4]:University of Mainz  
[Category]:Financial Reporting;[Name]:Human and Algorithmic Advice in Operational and Strategic Decision Making;[Author_1]:Ranna Iraqi;[Uni_1]:Technical University of Berlin;[Author_2]:Maik Lachmann;[Uni_2]:Technical University of Berlin  
[Category]:Financial Reporting;[Name]:Beyond traditional and alternative budgeting: Budgeting as a framework;[Author_1]:Catherine Batt;[Uni_1]:Copenhagen Business School;[Author_2]:Amalie Ringgaard;[Uni_2]:University College Cork  
[Category]:Financial Reporting;[Name]:The Effect of Anonymity in Upward Feedback: How Feedback Valence and Participation Basis Affect Manager Response;[Author_1]:Svenja Marsula;[Uni_1]:Ruhr University Bochum;[Author_2]:Sandra Winkelmann;[Uni_2]:Ruhr University Bochum;[Author_3]:Todd A. Thornock;[Uni_3]:University of Nebraska-Lincoln;[Author_4]:Bret Sheeley;[Uni_4]:University of Pittsburgh  
[Category]:Financial Reporting;[Name]:Information search, attention distribution and biased performance evaluations: Evidence from students and executive managers;[Author_1]:Miriam Maske;[Uni_1]:University of the Bundeswehr München;[Author_2]:Bernhard Hirsch;[Uni_2]:Munich University of the Federal Armed Forces;[Author_3]:Matthias Sohn;[Uni_3]:European University Viadrina  
[Category]:Financial Reporting;[Name]:The Spillunder Effect: The Interplay between Cognitive Intrusion and Feedback Frequency in Sequential Task Environments;[Author_1]:Anil Kshatriya;[Uni_1]:ESSEC Business School;[Author_2]:Hari Ramasubramanian;[Uni_2]:Frankfurt School of Finance & Management  
[Category]:Financial Reporting;[Name]:Algorithm Aversion in Internal Investment Decision-Making;[Author_1]:Tom Gubini;[Uni_1]:Ruhr University Bochum;[Author_2]:Thorsten Knauer;[Uni_2]:Ruhr University Bochum;[Author_3]:Svenja Marsula;[Uni_3]:Ruhr University Bochum;[Author_4]:Sandra Winkelmann;[Uni_4]:Ruhr University Bochum  
[Category]:Financial Reporting;[Name]:Corporate ESG Performance, Nonmonetary Benefits, and Rank-and-file Employee Compensation;[Author_1]:Ruixue Zhou;[Uni_1]:Jinan University  
[Category]:Financial Reporting;[Name]:Performance measurement system diversity, Business Intelligence, and digitalization level: impact on sustainable performance;[Author_1]:Kerim Karmeni;[Uni_1]:Rabat Business School - UIR;[Author_2]:Adel Beldi;[Uni_2]:IÉSEG School of Management  
[Category]:Financial Reporting;[Name]:The Impact of “Artificial Intelligence Members” on Employee Performance and Team Commitment;[Author_1]:Yasheng Chen;[Uni_1]:Xiamen University;[Author_2]:Zhuojun Wu;[Uni_2]:Xiamen University;[Author_3]:Ruyi Jie;[Uni_3]:Xiamen University"
66,66.0,"5. This joke’s on us! An analysis of accounting jokes and the use of humor in accounting academia
Thomas Günther (Dresden University of Technology)
Sebastian Oelrich (Aarhus University)P
MA RF 12 room 305A
. . . . . . . . . . . . . . . . . . . chaired by: Thiago Tomaz Luiz (Federal University of Santa Catarina)
1. CEO Government Work Experience and Regulatory Noncompliance: Evidence Based on Safety-Related
Violations
Ling Zhou (University of New Mexico)P
Li Xu (Washington State University)
KielyYonce (University of Detroit Mercy)
2. The influence of management control systems on product innovation: The decision-supporting role of business
unit controllers
Tomohisa Kitada (Kindai University)P
Takehisa Kajiwara (Kobe University)
3. Team-based Relative Performance Feedback and Nudging: Empirical Evidence on Non-Monetary Incentives
Helena Manger (University ofWürzburg)
4. Managing the tension between centralization and decentralization in implementing value-based management:
A comparative case study in Japanese companies
Keita Masuya (Keio University)
5. How Integrated Thinking can combine with the Balanced Scorecard to enable sustainability in practice
Ruth Dimes (Open University)P
Charl DeVilliers (University of Auckland / University of Pretoria)
Friday,May 30,14:00–15:30
MA PS 17 room 401
. . . . . . . . . . . . . . . . . . . . . . . . . . . . . . chaired by: Stephanie Tsui (National Chengchi University)
1. Is It Better to be Loved or Feared? The Effects of Manager Kindness and Reward Discretion on Employee Effort
Victor Maas (University of Amsterdam)P
Joel Berge (NHH - Norwegian School of Economics)
HuaxiangYin (Nanyang Technological University)
2. The Effects of Uncertainty in Tournaments on Sabotage and Effort
Julia Beck (Technical University of Munich)
Markus Brunner (Aarhus University)P
3. GrantedandAppliedDiscretioninClawingBackPerformance-basedPayments—EffectsonHonestyinReporting
Lukas Schilling (University of Stuttgart)P
Ann Tank (University of Groningen)
Pedell Pedell (University of Stuttgart)
MA PS 18 room 403
. . . . . . . . . . . . . . . . . . . . . . . . . . . . . . chaired by: Claire Deng (Toronto Metropolitan University)
1. Learning-to-contract: The Effect of Partner Experience on Contract Language Customization
Tineke Distelmans (Vrije Universiteit Amsterdam)P
Martine Cools (KU Leuven)
Isabella Grabner (WUVienna)
Kristof Stouthuysen (Vlerick Business School)
AlexandraVan Den Abbeele (KU Leuven)
2. Getting Predictive Analytics Up and Running in Management Accounting: Insights from Forecasting in Large
German Firms
Johannes Thaller (Johannes Kepler University Linz)P
Holger Daske (University of Mannheim)
Martin Hiebl (Institute of Management Control and Consulting)
67","[Category]:Financial Reporting;[Name]:This joke’s on us! An analysis of accounting jokes and the use of humor in accounting academia;[Author_1]:Thomas Günther;[Uni_1]:Dresden University of Technology;[Author_2]:Sebastian Oelrich;[Uni_2]:Aarhus University  
[Category]:Management Accounting;[Name]:CEO Government Work Experience and Regulatory Noncompliance: Evidence Based on Safety-Related Violations;[Author_1]:Ling Zhou;[Uni_1]:University of New Mexico;[Author_2]:Li Xu;[Uni_2]:Washington State University;[Author_3]:Kiely Yonce;[Uni_3]:University of Detroit Mercy  
[Category]:Management Accounting;[Name]:The influence of management control systems on product innovation: The decision-supporting role of business unit controllers;[Author_1]:Tomohisa Kitada;[Uni_1]:Kindai University;[Author_2]:Takehisa Kajiwara;[Uni_2]:Kobe University  
[Category]:Management Accounting;[Name]:Team-based Relative Performance Feedback and Nudging: Empirical Evidence on Non-Monetary Incentives;[Author_1]:Helena Manger;[Uni_1]:University of Würzburg  
[Category]:Management Accounting;[Name]:Managing the tension between centralization and decentralization in implementing value-based management: A comparative case study in Japanese companies;[Author_1]:Keita Masuya;[Uni_1]:Keio University  
[Category]:Management Accounting;[Name]:How Integrated Thinking can combine with the Balanced Scorecard to enable sustainability in practice;[Author_1]:Ruth Dimes;[Uni_1]:Open University;[Author_2]:Charl DeVilliers;[Uni_2]:University of Auckland / University of Pretoria  
[Category]:Management Accounting;[Name]:Is It Better to be Loved or Feared? The Effects of Manager Kindness and Reward Discretion on Employee Effort;[Author_1]:Victor Maas;[Uni_1]:University of Amsterdam;[Author_2]:Joel Berge;[Uni_2]:NHH - Norwegian School of Economics;[Author_3]:Huaxiang Yin;[Uni_3]:Nanyang Technological University  
[Category]:Management Accounting;[Name]:The Effects of Uncertainty in Tournaments on Sabotage and Effort;[Author_1]:Julia Beck;[Uni_1]:Technical University of Munich;[Author_2]:Markus Brunner;[Uni_2]:Aarhus University  
[Category]:Management Accounting;[Name]:Granted and Applied Discretion in Clawing Back Performance-based Payments—Effects on Honesty in Reporting;[Author_1]:Lukas Schilling;[Uni_1]:University of Stuttgart;[Author_2]:Ann Tank;[Uni_2]:University of Groningen;[Author_3]:Pedell Pedell;[Uni_3]:University of Stuttgart  
[Category]:Management Accounting;[Name]:Learning-to-contract: The Effect of Partner Experience on Contract Language Customization;[Author_1]:Tineke Distelmans;[Uni_1]:Vrije Universiteit Amsterdam;[Author_2]:Martine Cools;[Uni_2]:KU Leuven;[Author_3]:Isabella Grabner;[Uni_3]:WU Vienna;[Author_4]:Kristof Stouthuysen;[Uni_4]:Vlerick Business School;[Author_5]:Alexandra Van Den Abbeele;[Uni_5]:KU Leuven  
[Category]:Management Accounting;[Name]:Getting Predictive Analytics Up and Running in Management Accounting: Insights from Forecasting in Large German Firms;[Author_1]:Johannes Thaller;[Uni_1]:Johannes Kepler University Linz;[Author_2]:Holger Daske;[Uni_2]:University of Mannheim;[Author_3]:Martin Hiebl;[Uni_3]:Institute of Management Control and Consulting"
67,67.0,"Wolfgang Schultze (University of Augsburg)
3. Not All Human Capital Initiatives Are Equal: The Role of Initiative Type and Financial Performance on Investor
Judgments
Ling Lin Harris (University of Nebraska-Lincoln)P
Khim Kelly (University of Central Florida)
Bret Sheeley (University of Pittsburgh)
MA RF 13 room 205A
. . . . . . . . . . . . . . . . . . . . . . . . . . . . . . . . . chaired by: Dominik Katzer (University ofWürzburg)
1. Supervisory board’s gender diversity and cost of debt
Marwa Durani (Friedrich Alexander University)
2. Strategy, strategic management accounting and performance: A contingency perspective
Petr Petera (Prague University of Economics and Business)P
Simon Cadez (University of Ljubljana)
JaroslavWagner (Prague University of Economics and Business)
Libuše Šoljaková (Prague University of Economics and Business)
3. The Relationship Between The Supply Of Business Management Services And The Automation Of Accounting
Services: An Analysis Of Accounting Firms
Giuliana Soccol Ferreira (Universidade Federal do Rio Grande do Sul)P
Caroline Orth (Universidade Federal do Rio Grande do Sul)
4. Dispersed Incentives, Behavioral Biases, and Cost Stickiness: A Prospect Theory Perspective
Jeff Ng (DePaul University)P
Hangsoo Kyung (Hong Kong Polytechnic University)
Taejin Kim (Korea University)
MA RF 14 room 304A
. . . . . . . . . . . . . . . . . . . . . . . . . . . . . . . . . . . . . chaired by: JoannaVan Meerbeeck (KU Leuven)
1. The Effect of Psychopathic Traits on Advice-Taking: Investigating the Impact of Decision Style in the Context of
Advisory Systems
Annika Friedek (Rptu Kaiserslautern-Landau)
Florian Fuchs (University of Siegen)P
2. Integrated Thinking & Reporting: A Management Control Approach
Rob Jacobs (Maastricht University)P
Harold Hassink (Maastricht University)
Thomas Thijssens (Open University of the Netherlands)
Martijn Zoet (Zuyd Hogeschool)
3. The performativity of calculative practices in driving eco-innovation
Amal Kanzari (Linköping University)P
Henrik Nehler (affiliation not provided)
Josefine Rasmussen (Linköping University)
4. Inventory Holding Strategy in Family Firms: Just in Case or Just in Time?
Efrat Shust (Open University of Israel)P
Meni Abudy (Bar-Ilan University)
Ruth (Stern) Rooz (Ariel University)
AUDITING
Wednesday,May 28, 15:30–17:00
AU PS 01 room 103A
. . . . . . . . . . . . . . . . . . . . . . . . . . . . . . . . . chaired by: JungYeun (June) Kim (Rutgers University)
1. Gender-diverse Co-signing Experience and Audit Quality
Chun-ChanYu (National Chung Hsing University)P
68","[Category]:Financial Reporting;[Name]:Not All Human Capital Initiatives Are Equal: The Role of Initiative Type and Financial Performance on Investor Judgments;[Author_1]:Wolfgang Schultze;[Uni_1]:University of Augsburg;[Author_2]:Ling Lin Harris;[Uni_2]:University of Nebraska-Lincoln;[Author_3]:Khim Kelly;[Uni_3]:University of Central Florida;[Author_4]:Bret Sheeley;[Uni_4]:University of Pittsburgh  
[Category]:Management Accounting;[Name]:Supervisory board’s gender diversity and cost of debt;[Author_1]:Marwa Durani;[Uni_1]:Friedrich Alexander University  
[Category]:Management Accounting;[Name]:Strategy, strategic management accounting and performance: A contingency perspective;[Author_1]:Petr Petera;[Uni_1]:Prague University of Economics and Business;[Author_2]:Simon Cadez;[Uni_2]:University of Ljubljana;[Author_3]:Jaroslav Wagner;[Uni_3]:Prague University of Economics and Business;[Author_4]:Libuše Šoljaková;[Uni_4]:Prague University of Economics and Business  
[Category]:Management Accounting;[Name]:The Relationship Between The Supply Of Business Management Services And The Automation Of Accounting Services: An Analysis Of Accounting Firms;[Author_1]:Giuliana Soccol Ferreira;[Uni_1]:Universidade Federal do Rio Grande do Sul;[Author_2]:Caroline Orth;[Uni_2]:Universidade Federal do Rio Grande do Sul  
[Category]:Management Accounting;[Name]:Dispersed Incentives, Behavioral Biases, and Cost Stickiness: A Prospect Theory Perspective;[Author_1]:Jeff Ng;[Uni_1]:DePaul University;[Author_2]:Hangsoo Kyung;[Uni_2]:Hong Kong Polytechnic University;[Author_3]:Taejin Kim;[Uni_3]:Korea University  
[Category]:Management Accounting;[Name]:The Effect of Psychopathic Traits on Advice-Taking: Investigating the Impact of Decision Style in the Context of Advisory Systems;[Author_1]:Annika Friedek;[Uni_1]:Rptu Kaiserslautern-Landau;[Author_2]:Florian Fuchs;[Uni_2]:University of Siegen  
[Category]:Accounting and Governance;[Name]:Integrated Thinking & Reporting: A Management Control Approach;[Author_1]:Rob Jacobs;[Uni_1]:Maastricht University;[Author_2]:Harold Hassink;[Uni_2]:Maastricht University;[Author_3]:Thomas Thijssens;[Uni_3]:Open University of the Netherlands;[Author_4]:Martijn Zoet;[Uni_4]:Zuyd Hogeschool  
[Category]:Accounting and Governance;[Name]:The performativity of calculative practices in driving eco-innovation;[Author_1]:Amal Kanzari;[Uni_1]:Linköping University;[Author_2]:Henrik Nehler;[Uni_2]:affiliation not provided;[Author_3]:Josefine Rasmussen;[Uni_3]:Linköping University  
[Category]:Accounting and Governance;[Name]:Inventory Holding Strategy in Family Firms: Just in Case or Just in Time?;[Author_1]:Efrat Shust;[Uni_1]:Open University of Israel;[Author_2]:Meni Abudy;[Uni_2]:Bar-Ilan University;[Author_3]:Ruth (Stern) Rooz;[Uni_3]:Ariel University  
[Category]:Auditing;[Name]:Gender-diverse Co-signing Experience and Audit Quality;[Author_1]:Chun-Chan Yu;[Uni_1]:National Chung Hsing University"
68,68.0,"Anxuan Xie (National Taipei University)
Hsihui Chang (Drexel University)
2. Dive into the Deep Diversity of Audit Teams
Alice Annelin (Umeå University)
3. The Appointment of Female Audit Team Leaders and Audit Risk Assessment: Evidence from Spanish
Small-Sized Audit Firms
Luis Porcuna (Polytechnic University ofValencia)P
José Serrano-Madrid (Universidad de Murcia)
Rubén Porcuna-Enguix (University ofValencia)
AU PS 02 room 103B
. . . . . . . . . . . . . . . . . . . . . . . . . . . . . . . . . . . . . . . . . . . . . . . . . . . . . . . . . . . . . . . . . . . . . . . . . . . . . . . .
1. Audit Partner Industry-Specific Knowledge and Audit Quality
Paul André (University of Bristol Business School)P
Xingyue Zhan (University of Lausanne)
AU RF 01 room 304A
. . . . . . . . . . . . . . . . . . . . . . . . . . . . . . . . chaired by: Sara Bibler (Vrije Universiteit Amsterdam)
1. Expert from headquarters office, geographical constraints, and audit quality: Evidence from co-signed audit
reports
Yuyan Jia (Central University of Fianancial and Economics)P
Xin Liu (SunYat-Sen University)
LinWang (Central University of Fianancial and Economics)
WenfengWang (Southern University of Science and Technology)
2. Regulatory Implications of the Introduction of Audits of Nonfinancial Reports in Different Legal Regimes
Emanuel Lederer (University of Graz)P
Kerstin Trummer (Universität Graz)
3. Charitable Alignment and Auditor-Client Contracting: An Exploratory Study
Nava Cohen (New Jersey City University)
Anne Jeny (IÉSEG School of Management)P
Luc Paugam (HEC Paris)
4. Do audit partner rotations have unintended consequences on non-rotated clients?
Angela Pettinicchio (Università Cattolica del Sacro Cuore)P
Mario Daniele (Università Cattolica del Sacro Cuore)
Mara Cameran (Bocconi University)
Wednesday,May 28, 17:30–19:00
AU PSD 01 room T01
. . . . . . . . . . . . . . . . . chaired by: ScottVandervelde (University of North Carolina at Charlotte)
1. “Sent from Mobile”: The Influence of Communication Devices and Psychological Distance on Professional
Skepticism-Enhancing Advice
Sara Bibler (Vrije Universiteit Amsterdam)P
Anna Gold (Vrije Universiteit Amsterdam)
Farah Arshad (Vrije Universiteit Amsterdam)
Discussant: Christian Pietsch (Erasmus University Rotterdam)
2. Auditors’Illusion of Explanatory Depth and Informal Advice Taking: Who is the Expert here?
Christian Pietsch (Erasmus University Rotterdam)P
Tyge Kummer (Queensland University of Technology)
Martin Schmidt (ESCP Business School Berlin)
ScottVandervelde (University of North Carolina at Charlotte)
Discussant: Natalia Mintchik (University of Cincinnati)
69","[Category]:Financial Reporting;[Name]:Dive into the Deep Diversity of Audit Teams;[Author_1]:Alice Annelin;[Uni_1]:Umeå University;[Author_2]:;[Uni_2]:;[Author_3]:;[Uni_3]:;[Author_4]:;[Uni_4]:;[Author_5]:;[Uni_5]:  
[Category]:Auditing;[Name]:The Appointment of Female Audit Team Leaders and Audit Risk Assessment: Evidence from Spanish Small-Sized Audit Firms;[Author_1]:Luis Porcuna;[Uni_1]:Polytechnic University of Valencia;[Author_2]:José Serrano-Madrid;[Uni_2]:Universidad de Murcia;[Author_3]:Rubén Porcuna-Enguix;[Uni_3]:University of Valencia;[Author_4]:;[Uni_4]:;[Author_5]:;[Uni_5]:  
[Category]:Auditing;[Name]:Audit Partner Industry-Specific Knowledge and Audit Quality;[Author_1]:Paul André;[Uni_1]:University of Bristol Business School;[Author_2]:Xingyue Zhan;[Uni_2]:University of Lausanne;[Author_3]:;[Uni_3]:;[Author_4]:;[Uni_4]:;[Author_5]:;[Uni_5]:  
[Category]:Auditing;[Name]:Expert from headquarters office, geographical constraints, and audit quality: Evidence from co-signed audit reports;[Author_1]:Yuyan Jia;[Uni_1]:Central University of Financial and Economics;[Author_2]:Xin Liu;[Uni_2]:Sun Yat-Sen University;[Author_3]:Lin Wang;[Uni_3]:Central University of Financial and Economics;[Author_4]:Wenfeng Wang;[Uni_4]:Southern University of Science and Technology;[Author_5]:;[Uni_5]:  
[Category]:Auditing;[Name]:Regulatory Implications of the Introduction of Audits of Nonfinancial Reports in Different Legal Regimes;[Author_1]:Emanuel Lederer;[Uni_1]:University of Graz;[Author_2]:Kerstin Trummer;[Uni_2]:Universität Graz;[Author_3]:;[Uni_3]:;[Author_4]:;[Uni_4]:;[Author_5]:;[Uni_5]:  
[Category]:Auditing;[Name]:Charitable Alignment and Auditor-Client Contracting: An Exploratory Study;[Author_1]:Nava Cohen;[Uni_1]:New Jersey City University;[Author_2]:Anne Jeny;[Uni_2]:IÉSEG School of Management;[Author_3]:Luc Paugam;[Uni_3]:HEC Paris;[Author_4]:;[Uni_4]:;[Author_5]:;[Uni_5]:  
[Category]:Auditing;[Name]:Do audit partner rotations have unintended consequences on non-rotated clients?;[Author_1]:Angela Pettinicchio;[Uni_1]:Università Cattolica del Sacro Cuore;[Author_2]:Mario Daniele;[Uni_2]:Università Cattolica del Sacro Cuore;[Author_3]:Mara Cameran;[Uni_3]:Bocconi University;[Author_4]:;[Uni_4]:;[Author_5]:;[Uni_5]:  
[Category]:Auditing;[Name]:""Sent from Mobile"": The Influence of Communication Devices and Psychological Distance on Professional Skepticism-Enhancing Advice;[Author_1]:Sara Bibler;[Uni_1]:Vrije Universiteit Amsterdam;[Author_2]:Anna Gold;[Uni_2]:Vrije Universiteit Amsterdam;[Author_3]:Farah Arshad;[Uni_3]:Vrije Universiteit Amsterdam;[Author_4]:;[Uni_4]:;[Author_5]:;[Uni_5]:  
[Category]:Auditing;[Name]:Auditors’ Illusion of Explanatory Depth and Informal Advice Taking: Who is the Expert here?;[Author_1]:Christian Pietsch;[Uni_1]:Erasmus University Rotterdam;[Author_2]:Tyge Kummer;[Uni_2]:Queensland University of Technology;[Author_3]:Martin Schmidt;[Uni_3]:ESCP Business School Berlin;[Author_4]:Scott Vandervelde;[Uni_4]:University of North Carolina at Charlotte;[Author_5]:;[Uni_5]:"
69,69.0,"AU PS 03 room 206A
. . . . . . . . . . . . . . . . . . . . . . . . . . . . . . . . . . . . chaired by: Linda Myers (University of Tennessee)
1. The Role of Trust in Monitoring: Large-Scale Evidence from Audit Partner Trust
Gil Bae (Korea University)
2. Auditor Independence Under Voluntary Audits
Amir Amel-Zadeh (University of Oxford,Saïd Business School)
Mahmoud Delshadi (University of Glasgow)P
Mahmoud Hosseinniakani (Norwegian University of Science and Technology)
RanikWahlstrøm (Norwegian University of Science and Technology)
AU PS 04 room TD 2A
. . . . . . . . . . . . . . . . . . . . . . chaired by: Patrícia Pain (Universidade Federal do Espírito Santo)
1. Noise in Audit Judgments
LobkeWeijers (Tilburg University)P
Bart Dierynck (Tilburg University)
2. The “Dark Side” of Creativity in Auditing
Katrin Bonk (ESCP Business School)P
Martin Schmidt (ESCP Business School Berlin)
3. Algorithm versus Human Managers: The Impact of Manager Type and Communication Frequency on Auditors’
Underreporting Behavior
Tim Bauer (University ofWaterloo)
AU RF 02 room T03
. . . . . . . . . . . . . . . . . . . . . . . . . . chaired by: Hoang Nhan Ha (Universidad Carlos III de Madrid)
1. Cybersecurity Risks and Audit Pricing: The Role of IT Expert in Engagement Teams
Mahmoud Delshadi (University of Glasgow)
Mahmoud Hosseinniakani (Norwegian University of Science and Technology)P
RanikWahlstrøm (Norwegian University of Science and Technology)
Zabihollah Rezaee (University of Memphis,Fogelman College of Business & Economics)
2. Auditor Involvement in Clients’ Financial Reporting and Audit Quality
Christopher Oehler (Ruhr University Bochum)
3. Comparing Sustainability Matters in Audit Reports—The Effect of Audit Firm Size and the Country of
Headquarters
Yi Li (University of Eastern Finland)P
Tuomas Honkamäki (University of Eastern Finland)
Markus Matto (University of Eastern Finland)
Hannu Ojala (University of Eastern Finland)
4. Is more always better? The value relevance of joint audits
EuniceYaa Cudjoe (Jean Moulin Lyon 3 University)P
Jean-François Gajewski (IAE Lyon School of Management)
5. The associations between Private Firms’ Ownership characteristics, Audit Decisions and Tax Aggressiveness
Elina Haapamäki (University ofVaasa)P
Hannu Ojala (University of Eastern Finland)
Thursday,May 29, 09:00–10:30
AU PSD 02 room 308
. . . . . . . . . . . . . . . . . . . . . . . . chaired by: Pamela Kent (Queensland University of Technology)
1. Auditor Diffusion of Forecasting Knowledge
Zhuoli Axelton (University ofWisconsin-Green Bay)
Paul Demere (Bocconi University)P
Jeff Gramlich (Washington State University)
Kat Harris (Washington State University)
Discussant: Michael Alles (Rutgers University)
70","[Category]:Financial Reporting;[Name]:The Role of Trust in Monitoring: Large-Scale Evidence from Audit Partner Trust;[Author_1]:Gil Bae;[Uni_1]:Korea University  
[Category]:Auditing;[Name]:Auditor Independence Under Voluntary Audits;[Author_1]:Amir Amel-Zadeh;[Uni_1]:University of Oxford,Saïd Business School;[Author_2]:Mahmoud Delshadi;[Uni_2]:University of Glasgow;[Author_3]:Mahmoud Hosseinniakani;[Uni_3]:Norwegian University of Science and Technology;[Author_4]:Ranik Wahlstrøm;[Uni_4]:Norwegian University of Science and Technology  
[Category]:Auditing;[Name]:Noise in Audit Judgments;[Author_1]:Lobke Weijers;[Uni_1]:Tilburg University;[Author_2]:Bart Dierynck;[Uni_2]:Tilburg University  
[Category]:Auditing;[Name]:The “Dark Side” of Creativity in Auditing;[Author_1]:Katrin Bonk;[Uni_1]:ESCP Business School;[Author_2]:Martin Schmidt;[Uni_2]:ESCP Business School Berlin  
[Category]:Auditing;[Name]:Algorithm versus Human Managers: The Impact of Manager Type and Communication Frequency on Auditors’ Underreporting Behavior;[Author_1]:Tim Bauer;[Uni_1]:University of Waterloo  
[Category]:Auditing;[Name]:Cybersecurity Risks and Audit Pricing: The Role of IT Expert in Engagement Teams;[Author_1]:Mahmoud Delshadi;[Uni_1]:University of Glasgow;[Author_2]:Mahmoud Hosseinniakani;[Uni_2]:Norwegian University of Science and Technology;[Author_3]:Ranik Wahlstrøm;[Uni_3]:Norwegian University of Science and Technology;[Author_4]:Zabihollah Rezaee;[Uni_4]:University of Memphis,Fogelman College of Business & Economics  
[Category]:Auditing;[Name]:Auditor Involvement in Clients’ Financial Reporting and Audit Quality;[Author_1]:Christopher Oehler;[Uni_1]:Ruhr University Bochum  
[Category]:Public Sector Accounting & Not-For-Profit Accounting;[Name]:Comparing Sustainability Matters in Audit Reports—The Effect of Audit Firm Size and the Country of Headquarters;[Author_1]:Yi Li;[Uni_1]:University of Eastern Finland;[Author_2]:Tuomas Honkamäki;[Uni_2]:University of Eastern Finland;[Author_3]:Markus Matto;[Uni_3]:University of Eastern Finland;[Author_4]:Hannu Ojala;[Uni_4]:University of Eastern Finland  
[Category]:Auditing;[Name]:Is more always better? The value relevance of joint audits;[Author_1]:Eunice Yaa Cudjoe;[Uni_1]:Jean Moulin Lyon 3 University;[Author_2]:Jean-François Gajewski;[Uni_2]:IAE Lyon School of Management  
[Category]:Accounting and Governance;[Name]:The associations between Private Firms’ Ownership characteristics, Audit Decisions and Tax Aggressiveness;[Author_1]:Elina Haapamäki;[Uni_1]:University of Vaasa;[Author_2]:Hannu Ojala;[Uni_2]:University of Eastern Finland  
[Category]:Auditing;[Name]:Auditor Diffusion of Forecasting Knowledge;[Author_1]:Zhuoli Axelton;[Uni_1]:University of Wisconsin-Green Bay;[Author_2]:Paul Demere;[Uni_2]:Bocconi University;[Author_3]:Jeff Gramlich;[Uni_3]:Washington State University;[Author_4]:Kat Harris;[Uni_4]:Washington State University"
70,70.0,"2. Economic consequences of regulatory exposure: An auditing perspective
Stephen Taylor (University of Technology Sydney)P
Yaowen Shan (University of Technology Sydney)
Yan Chen (University of Technology Sydney)
Discussant: Kenneth Reichelt (Louisiana State University)
AU PS 05 room 103A
. . . . . . . . . . . . . . . . . . . . . . . . . . . . . . . . . . . chaired by: Jamshed Iqbal (University of Jyväskylä)
1. The Entry of Financial Audit Firms into ESG Audits under Capacity and Quality Considerations
Kerstin Trummer (Universität Graz)P
Martin Klosch (UniversitätWien)
2. The Impact of Municipal-Auditor Appointments on Auditors’Private Business Activities
Zhihong Chen (Hong Kong University of Science and Technology)
Antonino Costa (Hong Kong University of Science and Technology)P
Qingkai Dong (Hong Kong University of Science and Technology)
3. Revealing Client Names in Inspection Reports: Effects of PCAOB Transparency on Audit Quality and Private
Litigation
Felix Niggemann (University of Zurich)P
Negin Attar-Niggeman (University of Zurich)
Volker Laux (University of Texas at Austin)
AU PS 06 room 103B
. . . . . . . . . . . . . . . . . . . . . . . . . . . . . . . . . . . . . . chaired by: PaulineWu (University ofWarwick)
1. How Do Auditors Affect Firm Innovation: Evidence from Critical Audit Matter Disclosures
Zhongnan Xiang (University ofWarwick)P
PaulineWu (University ofWarwick)
2. Non-audit valuation services prohibition and fair value measurements: evidence from European Union banks
Giulio Greco (University of Pisa)P
Velia Cenciarelli (Università Cattolica del Sacro Cuore)
Alessandro Gabrielli (University of Pisa)
AU RF 03 room 205B
. . . . . . . . . . . . . . . . . . . . . . . . . . . . . . . . . . . . . chaired by: Ruiqiong Zhang (Tilburg University)
1. The Effect of Portfolio Composition on Audit Quality Across Career Stages: Evidence from Individual Auditor
Sanctions
Tobias Svanström (Umeå University)P
Stefan Sundgren (Umeå University)
Anila Kiran (affiliation not provided)
2. The Effect of Mandatory Audit Firm Rotation on Audit Fees and Audit Quality: Evidence from UK
Tianhui Lu (Lancaster University)P
Mohamed Elsayed (Queen’s University Belfast)
3. Overcoming Information Asymmetries through Non-Financial Statement Assurance: Empirical Evidence from
German Listed Firms
Markus Mottinger (Johannes Kepler University)
Markus Isack (WUVienna)
Marcel Steller (Johannes Kepler University)P
4. Tax-Related Regulations and Auditing in Europe: The Relationship between Tax Complexity and Audit Fees
Markus Isack (WUVienna)
Markus Mottinger (Johannes Kepler University)P
5. Does Financial Well-being Affect Audit Quality: Evidence from Personal Debt
Yun Sun (City University of London, Bayes Business School)P
Sam Enemark (Aarhus University)
71","[Category]:Auditing;[Name]:The Entry of Financial Audit Firms into ESG Audits under Capacity and Quality Considerations;[Author_1]:Kerstin Trummer;[Uni_1]:Universität Graz;[Author_2]:Martin Klosch;[Uni_2]:Universität Wien  
[Category]:Auditing;[Name]:The Impact of Municipal-Auditor Appointments on Auditors’ Private Business Activities;[Author_1]:Zhihong Chen;[Uni_1]:Hong Kong University of Science and Technology;[Author_2]:Antonino Costa;[Uni_2]:Hong Kong University of Science and Technology;[Author_3]:Qingkai Dong;[Uni_3]:Hong Kong University of Science and Technology  
[Category]:Auditing;[Name]:Revealing Client Names in Inspection Reports: Effects of PCAOB Transparency on Audit Quality and Private Litigation;[Author_1]:Felix Niggemann;[Uni_1]:University of Zurich;[Author_2]:Negin Attar-Niggeman;[Uni_2]:University of Zurich;[Author_3]:Volker Laux;[Uni_3]:University of Texas at Austin  
[Category]:Auditing;[Name]:How Do Auditors Affect Firm Innovation: Evidence from Critical Audit Matter Disclosures;[Author_1]:Zhongnan Xiang;[Uni_1]:University of Warwick;[Author_2]:PaulineWu;[Uni_2]:University of Warwick  
[Category]:Auditing;[Name]:Non-audit valuation services prohibition and fair value measurements: evidence from European Union banks;[Author_1]:Giulio Greco;[Uni_1]:University of Pisa;[Author_2]:Velia Cenciarelli;[Uni_2]:Università Cattolica del Sacro Cuore;[Author_3]:Alessandro Gabrielli;[Uni_3]:University of Pisa  
[Category]:Auditing;[Name]:The Effect of Portfolio Composition on Audit Quality Across Career Stages: Evidence from Individual Auditor Sanctions;[Author_1]:Tobias Svanström;[Uni_1]:Umeå University;[Author_2]:Stefan Sundgren;[Uni_2]:Umeå University;[Author_3]:Anila Kiran;[Uni_3]:  
[Category]:Auditing;[Name]:The Effect of Mandatory Audit Firm Rotation on Audit Fees and Audit Quality: Evidence from UK;[Author_1]:Tianhui Lu;[Uni_1]:Lancaster University;[Author_2]:Mohamed Elsayed;[Uni_2]:Queen’s University Belfast  
[Category]:Auditing;[Name]:Overcoming Information Asymmetries through Non-Financial Statement Assurance: Empirical Evidence from German Listed Firms;[Author_1]:Markus Mottinger;[Uni_1]:Johannes Kepler University;[Author_2]:Markus Isack;[Uni_2]:WUVienna;[Author_3]:Marcel Steller;[Uni_3]:Johannes Kepler University  
[Category]:Auditing;[Name]:Tax-Related Regulations and Auditing in Europe: The Relationship between Tax Complexity and Audit Fees;[Author_1]:Markus Isack;[Uni_1]:WUVienna;[Author_2]:Markus Mottinger;[Uni_2]:Johannes Kepler University  
[Category]:Auditing;[Name]:Does Financial Well-being Affect Audit Quality: Evidence from Personal Debt;[Author_1]:Yun Sun;[Uni_1]:City University of London, Bayes Business School;[Author_2]:Sam Enemark;[Uni_2]:Aarhus University  
[Category]:Auditing;[Name]:Economic consequences of regulatory exposure: An auditing perspective;[Author_1]:Stephen Taylor;[Uni_1]:University of Technology Sydney;[Author_2]:Yaowen Shan;[Uni_2]:University of Technology Sydney;[Author_3]:Yan Chen;[Uni_3]:University of Technology Sydney"
71,71.0,"Theodosia Konstantinidi (City University of London,Bayes Business School)
Arthur Kraft (City University of London,Bayes Business School)
Frank Thinggaard (Aarhus University)
Thursday,May 29, 11:00–12:30
AU PS 07 room 103A
. . . . . . . . . . . . . . . . . . . . . . . . . . . . . . . chaired by: William Black (University of North Georgia)
1. On Being an ‘Ideal Worker’ in a ‘Greedy Institution’: Accountants’Observations on Mental Health
Merridee Bujaki (Carleton University)
Darlene Himick (University of Ottawa)
Suzanne Paquette (Université Laval)P
2. Cross-Border Stress Spillover and Audit Quality: Evidence from the Covid-19 Pandemic
Limei Che (Oslo Metropolitan University)P
Wuchun Chi (National Chengchi University)
Tamara Lambert (Lehigh University)
Anxuan Xie (National Taipei University)
3. Manager and Partner Voice Behaviors and Effects on Audit Teams
Murray Barrick (Texas A&M University)
Olof Bik (University of Groningen)
Jere Francis (University of Missouri)
Lena Pieper (University of Illinois)
AnnVanstraelen (Maastricht University)P
AU PS 08 room 403
. . . . . . . . . . . . . . . . . . . . . . . . . . . . . . . chaired by: Pietro Bianchi Fedrigoni (Bocconi University)
1. Audit effort and audit fee stickiness
Nikolaos Karampinis (Athens University of Economics and Business)
2. Do Audit Clients Benefit from Non-Audit Services?
Marshall Geiger (University of Richmond)P
Daniel Gyung Paik (University of Richmond)
Taewoo Kim (California State University-San Bernardino)
Brandon Lee (Indiana University Northwest)
AU RF 04 room 305B
. . . . . . . . . . . . . . . . . . . . . . . . . . . . chaired by: Markus Mottinger (Johannes Kepler University)
1. Key Audit Matters and Financial Misstatements: Evaluating Auditor Effectiveness and Risk Identification
Yu-Tzu Chang (National Chengchi University)P
Jeff Zeyun Chen (Texas Christian University,Neeley School of Business)
Wuchun Chi (National Chengchi University)
Jie-Cao He (ZhejiangWanli University)
2. The Relationship Between Restatements and Key Audit Matters in the Context of Business Combinations
Charalampos Brilakis (Athens University of Economics and Business)P
Efthimios Demirakos (Athens University of Economics and Business)
3. Director social networks and audit fees: A path analysis approach
Anila Kiran (affiliation not provided)
Arpine Maghakyan (University of Glasgow)P
4. Media Spotlight and Auditor Distraction: The Hidden Costs of Negative Exposure
Stavriana Hadjigavriel (CUNEF)P
Mert Erinc (BI Norwegian Business School)
5. Audit Firm Revenue Composition and Audit Quality—Evidence from Europe
Sven Hörner (University of Bayreuth)
Lena Riedl (University of Bayreuth)P
72","[Category]:Financial Reporting;[Name]:Key Audit Matters and Financial Misstatements: Evaluating Auditor Effectiveness and Risk Identification;[Author_1]:Yu-Tzu Chang;[Uni_1]:National Chengchi University;[Author_2]:Jeff Zeyun Chen;[Uni_2]:Texas Christian University,Neeley School of Business;[Author_3]:Wuchun Chi;[Uni_3]:National Chengchi University;[Author_4]:Jie-Cao He;[Uni_4]:ZhejiangWanli University  
[Category]:Financial Reporting;[Name]:The Relationship Between Restatements and Key Audit Matters in the Context of Business Combinations;[Author_1]:Charalampos Brilakis;[Uni_1]:Athens University of Economics and Business;[Author_2]:Efthimios Demirakos;[Uni_2]:Athens University of Economics and Business  
[Category]:Auditing;[Name]:Audit effort and audit fee stickiness;[Author_1]:Nikolaos Karampinis;[Uni_1]:Athens University of Economics and Business  
[Category]:Auditing;[Name]:Do Audit Clients Benefit from Non-Audit Services?;[Author_1]:Marshall Geiger;[Uni_1]:University of Richmond;[Author_2]:Daniel Gyung Paik;[Uni_2]:University of Richmond;[Author_3]:Taewoo Kim;[Uni_3]:California State University-San Bernardino;[Author_4]:Brandon Lee;[Uni_4]:Indiana University Northwest  
[Category]:Auditing;[Name]:Director social networks and audit fees: A path analysis approach;[Author_1]:Anila Kiran;[Uni_1]:affiliation not provided;[Author_2]:Arpine Maghakyan;[Uni_2]:University of Glasgow  
[Category]:Auditing;[Name]:Media Spotlight and Auditor Distraction: The Hidden Costs of Negative Exposure;[Author_1]:Stavriana Hadjigavriel;[Uni_1]:CUNEF;[Author_2]:Mert Erinc;[Uni_2]:BI Norwegian Business School  
[Category]:Auditing;[Name]:Audit Firm Revenue Composition and Audit Quality—Evidence from Europe;[Author_1]:Sven Hörner;[Uni_1]:University of Bayreuth;[Author_2]:Lena Riedl;[Uni_2]:University of Bayreuth  
[Category]:Social and Environmental Accounting & Ethical Issues in Accounting;[Name]:On Being an ‘Ideal Worker’ in a ‘Greedy Institution’: Accountants’ Observations on Mental Health;[Author_1]:Merridee Bujaki;[Uni_1]:Carleton University;[Author_2]:Darlene Himick;[Uni_2]:University of Ottawa;[Author_3]:Suzanne Paquette;[Uni_3]:Université Laval  
[Category]:Social and Environmental Accounting & Ethical Issues in Accounting;[Name]:Cross-Border Stress Spillover and Audit Quality: Evidence from the Covid-19 Pandemic;[Author_1]:Limei Che;[Uni_1]:Oslo Metropolitan University;[Author_2]:Wuchun Chi;[Uni_2]:National Chengchi University;[Author_3]:Tamara Lambert;[Uni_3]:Lehigh University;[Author_4]:Anxuan Xie;[Uni_4]:National Taipei University  
[Category]:Auditing;[Name]:Manager and Partner Voice Behaviors and Effects on Audit Teams;[Author_1]:Murray Barrick;[Uni_1]:Texas A&M University;[Author_2]:Olof Bik;[Uni_2]:University of Groningen;[Author_3]:Jere Francis;[Uni_3]:University of Missouri;[Author_4]:Lena Pieper;[Uni_4]:University of Illinois;[Author_5]:AnnVanstraelen;[Uni_5]:Maastricht University  
[Category]:Accounting and Governance;[Name]:Key Audit Matters and Financial Misstatements: Evaluating Auditor Effectiveness and Risk Identification;[Author_1]:Yu-Tzu Chang;[Uni_1]:National Chengchi University;[Author_2]:Jeff Zeyun Chen;[Uni_2]:Texas Christian University,Neeley School of Business;[Author_3]:Wuchun Chi;[Uni_3]:National Chengchi University;[Author_4]:Jie-Cao He;[Uni_4]:ZhejiangWanli University  
[Category]:Accounting and Governance;[Name]:The Relationship Between Restatements and Key Audit Matters in the Context of Business Combinations;[Author_1]:Charalampos Brilakis;[Uni_1]:Athens University of Economics and Business;[Author_2]:Efthimios Demirakos;[Uni_2]:Athens University of Economics and Business  
[Category]:Accounting and Governance;[Name]:Director social networks and audit fees: A path analysis approach;[Author_1]:Anila Kiran;[Uni_1]:affiliation not provided;[Author_2]:Arpine Maghakyan;[Uni_2]:University of Glasgow  
[Category]:Accounting and Governance;[Name]:Media Spotlight and Auditor Distraction: The Hidden Costs of Negative Exposure;[Author_1]:Stavriana Hadjigavriel;[Uni_1]:CUNEF;[Author_2]:Mert Erinc;[Uni_2]:BI Norwegian Business School  
[Category]:Accounting and Governance;[Name]:Audit Firm Revenue Composition and Audit Quality—Evidence from Europe;[Author_1]:Sven Hörner;[Uni_1]:University of Bayreuth;[Author_2]:Lena Riedl;[Uni_2]:University of Bayreuth  
[Category]:Financial Analysis;[Name]:Key Audit Matters and Financial Misstatements: Evaluating Auditor Effectiveness and Risk Identification;[Author_1]:Yu-Tzu Chang;[Uni_1]:National Chengchi University;[Author_2]:Jeff Zeyun Chen;[Uni_2]:Texas Christian University,Neeley School of Business;[Author_3]:Wuchun Chi;[Uni_3]:National Chengchi University;[Author_4]:Jie-Cao He;[Uni_4]:ZhejiangWanli University  
[Category]:Financial Analysis;[Name]:The Relationship Between Restatements and Key Audit Matters in the Context of Business Combinations;[Author_1]:Charalampos Brilakis;[Uni_1]:Athens University of Economics and Business;[Author_2]:Efthimios Demirakos;[Uni_2]:Athens University of Economics and Business  
[Category]:Financial Analysis;[Name]:Director social networks and audit fees: A path analysis approach;[Author_1]:Anila Kiran;[Uni_1]:affiliation not provided;[Author_2]:Arpine Maghakyan;[Uni_2]:University of Glasgow  
[Category]:Financial Analysis;[Name]:Media Spotlight and Auditor Distraction: The Hidden Costs of Negative Exposure;[Author_1]:Stavriana Hadjigavriel;[Uni_1]:CUNEF;[Author_2]:Mert Erinc;[Uni_2]:BI Norwegian Business School  
[Category]:Financial Analysis;[Name]:Audit Firm Revenue Composition and Audit Quality—Evidence from Europe;[Author_1]:Sven Hörner;[Uni_1]:University of Bayreuth;[Author_2]:Lena Riedl;[Uni_2]:University of Bayreuth  
[Category]:Interdisciplinary / Critical;[Name]:Key Audit Matters and Financial Misstatements: Evaluating Auditor Effectiveness and Risk Identification;[Author_1]:Yu-Tzu Chang;[Uni_1]:National Chengchi University;[Author_2]:Jeff Zeyun Chen;[Uni_2]:Texas Christian University,Neeley School of Business;[Author_3]:Wuchun Chi;[Uni_3]:National Chengchi University;[Author_4]:Jie-Cao He;[Uni_4]:ZhejiangWanli University  
[Category]:Interdisciplinary / Critical;[Name]:The Relationship Between Restatements and Key Audit Matters in the Context of Business Combinations;[Author_1]:Charalampos Brilakis;[Uni_1]:Athens University of Economics and Business;[Author_2]:Efthimios Demirakos;[Uni_2]:Athens University of Economics and Business  
[Category]:Interdisciplinary / Critical;[Name]:Director social networks and audit fees: A path analysis approach;[Author_1]:Anila Kiran;[Uni_1]:affiliation not provided;[Author_2]:Arpine Maghakyan;[Uni_2]:University of Glasgow  
[Category]:Interdisciplinary / Critical;[Name]:Media Spotlight and Auditor Distraction: The Hidden Costs of Negative Exposure;[Author_1]:Stavriana Hadjigavriel;[Uni_1]:CUNEF;[Author_2]:Mert Erinc;[Uni_2]:BI Norwegian Business School  
[Category]:Interdisciplinary / Critical;[Name]:Audit Firm Revenue Composition and Audit Quality—Evidence from Europe;[Author_1]:Sven Hörner;[Uni_1]:University of Bayreuth;[Author_2]:Lena Riedl;[Uni_2"
72,72.0,"Thursday,May 29, 14:00–15:30
AU PS 09 room 303
. . . . . . . . . . . . . . . . . . . . . . . . . . . . . . . . . . . . . . . . . . . . . . . . . . . . . . . . . . . . . . . . . . . . . . . . . . . . . . . . .
1. Cultivating Auditors Who Are More Committed to and Better at Ensuring Audit Quality
Jasmijn Bol (Tulane University)P
Isabella Grabner (WUVienna)
Katlijn Haesebrouck (Maastricht University)
Mark Peecher (University of Illinois Urbana-Champaign)
2. Whatthebraziliansauditorsthinkaboutofthemotivationsforthepracticeofaccountingfraudinorganizations?
Caroline Orth (Universidade Federal do Rio Grande do Sul)P
Mariana Bonotto (Universidade Federal do Rio Grande do Sul)
Giuliana Soccol Ferreira (Universidade Federal do Rio Grande do Sul)
Vitória Tavares DellaValentina (Universidade Federal do Rio Grande do Sul)
3. Data Analytics Adoption in Auditing: The Roles of Experience, Mindset, Training, and Risk Factor Awareness
Zheng Leitter (Nanyang Technological University)P
Christian Peters (Nanyang Technological University)
AU PS 10 room 401
. . . . . . . . . . . . . . . . . . . . . . . . . . . . . . . . . . . . . . . . . chaired by: Junzi Zhang (University of Bristol)
1. Does Auditor Communication Matter? The Role of Knowledge Compatibility
Hoang Nhan Ha (Universidad Carlos III de Madrid)
2. Peer Effects on Choice of Auditor Reputation: Evidence from Quasi-experiments
Simon Fung (Deakin University)P
Xiaoran Cao (Deakin University)
3. A Narcissist’s Dilemma: How Narcissistic CEOs Navigate ESG Assurance
Xin Li (University of Auckland)P
Zixuan (Lina) Li (University of Auckland)
Charl DeVilliers (University of Auckland / University of Pretoria)
AU RF 05 room 304A
. . . . . . . . . . . . . . . . . . . . . . . . . . . . . . . . . . . . . . . . chaired by: Jenni Jääskö (University of Oulu)
1. Audit Efforts and Client Companies’ Operational Efficiency
Jae Bum Kim (Lehigh University)P
Ho-Young Lee (Yonsei University)
InkyungYoon (Gachon University)
2. Audit Hours and Internal Monitoring: Oversight of Reports on Questionable Acts and Networks
Tatiana Mazza (University of Parma)P
Pier Luigi Marchini (University of Parma)
Veronica Tibiletti (Università di Parma)
Alice Medioli (University of Parma)
3. Unveiling the Hidden Forces: How Social Capital Shapes Critical Audit Matters
Junjia Chenn (University of Auckland)
Zixuan (Lina) Li (University of Auckland)P
4. Remote Audits and Professional Skepticism: An Exploratory Study
Prince Teye (ESDES Business School)
AU RF 06 room 305A
. . . . . . . . . . . . . . . . . . . . . . . . . . . . . . . . . . . . chaired by: Blake Canziani (University of Florida)
1. The Relative Importance of the Subcomponents of Trait Professional Skepticism in Audit Judgment and
Decisions
Natalia Mintchik (University of Cincinnati)P
W. Robert Knechel (University of Florida)
Melonie Hall (Raytheon Technologies)
73","[Category]:Auditing;[Name]:Cultivating Auditors Who Are More Committed to and Better at Ensuring Audit Quality;[Author_1]:Jasmijn Bol;[Uni_1]:Tulane University;[Author_2]:Isabella Grabner;[Uni_2]:WUVienna;[Author_3]:Katlijn Haesebrouck;[Uni_3]:Maastricht University;[Author_4]:Mark Peecher;[Uni_4]:University of Illinois Urbana-Champaign  
[Category]:Auditing;[Name]:Whatthebraziliansauditorsthinkaboutofthemotivationsforthepracticeofaccountingfraudinorganizations?;[Author_1]:Caroline Orth;[Uni_1]:Universidade Federal do Rio Grande do Sul;[Author_2]:Mariana Bonotto;[Uni_2]:Universidade Federal do Rio Grande do Sul;[Author_3]:Giuliana Soccol Ferreira;[Uni_3]:Universidade Federal do Rio Grande do Sul;[Author_4]:Vitória Tavares DellaValentina;[Uni_4]:Universidade Federal do Rio Grande do Sul  
[Category]:Auditing;[Name]:Data Analytics Adoption in Auditing: The Roles of Experience, Mindset, Training, and Risk Factor Awareness;[Author_1]:Zheng Leitter;[Uni_1]:Nanyang Technological University;[Author_2]:Christian Peters;[Uni_2]:Nanyang Technological University  
[Category]:Auditing;[Name]:Does Auditor Communication Matter? The Role of Knowledge Compatibility;[Author_1]:Hoang Nhan Ha;[Uni_1]:Universidad Carlos III de Madrid  
[Category]:Auditing;[Name]:Peer Effects on Choice of Auditor Reputation: Evidence from Quasi-experiments;[Author_1]:Simon Fung;[Uni_1]:Deakin University;[Author_2]:Xiaoran Cao;[Uni_2]:Deakin University  
[Category]:Auditing;[Name]:A Narcissist’s Dilemma: How Narcissistic CEOs Navigate ESG Assurance;[Author_1]:Xin Li;[Uni_1]:University of Auckland;[Author_2]:Zixuan (Lina) Li;[Uni_2]:University of Auckland;[Author_3]:Charl DeVilliers;[Uni_3]:University of Auckland / University of Pretoria  
[Category]:Auditing;[Name]:Audit Efforts and Client Companies’ Operational Efficiency;[Author_1]:Jae Bum Kim;[Uni_1]:Lehigh University;[Author_2]:Ho-Young Lee;[Uni_2]:Yonsei University;[Author_3]:InkyungYoon;[Uni_3]:Gachon University  
[Category]:Auditing;[Name]:Audit Hours and Internal Monitoring: Oversight of Reports on Questionable Acts and Networks;[Author_1]:Tatiana Mazza;[Uni_1]:University of Parma;[Author_2]:Pier Luigi Marchini;[Uni_2]:University of Parma;[Author_3]:Veronica Tibiletti;[Uni_3]:Università di Parma;[Author_4]:Alice Medioli;[Uni_4]:University of Parma  
[Category]:Auditing;[Name]:Unveiling the Hidden Forces: How Social Capital Shapes Critical Audit Matters;[Author_1]:Junjia Chenn;[Uni_1]:University of Auckland;[Author_2]:Zixuan (Lina) Li;[Uni_2]:University of Auckland  
[Category]:Auditing;[Name]:Remote Audits and Professional Skepticism: An Exploratory Study;[Author_1]:Prince Teye;[Uni_1]:ESDES Business School  
[Category]:Auditing;[Name]:The Relative Importance of the Subcomponents of Trait Professional Skepticism in Audit Judgment and Decisions;[Author_1]:Natalia Mintchik;[Uni_1]:University of Cincinnati;[Author_2]:W. Robert Knechel;[Uni_2]:University of Florida;[Author_3]:Melonie Hall;[Uni_3]:Raytheon Technologies"
73,73.0,"2. Do Female Auditors Benefit from the Audit Firm Expansion? The Evidence from Chinese Audit Market
Consolidation
Yaqiong Zhou (University ofWarwick)
3. The impact of climate change-related reputation risk on audit fees
Karel Hrazdil (Simon Fraser University)P
Jiyuan Li (Xi’an Jiaotong University)
Ray Zhang (Simon Fraser University)
4. Does Audit Partner-Client Proximity Enhance Audit Efficiency? Evidence from COVID-19 Lockdowns
Naman Desai (University of Maryland)
Gopal Krishnan (Bentley University)
Purohit Siddharth (University College Dublin)P
Thursday,May 29, 16:00–17:30
AU PSD 03 room T01
. . . . . . . . . . . . . . . . . . . . . . . . . . . . . . . . . . . . . chaired by: Tobias Svanström (Umeå University)
1. The effect of sharing IPO auditor with listed affiliates on IPO audit quality and IPO underpricing: Evidence from
audit firm and partner levels
Phyllis Lai Lan Mo (City University of Hong Kong)
Yingwen Guo (Hong Kong Polytechnic University)
Weiyin Zhang (Hang Seng University of Hong Kong)P
Discussant: Pietro Bianchi Fedrigoni (Bocconi University)
2. IPOs, Internal and Disclosure Control Quality, and Financial Reporting Quality
Al Ghosh (University of North Carolina at Charlotte)
Discussant: Michael Alles (Rutgers University)
AU PS 11 room 401
. . . . . . . . . . . . . . . . . . . . . . . . . . . . . . . . . . . . . chaired by: Jan Bouwens (University of Amsterdam)
1. The Effect of Deadline Imposed Time Pressure on Audit Quality: Further Support for the Need for Standard
Setters to Restore Audit Fieldwork Completion Informat
James Hansen (Weber State University)P
Timothy Seidel (BrighamYoung University)
2. Economic Consequences of Shortening Audit and Professional Engagement Period: Evidence from IPO
Underpricing
C. S. Agnes Cheng (University of Oklahoma)
BenWang (Hong Kong Polytechnic University)
QiangWu (Hong Kong Polytechnic University)P
3. Audit Staff Hiring Delays
Joanna Golden (University of Memphis)P
Xiaotao Liu (Northeastern University)
AU RF 07 room 305B
. . . . . . . . . . . . . . . . . . . . . . . . . . . . . . . . . . . . . . . chaired by: LobkeWeijers (Tilburg University)
1. Organizational Form and Audit Pricing
Hajar El Mouttaqui (American University of Sharjah)P
Feras Salama (American University of Sharjah)
2. Environmental risks in the spotlight: How auditor and company characteristics shape Key Audit Matters in
sensitive industries
Viviana Narvaez Castillo (University of Cauca)
Maria A. Garcia-Benau (University ofValencia)
Nicolas Gambetta (Universidad ORT Uruguay)P
Laura Sierra Garcia (University Pablo de Olavide)
74","[Category]:Financial Reporting;[Name]:Do Female Auditors Benefit from the Audit Firm Expansion? The Evidence from Chinese Audit Market Consolidation;[Author_1]:Yaqiong Zhou;[Uni_1]:University of Warwick  
[Category]:Auditing;[Name]:The impact of climate change-related reputation risk on audit fees;[Author_1]:Karel Hrazdil;[Uni_1]:Simon Fraser University;[Author_2]:Jiyuan Li;[Uni_2]:Xi’an Jiaotong University;[Author_3]:Ray Zhang;[Uni_3]:Simon Fraser University  
[Category]:Auditing;[Name]:Does Audit Partner-Client Proximity Enhance Audit Efficiency? Evidence from COVID-19 Lockdowns;[Author_1]:Naman Desai;[Uni_1]:University of Maryland;[Author_2]:Gopal Krishnan;[Uni_2]:Bentley University;[Author_3]:Purohit Siddharth;[Uni_3]:University College Dublin  
[Category]:Auditing;[Name]:The effect of sharing IPO auditor with listed affiliates on IPO audit quality and IPO underpricing: Evidence from audit firm and partner levels;[Author_1]:Phyllis Lai Lan Mo;[Uni_1]:City University of Hong Kong;[Author_2]:Yingwen Guo;[Uni_2]:Hong Kong Polytechnic University;[Author_3]:Weiyin Zhang;[Uni_3]:Hang Seng University of Hong Kong  
[Category]:Financial Reporting;[Name]:IPOs, Internal and Disclosure Control Quality, and Financial Reporting Quality;[Author_1]:Al Ghosh;[Uni_1]:University of North Carolina at Charlotte  
[Category]:Auditing;[Name]:The Effect of Deadline Imposed Time Pressure on Audit Quality: Further Support for the Need for Standard Setters to Restore Audit Fieldwork Completion Informat;[Author_1]:James Hansen;[Uni_1]:Weber State University;[Author_2]:Timothy Seidel;[Uni_2]:Brigham Young University  
[Category]:Auditing;[Name]:Economic Consequences of Shortening Audit and Professional Engagement Period: Evidence from IPO Underpricing;[Author_1]:C. S. Agnes Cheng;[Uni_1]:University of Oklahoma;[Author_2]:Ben Wang;[Uni_2]:Hong Kong Polytechnic University;[Author_3]:Qiang Wu;[Uni_3]:Hong Kong Polytechnic University  
[Category]:Auditing;[Name]:Audit Staff Hiring Delays;[Author_1]:Joanna Golden;[Uni_1]:University of Memphis;[Author_2]:Xiaotao Liu;[Uni_2]:Northeastern University  
[Category]:Auditing;[Name]:Organizational Form and Audit Pricing;[Author_1]:Hajar El Mouttaqui;[Uni_1]:American University of Sharjah;[Author_2]:Feras Salama;[Uni_2]:American University of Sharjah  
[Category]:Auditing;[Name]:Environmental risks in the spotlight: How auditor and company characteristics shape Key Audit Matters in sensitive industries;[Author_1]:Viviana Narvaez Castillo;[Uni_1]:University of Cauca;[Author_2]:Maria A. Garcia-Benau;[Uni_2]:University of Valencia;[Author_3]:Nicolas Gambetta;[Uni_3]:Universidad ORT Uruguay;[Author_4]:Laura Sierra Garcia;[Uni_4]:University Pablo de Olavide"
74,74.0,"3. Auditors’Strategic Career Choices: Evidence from the Wuyang Bond Case in China
Huimin Chen (University of Massachusetts Lowell)P
Tingting He (McGill University)
Qiliang Liu (Jiaxi University of Finance and Economics)
QiangWu (Hong Kong Polytechnic University)
4. Internal Audit and Sustainability: Unveiling Research Trends Through Bibliometric Analysis
Rosalinda Santonastaso (University of Campania - LuigiVanvitelli)P
Riccardo Macchioni (University of Campania - LuigiVanvitelli)
Clelia Fiondella (University of Campania - LuigiVanvitelli)
Claudia Zagaria (University of Campania - LuigiVanvitelli)
5. The disclosure and consequences of the key audit matters in Japan
Hikaru Mitsuhashi (Keio University)P
YiuwaiWong (Musashi University)
Friday,May 30,09:00–10:30
AU PSD 04 room T01
. . . . . . . . . . . . . . . . . . . . . . . . chaired by: Al Ghosh (University of North Carolina at Charlotte)
1. Do Signing Audit Partners matter? Evidence from Sudden Hospitalization Events
Bjørn Jørgensen (Copenhagen Business School)
Morten Nicklas Bigler Seitz (Copenhagen Business School)P
Discussant: Kris Hardies (University of Antwerp)
2. Managing an Audit Partner’s Workload and Client Allocation: A Qualitative Study
Ruiqiong Zhang (Tilburg University)P
Simon Dekeyser (KU Leuven)
Eddy Cardinael (Tilburg University)
Discussant: Limei Che (Oslo Metropolitan University)
AU PS 12 room 103B
. . . . . . . . . . . . . . . . . . . . . . . . . . . . . . . . . . . . . . . chaired by: Willem Buijink (Tilburg University)
1. Inter-office competition and audit pricing decision: An analysis of the UK private client segment
Mara Cameran (Bocconi University)
Domenico Campa (International University of Monaco)P
Mario Daniele (Università Cattolica del Sacro Cuore)
2. Do Auditors Price CEO Personal Tax Incentives?
Seraina Anagnostopoulou (University of Piraeus)P
Georgios Loukopoulos (University of Sussex)
Panagiotis Loukopoulos (University of Strathclyde)
3. COVID-19 Store Closures and Audit Fees
JungYeun (June) Kim (Rutgers University)P
Yuxiang Zheng (Rutgers University)
Nan Zhou (University of Cincinnati)
AU PS 13 room 206A
. . . . . . . . . . . . . . . . . . . . . . . . . . . . . . . . . . . . . . . chaired by: Mukesh Garg (Monash University)
1. Grammatical Errors, Financial Reporting Quality and Audit Engagement Risk
Blake Canziani (University of Florida)P
Gabriel Pundrich (University of Florida)
Jacquelyn Gillette (affiliation not provided)
2. Daring to Audit: A New Measurement and Implication of Audit Partner Risk-Taking
YeWang (Toronto Metropolitan University)P
Raj Mashruwala (University of Calgary)
Wenye Tang (Appalachian State University)
75","[Category]:Auditing;[Name]:3. Auditors’ Strategic Career Choices: Evidence from the Wuyang Bond Case in China;[Author_1]:Huimin Chen;[Uni_1]:University of Massachusetts Lowell;[Author_2]:Tingting He;[Uni_2]:McGill University;[Author_3]:Qiliang Liu;[Uni_3]:Jiaxi University of Finance and Economics;[Author_4]:Qiang Wu;[Uni_4]:Hong Kong Polytechnic University  
[Category]:Auditing;[Name]:4. Internal Audit and Sustainability: Unveiling Research Trends Through Bibliometric Analysis;[Author_1]:Rosalinda Santonastaso;[Uni_1]:University of Campania - Luigi Vanvitelli;[Author_2]:Riccardo Macchioni;[Uni_2]:University of Campania - Luigi Vanvitelli;[Author_3]:Clelia Fiondella;[Uni_3]:University of Campania - Luigi Vanvitelli;[Author_4]:Claudia Zagaria;[Uni_4]:University of Campania - Luigi Vanvitelli  
[Category]:Auditing;[Name]:5. The disclosure and consequences of the key audit matters in Japan;[Author_1]:Hikaru Mitsuhashi;[Uni_1]:Keio University;[Author_2]:Yiuwai Wong;[Uni_2]:Musashi University  
[Category]:Auditing;[Name]:1. Do Signing Audit Partners matter? Evidence from Sudden Hospitalization Events;[Author_1]:Bjørn Jørgensen;[Uni_1]:Copenhagen Business School;[Author_2]:Morten Nicklas Bigler Seitz;[Uni_2]:Copenhagen Business School  
[Category]:Auditing;[Name]:2. Managing an Audit Partner’s Workload and Client Allocation: A Qualitative Study;[Author_1]:Ruiqiong Zhang;[Uni_1]:Tilburg University;[Author_2]:Simon Dekeyser;[Uni_2]:KU Leuven;[Author_3]:Eddy Cardinael;[Uni_3]:Tilburg University  
[Category]:Auditing;[Name]:1. Inter-office competition and audit pricing decision: An analysis of the UK private client segment;[Author_1]:Mara Cameran;[Uni_1]:Bocconi University;[Author_2]:Domenico Campa;[Uni_2]:International University of Monaco;[Author_3]:Mario Daniele;[Uni_3]:Università Cattolica del Sacro Cuore  
[Category]:Auditing;[Name]:2. Do Auditors Price CEO Personal Tax Incentives?;[Author_1]:Seraina Anagnostopoulou;[Uni_1]:University of Piraeus;[Author_2]:Georgios Loukopoulos;[Uni_2]:University of Sussex;[Author_3]:Panagiotis Loukopoulos;[Uni_3]:University of Strathclyde  
[Category]:Auditing;[Name]:3. COVID-19 Store Closures and Audit Fees;[Author_1]:JungYeun (June) Kim;[Uni_1]:Rutgers University;[Author_2]:Yuxiang Zheng;[Uni_2]:Rutgers University;[Author_3]:Nan Zhou;[Uni_3]:University of Cincinnati  
[Category]:Auditing;[Name]:1. Grammatical Errors, Financial Reporting Quality and Audit Engagement Risk;[Author_1]:Blake Canziani;[Uni_1]:University of Florida;[Author_2]:Gabriel Pundrich;[Uni_2]:University of Florida;[Author_3]:Jacquelyn Gillette;[Uni_3]:  
[Category]:Auditing;[Name]:2. Daring to Audit: A New Measurement and Implication of Audit Partner Risk-Taking;[Author_1]:Ye Wang;[Uni_1]:Toronto Metropolitan University;[Author_2]:Raj Mashruwala;[Uni_2]:University of Calgary;[Author_3]:Wenye Tang;[Uni_3]:Appalachian State University"
75,75.0,"PaulineWu (University ofWarwick)
3. Audit Partner Professional Skepticism and Accounting Estimates: An Examination of Variation Within a
Partner/Client Relationship
Yadav Gopalan (University of Notre Dame)
Andrew Imdieke (University of Notre Dame)
Joe Schroeder (Indiana University)P
Sarah Stuber (Texas A&M University)
AU RF 08 room 305B
. . . . . . . . . . . . . . . . . . . . . . . . . . . . . . . . . . . . . chaired by: Marit Kringlen (University of Agder)
1. Guiding the spotlight: The attention-directing role of Key Audit Matters
Florian Eugster (affiliation not provided)
Andreas Seebeck (Constructor University)
Yi Zhang (University of St. Gallen)P
2. A longitudinal examination of professional skepticism in individual auditors
ScottVandervelde (University of North Carolina at Charlotte)P
Laura Feustel (Ohio State University)
Julie Persellin (Trinity University)
Erin Hamilton (University of Nevada-LasVegas)
3. Does audit quality reduce the impact of investor sentiment on stock returns? Evidence from the Chinese
institutional context
Fabrizio Di Meo (Universidad de Alcalá)P
Su-Ping Liu (Universitat Autònoma de Barcelona)
4. Auditors Climate-Related Risk Disclosures: Evidence from Key Audit Matters
Alexander Grommes (Catholic University of Eichstätt-Ingolstadt)P
Max Goettsche (Catholic University of Eichstätt-Ingolstadt)
Florian Habermann (University of Lausanne)
Stephan Küster (Free University of Berlin)
Tobias Steindl (University of Regensburg)
Friday,May 30,11:00–12:30
AU PS 14 room 103B
. . . . . . . . . . . . . . . . . . . . . . . . . . . chaired by: Fabrizio Panozzo (Università Ca’ FoscariVenezia)
1. Bridging differences in cyber risk assessment by cyber security managers and internal auditors through
boundary work
Sergeja Slapničar (University of Queensland)P
TinaVuko (University of Split)
Marko Čular (University of Split)
Matej Drašček (Hranilnica Lon D.D. )
2. Treading lightly: A model for audit firm expansion into new audit spaces
Erica Pimentel (Queen’s University)
Melissa Fortin (Université du Québec à Montréal)
Luminita Enache (University of Calgary)P
Zhongwei Huang (Fudan University)
Rucsandra Moldovan (Concordia University)
3. A field experiment with audit intermediaries
JeroenVan Raak (University of Amsterdam)
Jan Bouwens (University of Amsterdam)P
Sanne Gaspersz (University of Amsterdam)
SanneVan Duin (University of Amsterdam)
76","[Category]:Auditing;[Name]:Audit Partner Professional Skepticism and Accounting Estimates: An Examination of Variation Within a Partner/Client Relationship;[Author_1]:Pauline Wu;[Uni_1]:University of Warwick;[Author_2]:Yadav Gopalan;[Uni_2]:University of Notre Dame;[Author_3]:Andrew Imdieke;[Uni_3]:University of Notre Dame;[Author_4]:Joe Schroeder;[Uni_4]:Indiana University;[Author_5]:Sarah Stuber;[Uni_5]:Texas A&M University  
[Category]:Auditing;[Name]:Guiding the spotlight: The attention-directing role of Key Audit Matters;[Author_1]:Florian Eugster;[Uni_1]:;[Author_2]:Andreas Seebeck;[Uni_2]:Constructor University;[Author_3]:Yi Zhang;[Uni_3]:University of St. Gallen  
[Category]:Auditing;[Name]:A longitudinal examination of professional skepticism in individual auditors;[Author_1]:Scott Vandervelde;[Uni_1]:University of North Carolina at Charlotte;[Author_2]:Laura Feustel;[Uni_2]:Ohio State University;[Author_3]:Julie Persellin;[Uni_3]:Trinity University;[Author_4]:Erin Hamilton;[Uni_4]:University of Nevada-Las Vegas  
[Category]:Auditing;[Name]:Does audit quality reduce the impact of investor sentiment on stock returns? Evidence from the Chinese institutional context;[Author_1]:Fabrizio Di Meo;[Uni_1]:Universidad de Alcalá;[Author_2]:Su-Ping Liu;[Uni_2]:Universitat Autònoma de Barcelona  
[Category]:Auditing;[Name]:Auditors Climate-Related Risk Disclosures: Evidence from Key Audit Matters;[Author_1]:Alexander Grommes;[Uni_1]:Catholic University of Eichstätt-Ingolstadt;[Author_2]:Max Goettsche;[Uni_2]:Catholic University of Eichstätt-Ingolstadt;[Author_3]:Florian Habermann;[Uni_3]:University of Lausanne;[Author_4]:Stephan Küster;[Uni_4]:Free University of Berlin;[Author_5]:Tobias Steindl;[Uni_5]:University of Regensburg  
[Category]:Auditing;[Name]:Bridging differences in cyber risk assessment by cyber security managers and internal auditors through boundary work;[Author_1]:Sergeja Slapničar;[Uni_1]:University of Queensland;[Author_2]:Tina Vuko;[Uni_2]:University of Split;[Author_3]:Marko Čular;[Uni_3]:University of Split;[Author_4]:Matej Drašček;[Uni_4]:Hranilnica Lon D.D.  
[Category]:Auditing;[Name]:Treading lightly: A model for audit firm expansion into new audit spaces;[Author_1]:Erica Pimentel;[Uni_1]:Queen’s University;[Author_2]:Melissa Fortin;[Uni_2]:Université du Québec à Montréal;[Author_3]:Luminita Enache;[Uni_3]:University of Calgary;[Author_4]:Zhongwei Huang;[Uni_4]:Fudan University;[Author_5]:Rucsandra Moldovan;[Uni_5]:Concordia University  
[Category]:Auditing;[Name]:A field experiment with audit intermediaries;[Author_1]:Jeroen Van Raak;[Uni_1]:University of Amsterdam;[Author_2]:Jan Bouwens;[Uni_2]:University of Amsterdam;[Author_3]:Sanne Gaspersz;[Uni_3]:University of Amsterdam;[Author_4]:Sanne Van Duin;[Uni_4]:University of Amsterdam"
76,76.0,"AU PS 15 room 206A
. . . . . . . . . . . . . . . . . . . . . . . . . . chaired by: Chun-ChanYu (National Chung Hsing University)
1. The Spillover of Big Four Auditors to Non-Big Four Audited Clients: The Role of Interlocked Audit Committee
Members
Guoling Bu (Zhejiang University)P
Jun Chen (Zhejiang University)
Wang Dong (Zhejiang University)
Bin Ke (National University of Singapore)
2. What do Investors Say on Auditors? Evidence from Voting Rationale Disclosure on Auditor Ratification
Xiaochi Ge (University of Bristol)P
Zilu Shan (University of Bristol)
3. Painted With the Same Brush? Audit Consequences of Allied Firms’Financial Misconduct
Claudio Ferrantino (Bocconi University)
AU RF 09 room 205B
. . . . . . . . . . . . . . . . . . . . . . . . . . . . . . . . chaired by: Johanna Sylvander (Linköping University)
1. Audit Fees in Private Firms: The Role of External Accountants
Henrik Hoglund (Hanken School of Economics)P
Dennis Sundvik (Hanken School of Economics)
Even Fallan (University of South-Eastern Norway)
2. Voluntary audit and future survival: Evidence from private micro firms in Sweden
Marita Blomkvist (University of Gothenburg)P
Jan Marton (University of Gothenburg)
Emmeli Runesson (University of Gothenburg)
Niuosha Samani (Gothenburg University)
3. Audit Firm Geographic Dispersion, Audit Office Changes, and Financial Reporting Quality
Maysam Ayoub (American University in Dubai)
4. Audit partner industry Specialization, Diversity, or Both? Evidence from Finnish Private companies
Jenni Jääskö (University of Oulu)
5. Sustainability Beyond Earth: Auditors’ Opportunities and Challenges in the Emerging Space Economy
Vlad-Andrei Porumb (University of Manchester)
Ion Anghel (Bucharest University of Economic Studies)
Liliana Ionescu-Feleagă (Bucharest University of Economic Studies)
Sînziana-Maria Rindasu (Bucharest University of Economic Studies)P
Oana Stoica (Bucharest University of Economic Studies)
Friday,May 30,14:00–15:30
AU PS 16 room 103A
. . . . . . . . . . . . . . . . . . . . . . . . . . . . . . . . chaired by: Arpine Maghakyan (University of Glasgow)
1. Debt Concentration and Going Concern Opinions
Hakjoon Song (University of Maryland Global Campus)P
Nathan Berglund (Mississippi State University)
Yeqin Zeng (Durham University)
2. Auditing the Going Concern Assumption: Between Uncertainty and Imagination
Sameh Amer (ESSEC Business School)P
Anna Samsonova-Taddei (HEC Montréal)
Omiros Georgiou (University of Birmingham)
3. Do Analysts’ Earnings and Cash Flow Forecasts Enhance the Accuracy of Auditors’Going-Concern Opinions?
Yi-Hung Lin (Monash University)P
Ting-Chiao Huang (Monash University)
AU PS 17 room 103B
. . . . . . . . . . . . . . . . . . . . . . . . . . . chaired by: Angie Abdel Zaher (American University in Cairo)
77","[Category]:Scientific Program;[Name]:The Spillover of Big Four Auditors to Non-Big Four Audited Clients: The Role of Interlocked Audit Committee Members;[Author_1]:Guoling Bu;[Uni_1]:Zhejiang University;[Author_2]:Jun Chen;[Uni_2]:Zhejiang University;[Author_3]:Wang Dong;[Uni_3]:Zhejiang University;[Author_4]:Bin Ke;[Uni_4]:National University of Singapore  
[Category]:Scientific Program;[Name]:What do Investors Say on Auditors? Evidence from Voting Rationale Disclosure on Auditor Ratification;[Author_1]:Xiaochi Ge;[Uni_1]:University of Bristol;[Author_2]:Zilu Shan;[Uni_2]:University of Bristol  
[Category]:Scientific Program;[Name]:Painted With the Same Brush? Audit Consequences of Allied Firms’ Financial Misconduct;[Author_1]:Claudio Ferrantino;[Uni_1]:Bocconi University  
[Category]:Audit;[Name]:Audit Fees in Private Firms: The Role of External Accountants;[Author_1]:Henrik Hoglund;[Uni_1]:Hanken School of Economics;[Author_2]:Dennis Sundvik;[Uni_2]:Hanken School of Economics;[Author_3]:Even Fallan;[Uni_3]:University of South-Eastern Norway  
[Category]:Audit;[Name]:Voluntary audit and future survival: Evidence from private micro firms in Sweden;[Author_1]:Marita Blomkvist;[Uni_1]:University of Gothenburg;[Author_2]:Jan Marton;[Uni_2]:University of Gothenburg;[Author_3]:Emmeli Runesson;[Uni_3]:University of Gothenburg;[Author_4]:Niuosha Samani;[Uni_4]:Gothenburg University  
[Category]:Audit;[Name]:Audit Firm Geographic Dispersion, Audit Office Changes, and Financial Reporting Quality;[Author_1]:Maysam Ayoub;[Uni_1]:American University in Dubai  
[Category]:Audit;[Name]:Audit partner industry Specialization, Diversity, or Both? Evidence from Finnish Private companies;[Author_1]:Jenni Jääskö;[Uni_1]:University of Oulu  
[Category]:Audit;[Name]:Sustainability Beyond Earth: Auditors’ Opportunities and Challenges in the Emerging Space Economy;[Author_1]:Vlad-Andrei Porumb;[Uni_1]:University of Manchester;[Author_2]:Ion Anghel;[Uni_2]:Bucharest University of Economic Studies;[Author_3]:Liliana Ionescu-Feleagă;[Uni_3]:Bucharest University of Economic Studies;[Author_4]:Sînziana-Maria Rindasu;[Uni_4]:Bucharest University of Economic Studies;[Author_5]:Oana Stoica;[Uni_5]:Bucharest University of Economic Studies  
[Category]:Audit;[Name]:Debt Concentration and Going Concern Opinions;[Author_1]:Hakjoon Song;[Uni_1]:University of Maryland Global Campus;[Author_2]:Nathan Berglund;[Uni_2]:Mississippi State University;[Author_3]:Yeqin Zeng;[Uni_3]:Durham University  
[Category]:Audit;[Name]:Auditing the Going Concern Assumption: Between Uncertainty and Imagination;[Author_1]:Sameh Amer;[Uni_1]:ESSEC Business School;[Author_2]:Anna Samsonova-Taddei;[Uni_2]:HEC Montréal;[Author_3]:Omiros Georgiou;[Uni_3]:University of Birmingham  
[Category]:Audit;[Name]:Do Analysts’ Earnings and Cash Flow Forecasts Enhance the Accuracy of Auditors’ Going-Concern Opinions?;[Author_1]:Yi-Hung Lin;[Uni_1]:Monash University;[Author_2]:Ting-Chiao Huang;[Uni_2]:Monash University"
77,77.0,"1. Key Audit Matters in Climate Risk Reporting: Enhancing Assurance and Regulatory Compliance
Tra Tham (Hanken School of Economics)P
Othmar Lehner (Hanken School of Economics)
Kim Ittonen (Hanken School of Economics)
2. Flying semi-blind: an empirical study on auditors’effort in auditing climate risks
Ruby Brownen-Trinh (University of Bristol)P
Zilu Shan (University of Bristol)
Giovanna Michelon (University of Padova)
3. The Impact of Mandatory Assurance on Sustainability Assurance Practices
Ulrike Thürheimer (University of Amsterdam)P
Shan Zhou (University of Sydney)
Roger Simnett (Deakin University)
Yitang (Jenny)Yang (University of New SouthWales)
AU RF 10 room 305A
. . . . . . . . . . . chaired by: Antonino Costa (Hong Kong University of Science and Technology)
1. Auditors as Tax Enforcers? Mandatory Internal Control Audits and Corporate Tax Avoidance
Charlene Chen (Macquarie University)P
Xiao Liang (Nanjing Audit University)
Joerg-Markus Hitz (University of Tübingen)
2. Auditor-Affiliated Tax Employees: Hiring Tax Professionals from the External Audit Firm
IliyasYusoff (Deakin University)
3. Market reception and strategic implication of mandatory ESG assurance: impact on competitive advantage
Zelalem Abay (Karlstad University)
4. The impact of technology adoption on audit strength: the moderation role of firms’ethical behaviour
Amir Allam (Aston University)P
Mahmoud Elmarzouky (University of St. Andrews)
AhmedYamen (American University of the Middle East)
Mostafa Hussien (University ofWestminster,Westminster Business Schools)
5. Reputation Matters: Public Perception of Audit and Job Entries
Janik OleWecks (Bremen University)P
JohannesVoshaar (Bremen University)
Jochen Zimmermann (University of Bremen)
TAXATION
Wednesday,May 28, 15:30–17:00
TX PS 01 room 206A
. . . . . . . . . . . . . . . . . . . . . . . . . . chaired by: Davud Rostam-Afschar (University of Mannheim)
1. The Effects of SEC Tax-Related Comment Letters on the Informativeness of Unrecognised Tax Benefits for Future
Tax Cash Flows
Yuan (Helen) Ping (Australian National University)P
HaiWu (Australian National University)
Xiu-Ye Zhang (Australian National University)
SonaliWalpola (Australian National University)
2. The Association between Income Tax Expense Smoothing and Earnings Quality
Chia-Wei Chin (Yuan Ze University)P
Min-Jeng Shiue (National Taipei University)
IanWang (EY Taiwan)
Shu-LingYeh (National Taipei University)
78","[Category]:Financial Reporting;[Name]:Key Audit Matters in Climate Risk Reporting: Enhancing Assurance and Regulatory Compliance;[Author_1]:Tra Tham;[Uni_1]:Hanken School of Economics;[Author_2]:Othmar Lehner;[Uni_2]:Hanken School of Economics;[Author_3]:Kim Ittonen;[Uni_3]:Hanken School of Economics  
[Category]:Auditing;[Name]:Flying semi-blind: an empirical study on auditors’ effort in auditing climate risks;[Author_1]:Ruby Brownen-Trinh;[Uni_1]:University of Bristol;[Author_2]:Zilu Shan;[Uni_2]:University of Bristol;[Author_3]:Giovanna Michelon;[Uni_3]:University of Padova  
[Category]:Auditing;[Name]:The Impact of Mandatory Assurance on Sustainability Assurance Practices;[Author_1]:Ulrike Thürheimer;[Uni_1]:University of Amsterdam;[Author_2]:Shan Zhou;[Uni_2]:University of Sydney;[Author_3]:Roger Simnett;[Uni_3]:Deakin University;[Author_4]:Yitang (Jenny) Yang;[Uni_4]:University of New South Wales  
[Category]:Auditing;[Name]:Auditors as Tax Enforcers? Mandatory Internal Control Audits and Corporate Tax Avoidance;[Author_1]:Charlene Chen;[Uni_1]:Macquarie University;[Author_2]:Xiao Liang;[Uni_2]:Nanjing Audit University;[Author_3]:Joerg-Markus Hitz;[Uni_3]:University of Tübingen  
[Category]:Taxation;[Name]:Auditor-Affiliated Tax Employees: Hiring Tax Professionals from the External Audit Firm;[Author_1]:Iliyas Yusoff;[Uni_1]:Deakin University  
[Category]:Auditing;[Name]:Market reception and strategic implication of mandatory ESG assurance: impact on competitive advantage;[Author_1]:Zelalem Abay;[Uni_1]:Karlstad University  
[Category]:Auditing;[Name]:The impact of technology adoption on audit strength: the moderation role of firms’ ethical behaviour;[Author_1]:Amir Allam;[Uni_1]:Aston University;[Author_2]:Mahmoud Elmarzouky;[Uni_2]:University of St. Andrews;[Author_3]:Ahmed Yamen;[Uni_3]:American University of the Middle East;[Author_4]:Mostafa Hussien;[Uni_4]:University of Westminster, Westminster Business Schools  
[Category]:Auditing;[Name]:Reputation Matters: Public Perception of Audit and Job Entries;[Author_1]:Janik Ole Wecks;[Uni_1]:Bremen University;[Author_2]:Johannes Voshaar;[Uni_2]:Bremen University;[Author_3]:Jochen Zimmermann;[Uni_3]:University of Bremen  
[Category]:Taxation;[Name]:The Effects of SEC Tax-Related Comment Letters on the Informativeness of Unrecognised Tax Benefits for Future Tax Cash Flows;[Author_1]:Yuan (Helen) Ping;[Uni_1]:Australian National University;[Author_2]:Hai Wu;[Uni_2]:Australian National University;[Author_3]:Xiu-Ye Zhang;[Uni_3]:Australian National University;[Author_4]:Sonali Walpola;[Uni_4]:Australian National University  
[Category]:Taxation;[Name]:The Association between Income Tax Expense Smoothing and Earnings Quality;[Author_1]:Chia-Wei Chin;[Uni_1]:Yuan Ze University;[Author_2]:Min-Jeng Shiue;[Uni_2]:National Taipei University;[Author_3]:Ian Wang;[Uni_3]:EY Taiwan;[Author_4]:Shu-Ling Yeh;[Uni_4]:National Taipei University"
78,78.0,"3. Managers’ decision-making in financial reporting and tax aggressiveness: From the perspective of goodwill
impairment
HusseinWarsame (University of Calgary)P
Wenyu Zhou (University of Calgary)
TX RF 01 room 305A
. . . . . . . . . . chaired by: Anna Leszczylowska (Poznań University of Economics and Business)
1. Corporate Tax Strategies in the Transition to Net Zero: Global Evidence
Mukesh Garg (Monash University)P
Christofer Adrian (Monash University)
Cameron Truong (Monash University)
Janto Haman (Monash University)
Zhilin Xue (Deakin University)
2. Tax avoidance implications of employment protection: Evidence from the Italian ‘Jobs Act’
Anna Alexander (University of Padova)P
Luca Menicacci (Free University of Bozen-Bolzano)
Francesco Ambrosini (University of Padua)
3. Digitalization and Tax Control Frameworks
Christian Renelt (WUVienna)P
Daniel Dallhammer (WUVienna)
4. Bridging the Gap: The Critical Role of Corporate Governance and Audit Determinants in Tax Compliance
Annukka Jokipii (University ofVaasa)P
Elina Haapamäki (University ofVaasa)
Johanna Miettinen (Finnish Tax Administration,Grey Economy Information Unit)
Alem Luoma (Finnish Tax Administration,Grey Economy Information Unit)
Tomi Martikainen (Finnish Tax Administration,Grey Economy Information Unit)
Wednesday,May 28, 17:30–19:00
TX PS 02 room 202
. . . . . . . . . . . . . . . . . . . . . . . . . . . chaired by: CinthiaValle Ruiz (IÉSEG School of Management)
1. R&D investment deductions, tax credits and the binary choice approach
Erik Gjymshana (Ghent University)P
Annelies Roggeman (Ghent University)
IsabelleVerleyen (Ghent University)
2. The Productivity Paradox of Corporate Taxation: A Nonlinear Tale of Growth and Constraints
Hang Nguyen (OttoVon Guericke University of Magdeburg)
3. Having Your Cake and Eating it Too: Do Innovation Tax Incentives Increase Both the Quantity and Efficiency of
Innovation?
Arthur Stenzel (NHH - Norwegian School of Economics)P
Nathan Goldman (North Carolina State University)
Stephen Lusch (University of Kentucky)
TX RF 02 room 105
. . . . . . . . . . . . . . . . . . . chaired by: Costanza Cincotta (NHH - Norwegian School of Economics)
1. How to Design and Employ Specialized Large Language Models for Accounting Research: The example of
TaxBERT
MariusWeiß (University of Erlangen-Nürnberg)P
Andreas Seebeck (Constructor University)
Lukas Schmidt (Constructor University Bremen)
Frank Hechtner (Friedrich Alexander University)
2. Tax Loss Offsetting and Changing Ownership—Do Tax Effects or Sunk Costs Matter?
79","[Category]:Taxation;[Name]:Managers’ decision-making in financial reporting and tax aggressiveness: From the perspective of goodwill impairment;[Author_1]:Hussein Warsame;[Uni_1]:University of Calgary;[Author_2]:Wenyu Zhou;[Uni_2]:University of Calgary  
[Category]:Taxation;[Name]:Corporate Tax Strategies in the Transition to Net Zero: Global Evidence;[Author_1]:Mukesh Garg;[Uni_1]:Monash University;[Author_2]:Christofer Adrian;[Uni_2]:Monash University;[Author_3]:Cameron Truong;[Uni_3]:Monash University;[Author_4]:Janto Haman;[Uni_4]:Monash University;[Author_5]:Zhilin Xue;[Uni_5]:Deakin University  
[Category]:Taxation;[Name]:Tax avoidance implications of employment protection: Evidence from the Italian ‘Jobs Act’;[Author_1]:Anna Alexander;[Uni_1]:University of Padova;[Author_2]:Luca Menicacci;[Uni_2]:Free University of Bozen-Bolzano;[Author_3]:Francesco Ambrosini;[Uni_3]:University of Padua  
[Category]:Taxation;[Name]:Digitalization and Tax Control Frameworks;[Author_1]:Christian Renelt;[Uni_1]:WUVienna;[Author_2]:Daniel Dallhammer;[Uni_2]:WUVienna  
[Category]:Taxation;[Name]:Bridging the Gap: The Critical Role of Corporate Governance and Audit Determinants in Tax Compliance;[Author_1]:Annukka Jokipii;[Uni_1]:University of Vaasa;[Author_2]:Elina Haapamäki;[Uni_2]:University of Vaasa;[Author_3]:Johanna Miettinen;[Uni_3]:Finnish Tax Administration, Grey Economy Information Unit;[Author_4]:Alem Luoma;[Uni_4]:Finnish Tax Administration, Grey Economy Information Unit;[Author_5]:Tomi Martikainen;[Uni_5]:Finnish Tax Administration, Grey Economy Information Unit  
[Category]:Taxation;[Name]:R&D investment deductions, tax credits and the binary choice approach;[Author_1]:Erik Gjymshana;[Uni_1]:Ghent University;[Author_2]:Annelies Roggeman;[Uni_2]:Ghent University;[Author_3]:Isabelle Verleyen;[Uni_3]:Ghent University  
[Category]:Taxation;[Name]:The Productivity Paradox of Corporate Taxation: A Nonlinear Tale of Growth and Constraints;[Author_1]:Hang Nguyen;[Uni_1]:Otto Von Guericke University of Magdeburg  
[Category]:Taxation;[Name]:Having Your Cake and Eating it Too: Do Innovation Tax Incentives Increase Both the Quantity and Efficiency of Innovation?;[Author_1]:Arthur Stenzel;[Uni_1]:NHH - Norwegian School of Economics;[Author_2]:Nathan Goldman;[Uni_2]:North Carolina State University;[Author_3]:Stephen Lusch;[Uni_3]:University of Kentucky  
[Category]:Taxation;[Name]:How to Design and Employ Specialized Large Language Models for Accounting Research: The example of TaxBERT;[Author_1]:Marius Weiß;[Uni_1]:University of Erlangen-Nürnberg;[Author_2]:Andreas Seebeck;[Uni_2]:Constructor University;[Author_3]:Lukas Schmidt;[Uni_3]:Constructor University Bremen;[Author_4]:Frank Hechtner;[Uni_4]:Friedrich Alexander University  
[Category]:Taxation;[Name]:Tax Loss Offsetting and Changing Ownership—Do Tax Effects or Sunk Costs Matter?;[Author_1]:;[Uni_1]:;[Author_2]:;[Uni_2]:;[Author_3]:;[Uni_3]:;[Author_4]:;[Uni_4]:;[Author_5]:;[Uni_5]:"
79,79.0,"Harald Jansen (University Jena)
Nicole Pauer (University Jena)P
3. Assessing the Impacts of Robot Taxation: Investment of South Korean Firms
Svea Holtmann (University of Mannheim)P
Anna-Sophie Braun (Catholic University of Eichstätt-Ingolstadt)
Reinald Koch (Catholic University of Eichstätt-Ingolstadt)
Dominika Langenmayr (Catholic University of Eichstätt-Ingolstadt)
Jae Cho (University of Munich)
4. Does tax haven activity affect audit fees?
Benedikt Sieghartsleitner (University of Graz)
Silke Rünger (University of Graz)P
5. The impact of centralization of tax collection authority on accounting choices: Evidence from tax collection
authority reform in China
Weina Zhao (Xi’an Jiaotong University)P
Xiaolin Xue (Xi’an Jiaotong University)
Xiaoyue Song (Xi’an Jiaotong University)
Junrui Zhang (Xi’an Jiaotong University)
Thursday,May 29, 09:00–10:30
TX PS 03 room 206A
. . . . . . . . . . . . . . . . . . . . . . . . . . . . . . . . . . . . . . . . . chaired by: Tobias Bornemann (WUVienna)
1. Tech Industry Growth and Accounting Labor Supply: Evidence from Local Tech Industry Subsidies
Shaphan Ng (Singapore Management University)P
Ben Lourie (University of California-Irvine)
Il SunYoo (University of Hawai’i at Mānoa)
2. The real effects of interest limitation rules: Evidence from M&A investments
Eliezer Fich (Drexel University, Lebow College of Business)
Lisa Hillmann (WHU - Otto Beisheim School of Management)P
Johanna Kling (WHU - Otto Beisheim School of Management)
Barbara Stage (WHU - Otto Beisheim School of Management)
3. The Relationship Between State Aid and Corporate Tax Avoidance
Paul Fastenrath (University of Cologne)P
Michael Overesch (University of Cologne)
TX PS 04 room TD 2A
. . . . . . . . . . . . . . . . . . . . . . . . . . . . . . . . . . . . . . . . . . . . . . . . . . . . . . . . . . . . . . . . . . . . . . . . . . . . . . .
1. Navigating Fiscal Policy: The Dynamics of Income Shifting in the Oil and Gas Industry
CinthiaValle Ruiz (IÉSEG School of Management)P
Christof Beuselinck (IÉSEG School of Management)
Raúl Barroso (IÉSEG School of Management)
2. An Analysis of the Effectiveness, Corporate Behavior and Consequences of Interest Limitation Rules
Robert Faff (Corvinus University of Budapest)
Anna Leszczylowska (Poznań University of Economics and Business)P
Aleksander Łożykowski (SGHWarsaw School of Economics)
3. (Un)Intended Consequences of Earnings Stripping Rules
Lisa De Simone (University of Texas at Austin)
Henning Giese (Paderborn University)
Reinald Koch (Catholic University of Eichstätt-Ingolstadt)
Christoph Rehrl (Catholic University of Eichstätt-Ingolstadt)P
80","[Category]:Financial Reporting;[Name]:Assessing the Impacts of Robot Taxation: Investment of South Korean Firms;[Author_1]:Svea Holtmann;[Uni_1]:University of Mannheim;[Author_2]:Anna-Sophie Braun;[Uni_2]:Catholic University of Eichstätt-Ingolstadt;[Author_3]:Reinald Koch;[Uni_3]:Catholic University of Eichstätt-Ingolstadt;[Author_4]:Dominika Langenmayr;[Uni_4]:Catholic University of Eichstätt-Ingolstadt;[Author_5]:Jae Cho;[Uni_5]:University of Munich  
[Category]:Taxation;[Name]:Does tax haven activity affect audit fees?;[Author_1]:Benedikt Sieghartsleitner;[Uni_1]:University of Graz;[Author_2]:Silke Rünger;[Uni_2]:University of Graz  
[Category]:Taxation;[Name]:The impact of centralization of tax collection authority on accounting choices: Evidence from tax collection authority reform in China;[Author_1]:Weina Zhao;[Uni_1]:Xi’an Jiaotong University;[Author_2]:Xiaolin Xue;[Uni_2]:Xi’an Jiaotong University;[Author_3]:Xiaoyue Song;[Uni_3]:Xi’an Jiaotong University;[Author_4]:Junrui Zhang;[Uni_4]:Xi’an Jiaotong University  
[Category]:Taxation;[Name]:Navigating Fiscal Policy: The Dynamics of Income Shifting in the Oil and Gas Industry;[Author_1]:Cinthia Valle Ruiz;[Uni_1]:IÉSEG School of Management;[Author_2]:Christof Beuselinck;[Uni_2]:IÉSEG School of Management;[Author_3]:Raúl Barroso;[Uni_3]:IÉSEG School of Management  
[Category]:Taxation;[Name]:An Analysis of the Effectiveness, Corporate Behavior and Consequences of Interest Limitation Rules;[Author_1]:Robert Faff;[Uni_1]:Corvinus University of Budapest;[Author_2]:Anna Leszczylowska;[Uni_2]:Poznań University of Economics and Business;[Author_3]:Aleksander Łożykowski;[Uni_3]:SGH Warsaw School of Economics  
[Category]:Taxation;[Name]:(Un)Intended Consequences of Earnings Stripping Rules;[Author_1]:Lisa De Simone;[Uni_1]:University of Texas at Austin;[Author_2]:Henning Giese;[Uni_2]:Paderborn University;[Author_3]:Reinald Koch;[Uni_3]:Catholic University of Eichstätt-Ingolstadt;[Author_4]:Christoph Rehrl;[Uni_4]:Catholic University of Eichstätt-Ingolstadt  
[Category]:Taxation;[Name]:The real effects of interest limitation rules: Evidence from M&A investments;[Author_1]:Eliezer Fich;[Uni_1]:Drexel University, Lebow College of Business;[Author_2]:Lisa Hillmann;[Uni_2]:WHU - Otto Beisheim School of Management;[Author_3]:Johanna Kling;[Uni_3]:WHU - Otto Beisheim School of Management;[Author_4]:Barbara Stage;[Uni_4]:WHU - Otto Beisheim School of Management  
[Category]:Taxation;[Name]:The Relationship Between State Aid and Corporate Tax Avoidance;[Author_1]:Paul Fastenrath;[Uni_1]:University of Cologne;[Author_2]:Michael Overesch;[Uni_2]:University of Cologne  
[Category]:Taxation;[Name]:Tech Industry Growth and Accounting Labor Supply: Evidence from Local Tech Industry Subsidies;[Author_1]:Shaphan Ng;[Uni_1]:Singapore Management University;[Author_2]:Ben Lourie;[Uni_2]:University of California-Irvine;[Author_3]:Il Sun Yoo;[Uni_3]:University of Hawai’i at Mānoa"
80,80.0,"Thursday,May 29, 11:00–12:30
TX PS 05 room 103B
. . . . . . . . . . . . . . . . . . . . . . . . . . . . . . . . . . . . chaired by: Martin Thomsen (University of Siegen)
1. Does Anti-Tax Avoidance Regulation Curb Industry Concentration?
John Gallemore (University of North Carolina)
JesseVan Der Geest (Tilburg University)
Martin Jacob (affiliation not provided)
Christian Peters (Nanyang Technological University)P
2. Tax Avoidance and Corporate Tax Incidence: Evidence from the German Business Tax Reform 2008
Sebastian Eichfelder (University of Magdeburg)P
Hang Nguyen (OttoVon Guericke University of Magdeburg)
3. Regulatory Fragmentation and Corporate Tax Avoidance
Norah Alduhan (University of Southampton)
Ishmael Tingbani (University of Southampton)
Mohamed Elmahgoub (University of Southampton)P
TX PS 06 room TD 2A
. . . . . . . . . . . . . . . . . . . . chaired by: Arthur Stenzel (NHH - Norwegian School of Economics)
1. The Effects of Tax Reform on Labor Demand within Tax Departments
Kim Alina Schulz (Paderborn University)P
Caren Sureth-Sloane (Paderborn University)
Henning Giese (Paderborn University)
Dan Lynch (University ofWisconsin-Madison)
2. Individual Tax Preparation Fees and the Effects of Artificial Intelligence Offerings
Kerry Inger (Auburn University)P
Paul Black (University of South Carolina)
Isaiah Messer (University of Tennessee)
3. The Role of Tax Advisors in International Tax Policy
Christina Elschner (European UniversityViadrina)
Inga Hardeck (University of Duisburg-Essen)P
Beatrice Renges (University of Duisburg-Essen)
Manuel Normann (European UniversityViadrina)
TX RF 03 room T03
. . . . . . . . . . . . . . . . . . . . . . . . . . chaired by: Yuan (Helen) Ping (Australian National University)
1. The Impact of Non-Tax Subsidies on Corporate Social Responsibility and Earnings Persistence in China
Wen-Jye Hung (Minjiang University)
HweiWang (University of Maryland Eastern Shore)
YaminWang (Bentley University)P
YanWang (Minjiang University)
2. Tax Law Ambiguity, Court Decisions, and the Choice of Organizational Form: Evidence from Poland
Christina Elschner (European UniversityViadrina)
Drahomir Klimsa (European UniversityViadrina)P
Agata Nagel (European UniversityViadrina)
3. Interest Barrier and Corporate Debt: Evidence from the ATAD-Implementation in the EU
Bernhard Haberl (University of Graz)
4. Dynamic analysis of non-deductible expenses generating temporary differences on compensation contracts
Yutaro Murakami (Keio University)
ToshiakiWakabayashi (Waseda University)P
81","[Category]:Taxation;[Name]:Does Anti-Tax Avoidance Regulation Curb Industry Concentration?;[Author_1]:John Gallemore;[Uni_1]:University of North Carolina;[Author_2]:Jesse Van Der Geest;[Uni_2]:Tilburg University;[Author_3]:Martin Jacob;[Uni_3]:;[Author_4]:Christian Peters;[Uni_4]:Nanyang Technological University  
[Category]:Taxation;[Name]:Tax Avoidance and Corporate Tax Incidence: Evidence from the German Business Tax Reform 2008;[Author_1]:Sebastian Eichfelder;[Uni_1]:University of Magdeburg;[Author_2]:Hang Nguyen;[Uni_2]:Otto Von Guericke University of Magdeburg  
[Category]:Taxation;[Name]:Regulatory Fragmentation and Corporate Tax Avoidance;[Author_1]:Norah Alduhan;[Uni_1]:University of Southampton;[Author_2]:Ishmael Tingbani;[Uni_2]:University of Southampton;[Author_3]:Mohamed Elmahgoub;[Uni_3]:University of Southampton  
[Category]:Taxation;[Name]:The Effects of Tax Reform on Labor Demand within Tax Departments;[Author_1]:Kim Alina Schulz;[Uni_1]:Paderborn University;[Author_2]:Caren Sureth-Sloane;[Uni_2]:Paderborn University;[Author_3]:Henning Giese;[Uni_3]:Paderborn University;[Author_4]:Dan Lynch;[Uni_4]:University of Wisconsin-Madison  
[Category]:Taxation;[Name]:Individual Tax Preparation Fees and the Effects of Artificial Intelligence Offerings;[Author_1]:Kerry Inger;[Uni_1]:Auburn University;[Author_2]:Paul Black;[Uni_2]:University of South Carolina;[Author_3]:Isaiah Messer;[Uni_3]:University of Tennessee  
[Category]:Taxation;[Name]:The Role of Tax Advisors in International Tax Policy;[Author_1]:Christina Elschner;[Uni_1]:European University Viadrina;[Author_2]:Inga Hardeck;[Uni_2]:University of Duisburg-Essen;[Author_3]:Beatrice Renges;[Uni_3]:University of Duisburg-Essen;[Author_4]:Manuel Normann;[Uni_4]:European University Viadrina  
[Category]:Taxation;[Name]:The Impact of Non-Tax Subsidies on Corporate Social Responsibility and Earnings Persistence in China;[Author_1]:Wen-Jye Hung;[Uni_1]:Minjiang University;[Author_2]:Hwei Wang;[Uni_2]:University of Maryland Eastern Shore;[Author_3]:Yamin Wang;[Uni_3]:Bentley University;[Author_4]:Yan Wang;[Uni_4]:Minjiang University  
[Category]:Taxation;[Name]:Tax Law Ambiguity, Court Decisions, and the Choice of Organizational Form: Evidence from Poland;[Author_1]:Christina Elschner;[Uni_1]:European University Viadrina;[Author_2]:Drahomir Klimsa;[Uni_2]:European University Viadrina;[Author_3]:Agata Nagel;[Uni_3]:European University Viadrina  
[Category]:Taxation;[Name]:Interest Barrier and Corporate Debt: Evidence from the ATAD-Implementation in the EU;[Author_1]:Bernhard Haberl;[Uni_1]:University of Graz  
[Category]:Taxation;[Name]:Dynamic analysis of non-deductible expenses generating temporary differences on compensation contracts;[Author_1]:Yutaro Murakami;[Uni_1]:Keio University;[Author_2]:Toshiaki Wakabayashi;[Uni_2]:Waseda University"
81,81.0,"Thursday,May 29, 14:00–15:30
TX PS 07 room 403
. . . . . . . . . . . . . . . . . . . . . . . . . . . . . . . . . . . . . . . . chaired by: Kenny Dekoster (Ghent University)
1. Do Employees Respond to Corporate Tax Changes? Evidence from Labor Unionization
Casimir Carl (University of Bielefeld)P
Peter Limbach (University of Bielefeld)
Florencio Lopez-De-Silanes (SKEMA Business School)
2. Tax Transparency and the Firm’s CEO
Ellie Chapple (Queensland University of Technology)P
Kerrie Sadiq (Queensland University of Technology)
AsheshaWeerasinghe (Queensland University of Technology)
3. Wet behind the ears: The impact of rookie independent directors on corporate tax avoidance
Feng Cao (Hunan University)
Xueyan Zhang (Hunan University)
Mingsheng Hu (Hunan University)P
TX RF 04 room 304B
. . . . . . . . . . . . . . . . . . . . . . . . . . . . . . . . . . . . . . . . . . . . . . . . . . . . . . . . . . . . . . . . . . . . . . . . . . . . . . .
1. The Relationship between Related Party Transactions of Offshore Holding Company and Tax
Planning—Perspectives from Chinese Listed Companies
Wen-Jye Hung (Minjiang University)P
HweiWang (University of Maryland Eastern Shore)
YaminWang (Bentley University)
YanWang (Minjiang University)
2. Auditor Consequences of Restrictions on Auditor-Provided Tax Services: Evidence from the European Union
Stefanie Pendl (WUVienna)P
Benedikt Sieghartsleitner (University of Graz)
3. The influence of the environment’s tax morale on corporate tax avoidance
Manuel Cano-Rodriguez (University of Jaén)P
Maria De La Paz Horno Bueno (University of Jaén)
4. Taxing Prosperity: When Redistribution Stifles Investment
Chenguang Fan (Kyungpook National University)P
Seongho Bae (Kyungpook National University)
Yu Liu (Kyungpook National University)
Thursday,May 29, 16:00–17:30
TX PS 08 room 103A
. . . . . . . . . . . . . . . . . . . . . . . . . . . . . . . . . chaired by: Svea Holtmann (University of Mannheim)
1. How Do Accelerated Depreciation Rules Affect Financially Constrained Firms?
Khairunnisa Ridwan (WUVienna)P
Matthias Petutschnig (WUVienna)
2. Management Tax Guidance & Analyst Forecasting Behavior: The Peculiar Role of Tax Forecasting
Sebastian Hinder (Paderborn University)P
Jens Müller (Paderborn University)
JohannesVoget (University of Mannheim)
3. Tax Disputes—The Role of Technology and Controversy Expertise
Daniel Dyck (Paderborn University)P
Johannes Lorenz (Carl von Ossietzky University of Oldenburg)
Caren Sureth-Sloane (Paderborn University)
TX PS 09 room 403
. . . . . . . . . . . . . . . . . . . . . chaired by: Reinald Koch (Catholic University of Eichstätt-Ingolstadt)
82","[Category]:Taxation;[Name]:Do Employees Respond to Corporate Tax Changes? Evidence from Labor Unionization;[Author_1]:Casimir Carl;[Uni_1]:University of Bielefeld;[Author_2]:Peter Limbach;[Uni_2]:University of Bielefeld;[Author_3]:Florencio Lopez-De-Silanes;[Uni_3]:SKEMA Business School  
[Category]:Taxation;[Name]:Tax Transparency and the Firm’s CEO;[Author_1]:Ellie Chapple;[Uni_1]:Queensland University of Technology;[Author_2]:Kerrie Sadiq;[Uni_2]:Queensland University of Technology;[Author_3]:Ashesha Weerasinghe;[Uni_3]:Queensland University of Technology  
[Category]:Taxation;[Name]:Wet behind the ears: The impact of rookie independent directors on corporate tax avoidance;[Author_1]:Feng Cao;[Uni_1]:Hunan University;[Author_2]:Xueyan Zhang;[Uni_2]:Hunan University;[Author_3]:Mingsheng Hu;[Uni_3]:Hunan University  
[Category]:Taxation;[Name]:The Relationship between Related Party Transactions of Offshore Holding Company and Tax Planning—Perspectives from Chinese Listed Companies;[Author_1]:Wen-Jye Hung;[Uni_1]:Minjiang University;[Author_2]:Hwei Wang;[Uni_2]:University of Maryland Eastern Shore;[Author_3]:Yamin Wang;[Uni_3]:Bentley University;[Author_4]:Yan Wang;[Uni_4]:Minjiang University  
[Category]:Taxation;[Name]:Auditor Consequences of Restrictions on Auditor-Provided Tax Services: Evidence from the European Union;[Author_1]:Stefanie Pendl;[Uni_1]:WUVienna;[Author_2]:Benedikt Sieghartsleitner;[Uni_2]:University of Graz  
[Category]:Taxation;[Name]:The influence of the environment’s tax morale on corporate tax avoidance;[Author_1]:Manuel Cano-Rodriguez;[Uni_1]:University of Jaén;[Author_2]:Maria De La Paz Horno Bueno;[Uni_2]:University of Jaén  
[Category]:Taxation;[Name]:Taxing Prosperity: When Redistribution Stifles Investment;[Author_1]:Chenguang Fan;[Uni_1]:Kyungpook National University;[Author_2]:Seongho Bae;[Uni_2]:Kyungpook National University;[Author_3]:Yu Liu;[Uni_3]:Kyungpook National University  
[Category]:Taxation;[Name]:How Do Accelerated Depreciation Rules Affect Financially Constrained Firms?;[Author_1]:Khairunnisa Ridwan;[Uni_1]:WUVienna;[Author_2]:Matthias Petutschnig;[Uni_2]:WUVienna  
[Category]:Taxation;[Name]:Management Tax Guidance & Analyst Forecasting Behavior: The Peculiar Role of Tax Forecasting;[Author_1]:Sebastian Hinder;[Uni_1]:Paderborn University;[Author_2]:Jens Müller;[Uni_2]:Paderborn University;[Author_3]:Johannes Voget;[Uni_3]:University of Mannheim  
[Category]:Taxation;[Name]:Tax Disputes—The Role of Technology and Controversy Expertise;[Author_1]:Daniel Dyck;[Uni_1]:Paderborn University;[Author_2]:Johannes Lorenz;[Uni_2]:Carl von Ossietzky University of Oldenburg;[Author_3]:Caren Sureth-Sloane;[Uni_3]:Paderborn University"
82,82.0,"1. Competitive externalities of U.S. government economic development subsidies
Costanza Cincotta (NHH - Norwegian School of Economics)P
Elisa Casi (NHH - Norwegian School of Economics)
Allison Koester (Georgetown University)
2. Protectionism and MNE Investments
Ayse Ozdogan Laurenz (WUVienna)
JaccoWielhouwer (Vrije Universiteit Amsterdam)
Xixi Zhang (IÉSEG School of Management)P
3. Do transfer pricing arbitration clauses foster profit shifting and foreign direct investment
Matti Boie-Wegener (University of Göttingen)
Andreas Oestreicher (University of Göttingen)P
Friday,May 30,09:00–10:30
TX PSD 01 room T02
. . . . . . . . . . . . . . . . . . . . . . . . . . . . . . . . . chaired by: Michael Overesch (University of Cologne)
1. Corporate Income Taxes and Payout Policy: Evidence from U.S. State-Level Tax Changes
Florencio Lopez-De-Silanes (SKEMA Business School)P
Casimir Carl (University of Bielefeld)
Peter Limbach (University of Bielefeld)
Discussant: Kerry Inger (Auburn University)
2. The effect of the Tax Cuts and Jobs Act on payout policies
Ana M. Albuquerque (Boston University)P
Petro Lisowsky (Boston University)
Ben Bennett (Tulane University)
ZexiWang (Lancaster University)
Discussant: Yijun Li (Erasmus University Rotterdam)
TX PS 10 room TD 2A
. . . . . . . . . . . . . . . . . . . . . . . . . . . . . . . . . . . . . . . . chaired by: Tobias Bornemann (WUVienna)
1. CSR to manage reputational risks from tax aggressiveness allegations: an evaluation of congruence and
communication timing
Kenny Dekoster (Ghent University)P
IsabelleVerleyen (Ghent University)
Annelies Roggeman (Ghent University)
2. Are Firms’Tax Preferences Driven by Redistribution or Fiscal Consolidation Motives
Laura Arnemann (University of Mannheim)
Philipp Dörrenberg (University of Mannheim)
Fabian Eble (University of Mannheim)
Davud Rostam-Afschar (University of Mannheim)P
JohannesVoget (University of Mannheim)
Florian Buhlmann (University of Mannheim)
Christopher Karlsson (University of Mannheim)
3. The Effect of Information Provision on Income Tax Preferences
Karina Körösi (Humboldt University of Berlin)P
Leonie Babilas (Humboldt University of Berlin)
Friday,May 30,11:00–12:30
TX PSD 02 room T02
. . . . . . . . . . . . . . . . . . . . . . . . . . . . . . . . . . . . . chaired by: Susan Albring (Syracuse University)
1. Tax Department Design, Tax Planning, and Tax Risk
Lukas Ortner (Catholic University of Eichstätt-Ingolstadt)P
83","[Category]:Financial Reporting;[Name]:Competitive externalities of U.S. government economic development subsidies;[Author_1]:Costanza Cincotta;[Uni_1]:NHH - Norwegian School of Economics;[Author_2]:Elisa Casi;[Uni_2]:NHH - Norwegian School of Economics;[Author_3]:Allison Koester;[Uni_3]:Georgetown University  
[Category]:Financial Reporting;[Name]:Protectionism and MNE Investments;[Author_1]:Ayse Ozdogan Laurenz;[Uni_1]:WUVienna;[Author_2]:Jacco Wielhouwer;[Uni_2]:Vrije Universiteit Amsterdam;[Author_3]:Xixi Zhang;[Uni_3]:IÉSEG School of Management  
[Category]:Taxation;[Name]:Do transfer pricing arbitration clauses foster profit shifting and foreign direct investment;[Author_1]:Matti Boie-Wegener;[Uni_1]:University of Göttingen;[Author_2]:Andreas Oestreicher;[Uni_2]:University of Göttingen  
[Category]:Taxation;[Name]:Corporate Income Taxes and Payout Policy: Evidence from U.S. State-Level Tax Changes;[Author_1]:Florencio Lopez-De-Silanes;[Uni_1]:SKEMA Business School;[Author_2]:Casimir Carl;[Uni_2]:University of Bielefeld;[Author_3]:Peter Limbach;[Uni_3]:University of Bielefeld  
[Category]:Taxation;[Name]:The effect of the Tax Cuts and Jobs Act on payout policies;[Author_1]:Ana M. Albuquerque;[Uni_1]:Boston University;[Author_2]:Petro Lisowsky;[Uni_2]:Boston University;[Author_3]:Ben Bennett;[Uni_3]:Tulane University;[Author_4]:Zexi Wang;[Uni_4]:Lancaster University  
[Category]:Taxation;[Name]:CSR to manage reputational risks from tax aggressiveness allegations: an evaluation of congruence and communication timing;[Author_1]:Kenny Dekoster;[Uni_1]:Ghent University;[Author_2]:Isabelle Verleyen;[Uni_2]:Ghent University;[Author_3]:Annelies Roggeman;[Uni_3]:Ghent University  
[Category]:Taxation;[Name]:Are Firms’ Tax Preferences Driven by Redistribution or Fiscal Consolidation Motives;[Author_1]:Laura Arnemann;[Uni_1]:University of Mannheim;[Author_2]:Philipp Dörrenberg;[Uni_2]:University of Mannheim;[Author_3]:Fabian Eble;[Uni_3]:University of Mannheim;[Author_4]:Davud Rostam-Afschar;[Uni_4]:University of Mannheim;[Author_5]:Johannes Voget;[Uni_5]:University of Mannheim;[Author_6]:Florian Buhlmann;[Uni_6]:University of Mannheim;[Author_7]:Christopher Karlsson;[Uni_7]:University of Mannheim  
[Category]:Taxation;[Name]:The Effect of Information Provision on Income Tax Preferences;[Author_1]:Karina Körösi;[Uni_1]:Humboldt University of Berlin;[Author_2]:Leonie Babilas;[Uni_2]:Humboldt University of Berlin  
[Category]:Taxation;[Name]:Tax Department Design, Tax Planning, and Tax Risk;[Author_1]:Lukas Ortner;[Uni_1]:Catholic University of Eichstätt-Ingolstadt"
83,83.0,"Harald Amberger (WUVienna)
Henning Giese (Paderborn University)
Reinald Koch (Catholic University of Eichstätt-Ingolstadt)
Discussant: Ana M. Albuquerque (Boston University)
2. Tax-Related Disclosure Costs: Evidence from Redactions in Material Contracts
Dichu Bao (Lingnan University)
Linda Myers (University of Tennessee)P
Lixin Su (Hong Kong Polytechnic University)
Discussant: Nathan Goldman (North Carolina State University)
TX PS 11 room TD 2A
. . . . . . . . . . . . . . . . . . . . . . . . . . . . . . . . . . . . . . . . . . . . . . chaired by: Markus Diller (Uni Passau)
1. Tax planning responses to the trade war: profit compensation and social contract effects
Merel Buis (Vrije Universiteit Amsterdam)P
JaccoWielhouwer (Vrije Universiteit Amsterdam)
Menghan Zhu (Vrije Universiteit Amsterdam)
2. Fighting VAT Fraud: The Importance of On-Time Monitoring versus Information Exchange
Ayse Ozdogan Laurenz (WUVienna)
Marwin Heinemann (Free University of Berlin)P
3. The Incentives for Tax Evasion and Tax Avoidance—a Game Theoretic Approach
Markus Diller (Uni Passau)
Miriam Kamper (University of Passau)P
TX RF 05 room 304B
. . . . . . . . . . . . . . . . . . . . . . . . . . . . . . . . . chaired by: HusseinWarsame (University of Calgary)
1. Tax Inspectors’ Perceptions of the Fight Against Fraud and Tax Evasion in the Portuguese Context
Margarida Osório (University of Minho)
Filomena Antunes Bras (University of Minho)P
2. Reputational Concerns in the Tax Consulting Industry—Evidence from a Generative AI Analysis of Tax
Practitioner Journals
Beatrice Renges (University of Duisburg-Essen)P
Inga Hardeck (University of Duisburg-Essen)
Patrick Katzlmayr (University of Passau)
3. How much are you willing to give? Firms’ Donation Spending and Tax Motives: Local Evidence from Germany
Inga Meringdal (Goethe University)P
Lena MariaWollschläger (Oldenburg University)
4. The Effect of Anti-Profit Shifting Rules on M&A Activities
Osaid Alshamleh (WUVienna)P
Harald Amberger (WUVienna)
Khairunnisa Ridwan (WUVienna)
5. Corporate Social Responsibility and Tax Avoidance—Evidence from the German CSR Directive
Mareike Hockmann (University of Siegen)P
Cristi Gleason (University of Iowa)
Martin Thomsen (University of Siegen)
Friday,May 30,14:00–15:30
TX PSD 03 room 308
. . . . . . . . . . . . . . . . . . . chaired by: Adam Manlove (University of North Carolina at Charlotte)
1. Does Complex Regulation Create Insider Trading Opportunities?
Nathan Goldman (North Carolina State University)P
John Campbell (University of Georgia)
Owen Davidson (Baylor University)
84","[Category]:Taxation;[Name]:Tax-Related Disclosure Costs: Evidence from Redactions in Material Contracts;[Author_1]:Dichu Bao;[Uni_1]:Lingnan University;[Author_2]:Linda Myers;[Uni_2]:University of Tennessee;[Author_3]:Lixin Su;[Uni_3]:Hong Kong Polytechnic University;[Author_4]:Nathan Goldman;[Uni_4]:North Carolina State University  
[Category]:Taxation;[Name]:Tax planning responses to the trade war: profit compensation and social contract effects;[Author_1]:Merel Buis;[Uni_1]:Vrije Universiteit Amsterdam;[Author_2]:Jacco Wielhouwer;[Uni_2]:Vrije Universiteit Amsterdam;[Author_3]:Menghan Zhu;[Uni_3]:Vrije Universiteit Amsterdam  
[Category]:Taxation;[Name]:Fighting VAT Fraud: The Importance of On-Time Monitoring versus Information Exchange;[Author_1]:Ayse Ozdogan Laurenz;[Uni_1]:WUVienna;[Author_2]:Marwin Heinemann;[Uni_2]:Free University of Berlin  
[Category]:Taxation;[Name]:The Incentives for Tax Evasion and Tax Avoidance—a Game Theoretic Approach;[Author_1]:Markus Diller;[Uni_1]:Uni Passau;[Author_2]:Miriam Kamper;[Uni_2]:University of Passau  
[Category]:Taxation;[Name]:Tax Inspectors’ Perceptions of the Fight Against Fraud and Tax Evasion in the Portuguese Context;[Author_1]:Margarida Osório;[Uni_1]:University of Minho;[Author_2]:Filomena Antunes Bras;[Uni_2]:University of Minho  
[Category]:Taxation;[Name]:Reputational Concerns in the Tax Consulting Industry—Evidence from a Generative AI Analysis of Tax Practitioner Journals;[Author_1]:Beatrice Renges;[Uni_1]:University of Duisburg-Essen;[Author_2]:Inga Hardeck;[Uni_2]:University of Duisburg-Essen;[Author_3]:Patrick Katzlmayr;[Uni_3]:University of Passau  
[Category]:Taxation;[Name]:How much are you willing to give? Firms’ Donation Spending and Tax Motives: Local Evidence from Germany;[Author_1]:Inga Meringdal;[Uni_1]:Goethe University;[Author_2]:Lena Maria Wollschläger;[Uni_2]:Oldenburg University  
[Category]:Taxation;[Name]:The Effect of Anti-Profit Shifting Rules on M&A Activities;[Author_1]:Osaid Alshamleh;[Uni_1]:WUVienna;[Author_2]:Harald Amberger;[Uni_2]:WUVienna;[Author_3]:Khairunnisa Ridwan;[Uni_3]:WUVienna  
[Category]:Taxation;[Name]:Corporate Social Responsibility and Tax Avoidance—Evidence from the German CSR Directive;[Author_1]:Mareike Hockmann;[Uni_1]:University of Siegen;[Author_2]:Cristi Gleason;[Uni_2]:University of Iowa;[Author_3]:Martin Thomsen;[Uni_3]:University of Siegen  
[Category]:Taxation;[Name]:Does Complex Regulation Create Insider Trading Opportunities?;[Author_1]:Nathan Goldman;[Uni_1]:North Carolina State University;[Author_2]:John Campbell;[Uni_2]:University of Georgia;[Author_3]:Owen Davidson;[Uni_3]:Baylor University"
84,84.0,"Matthew Holt (University of Georgia)
2. CEO Incentives and Tax Avoidance
Robert Dur (Erasmus School of Economics)
Dirk Schindler (Erasmus University Rotterdam)P
Discussant: Paul Demere (Bocconi University)
TX PS 12 room 206A
. . . . . . . . . . . . . . . . . . . . . chaired by: Simone Traini (NHH - Norwegian School of Economics)
1. Cross-border carbon taxes and shareholder wealth
Marta Alonso (IESE Business School)
Martin Jacob (affiliation not provided)
Gaizka Ormazabal (IESE Business School)
Robert Raney (IESE Business School)P
2. Planet, People, Profit—and Paying Taxes? Sustainable Institutional Investors and Corporate Tax Avoidance
Michael Overesch (University of Cologne)P
SinaWillkomm (University of Cologne)
3. In the Spotlight: The Effect of ESG Ratings on Tax Avoidance and Tax Transparency
Tobias Bornemann (WUVienna)
TX RF 06 room 205B
. . . . . . . . . . . . . . . . . . . . . . . . . . . . . . . . . chaired by: Kim Alina Schulz (Paderborn University)
1. Growing “Political Power” of Large Firms and the Downward Cash ETR Trend
Yuzhu Lu (Lingnan University)P
Liang Shao (Radford University)
Yue Zhang (Lingnan University)
2. The relationship between directors interlocked with low comparability peers, tax-specific industry experts, and
firms’information environment
Yi-Hsing Liao (ChungYuan Christian University)P
Yu-Shan Chang (Tamkang University)
Yuan-Tang Tsai (National Taipei University)
3. Real Estate Transfer Taxes and Residential Constructions
Elias Baier (University of Cologne)P
Michael Overesch (University of Cologne)
4. The impact of tax audit fees on corporate tax aggressiveness: Insights from the delegation of tax audits to private
audit firms in Greece
Kalliopi Chatzi (International Hellenic University)P
Emmanouil Dedoulis (affiliation not provided)
Stergios Leventis (International Hellenic University)
5. Tax Complexity, Tax Avoidance and Firm Value
Reinald Koch (Catholic University of Eichstätt-Ingolstadt)P
Anna-Sophie Braun (Catholic University of Eichstätt-Ingolstadt)
Caren Sureth-Sloane (Paderborn University)
INTERDISCIPLINARY / CRITICAL
Wednesday,May 28, 15:30–17:00
IC RF 01 room 205B
. . . . . . . . . . . . . . . . . . . . . . . . . . . . . . . . . . . . . . chaired by: Stuart Henderson (Ulster University)
1. Caught in the Crossfire: Ukraine’s Struggle Against Russian Aggression and Western Influence
Olga Iermolenko (Nord University Business School)
Valeriia Melnyk (University of Bologna)P
Carolyn Cordery (Victoria University ofWellington)
85","[Category]:Taxation;[Name]:CEO Incentives and Tax Avoidance;[Author_1]:Robert Dur;[Uni_1]:Erasmus School of Economics;[Author_2]:Dirk Schindler;[Uni_2]:Erasmus University Rotterdam  
[Category]:Taxation;[Name]:Cross-border carbon taxes and shareholder wealth;[Author_1]:Marta Alonso;[Uni_1]:IESE Business School;[Author_2]:Martin Jacob;[Uni_2]:affiliation not provided;[Author_3]:Gaizka Ormazabal;[Uni_3]:IESE Business School;[Author_4]:Robert Raney;[Uni_4]:IESE Business School  
[Category]:Taxation;[Name]:Planet, People, Profit—and Paying Taxes? Sustainable Institutional Investors and Corporate Tax Avoidance;[Author_1]:Michael Overesch;[Uni_1]:University of Cologne;[Author_2]:Sina Willkomm;[Uni_2]:University of Cologne  
[Category]:Taxation;[Name]:The Effect of ESG Ratings on Tax Avoidance and Tax Transparency;[Author_1]:Tobias Bornemann;[Uni_1]:WUVienna  
[Category]:Taxation;[Name]:Growing “Political Power” of Large Firms and the Downward Cash ETR Trend;[Author_1]:Yuzhu Lu;[Uni_1]:Lingnan University;[Author_2]:Liang Shao;[Uni_2]:Radford University;[Author_3]:Yue Zhang;[Uni_3]:Lingnan University  
[Category]:Taxation;[Name]:The relationship between directors interlocked with low comparability peers, tax-specific industry experts, and firms’ information environment;[Author_1]:Yi-Hsing Liao;[Uni_1]:ChungYuan Christian University;[Author_2]:Yu-Shan Chang;[Uni_2]:Tamkang University;[Author_3]:Yuan-Tang Tsai;[Uni_3]:National Taipei University  
[Category]:Taxation;[Name]:Real Estate Transfer Taxes and Residential Constructions;[Author_1]:Elias Baier;[Uni_1]:University of Cologne;[Author_2]:Michael Overesch;[Uni_2]:University of Cologne  
[Category]:Taxation;[Name]:The impact of tax audit fees on corporate tax aggressiveness: Insights from the delegation of tax audits to private audit firms in Greece;[Author_1]:Kalliopi Chatzi;[Uni_1]:International Hellenic University;[Author_2]:Emmanouil Dedoulis;[Uni_2]:affiliation not provided;[Author_3]:Stergios Leventis;[Uni_3]:International Hellenic University  
[Category]:Taxation;[Name]:Tax Complexity, Tax Avoidance and Firm Value;[Author_1]:Reinald Koch;[Uni_1]:Catholic University of Eichstätt-Ingolstadt;[Author_2]:Anna-Sophie Braun;[Uni_2]:Catholic University of Eichstätt-Ingolstadt;[Author_3]:Caren Sureth-Sloane;[Uni_3]:Paderborn University  
[Category]:Interdisciplinary / Critical;[Name]:Caught in the Crossfire: Ukraine’s Struggle Against Russian Aggression and Western Influence;[Author_1]:Olga Iermolenko;[Uni_1]:Nord University Business School;[Author_2]:Valeriia Melnyk;[Uni_2]:University of Bologna;[Author_3]:Carolyn Cordery;[Uni_3]:Victoria University of Wellington"
85,85.0,"Galina Goncharenko (Aston University)
2. Effects of Global Supply Chain Pressures and the United States-China Tensions on Eco-innovation: Firm-Level
Evidence
Ayotola Owolabi (University of Bradford)
Mohammad Mousavi (Bradford University)
Giray Gozgor (University of Bradford)
Jing Li (University of Bradford)P
3. Ethics at the Edge of Legality: How CPAs reconcile professional ethics with the acceptance of client engagements
with (semi-) illicit actors
Seamus Dufurrena (Université Toulouse Capitole)
4. Participatory Budgeting Failure and Successes: The Tale of Two Cities
Magdalena Kowalczyk (Poznań University of Economics and Business)P
Pawan Adhikari (University of Essex)
Khandakar Shahadat (University ofYork)
Junaid Ashraf (University of Essex)
5. Essential Skills for Effective Financial Fraud Investigation
Marina Serafimoska Trpeska (Ss. Cyril and Methodius University in Skopje)P
Atanasko Atanasovski (Ss. Cyril and Methodius University in Skopje)
Todor Tocev (Ss. Cyril and Methodius University in Skopje)
Zorica B. Lazarevska (Ss. Cyril and Methodius University in Skopje)
Bojan Malcev (Ss. Cyril and Methodius University in Skopje)
Ivan Dionisijev (Ss. Cyril and Methodius University in Skopje)
Wednesday,May 28, 17:30–19:00
IC PS 01 room 201
. . . . . . . . . . . . . . . . . . . . . . . . . . . . . . . chaired by: Johanna Lähteenmäki (University of Jyvaskyla)
1. Human Capital Fitness and Startup Performance: Evidence from Occupational Composition
Yuhao Niu (Beijing Foreign Studies University)
WenfengWang (Southern University of Science and Technology)
Yue Zheng (Hong Kong University of Science and Technology)P
2. Accounting for Value and Worth: Insights from an Integrative Literature Review
Amalie Ringgaard (University College Cork)P
Michelle Carr (University College Cork)
Per Nikolaj Bukh (Aalborg University)
Thursday,May 29, 09:00–10:30
IC PSD 01 room T01
. . . . . . . . . . . . . . . . . . . . . . . . . . . . . . . . . . . chaired by: SofiaYasmin (University of Manchester)
1. Upholding ‘normality’ in accounting: Positioning queerness as deviant
Alessandro Ghio (ESCP Business School)
Nick Mcguigan (Monash University)P
Lisa Powell (Monash University)
Discussant: Christoph Pelger (University of Passau)
2. Accounting for the power of financial holdings: Financière Agache and the socio-economic implications of the
birth of LVMH (1984-1992)
Thomas Grandjean (Université Paris Dauphine-PSL)P
Céline Baud (Université Paris Dauphine-PSL)
Discussant: François-Régis Puyou (Emlyon Business School)
86","[Category]:Financial Reporting;[Name]:Effects of Global Supply Chain Pressures and the United States-China Tensions on Eco-innovation: Firm-Level Evidence;[Author_1]:Ayotola Owolabi;[Uni_1]:University of Bradford;[Author_2]:Mohammad Mousavi;[Uni_2]:Bradford University;[Author_3]:Giray Gozgor;[Uni_3]:University of Bradford;[Author_4]:Jing Li;[Uni_4]:University of Bradford;[Author_5]:Galina Goncharenko;[Uni_5]:Aston University  
[Category]:Social and Environmental Accounting & Ethical Issues in Accounting;[Name]:Ethics at the Edge of Legality: How CPAs reconcile professional ethics with the acceptance of client engagements with (semi-) illicit actors;[Author_1]:Seamus Dufurrena;[Uni_1]:Université Toulouse Capitole  
[Category]:Public Sector Accounting & Not-For-Profit Accounting;[Name]:Participatory Budgeting Failure and Successes: The Tale of Two Cities;[Author_1]:Magdalena Kowalczyk;[Uni_1]:Poznań University of Economics and Business;[Author_2]:Pawan Adhikari;[Uni_2]:University of Essex;[Author_3]:Khandakar Shahadat;[Uni_3]:University of York;[Author_4]:Junaid Ashraf;[Uni_4]:University of Essex  
[Category]:Financial Analysis;[Name]:Essential Skills for Effective Financial Fraud Investigation;[Author_1]:Marina Serafimoska Trpeska;[Uni_1]:Ss. Cyril and Methodius University in Skopje;[Author_2]:Atanasko Atanasovski;[Uni_2]:Ss. Cyril and Methodius University in Skopje;[Author_3]:Todor Tocev;[Uni_3]:Ss. Cyril and Methodius University in Skopje;[Author_4]:Zorica B. Lazarevska;[Uni_4]:Ss. Cyril and Methodius University in Skopje;[Author_5]:Bojan Malcev;[Uni_5]:Ss. Cyril and Methodius University in Skopje;[Author_6]:Ivan Dionisijev;[Uni_6]:Ss. Cyril and Methodius University in Skopje  
[Category]:Interdisciplinary / Critical;[Name]:Upholding ‘normality’ in accounting: Positioning queerness as deviant;[Author_1]:Alessandro Ghio;[Uni_1]:ESCP Business School;[Author_2]:Nick McGuigan;[Uni_2]:Monash University;[Author_3]:Lisa Powell;[Uni_3]:Monash University  
[Category]:Accounting and Governance;[Name]:Accounting for the power of financial holdings: Financière Agache and the socio-economic implications of the birth of LVMH (1984-1992);[Author_1]:Thomas Grandjean;[Uni_1]:Université Paris Dauphine-PSL;[Author_2]:Céline Baud;[Uni_2]:Université Paris Dauphine-PSL  
[Category]:Accounting Education;[Name]:Accounting for Value and Worth: Insights from an Integrative Literature Review;[Author_1]:Amalie Ringgaard;[Uni_1]:University College Cork;[Author_2]:Michelle Carr;[Uni_2]:University College Cork;[Author_3]:Per Nikolaj Bukh;[Uni_3]:Aalborg University  
[Category]:Management Accounting;[Name]:Human Capital Fitness and Startup Performance: Evidence from Occupational Composition;[Author_1]:Yuhao Niu;[Uni_1]:Beijing Foreign Studies University;[Author_2]:Wenfeng Wang;[Uni_2]:Southern University of Science and Technology;[Author_3]:Yue Zheng;[Uni_3]:Hong Kong University of Science and Technology"
86,86.0,"Thursday,May 29, 11:00–12:30
IC PS 02 room 202
. . . . . . . . . . . . . . . . . . . . . . . . . . . . . . . . . chaired by: Sarah Maire (IÉSEG School of Management)
1. Women’s professional experiences across accounting segments: A resource perspective
Alessandro Ghio (ESCP Business School)P
Carly Moulang (Monash University)
2. Accountants’ sensemaking in the institutionalization process of an IFRS-based model (SNC) in Portugal: a
longitudinal study
Alexandra Fontes (University of Minho)
Ana Paula Silva (Instituto Politécnico deViana do Castelo)
Delfina Gomes (University of Minho)P
3. The emancipatory potential of ChatGPT: Constructing multi-stakeholder-led counter-accounting reports
Tassiani Dos Santos (Durham University)P
Terry Harris (Durham University)
Jim Haslam (Durham University)
IC RF 02 room 405
. . . . . . . . . . . . . . . . . . . . . . . . . . . . . . . . . . . . . . . . . . . . . . . . . . . . . . . . . . . . . . . . . . . . . . . . . . . . . . . . .
1. How NGOs frame accounting for biodiversity: A ground level analysis
SofiaYasmin (University of Manchester)P
Chaudhry Ghafran (Durham University)
2. Auditors’hermeneutic work: Swedish State auditors’auditing of Governmental Macroeconomic forecasts
Mohamed Mahieddine (Stockholm Business School)
3. Dark Triad, Online Academic Technologies and Academic Fraud
Márcia D’Souza (State University of Bahia)P
Elizio Reis (UFMG)
Camila Brasil (UFMG)
Thursday,May 29, 14:00–15:30
IC PS 03 room 103A
. . . . . . . . . . . . . . . . . . . . . . . . . . . . . . . . . . . . chaired by: Vikash Kumar Sinha (Aalto University)
1. Where living laws collide: The case of the FASB/IASB’s objective of financial reporting in the conceptual
framework
Selina Orthaus (University of Cologne)
Christoph Pelger (University of Passau)P
2. Travelling austerity and its hunting grounds—the problematizing role of consultancy accounting calculations in
the armed forces
Peter Skaerbaek (Copenhagen Business School)P
Frank Laugen (University of Inland Norway)
Kjell Tryggestad (University of Inland Norway)
3. Making Up Preparers and the Scripting of Accounting Standards
Matthew Hall (Monash University)
Damien Lambert (RMIT University)
Richard Pucci (Monash University)P
Paul Thambar (Monash University)
IC RF 03 room 305B
. . . . . . . . . . . . . . . . . . . . . . . . . . . . . . . . . . . . . . . . . . chaired by: Anwar Halari (Open University)
1. Incentives, Assessment, and the Reliability of Statistical Examinations of Evidence
William Cready (University of Texas at Dallas)
2. Accounting and comics: towards a hegemonic discourse
Lídia Oliveira (University of Minho)
87","[Category]:Financial Reporting;[Name]:Women’s professional experiences across accounting segments: A resource perspective;[Author_1]:Alessandro Ghio;[Uni_1]:ESCP Business School;[Author_2]:Carly Moulang;[Uni_2]:Monash University  
[Category]:Financial Reporting;[Name]:Accountants’ sensemaking in the institutionalization process of an IFRS-based model (SNC) in Portugal: a longitudinal study;[Author_1]:Alexandra Fontes;[Uni_1]:University of Minho;[Author_2]:Ana Paula Silva;[Uni_2]:Instituto Politécnico de Viana do Castelo;[Author_3]:Delfina Gomes;[Uni_3]:University of Minho  
[Category]:Financial Reporting;[Name]:The emancipatory potential of ChatGPT: Constructing multi-stakeholder-led counter-accounting reports;[Author_1]:Tassiani Dos Santos;[Uni_1]:Durham University;[Author_2]:Terry Harris;[Uni_2]:Durham University;[Author_3]:Jim Haslam;[Uni_3]:Durham University  
[Category]:Financial Reporting;[Name]:How NGOs frame accounting for biodiversity: A ground level analysis;[Author_1]:Sofia Yasmin;[Uni_1]:University of Manchester;[Author_2]:Chaudhry Ghafran;[Uni_2]:Durham University  
[Category]:Financial Reporting;[Name]:Auditors’ hermeneutic work: Swedish State auditors’ auditing of Governmental Macroeconomic forecasts;[Author_1]:Mohamed Mahieddine;[Uni_1]:Stockholm Business School  
[Category]:Financial Reporting;[Name]:Dark Triad, Online Academic Technologies and Academic Fraud;[Author_1]:Márcia D’Souza;[Uni_1]:State University of Bahia;[Author_2]:Elizio Reis;[Uni_2]:UFMG;[Author_3]:Camila Brasil;[Uni_3]:UFMG  
[Category]:Financial Reporting;[Name]:Where living laws collide: The case of the FASB/IASB’s objective of financial reporting in the conceptual framework;[Author_1]:Selina Orthaus;[Uni_1]:University of Cologne;[Author_2]:Christoph Pelger;[Uni_2]:University of Passau  
[Category]:Financial Reporting;[Name]:Travelling austerity and its hunting grounds—the problematizing role of consultancy accounting calculations in the armed forces;[Author_1]:Peter Skaerbaek;[Uni_1]:Copenhagen Business School;[Author_2]:Frank Laugen;[Uni_2]:University of Inland Norway;[Author_3]:Kjell Tryggestad;[Uni_3]:University of Inland Norway  
[Category]:Financial Reporting;[Name]:Making Up Preparers and the Scripting of Accounting Standards;[Author_1]:Matthew Hall;[Uni_1]:Monash University;[Author_2]:Damien Lambert;[Uni_2]:RMIT University;[Author_3]:Richard Pucci;[Uni_3]:Monash University;[Author_4]:Paul Thambar;[Uni_4]:Monash University  
[Category]:Financial Reporting;[Name]:Incentives, Assessment, and the Reliability of Statistical Examinations of Evidence;[Author_1]:William Cready;[Uni_1]:University of Texas at Dallas  
[Category]:Financial Reporting;[Name]:Accounting and comics: towards a hegemonic discourse;[Author_1]:Lídia Oliveira;[Uni_1]:University of Minho"
87,87.0,"Ana Caria (University of Minho)P
Janaína Almeida (Universidade Federal de Tocantins)
Adelaide Martins (University of Porto)
3. Buffering Spaces in Accounting for Institutional Change: The Case of Lyric Symphonic Foundations in Italy
Graziano Coller (University of Trento)P
Maria Laura Frigotto (University of Trento)
Paolo Collini (University of Trento)
4. Unlocking Disclosure Narratives: Readability, Length, and Sentiment Cues as Indicators of Bankrupt Japanese
Companies
Noriyuki Tsunogaya (Hitotsubashi University)P
Yoshikatsu Shinozawa (Hitotsubashi University)
Ayuto Togashi (University of Tsukuba)
Thursday,May 29, 16:00–17:30
IC PS 04 room 103B
. . . . . . . . . . . . . . . . . . . . . . . . . . . . . . . chaired by: Jonathan Tweedie (University of Manchester)
1. The ‘Ideal Academic’: Identity (De-)Regulation in Performance Evaluation Processes
Annemarie Conrath (Monash University)P
Alessandro Ghio (ESCP Business School)
Darren Baker (Monash University)
2. Counting things the same to leave them different: diversity for inclusion in a youth theatre
Giulia Achilli (University of Birmingham,Birmingham Business School)
IC RF 04 room T03
. . . . . . . . . . chaired by: Tommaso Palermo (London School of Economics and Political Science)
1. Private Consultants and Effect on the Australian Higher Education System: A Contemporary Perspective
John Dumay (Macquarie University)P
James Guthrie (Macquarie University)
Cristiana Bernardi (Open University)
Adam Lucas (University ofWollongong)
Mona Nikidehaghani (University ofWollongong)
2. Storytelling in public shareholder activist campaigns
Herve Stolowy (HEC Paris)P
Yves Gendron (affiliation not provided)
Luc Paugam (HEC Paris)
3. Controlling Early-stage Innovation Projects—The Role of Legitimacy and Hypocrisy
Kirsi Kari (University of Turku)
Kirsi-Mari Kallio (University of Turku)P
4. Accounting for the link between populism in financial scandals: the role of the media
Elodie Garlot Falguieres (IÉSEG School of Management)P
Pierre Labardin (La Rochelle Université)
Emer Curtis (University of Galway)
Friday,May 30,09:00–10:30
IC PS 05 room 202
. . . . . . . . . . . . . . . . . . . . . . . . . . . . . . . . . . . . . . . . chaired by: Enrico Bracci (University of Ferrara)
1. Navigating Illegitimacy Risk: Business in Russia, Activist Short Seller Attack and Organizational Disclosures
Monika Lada (Warsaw School of Economics)P
Alina Kozarkiewicz (AGH University of Science and Technology)
Malgorzata Bialas (AGH University of Science and Technology)
88","[Category]:Financial Reporting;[Name]:Buffering Spaces in Accounting for Institutional Change: The Case of Lyric Symphonic Foundations in Italy;[Author_1]:Graziano Coller;[Uni_1]:University of Trento;[Author_2]:Maria Laura Frigotto;[Uni_2]:University of Trento;[Author_3]:Paolo Collini;[Uni_3]:University of Trento  
[Category]:Financial Reporting;[Name]:Unlocking Disclosure Narratives: Readability, Length, and Sentiment Cues as Indicators of Bankrupt Japanese Companies;[Author_1]:Noriyuki Tsunogaya;[Uni_1]:Hitotsubashi University;[Author_2]:Yoshikatsu Shinozawa;[Uni_2]:Hitotsubashi University;[Author_3]:Ayuto Togashi;[Uni_3]:University of Tsukuba  
[Category]:Interdisciplinary / Critical;[Name]:The ‘Ideal Academic’: Identity (De-)Regulation in Performance Evaluation Processes;[Author_1]:Annemarie Conrath;[Uni_1]:Monash University;[Author_2]:Alessandro Ghio;[Uni_2]:ESCP Business School;[Author_3]:Darren Baker;[Uni_3]:Monash University  
[Category]:Public Sector Accounting & Not-For-Profit Accounting;[Name]:Private Consultants and Effect on the Australian Higher Education System: A Contemporary Perspective;[Author_1]:John Dumay;[Uni_1]:Macquarie University;[Author_2]:James Guthrie;[Uni_2]:Macquarie University;[Author_3]:Cristiana Bernardi;[Uni_3]:Open University;[Author_4]:Adam Lucas;[Uni_4]:University of Wollongong;[Author_5]:Mona Nikidehaghani;[Uni_5]:University of Wollongong  
[Category]:Accounting and Governance;[Name]:Storytelling in public shareholder activist campaigns;[Author_1]:Herve Stolowy;[Uni_1]:HEC Paris;[Author_2]:Yves Gendron;[Uni_2]:affiliation not provided;[Author_3]:Luc Paugam;[Uni_3]:HEC Paris  
[Category]:Accounting and Governance;[Name]:Controlling Early-stage Innovation Projects—The Role of Legitimacy and Hypocrisy;[Author_1]:Kirsi Kari;[Uni_1]:University of Turku;[Author_2]:Kirsi-Mari Kallio;[Uni_2]:University of Turku  
[Category]:Social and Environmental Accounting & Ethical Issues in Accounting;[Name]:Accounting for the link between populism in financial scandals: the role of the media;[Author_1]:Elodie Garlot Falguieres;[Uni_1]:IÉSEG School of Management;[Author_2]:Pierre Labardin;[Uni_2]:La Rochelle Université;[Author_3]:Emer Curtis;[Uni_3]:University of Galway  
[Category]:Accounting and Governance;[Name]:Navigating Illegitimacy Risk: Business in Russia, Activist Short Seller Attack and Organizational Disclosures;[Author_1]:Monika Lada;[Uni_1]:Warsaw School of Economics;[Author_2]:Alina Kozarkiewicz;[Uni_2]:AGH University of Science and Technology;[Author_3]:Malgorzata Bialas;[Uni_3]:AGH University of Science and Technology"
88,88.0,"2. “Digital gold and reimagining the internet of value”—The role of narratives in making sense of opportunities and
risks in contested distributed ledger te
Thomas Taussi (Aalto University)P
Vikash Kumar Sinha (Aalto University)
JuhaniVaivio (Aalto University)
3. What’s in a Name? The Name Gender of Female CEOs and Gender Difference in Self-Confidence
Lirong Shentu (Xiamen University)P
Xingqiang Du (Xiamen University)
RuiYu (Xiamen University)
IC RF 05 room T03
. . . . . . . . . . . . . . . . . . . . . . . . . . . . . . . . . . . . . . . . . . . . . . . . . . . . . . . . . . . . . . . . . . . . . . . . . . . . . . . . .
1. Reluctant expertise: Valuation specialists and fair value accounting for intangibles
Zachary Huxley (Laval University)P
Marion Brivot (Laval University)
2. Herzberg’s Motivation-Hygiene Theory Revisited in the Information Age—Ending a Sixty-Year-Old Odyssey
about Employee Satisfaction
Nils Gimpl (Saarland University)
3. A critical accounting view of rural businesses: Are the sense of belonging and mobility intangible assets?
Alfredo Urdiales González (Comillas Pontifical University)P
Susana Gago Rodriguez (Universidad Pontificia Comillas)
4. Social media in Accounting and Finance Research: A structured literature review
Liujue Su (University of Bath)P
Pietro Perotti (University of Bath)
Fanis Tsoligkas (University of Bath)
Friday,May 30,11:00–12:30
IC PS 06 room 202
. . . . . . . . . . . . . . . . . . . . . . . . . . . . . . . . . . . . . . . chaired by: Chinyere Uche (University of Bristol)
1. The use of “public interest” and “public good”as a rationale for corporate reporting: Evidence of its evolvement
and challenges for accounting researc
Araceli Mora (University ofValencia)P
Begoña Giner (University ofValencia)
Paloma Merello Gimenez (University ofValencia)
2. What else is it? Regulation and market making in drift
Dane Pflueger (HEC Paris)
Tommaso Palermo (London School of Economics and Political Science)P
Ahloy Daniel Martinez (HEC Paris)
IC RF 06 room 305B
. . . . . . . . . . . . . . . . . . . . . . . . . . . . . . . . . . . . . chaired by: Özgün Imre (Kristianstad University)
1. Standard-setting for the crypto ecosystem: premature or urgent? Evidence from the IASB’s decision
David Prochazka (Prague University of Economics and Business)
2. Self-Protection of Society: Global Supply Chain Accountability as Seen through the Foxconn Suicides
Claire Deng (Toronto Metropolitan University)P
EijaVinnari (Tampere University)
John Kurpierz (affiliation not provided)
3. Value-based leadership and accounting narratives
Maria-Silvia Fota (Bucharest University of Economic Studies)P
Sebastian Hoffmann (IÉSEG School of Management)
4. An illusion of control? Managing the gap between scripting performance and the reality of accounting training
Victoria Honsel (University of St. Gallen)
89","[Category]:Financial Reporting;[Name]:""Digital gold and reimagining the internet of value""—The role of narratives in making sense of opportunities and risks in contested distributed ledger te;[Author_1]:Thomas Taussi;[Uni_1]:Aalto University;[Author_2]:Vikash Kumar Sinha;[Uni_2]:Aalto University;[Author_3]:Juhani Vaivio;[Uni_3]:Aalto University  
[Category]:Social and Environmental Accounting & Ethical Issues in Accounting;[Name]:What’s in a Name? The Name Gender of Female CEOs and Gender Difference in Self-Confidence;[Author_1]:Lirong Shentu;[Uni_1]:Xiamen University;[Author_2]:Xingqiang Du;[Uni_2]:Xiamen University;[Author_3]:Rui Yu;[Uni_3]:Xiamen University  
[Category]:Financial Reporting;[Name]:Reluctant expertise: Valuation specialists and fair value accounting for intangibles;[Author_1]:Zachary Huxley;[Uni_1]:Laval University;[Author_2]:Marion Brivot;[Uni_2]:Laval University  
[Category]:Interdisciplinary / Critical;[Name]:Herzberg’s Motivation-Hygiene Theory Revisited in the Information Age—Ending a Sixty-Year-Old Odyssey about Employee Satisfaction;[Author_1]:Nils Gimpl;[Uni_1]:Saarland University  
[Category]:Social and Environmental Accounting & Ethical Issues in Accounting;[Name]:A critical accounting view of rural businesses: Are the sense of belonging and mobility intangible assets?;[Author_1]:Alfredo Urdiales González;[Uni_1]:Comillas Pontifical University;[Author_2]:Susana Gago Rodriguez;[Uni_2]:Universidad Pontificia Comillas  
[Category]:Accounting and Information Systems;[Name]:Social media in Accounting and Finance Research: A structured literature review;[Author_1]:Liujue Su;[Uni_1]:University of Bath;[Author_2]:Pietro Perotti;[Uni_2]:University of Bath;[Author_3]:Fanis Tsoligkas;[Uni_3]:University of Bath  
[Category]:Social and Environmental Accounting & Ethical Issues in Accounting;[Name]:The use of “public interest” and “public good” as a rationale for corporate reporting: Evidence of its evolvement and challenges for accounting research;[Author_1]:Araceli Mora;[Uni_1]:University of Valencia;[Author_2]:Begoña Giner;[Uni_2]:University of Valencia;[Author_3]:Paloma Merello Gimenez;[Uni_3]:University of Valencia  
[Category]:Accounting and Governance;[Name]:What else is it? Regulation and market making in drift;[Author_1]:Dane Pflueger;[Uni_1]:HEC Paris;[Author_2]:Tommaso Palermo;[Uni_2]:London School of Economics and Political Science;[Author_3]:Ahloy Daniel Martinez;[Uni_3]:HEC Paris  
[Category]:Social and Environmental Accounting & Ethical Issues in Accounting;[Name]:Standard-setting for the crypto ecosystem: premature or urgent? Evidence from the IASB’s decision;[Author_1]:David Prochazka;[Uni_1]:Prague University of Economics and Business  
[Category]:Social and Environmental Accounting & Ethical Issues in Accounting;[Name]:Self-Protection of Society: Global Supply Chain Accountability as Seen through the Foxconn Suicides;[Author_1]:Claire Deng;[Uni_1]:Toronto Metropolitan University;[Author_2]:Eija Vinnari;[Uni_2]:Tampere University;[Author_3]:John Kurpierz;[Uni_3]:  
[Category]:Accounting and Governance;[Name]:Value-based leadership and accounting narratives;[Author_1]:Maria-Silvia Fota;[Uni_1]:Bucharest University of Economic Studies;[Author_2]:Sebastian Hoffmann;[Uni_2]:IÉSEG School of Management  
[Category]:Accounting and Information Systems;[Name]:An illusion of control? Managing the gap between scripting performance and the reality of accounting training;[Author_1]:Victoria Honsel;[Uni_1]:University of St. Gallen"
89,89.0,"5. Mandatory Sustainability Disclosure and Corporate Hiring: The Impact of CSRD Introduction in Germany
Finn ArndWendland (Hamburg University)P
Kerstin Lopatta (Hamburg University)
Friday,May 30,14:00–15:30
IC PSD 02 room T01
. . . . . . . . . . . . . . . . . . . . . . . . . . . . . . . . . . . . . . . . . . . . . . . . . . . . . . . . . . . . . . . . . . . . . . . . . . . . . . . .
1. ‘An Organisation of Our Own’: A Bourdieusian Analysis of the Pre-professionalisation Process in the CSR Field,
1987-2004
Yinuo Pan (University of Strathclyde)
Discussant: Stuart Henderson (Ulster University)
IC PS 07 room TD 2A
. . . . . . chaired by: Giulia Achilli (University of Birmingham,Birmingham Business School)
1. On the non-production of an accounting standard: Climate change, emissions trading, and legitimacy
maintenance
Jonathan Tweedie (University of Manchester)
2. Mandatory Environmental Disclosure and Public Avoidance Behavior
Yile (Anson) Jiang (University of Hong Kong)P
Baohua Xin (University of Toronto)
3. Accountability prevents “windows from breaking”: insights from prison management and the role of non-profit
organizations
Lorenzo Pratici (University of Parma)P
Alessandro Casali (University of Parma)
Isabella Mozzoni (University of Parma)
Marco Ferretti (Università di Parma)
PUBLIC SECTOR ACCOUNTING & NOT-FOR-PROFIT ACCOUNTING
Wednesday,May 28, 15:30–17:00
PSNP RF 01 room 304B
. . . . . . . . . . . . . chaired by: Sandra Cohen (Athens University of Economics and Business)
1. Table 29 and Actuarial Balance Sheets: Analysing Spain’s Pension System with Proposals for Structural and
Reporting Reforms
Anna Castañer (University of Barcelona)
Anne Marie Garvey (University of Alcalá)P
Juan Manuel Pérez-Salamero González (University ofValencia)
CarlosVidal-Melia (University ofValencia)
2. The intersection of accounting and medical practices in an IVF clinic
Maura Leusder (Erasmus University Rotterdam)P
HilcoVan Elten (Vrije Universiteit Amsterdam)
Ivo De Loo (Nyenrode Business University)
3. Effective altruism and charitable foundations: problematising the accountability of donors and current notions
of NGO accountability
Florian Gebreiter (Durham University)P
Jing Liu (University of Birmingham)
DavidYates (University of Sheffield)
4. Saving the public good: The Role of Accounting and Procurement Data in Unveiling Mafia Infiltrations in Italian
Municipalities
Francesco Ambrosini (University of Padua)P
Antonio Parbonetti (Universityof Padova)
90","[Category]:Financial Reporting;[Name]:Mandatory Sustainability Disclosure and Corporate Hiring: The Impact of CSRD Introduction in Germany;[Author_1]:Finn Arnd Wendland;[Uni_1]:Hamburg University;[Author_2]:Kerstin Lopatta;[Uni_2]:Hamburg University  
[Category]:Social and Environmental Accounting & Ethical Issues in Accounting;[Name]:'An Organisation of Our Own': A Bourdieusian Analysis of the Pre-professionalisation Process in the CSR Field, 1987-2004;[Author_1]:Yinuo Pan;[Uni_1]:University of Strathclyde  
[Category]:Social and Environmental Accounting & Ethical Issues in Accounting;[Name]:On the non-production of an accounting standard: Climate change, emissions trading, and legitimacy maintenance;[Author_1]:Jonathan Tweedie;[Uni_1]:University of Manchester  
[Category]:Social and Environmental Accounting & Ethical Issues in Accounting;[Name]:Mandatory Environmental Disclosure and Public Avoidance Behavior;[Author_1]:Yile (Anson) Jiang;[Uni_1]:University of Hong Kong;[Author_2]:Baohua Xin;[Uni_2]:University of Toronto  
[Category]:Social and Environmental Accounting & Ethical Issues in Accounting;[Name]:Accountability prevents “windows from breaking”: insights from prison management and the role of non-profit organizations;[Author_1]:Lorenzo Pratici;[Uni_1]:University of Parma;[Author_2]:Alessandro Casali;[Uni_2]:University of Parma;[Author_3]:Isabella Mozzoni;[Uni_3]:University of Parma;[Author_4]:Marco Ferretti;[Uni_4]:Università di Parma  
[Category]:Public Sector Accounting & Not-For-Profit Accounting;[Name]:Table 29 and Actuarial Balance Sheets: Analysing Spain’s Pension System with Proposals for Structural and Reporting Reforms;[Author_1]:Anna Castañer;[Uni_1]:University of Barcelona;[Author_2]:Anne Marie Garvey;[Uni_2]:University of Alcalá;[Author_3]:Juan Manuel Pérez-Salamero González;[Uni_3]:University of Valencia;[Author_4]:Carlos Vidal-Melia;[Uni_4]:University of Valencia  
[Category]:Public Sector Accounting & Not-For-Profit Accounting;[Name]:The intersection of accounting and medical practices in an IVF clinic;[Author_1]:Maura Leusder;[Uni_1]:Erasmus University Rotterdam;[Author_2]:Hilco Van Elten;[Uni_2]:Vrije Universiteit Amsterdam;[Author_3]:Ivo De Loo;[Uni_3]:Nyenrode Business University  
[Category]:Public Sector Accounting & Not-For-Profit Accounting;[Name]:Effective altruism and charitable foundations: problematising the accountability of donors and current notions of NGO accountability;[Author_1]:Florian Gebreiter;[Uni_1]:Durham University;[Author_2]:Jing Liu;[Uni_2]:University of Birmingham;[Author_3]:David Yates;[Uni_3]:University of Sheffield  
[Category]:Public Sector Accounting & Not-For-Profit Accounting;[Name]:Saving the public good: The Role of Accounting and Procurement Data in Unveiling Mafia Infiltrations in Italian Municipalities;[Author_1]:Francesco Ambrosini;[Uni_1]:University of Padua;[Author_2]:Antonio Parbonetti;[Uni_2]:University of Padova"
90,90.0,"Federico Longhin (University of Padova)
Ilaria Campagna (University of Trento)
5. Governance Quality and Sustainable Development Goals: An Assessment in Europe
Marco Bisogno (University of Salerno)P
Beatriz Cuadrado-Ballesteros (University of Salamanca)
Francesca Manes-Rossi (University of Naples)
Noemi Peña-Miguel (University of the Basque Country)
Wednesday,May 28, 17:30–19:00
PSNP PS 01 room 206B
. . . . . . . . . . . . . . . . . . . . . . . . . . . . . . . . . . . . . . . chaired by: Marco Trombetta (IE University)
1. Real earnings management in Public Healthcare: Expenditure trade-offs and consequences
Ruijia Zhan (University College London)
2. Hips Don’t Lie: Physician Incentive Contracting and Surgery Outcomes
Thomas Simon (University of Mannheim)
3. From regulatory abstracts to lived realities: Exploring the juxtaposition between the expectations and
experiences of charity trustees in England & Wales
Rani Suleman (HEC Montréal)
Thursday,May 29, 09:00–10:30
PSNP RF 02 room 304B
. . . . chaired by: Kathyayini Madduri (London School of Economics and Political Science)
1. Understanding the cost of care for preeclampsia from a health system and patient perspective
Kate Cullen (Maynooth University)P
Gerardine Doyle (University College Dublin)
2. Accrual Accounting in Small Public Sector Entities, for Better or for Worse? A Comparative Study Between Italy
and Portugal
Gioacchino Benfante (Università di Parma)P
Susana Jorge (University of Coimbra)
Isabella Mozzoni (University of Parma)
Marco Ferretti (Università di Parma)
3. Managing overall performance within metropolises or how to respond to society’s values
Aurelia Heurteux (Université de Reims Champagne-Ardenne)
4. Nonprofit External Monitoring and Cost Behaviors
Zhanel Devides (Penn State Abington)P
Erica Harris (Florida International University)
5. Carbon Footprint Analysis Beyond Campus Boundaries: Quantifying Scope 3 Emissions at the University of
Toronto
Yue Li (University of Toronto)P
Ashita Allamraju (University of Toronto Mississauga)
Shashi Kant (University of Toronto Mississauga)
Thursday,May 29, 11:00–12:30
PSNP PSD 01 room T02
. . . . . . . . . . . . . . . . . . . . . . . . . . . . . . . chaired by: Roland Almqvist (Stockholm University)
1. Objectivity, Equality, Fraternity: The alliance of maps and income statistics in the fight against poverty in France
François-Régis Puyou (Emlyon Business School)P
Edwige Nortier (Université Paris Dauphine-PSL)
Pauline Boisselier (Université Panthéon-Assas)
Discussant: Sara Giovanna Mauro (University of Modena and Reggio Emilia)
91","[Category]:Financial Reporting;[Name]:Governance Quality and Sustainable Development Goals: An Assessment in Europe;[Author_1]:Federico Longhin;[Uni_1]:University of Padova;[Author_2]:Ilaria Campagna;[Uni_2]:University of Trento;[Author_3]:Marco Bisogno;[Uni_3]:University of Salerno;[Author_4]:Beatriz Cuadrado-Ballesteros;[Uni_4]:University of Salamanca;[Author_5]:Francesca Manes-Rossi;[Uni_5]:University of Naples;[Author_6]:Noemi Peña-Miguel;[Uni_6]:University of the Basque Country  
[Category]:Public Sector Accounting & Not-For-Profit Accounting;[Name]:Real earnings management in Public Healthcare: Expenditure trade-offs and consequences;[Author_1]:Ruijia Zhan;[Uni_1]:University College London  
[Category]:Public Sector Accounting & Not-For-Profit Accounting;[Name]:Hips Don’t Lie: Physician Incentive Contracting and Surgery Outcomes;[Author_1]:Thomas Simon;[Uni_1]:University of Mannheim  
[Category]:Public Sector Accounting & Not-For-Profit Accounting;[Name]:From regulatory abstracts to lived realities: Exploring the juxtaposition between the expectations and experiences of charity trustees in England & Wales;[Author_1]:Rani Suleman;[Uni_1]:HEC Montréal  
[Category]:Public Sector Accounting & Not-For-Profit Accounting;[Name]:Understanding the cost of care for preeclampsia from a health system and patient perspective;[Author_1]:Kate Cullen;[Uni_1]:Maynooth University;[Author_2]:Gerardine Doyle;[Uni_2]:University College Dublin  
[Category]:Public Sector Accounting & Not-For-Profit Accounting;[Name]:Accrual Accounting in Small Public Sector Entities, for Better or for Worse? A Comparative Study Between Italy and Portugal;[Author_1]:Gioacchino Benfante;[Uni_1]:Università di Parma;[Author_2]:Susana Jorge;[Uni_2]:University of Coimbra;[Author_3]:Isabella Mozzoni;[Uni_3]:University of Parma;[Author_4]:Marco Ferretti;[Uni_4]:Università di Parma  
[Category]:Public Sector Accounting & Not-For-Profit Accounting;[Name]:Managing overall performance within metropolises or how to respond to society’s values;[Author_1]:Aurelia Heurteux;[Uni_1]:Université de Reims Champagne-Ardenne  
[Category]:Public Sector Accounting & Not-For-Profit Accounting;[Name]:Nonprofit External Monitoring and Cost Behaviors;[Author_1]:Zhanel Devides;[Uni_1]:Penn State Abington;[Author_2]:Erica Harris;[Uni_2]:Florida International University  
[Category]:Public Sector Accounting & Not-For-Profit Accounting;[Name]:Carbon Footprint Analysis Beyond Campus Boundaries: Quantifying Scope 3 Emissions at the University of Toronto;[Author_1]:Yue Li;[Uni_1]:University of Toronto;[Author_2]:Ashita Allamraju;[Uni_2]:University of Toronto Mississauga;[Author_3]:Shashi Kant;[Uni_3]:University of Toronto Mississauga  
[Category]:Public Sector Accounting & Not-For-Profit Accounting;[Name]:Objectivity, Equality, Fraternity: The alliance of maps and income statistics in the fight against poverty in France;[Author_1]:François-Régis Puyou;[Uni_1]:Emlyon Business School;[Author_2]:Edwige Nortier;[Uni_2]:Université Paris Dauphine-PSL;[Author_3]:Pauline Boisselier;[Uni_3]:Université Panthéon-Assas"
91,91.0,"2. The role of individual adherence to institutional logics in shaping SDG reporting: a case of an NGO in Uzbekistan
Husanboy Ahunov (affiliation not provided)
Evgenii Aleksandrov (Nord University)
Daniela Argento (Kristianstad University)P
Giuseppe Grossi (Kristianstad University)
Discussant: Peter Skaerbaek (Copenhagen Business School)
Thursday,May 29, 16:00–17:30
PSNP PS 02 room TD 2A
. . . . . . . . . . . . . . . . . . . . . . . . . . . . . . chaired by: Antti Rautiainen (University of Jyväskylä)
1. The Role of Own-Source Tax Revenue in Disciplining Local Government Spending
Marco Errico (Tilburg University)P
Delphine Samuels (University of Chicago,Booth School of Business)
AnthonyWelsch (University of Chicago,Booth School of Business)
Stefan Huber (Rice University)
2. Accountability and different forms of capital in public initiatives: at the roots of a dynamic relationship
Caterina Pesci (University of Trento)P
Andrea Girardi (University of Modena and Reggio Emilia)
LiriaVeronesi (Demarchi Foundation)
Fabio Zona (University of Trento)
3. What determines the adoption of management control systems in Local Government Entities?
Teresa Felicio (ISEG Advance Centro de Investigação)P
Antonio Samagaio (University of Lisbon,ISEG)
Friday,May 30,09:00–10:30
PSNP PS 03 room 201
. . . . . . . . . . . . . . . . . . . . . . . . . . . . . . . . chaired by: Daniela Argento (Kristianstad University)
1. The Translation and Counter-Translation of Performance Funding into Public Organizations’Budgeting
Thomas Skinnerup (Copenhagen Business School)
2. Gender budgeting in the higher education field: an effective planning and control tool?
Sara Giovanna Mauro (University of Modena and Reggio Emilia)P
Cristina Campanale (University of Pisa)
3. The Babel Tower of Public Sector Accounting: Heritage Assets under Management Contracts in the Brazilian
Context
Isielli Tierling (Universidade Estadual do Paraná)P
Henrique Portulhak (Universidade Federal do Paraná)
Susana Jorge (University of Coimbra)
PatríciaVarela (Universidade de São Paulo)
Friday,May 30,11:00–12:30
PSNP RF 03 room T03
. . . . . . . . . . . . . . . . . . . . . . . . . . chaired by: Maura Leusder (Erasmus University Rotterdam)
1. Escalation of commitment in the public sector: Electoral effects, blame avoiding behavior and the impact of
visualization aids
Philipp Herrmann (University of the Bundeswehr München)P
Bernhard Hirsch (Munich University of the Federal Armed Forces)
David Lindermüller (Bundeswehr University Munich)
2. Disclosing Practices Of Public Value Co-Creation: Evidence From The Non-Financial Reports Published By
Research Hospitals
Paola Canestrini (University of Bologna,Alma Mater Studiorum)
Mirella Ciaburri (Roma Tre University)P
92","[Category]:Public Sector Accounting & Not-For-Profit Accounting;[Name]:The role of individual adherence to institutional logics in shaping SDG reporting: a case of an NGO in Uzbekistan;[Author_1]:Husanboy Ahunov;[Uni_1]:;[Author_2]:Evgenii Aleksandrov;[Uni_2]:Nord University;[Author_3]:Daniela Argento;[Uni_3]:Kristianstad University;[Author_4]:Giuseppe Grossi;[Uni_4]:Kristianstad University;[Author_5]:;[Uni_5]:  
[Category]:Public Sector Accounting & Not-For-Profit Accounting;[Name]:The Role of Own-Source Tax Revenue in Disciplining Local Government Spending;[Author_1]:Marco Errico;[Uni_1]:Tilburg University;[Author_2]:Delphine Samuels;[Uni_2]:University of Chicago, Booth School of Business;[Author_3]:Anthony Welsch;[Uni_3]:University of Chicago, Booth School of Business;[Author_4]:Stefan Huber;[Uni_4]:Rice University;[Author_5]:;[Uni_5]:  
[Category]:Public Sector Accounting & Not-For-Profit Accounting;[Name]:Accountability and different forms of capital in public initiatives: at the roots of a dynamic relationship;[Author_1]:Caterina Pesci;[Uni_1]:University of Trento;[Author_2]:Andrea Girardi;[Uni_2]:University of Modena and Reggio Emilia;[Author_3]:Liria Veronesi;[Uni_3]:Demarchi Foundation;[Author_4]:Fabio Zona;[Uni_4]:University of Trento;[Author_5]:;[Uni_5]:  
[Category]:Public Sector Accounting & Not-For-Profit Accounting;[Name]:What determines the adoption of management control systems in Local Government Entities?;[Author_1]:Teresa Felicio;[Uni_1]:ISEG Advance Centro de Investigação;[Author_2]:Antonio Samagaio;[Uni_2]:University of Lisbon, ISEG;[Author_3]:;[Uni_3]:;[Author_4]:;[Uni_4]:;[Author_5]:;[Uni_5]:  
[Category]:Public Sector Accounting & Not-For-Profit Accounting;[Name]:The Translation and Counter-Translation of Performance Funding into Public Organizations’ Budgeting;[Author_1]:Thomas Skinnerup;[Uni_1]:Copenhagen Business School;[Author_2]:;[Uni_2]:;[Author_3]:;[Uni_3]:;[Author_4]:;[Uni_4]:;[Author_5]:;[Uni_5]:  
[Category]:Public Sector Accounting & Not-For-Profit Accounting;[Name]:Gender budgeting in the higher education field: an effective planning and control tool?;[Author_1]:Sara Giovanna Mauro;[Uni_1]:University of Modena and Reggio Emilia;[Author_2]:Cristina Campanale;[Uni_2]:University of Pisa;[Author_3]:;[Uni_3]:;[Author_4]:;[Uni_4]:;[Author_5]:;[Uni_5]:  
[Category]:Public Sector Accounting & Not-For-Profit Accounting;[Name]:The Babel Tower of Public Sector Accounting: Heritage Assets under Management Contracts in the Brazilian Context;[Author_1]:Isielli Tierling;[Uni_1]:Universidade Estadual do Paraná;[Author_2]:Henrique Portulhak;[Uni_2]:Universidade Federal do Paraná;[Author_3]:Susana Jorge;[Uni_3]:University of Coimbra;[Author_4]:Patrícia Varela;[Uni_4]:Universidade de São Paulo;[Author_5]:;[Uni_5]:  
[Category]:Public Sector Accounting & Not-For-Profit Accounting;[Name]:Escalation of commitment in the public sector: Electoral effects, blame avoiding behavior and the impact of visualization aids;[Author_1]:Philipp Herrmann;[Uni_1]:University of the Bundeswehr München;[Author_2]:Bernhard Hirsch;[Uni_2]:Munich University of the Federal Armed Forces;[Author_3]:David Lindermüller;[Uni_3]:Bundeswehr University Munich;[Author_4]:;[Uni_4]:;[Author_5]:;[Uni_5]:  
[Category]:Public Sector Accounting & Not-For-Profit Accounting;[Name]:Disclosing Practices Of Public Value Co-Creation: Evidence From The Non-Financial Reports Published By Research Hospitals;[Author_1]:Paola Canestrini;[Uni_1]:University of Bologna, Alma Mater Studiorum;[Author_2]:Mirella Ciaburri;[Uni_2]:Roma Tre University;[Author_3]:;[Uni_3]:;[Author_4]:;[Uni_4]:;[Author_5]:;[Uni_5]:"
92,92.0,"Claudio Columbano (Università degli Studi Roma Tre)
3. The Digitalization of Accountability of Non-Governmental Organizations: Factors and Organizational
Characteristics
Sviesa Leitoniene (Kaunas University of Technology)P
Halina Michalak (Lodz University)
Ivana Perica (University of Split)
4. Impact of municipal investment expenditure on achieving the Sustainable Development Goals
Ana-Maria Rios (Murcia University)P
Bernardino Benito (University of Murcia)
Maria-Dolores Guillamon (Murcia University)
5. Artificial Intelligence to Improve Public Budgeting
Dominic Santschi (University of St. Gallen)P
Dennis Fehrenbacher (Monash University)
Ivo Blohm (University of St. Gallen)
Marc Grau (University of St. Gallen)
Friday,May 30,14:00–15:30
PSNP PS 04 room 202
. . . . . . . . . . . . . . . . . . . . . . . . . . . . . . . . . . . . . . chaired by: Sven Siverbo (Karlstad University)
1. How do professional auditors approach digital ventures in municipal value for money audits?
Joakim Engström (Mid Sweden University)
Peter Öhman (Mid Sweden University)
Torbjorn Tagesson (Linköping University)P
2. The accounting of PPPs as a neoliberal technology in the European Union
Pietro Fera (University of Campania - LuigiVanvitelli)
Nicola Moscariello (University of Campania - LuigiVanvitelli)P
Michele Pizzo (University of Campania - LuigiVanvitelli)
Rosa Lombardi (affiliation not provided)
3. Institutionalization of SDGs auditing by INTOSAI: the emergence of a proto-institution
Enrico Bracci (University of Ferrara)P
Giuseppe Grossi (Kristianstad University)
VeronikaVakulenko (Nord University Business School)
Javis Otia (University of Ferrara)
ACCOUNTING AND INFORMATION SYSTEMS
Wednesday,May 28, 15:30–17:00
IS PS 01 room TD 2A
. . . . . . . . . . . . . . . . . . . . . . . chaired by: Salem Boumediene (University of Illinois Springfield)
1. Misalignment Between Changes in XBRL Tag Usage and Operational Performance
Feiqi Huang (Pace University)
Tawei (David)Wang (DePaul University)P
Ju-ChunYen (National Central University)
2. Are Strong IT Governance and Recent Breach Experience Determinants of Purchasing Cyber Insurance?
Robert Pinsker (Florida Atlantic University)P
Jacob Haislip (Texas Tech University)
Sara Khaled (Florida Atlantic University)
Teodora Minkova (Florida Atlantic University)
93","[Category]:Financial Reporting;[Name]:The Digitalization of Accountability of Non-Governmental Organizations: Factors and Organizational Characteristics;[Author_1]:Claudio Columbano;[Uni_1]:Università degli Studi Roma Tre;[Author_2]:Sviesa Leitoniene;[Uni_2]:Kaunas University of Technology;[Author_3]:Halina Michalak;[Uni_3]:Lodz University;[Author_4]:Ivana Perica;[Uni_4]:University of Split  
[Category]:Financial Reporting;[Name]:Impact of municipal investment expenditure on achieving the Sustainable Development Goals;[Author_1]:Ana-Maria Rios;[Uni_1]:Murcia University;[Author_2]:Bernardino Benito;[Uni_2]:University of Murcia;[Author_3]:Maria-Dolores Guillamon;[Uni_3]:Murcia University  
[Category]:Financial Reporting;[Name]:Artificial Intelligence to Improve Public Budgeting;[Author_1]:Dominic Santschi;[Uni_1]:University of St. Gallen;[Author_2]:Dennis Fehrenbacher;[Uni_2]:Monash University;[Author_3]:Ivo Blohm;[Uni_3]:University of St. Gallen;[Author_4]:Marc Grau;[Uni_4]:University of St. Gallen  
[Category]:Accounting and Information Systems;[Name]:Misalignment Between Changes in XBRL Tag Usage and Operational Performance;[Author_1]:Feiqi Huang;[Uni_1]:Pace University;[Author_2]:Tawei (David) Wang;[Uni_2]:DePaul University;[Author_3]:Ju-Chun Yen;[Uni_3]:National Central University  
[Category]:Accounting and Information Systems;[Name]:Are Strong IT Governance and Recent Breach Experience Determinants of Purchasing Cyber Insurance?;[Author_1]:Robert Pinsker;[Uni_1]:Florida Atlantic University;[Author_2]:Jacob Haislip;[Uni_2]:Texas Tech University;[Author_3]:Sara Khaled;[Uni_3]:Florida Atlantic University;[Author_4]:Teodora Minkova;[Uni_4]:Florida Atlantic University  
[Category]:Accounting and Governance;[Name]:How do professional auditors approach digital ventures in municipal value for money audits?;[Author_1]:Joakim Engström;[Uni_1]:Mid Sweden University;[Author_2]:Peter Öhman;[Uni_2]:Mid Sweden University;[Author_3]:Torbjorn Tagesson;[Uni_3]:Linköping University  
[Category]:Accounting and Governance;[Name]:The accounting of PPPs as a neoliberal technology in the European Union;[Author_1]:Pietro Fera;[Uni_1]:University of Campania - Luigi Vanvitelli;[Author_2]:Nicola Moscariello;[Uni_2]:University of Campania - Luigi Vanvitelli;[Author_3]:Michele Pizzo;[Uni_3]:University of Campania - Luigi Vanvitelli;[Author_4]:Rosa Lombardi;[Uni_4]:affiliation not provided  
[Category]:Accounting and Governance;[Name]:Institutionalization of SDGs auditing by INTOSAI: the emergence of a proto-institution;[Author_1]:Enrico Bracci;[Uni_1]:University of Ferrara;[Author_2]:Giuseppe Grossi;[Uni_2]:Kristianstad University;[Author_3]:Veronika Vakulenko;[Uni_3]:Nord University Business School;[Author_4]:Javis Otia;[Uni_4]:University of Ferrara"
93,93.0,"Thursday,May 29, 09:00–10:30
IS RF 01 room 305B
. . . . . . . . . . . . . . . . . . . . chaired by: Maciej Tuszkiewicz (University of Economics in Katowice)
1. Navigating the Technological Frontier: Implementing New Technology in Management Accounting and Control
Alina Bieniek (TU Dortmund University)P
Keisuke Oura (Ritsumeikan University)
2. AI in Accounting: A Transformative Integration in the Russian Context
Angelos Angelakis (UniversitätWien)P
Margarita Boldyreva (UniversitätWien)
Petra Inwinkl (UniversitätWien)
3. Reshaping the Accounting Professionals with Emerging Technologies: A Scholarly View
Urska Judez (University of Ljubljana)P
Simon Cadez (University of Ljubljana)
4. The impact of assistant type, its past performance and task suitability for automation on the trust in automation
in accounting
Olga Grzybek (University of Economics in Katowice)P
EwaWanda Maruszewska (Uniwersytet Ekonomiczny w Katowicach)
Maciej Tuszkiewicz (University of Economics in Katowice)
5. Evaluating A&E Performance with Non-Financial Indicators: An Integrated Performance Evaluation Approach
Amir Michael (Durham University)
HansVan Der Heijden (University of Sussex)
Terry Harris (Durham University)P
Thursday,May 29, 16:00–17:30
IS PS 02 room 202
. . . . . . . . . . . . . . . . . . . . . . . . . . . . . . . . . . . . . chaired by: Delia Deliu (West University Timisoara)
1. Rethinking the Numbers: How Accounting Firms develop Dynamic Capabilities for AI-Driven Analytics (AIDA)
Transformation
Benjamin Lee (Singapore Management University)
2. Digitization of accounting: a literature review on the impacts, drivers and spatio-temporal dimensions
Thuy Seran (University of Montpellier)
Marc Bollecker (Université de Haute-Alsace)P
Friday,May 30,14:00–15:30
IS RF 02 room 304B
. . . . . . . . . . . . . . . . . . . . . . . . . . . . . . . . . . . chaired by: Alina Bieniek (TU Dortmund University)
1. Certified Accountants: What do they think about the impact of AI in accounting?
Teresa Eugenio (Politécnico de Leiria,CARME)P
Graça Azevedo (University of Aveiro)
Leonor Grácio (Politécnico de Leiria)
2. Artificial intelligence and accounting profession: A bibliometric review and future research agenda
Nuray Demirel Arici (Manisa Celal Bayar University)
Fehmi Karasioglu (Ankara Haci BayramVeli Üniversitesi)P
3. Cost information design by a supplier
Nico Sütterle (University of Basel)P
Ulf Schiller (Bern University)
4. Balancing Today and Tomorrow: The Role of Analytics, Automation, and Digital Readiness in Digital
Transformation for Accounting Functions
Robert Rieg (Aalen University of Applied Sciences)P
UteVanini (Kiel University of Applied Science)
94","[Category]:Financial Reporting;[Name]:Navigating the Technological Frontier: Implementing New Technology in Management Accounting and Control;[Author_1]:Alina Bieniek;[Uni_1]:TU Dortmund University;[Author_2]:Keisuke Oura;[Uni_2]:Ritsumeikan University  
[Category]:Accounting and Information Systems;[Name]:AI in Accounting: A Transformative Integration in the Russian Context;[Author_1]:Angelos Angelakis;[Uni_1]:Universität Wien;[Author_2]:Margarita Boldyreva;[Uni_2]:Universität Wien;[Author_3]:Petra Inwinkl;[Uni_3]:Universität Wien  
[Category]:Accounting and Information Systems;[Name]:Reshaping the Accounting Professionals with Emerging Technologies: A Scholarly View;[Author_1]:Urska Judez;[Uni_1]:University of Ljubljana;[Author_2]:Simon Cadez;[Uni_2]:University of Ljubljana  
[Category]:Accounting and Information Systems;[Name]:The impact of assistant type, its past performance and task suitability for automation on the trust in automation in accounting;[Author_1]:Olga Grzybek;[Uni_1]:University of Economics in Katowice;[Author_2]:Ewa Wanda Maruszewska;[Uni_2]:Uniwersytet Ekonomiczny w Katowicach;[Author_3]:Maciej Tuszkiewicz;[Uni_3]:University of Economics in Katowice  
[Category]:Public Sector Accounting & Not-For-Profit Accounting;[Name]:Evaluating A&E Performance with Non-Financial Indicators: An Integrated Performance Evaluation Approach;[Author_1]:Amir Michael;[Uni_1]:Durham University;[Author_2]:Hans Van Der Heijden;[Uni_2]:University of Sussex;[Author_3]:Terry Harris;[Uni_3]:Durham University  
[Category]:Accounting and Information Systems;[Name]:Rethinking the Numbers: How Accounting Firms develop Dynamic Capabilities for AI-Driven Analytics (AIDA) Transformation;[Author_1]:Benjamin Lee;[Uni_1]:Singapore Management University  
[Category]:Accounting and Information Systems;[Name]:Digitization of accounting: a literature review on the impacts, drivers and spatio-temporal dimensions;[Author_1]:Thuy Seran;[Uni_1]:University of Montpellier;[Author_2]:Marc Bollecker;[Uni_2]:Université de Haute-Alsace  
[Category]:Accounting Education;[Name]:Certified Accountants: What do they think about the impact of AI in accounting?;[Author_1]:Teresa Eugenio;[Uni_1]:Politécnico de Leiria, CARME;[Author_2]:Graça Azevedo;[Uni_2]:University of Aveiro;[Author_3]:Leonor Grácio;[Uni_3]:Politécnico de Leiria  
[Category]:Accounting and Information Systems;[Name]:Artificial intelligence and accounting profession: A bibliometric review and future research agenda;[Author_1]:Nuray Demirel Arici;[Uni_1]:Manisa Celal Bayar University;[Author_2]:Fehmi Karasioglu;[Uni_2]:Ankara Haci Bayram Veli Üniversitesi  
[Category]:Management Accounting;[Name]:Cost information design by a supplier;[Author_1]:Nico Sütterle;[Uni_1]:University of Basel;[Author_2]:Ulf Schiller;[Uni_2]:Bern University  
[Category]:Accounting and Information Systems;[Name]:Balancing Today and Tomorrow: The Role of Analytics, Automation, and Digital Readiness in Digital Transformation for Accounting Functions;[Author_1]:Robert Rieg;[Uni_1]:Aalen University of Applied Sciences;[Author_2]:Ute Vanini;[Uni_2]:Kiel University of Applied Science"
94,94.0,"ACCOUNTING EDUCATION
Wednesday,May 28, 15:30–17:00
ED RF 01 room 305B
. . . . . . . . . . . . . . . . . . . . . . . . . . . . . . . . . . . . . . . . . . . . . . . chaired by: Tytti Elo (LUT University)
1. Future Skills in the AI Era: Balancing Market Demands in the Accounting Profession with Students’Perceptions
Adriana Tiron Tudor (Babeș-Bolyai University)
Delia Deliu (West University Timisoara)P
2. A phenomenographical study of progression of women in UK academia
Katie Balaam (Open University)P
ShraddhaVerma (De Montfort University)
3. A System in Entropy but Redeemable: Publication Pressure among Accounting Scholars—A Mix-Method
Approach
Bruno Gregório (ISEG Advance Centro de Investigação)P
Antonio Samagaio (University of Lisbon,ISEG)
4. Manifestations about entrepreneur and accounting profession’s role through emotional metaphors: thinking out
of the box
Lucía Mellado (Universidad Nacional de Educación a Distancia)P
Laura Parte (Universidad Nacional de Educación a Distancia)
Álvaro Delso (Universidad Complutense de Madrid)
Wednesday,May 28, 17:30–19:00
ED PSD 01 room T02
. . . . . . . chaired by: María Del Mar Camacho-Miñano (Universidad Complutense de Madrid)
1. Fit for the sustainability transformation?—On the integration of sustainability issues in management accounting
courses at universities in German-speaking co
UteVanini (Kiel University of Applied Science)
Discussant: Eva Blondeel (Ghent University)
2. Listening to the Students Voice: Reshaping Teaching Excellence in Accounting and Business Education
Nadia Gulko (University of Lincoln)
Eva Blondeel (Ghent University)
Lies Bouten (IÉSEG School of Management)
Natalie Churyk (Northern Illinois University)
Lorraine Derbyshire (University of Cape Town)
Patricia Everaert (Ghent University)P
Elizabeth Gordon (Temple University)
Seyram Kawor (University of Cape Coast)
Camillo Lento (Lakehead University)
Nick Mcguigan (Monash University)
Sanlie Middelberg (North-West University)
Saravanan Muthaiyah (International Medical University)
Merwe Oberholzer (North-West University)
Suresh Sahoo (Sri Sri University)
Olubukunola Uwuigbe (Covenant University)
NadeekaWithanage (Greenwich University)
Discussant: EwaWanda Maruszewska (Uniwersytet Ekonomiczny w Katowicach)
Thursday,May 29, 09:00–10:30
ED PS 01 room 202
. . . . . . . . . . . . . . . . . . . . . . . . . . . . . . . . . . . . . . . chaired by: Clodagh Hegarty (Ulster University)
1. Academic research as the core of the University accounting curriculum: a commentary
95","[Category]:Accounting Education;[Name]:Future Skills in the AI Era: Balancing Market Demands in the Accounting Profession with Students’Perceptions;[Author_1]:Adriana Tiron Tudor;[Uni_1]:Babeș-Bolyai University;[Author_2]:Delia Deliu;[Uni_2]:West University Timisoara  
[Category]:Accounting Education;[Name]:A phenomenographical study of progression of women in UK academia;[Author_1]:Katie Balaam;[Uni_1]:Open University;[Author_2]:Shraddha Verma;[Uni_2]:De Montfort University  
[Category]:Accounting Education;[Name]:A System in Entropy but Redeemable: Publication Pressure among Accounting Scholars—A Mix-Method Approach;[Author_1]:Bruno Gregório;[Uni_1]:ISEG Advance Centro de Investigação;[Author_2]:Antonio Samagaio;[Uni_2]:University of Lisbon, ISEG  
[Category]:Accounting Education;[Name]:Manifestations about entrepreneur and accounting profession’s role through emotional metaphors: thinking out of the box;[Author_1]:Lucía Mellado;[Uni_1]:Universidad Nacional de Educación a Distancia;[Author_2]:Laura Parte;[Uni_2]:Universidad Nacional de Educación a Distancia;[Author_3]:Álvaro Delso;[Uni_3]:Universidad Complutense de Madrid  
[Category]:Accounting Education;[Name]:Fit for the sustainability transformation?—On the integration of sustainability issues in management accounting courses at universities in German-speaking co;[Author_1]:Ute Vanini;[Uni_1]:Kiel University of Applied Science  
[Category]:Accounting Education;[Name]:Listening to the Students Voice: Reshaping Teaching Excellence in Accounting and Business Education;[Author_1]:Nadia Gulko;[Uni_1]:University of Lincoln;[Author_2]:Eva Blondeel;[Uni_2]:Ghent University;[Author_3]:Lies Bouten;[Uni_3]:IÉSEG School of Management;[Author_4]:Natalie Churyk;[Uni_4]:Northern Illinois University;[Author_5]:Lorraine Derbyshire;[Uni_5]:University of Cape Town;[Author_6]:Patricia Everaert;[Uni_6]:Ghent University;[Author_7]:Elizabeth Gordon;[Uni_7]:Temple University;[Author_8]:Seyram Kawor;[Uni_8]:University of Cape Coast;[Author_9]:Camillo Lento;[Uni_9]:Lakehead University;[Author_10]:Nick McGuigan;[Uni_10]:Monash University;[Author_11]:Sanlie Middelberg;[Uni_11]:North-West University;[Author_12]:Saravanan Muthaiyah;[Uni_12]:International Medical University;[Author_13]:Merwe Oberholzer;[Uni_13]:North-West University;[Author_14]:Suresh Sahoo;[Uni_14]:Sri Sri University;[Author_15]:Olubukunola Uwuigbe;[Uni_15]:Covenant University;[Author_16]:Nadeeka Withanage;[Uni_16]:Greenwich University  
[Category]:Accounting Education;[Name]:Academic research as the core of the University accounting curriculum: a commentary;[Author_1]:;[Uni_1]:"
95,95.0,"Willem Buijink (Tilburg University)P
Gerard Mertens (affiliation not provided)
2. Reinforcing or Diminishing Effects of emotions on Achievement Goal orientations in an Introduction to
Accounting Course
Hannu Ojala (University of Eastern Finland)P
Päivi Kosonen (University of Eastern Finland)
Thursday,May 29, 16:00–17:30
ED RF 02 room 405
. . . . . . . . . . . . . . . . . . . . . . . . . . . . chaired by: Lukas Schmidt (Constructor University Bremen)
1. Beyond Scientific Relevance: How Do Accounting Scholars Communicate?
Özgün Imre (Kristianstad University)P
Daniela Argento (Kristianstad University)
2. How to Commit University Accounting Students towards ESG
Pilar López Sánchez (Universidad Francisco deVitoria)
Marie-Anne Lorain (Complutense University of Madrid)
Maria Jesus Rios (Complutense University of Madrid)
Jesús Martínez (affiliation not provided)
Elena Urquia (Complutense University of Madrid)P
Miguel ÁngelVillacorta (Universidad Complutense de Madrid)
Manuela Cañizares Espada (Universidad a Distancia de Madrid)
Monica Santos (Universidad Rey Juan Carlos)
3. Digitisation as a challenge in implementing the idea of lifelong learning on the example of employees of financial
and accounting departments
Monika Turek Radwan (Cracow University of Economics)
Marzena Strojek - Filus (University of Economics in Katowice)
Melania Bak (Wroclaw University of Economics and Business)
Andrzej Bak (Wroclaw University of Economics and Business)
Katarzyna Świetla (Cracow University of Economics)P
4. The Role of Feedback in Fostering Students’Professional Skills: A Systematic Review in Accounting Education
Carmen Bada (Universidad Pontificia Comillas)P
Laura Lazcano (Comillas Pontifical University)
Javier Marquez (affiliation not provided)
Friday,May 30,09:00–10:30
ED PS 02 room 206B
. . . . . . . . . . . . . . . . . . . . . . . . . . . . . . . . . . . . . . chaired by: Patricia Everaert (Ghent University)
1. Integrating ChatGPT into Accounting Education: Preparing Future Accounting Professionals
Eva Blondeel (Ghent University)P
Patricia Everaert (Ghent University)
Evelien Opdecam (Ghent University)
2. Beyond the classroom: a case of dialogic action sustainability accounting education
Laura Corazza (University of Torino)
Francesco Marengo (Department of Management)P
Daniel Torchia (University of Milano-Bicocca)
3. Skills, success, and society: Employer views about graduate accountants in the digital age
Meredith Tharapos (RMIT University)P
Brendan O’connell (RMIT University)
Gordon Boyce (RMIT University)
96","[Category]:Financial Reporting;[Name]:Reinforcing or Diminishing Effects of emotions on Achievement Goal orientations in an Introduction to Accounting Course;[Author_1]:Hannu Ojala;[Uni_1]:University of Eastern Finland;[Author_2]:Päivi Kosonen;[Uni_2]:University of Eastern Finland  
[Category]:Accounting Education;[Name]:Beyond Scientific Relevance: How Do Accounting Scholars Communicate?;[Author_1]:Özgün Imre;[Uni_1]:Kristianstad University;[Author_2]:Daniela Argento;[Uni_2]:Kristianstad University  
[Category]:Accounting Education;[Name]:How to Commit University Accounting Students towards ESG;[Author_1]:Pilar López Sánchez;[Uni_1]:Universidad Francisco de Vitoria;[Author_2]:Marie-Anne Lorain;[Uni_2]:Complutense University of Madrid;[Author_3]:Maria Jesus Rios;[Uni_3]:Complutense University of Madrid;[Author_4]:Elena Urquia;[Uni_4]:Complutense University of Madrid;[Author_5]:Miguel Ángel Villacorta;[Uni_5]:Universidad Complutense de Madrid  
[Category]:Accounting Education;[Name]:Digitisation as a challenge in implementing the idea of lifelong learning on the example of employees of financial and accounting departments;[Author_1]:Monika Turek Radwan;[Uni_1]:Cracow University of Economics;[Author_2]:Marzena Strojek - Filus;[Uni_2]:University of Economics in Katowice;[Author_3]:Melania Bak;[Uni_3]:Wroclaw University of Economics and Business;[Author_4]:Andrzej Bak;[Uni_4]:Wroclaw University of Economics and Business;[Author_5]:Katarzyna Świetla;[Uni_5]:Cracow University of Economics  
[Category]:Accounting Education;[Name]:The Role of Feedback in Fostering Students’ Professional Skills: A Systematic Review in Accounting Education;[Author_1]:Carmen Bada;[Uni_1]:Universidad Pontificia Comillas;[Author_2]:Laura Lazcano;[Uni_2]:Comillas Pontifical University;[Author_3]:Javier Marquez;[Uni_3]:  
[Category]:Accounting Education;[Name]:Integrating ChatGPT into Accounting Education: Preparing Future Accounting Professionals;[Author_1]:Eva Blondeel;[Uni_1]:Ghent University;[Author_2]:Patricia Everaert;[Uni_2]:Ghent University;[Author_3]:Evelien Opdecam;[Uni_3]:Ghent University  
[Category]:Accounting Education;[Name]:Beyond the classroom: a case of dialogic action sustainability accounting education;[Author_1]:Laura Corazza;[Uni_1]:University of Torino;[Author_2]:Francesco Marengo;[Uni_2]:Department of Management;[Author_3]:Daniel Torchia;[Uni_3]:University of Milano-Bicocca  
[Category]:Accounting Education;[Name]:Skills, success, and society: Employer views about graduate accountants in the digital age;[Author_1]:Meredith Tharapos;[Uni_1]:RMIT University;[Author_2]:Brendan O’connell;[Uni_2]:RMIT University;[Author_3]:Gordon Boyce;[Uni_3]:RMIT University"
96,96.0,"Friday,May 30,14:00–15:30
ED RF 03 room 305B
. . . . . . . . . . . . . . . . . . . . . . . . . . . . . . . . . . . . . . . . . chaired by: Eva Blondeel (Ghent University)
1. An Innovative Pedagogical Design and Students’Deep Learning
Jason Chen (Central Connecticut State University)P
Jennifer Chen (affiliation not provided)
2. Unpacking student responses to discrepant peer and teacher feedback: A cross-cultural comparison
Nicola Beatson (University of Otago)
3. Examining the connection between CEGEP business programs and business needs
Jim (Dimitrios) Parthimos (Concordia University)
HISTORY
Wednesday,May 28, 15:30–17:00
HI PS 01 room 202
. . . . . . . . . . . . . . . . . . . . . . . . . . . . . . . chaired by: Germán Gamero Igea (Universidad de Burgos)
1. Art as Accountability: Tracing the Roots of Environmental, Social, and Governance Practices in the History of
the Venice Biennale
Chiara Carolina Donelli (Università Ca’ FoscariVenezia)P
Maria Lusiani (Università Ca’ FoscariVenezia)
Chiara Mio (Università Ca’ FoscariVenezia)
2. School of Commerce of Genoa 1884-1936: A journey through turbulent times
Elisa Bonollo (Università degli Studi di Genova)
3. Accounting for the Jesuits’ Expulsion Consolidation: The Case of Portugal (1766-1776)
Filipa Silva (ISCAP, CEOS.PP)P
Delfina Gomes (University of Minho)
Fernanda Leão (P.PORTO, ESTG)
Thursday,May 29, 09:00–10:30
HI PSD 01 room T02
. . . . . . . . . . . . . . . . . . . . . . . . . . . . . . . . . . . chaired by: Eri Kanamori (Ritsumeikan University)
1. Accounting and the administrative state
Carlos Larrinaga (Universidad de Burgos)P
Marta Macias (Carlos III University of Madrid)
Germán Gamero Igea (Universidad de Burgos)
Discussant: Robert Stoumbos (ESSEC Business School)
2. Being proud of accounting’s history
Alan Sangster (University of Aberdeen)
Discussant: Karen Mcbride (University of Portsmouth)
Thursday,May 29, 16:00–17:30
HI PS 02 room 201
. . . . . . . . . . . . . . . . . . . . . . . chaired by: Chiara Carolina Donelli (Università Ca’ FoscariVenezia)
1. ‘A grand opportunity for your children’: the role of articled clerks in the development of the Irish accounting
profession, 1888–1918
Philip O’Regan (University of Limerick)
2. Mass Communication as a Strategy for Economic Growth and War Neutrality: The Case of Salazar’s
Propaganda Posters
Fernanda Leão (P.PORTO, ESTG)P
Delfina Gomes (University of Minho)
Sofia Araújo (University of Minho)
97","[Category]:History;[Name]:Art as Accountability: Tracing the Roots of Environmental, Social, and Governance Practices in the History of the Venice Biennale;[Author_1]:Chiara Carolina Donelli;[Uni_1]:Università Ca’ Foscari Venezia;[Author_2]:Maria Lusiani;[Uni_2]:Università Ca’ Foscari Venezia;[Author_3]:Chiara Mio;[Uni_3]:Università Ca’ Foscari Venezia  
[Category]:History;[Name]:School of Commerce of Genoa 1884-1936: A journey through turbulent times;[Author_1]:Elisa Bonollo;[Uni_1]:Università degli Studi di Genova  
[Category]:History;[Name]:Accounting for the Jesuits’ Expulsion Consolidation: The Case of Portugal (1766-1776);[Author_1]:Filipa Silva;[Uni_1]:ISCAP, CEOS.PP;[Author_2]:Delfina Gomes;[Uni_2]:University of Minho;[Author_3]:Fernanda Leão;[Uni_3]:P.PORTO, ESTG  
[Category]:History;[Name]:Accounting and the administrative state;[Author_1]:Carlos Larrinaga;[Uni_1]:Universidad de Burgos;[Author_2]:Marta Macias;[Uni_2]:Carlos III University of Madrid;[Author_3]:Germán Gamero Igea;[Uni_3]:Universidad de Burgos  
[Category]:History;[Name]:Being proud of accounting’s history;[Author_1]:Alan Sangster;[Uni_1]:University of Aberdeen  
[Category]:History;[Name]:'A grand opportunity for your children': the role of articled clerks in the development of the Irish accounting profession, 1888–1918;[Author_1]:Philip O’Regan;[Uni_1]:University of Limerick  
[Category]:History;[Name]:Mass Communication as a Strategy for Economic Growth and War Neutrality: The Case of Salazar’s Propaganda Posters;[Author_1]:Fernanda Leão;[Uni_1]:P.PORTO, ESTG;[Author_2]:Delfina Gomes;[Uni_2]:University of Minho;[Author_3]:Sofia Araújo;[Uni_3]:University of Minho"
97,97.0,"3. Accounting and inequality: An analysis of the treatise Arboleda de los Enfermos (ca. 1470)
Germán Gamero Igea (Universidad de Burgos)P
Carlos Larrinaga (Universidad de Burgos)
María Uribe-Bohorquez (Pontificia Universidad Javeriana)
Friday,May 30,09:00–10:30
HI RF 01 room 405
. . . . . . . . . . . . . . . . . . . . . . . . . . . . . . . . . . . chaired by: Karen Mcbride (University of Portsmouth)
1. Before the advent of ERP, the questioning of double-entry bookkeeping in France between the 1960s and 1990s
Yves Levant (Lille University)P
Kada Meghraoui (University Paris Descartes)
Charles Ducrocq (University Paris Descartes)
2. Cultural legacies, Japanese corporations and their employees: Implications for Accounting
Orie Miyazawa (University of Kent)
3. Balance Sheet Evolution of Gas Companies in London
Chie Sawanobori (Osaka Sangyo University)P
Mitsunori Kasukabe (Hokkaido University)
4. Corporate Conversion as a Risk Factor for the Business Crisis: The Breda Case and the Role of Elite
Andrea Fontanella (University of Milan)
Friday,May 30,11:00–12:30
HI PS 03 room 201
. . . . . . . . . . . . . . . . . . . . . . . . . . . . . . . . . . . chaired by: ShraddhaVerma (De Montfort University)
1. Fukushima Nuclear Accident and TEPCO’s Accounts 2011-2023
Eri Kanamori (Ritsumeikan University)
2. The sinking of Andrea Doria Navigating between Loss and Recovery: The accounting and legal conflict
Emanuela Mattia Cafaro (University of Salerno)P
Gaetano Rago (University of Salerno)
Grazia Marcello (University of Salerno)
3. Valuing Cultural and Heritage Assets
Karen Mcbride (University of Portsmouth)
IASB RESEARCHWORKSHOP
Thursday,May 29, 11:00–12:30
IASB room 203
. . . . . . . . . . . . . . . . . . . . . . . . . . . . . . . . . . . . . . . . . . . . . . . . . . . . . . . . chaired by: Ana Simpson (IASB)
1. Operating Expense P&L Disaggregation: A Cross-Country Study of Determinants and Consequences
MarkWallis (University of Queensland)P
Matthew Pinnuck (University of Melbourne)
2. Reassessed Earnings with Capitalized Intangibles
Anup Srivastava (University of Calgary)
Aneel Iqbal (Arizona State University)P
Shiva Rajgopal (Columbia University)
Elnaz Basirianmahabadi (University of Calgary)
3. IFRS 17 and the Decision-Usefulness of Insurers’Financial Reporting Information
Merjona Lamaj (WUVienna)
Zoltan Novotny-Farkas (WUVienna)
Lukas Obernauer (WUVienna)P
98","[Category]:History;[Name]:Accounting and inequality: An analysis of the treatise Arboleda de los Enfermos (ca. 1470);[Author_1]:Germán Gamero Igea;[Uni_1]:Universidad de Burgos;[Author_2]:Carlos Larrinaga;[Uni_2]:Universidad de Burgos;[Author_3]:María Uribe-Bohorquez;[Uni_3]:Pontificia Universidad Javeriana  
[Category]:History;[Name]:Before the advent of ERP, the questioning of double-entry bookkeeping in France between the 1960s and 1990s;[Author_1]:Yves Levant;[Uni_1]:Lille University;[Author_2]:Kada Meghraoui;[Uni_2]:University Paris Descartes;[Author_3]:Charles Ducrocq;[Uni_3]:University Paris Descartes  
[Category]:History;[Name]:Cultural legacies, Japanese corporations and their employees: Implications for Accounting;[Author_1]:Orie Miyazawa;[Uni_1]:University of Kent  
[Category]:History;[Name]:Balance Sheet Evolution of Gas Companies in London;[Author_1]:Chie Sawanobori;[Uni_1]:Osaka Sangyo University;[Author_2]:Mitsunori Kasukabe;[Uni_2]:Hokkaido University  
[Category]:History;[Name]:Corporate Conversion as a Risk Factor for the Business Crisis: The Breda Case and the Role of Elite;[Author_1]:Andrea Fontanella;[Uni_1]:University of Milan  
[Category]:History;[Name]:Fukushima Nuclear Accident and TEPCO’s Accounts 2011-2023;[Author_1]:Eri Kanamori;[Uni_1]:Ritsumeikan University  
[Category]:History;[Name]:The sinking of Andrea Doria Navigating between Loss and Recovery: The accounting and legal conflict;[Author_1]:Emanuela Mattia Cafaro;[Uni_1]:University of Salerno;[Author_2]:Gaetano Rago;[Uni_2]:University of Salerno;[Author_3]:Grazia Marcello;[Uni_3]:University of Salerno  
[Category]:History;[Name]:Valuing Cultural and Heritage Assets;[Author_1]:Karen Mcbride;[Uni_1]:University of Portsmouth  
[Category]:IASB ResearchWorkshop;[Name]:Operating Expense P&L Disaggregation: A Cross-Country Study of Determinants and Consequences;[Author_1]:MarkWallis;[Uni_1]:University of Queensland;[Author_2]:Matthew Pinnuck;[Uni_2]:University of Melbourne  
[Category]:IASB ResearchWorkshop;[Name]:Reassessed Earnings with Capitalized Intangibles;[Author_1]:Anup Srivastava;[Uni_1]:University of Calgary;[Author_2]:Aneel Iqbal;[Uni_2]:Arizona State University;[Author_3]:Shiva Rajgopal;[Uni_3]:Columbia University;[Author_4]:Elnaz Basirianmahabadi;[Uni_4]:University of Calgary  
[Category]:IASB ResearchWorkshop;[Name]:IFRS 17 and the Decision-Usefulness of Insurers’Financial Reporting Information;[Author_1]:Merjona Lamaj;[Uni_1]:WUVienna;[Author_2]:Zoltan Novotny-Farkas;[Uni_2]:WUVienna;[Author_3]:Lukas Obernauer;[Uni_3]:WUVienna"
98,98.0,"ISSB RESEARCHWORKSHOP
Friday,May 30,09:00–10:30
ISSB room 204
. . . . . . . . . . . . . . . . . . . . . . . . . . . . . . . . . . . . . . . . . . . . . . . . . . . . . . . . . . . . chaired by: Jeff Hales (ISSB)
1. Double Materiality as a Driver of Real Effects: Evidence from the European Union’s Non-Financial Disclosure
Directive
Peter Fiechter (University of Neuchatel)
Florian Habermann (University of Lausanne)P
Gaia Melloni (HEC Lausanne / University of Lausanne)
Arianna Pisciella (Università Cattolica del Sacro Cuore)
2. The Effects of Human Capital Disclosures on Professional Investors’Assessments of Firm Risk
Ethan Rouen (Harvard Business School)P
Lisa Laviers (Tulane University)
Jason Sandvik (University of Arizona)
Robert Jennings (University of Arizona)
99","[Category]:ISSB ResearchWorkshop;[Name]:Double Materiality as a Driver of Real Effects: Evidence from the European Union’s Non-Financial Disclosure Directive;[Author_1]:Peter Fiechter;[Uni_1]:University of Neuchatel;[Author_2]:Florian Habermann;[Uni_2]:University of Lausanne;[Author_3]:Gaia Melloni;[Uni_3]:HEC Lausanne / University of Lausanne;[Author_4]:Arianna Pisciella;[Uni_4]:Università Cattolica del Sacro Cuore  
[Category]:ISSB ResearchWorkshop;[Name]:The Effects of Human Capital Disclosures on Professional Investors’ Assessments of Firm Risk;[Author_1]:Ethan Rouen;[Uni_1]:Harvard Business School;[Author_2]:Lisa Laviers;[Uni_2]:Tulane University;[Author_3]:Jason Sandvik;[Uni_3]:University of Arizona;[Author_4]:Robert Jennings;[Uni_4]:University of Arizona"
