,page,text,results
0,0.0,"Scientific programme
EAA Congress 2026
version 2026-05-07 19:57:52
Contents
AU – Auditing
2
ED – Accounting Education
15
FA – Financial Analysis
18
FR – Financial Reporting
29
GV – Accounting and Governance
47
HI – History
61
IC – Interdisciplinary / Critical
62
IS – Accounting and Information Systems
68
MA – Management Accounting
70
PSNP – Public Sector Accounting & Not-For-Profit Accounting
81
SEE – Social and Environmental Accounting & Ethical Issues in Accounting
84
TX – Taxation
105","[Category]:AU;[Name]:;[Author_1]:;[Uni_1]:;[Author_2]:;[Uni_2]:;[Author_3]:;[Uni_3]:;[Author_4]:;[Uni_4]:;[Author_5]:;[Uni_5]:  
[Category]:ED;[Name]:;[Author_1]:;[Uni_1]:;[Author_2]:;[Uni_2]:;[Author_3]:;[Uni_3]:;[Author_4]:;[Uni_4]:;[Author_5]:;[Uni_5]:  
[Category]:FA;[Name]:;[Author_1]:;[Uni_1]:;[Author_2]:;[Uni_2]:;[Author_3]:;[Uni_3]:;[Author_4]:;[Uni_4]:;[Author_5]:;[Uni_5]:  
[Category]:FR;[Name]:;[Author_1]:;[Uni_1]:;[Author_2]:;[Uni_2]:;[Author_3]:;[Uni_3]:;[Author_4]:;[Uni_4]:;[Author_5]:;[Uni_5]:  
[Category]:GV;[Name]:;[Author_1]:;[Uni_1]:;[Author_2]:;[Uni_2]:;[Author_3]:;[Uni_3]:;[Author_4]:;[Uni_4]:;[Author_5]:;[Uni_5]:  
[Category]:HI;[Name]:;[Author_1]:;[Uni_1]:;[Author_2]:;[Uni_2]:;[Author_3]:;[Uni_3]:;[Author_4]:;[Uni_4]:;[Author_5]:;[Uni_5]:  
[Category]:IC;[Name]:;[Author_1]:;[Uni_1]:;[Author_2]:;[Uni_2]:;[Author_3]:;[Uni_3]:;[Author_4]:;[Uni_4]:;[Author_5]:;[Uni_5]:  
[Category]:IS;[Name]:;[Author_1]:;[Uni_1]:;[Author_2]:;[Uni_2]:;[Author_3]:;[Uni_3]:;[Author_4]:;[Uni_4]:;[Author_5]:;[Uni_5]:  
[Category]:MA;[Name]:;[Author_1]:;[Uni_1]:;[Author_2]:;[Uni_2]:;[Author_3]:;[Uni_3]:;[Author_4]:;[Uni_4]:;[Author_5]:;[Uni_5]:  
[Category]:PSNP;[Name]:;[Author_1]:;[Uni_1]:;[Author_2]:;[Uni_2]:;[Author_3]:;[Uni_3]:;[Author_4]:;[Uni_4]:;[Author_5]:;[Uni_5]:  
[Category]:SEE;[Name]:;[Author_1]:;[Uni_1]:;[Author_2]:;[Uni_2]:;[Author_3]:;[Uni_3]:;[Author_4]:;[Uni_4]:;[Author_5]:;[Uni_5]:  
[Category]:TX;[Name]:;[Author_1]:;[Uni_1]:;[Author_2]:;[Uni_2]:;[Author_3]:;[Uni_3]:;[Author_4]:;[Uni_4]:;[Author_5]:;[Uni_5]:"
1,1.0,"2
Auditing
Wednesday, May 27, 15:00-16:30
AU – Auditing
Wednesday, May 27, 15:00-16:30
AU PSD03 room RB 211
. . . . . . . . . . . . . . . . . . . . . . . . . . . . . chaired by: Aymen Abbadi (IAE Lille University)
1. Accounting scandals, auditor ratification, and institutional investors: evidence from the Wirecard scandal
in Germany
Tessa Kunkel (ESCP Business School)P
Discussant: Alan Duboisee de Ricquebourg (Leeds University Business School)
2. Media framing and the transformation of the UK audit regulator after Carillion
Alan Duboisee de Ricquebourg (Leeds University Business School)P
Warren Maroun (Leeds University Business School)
Dannielle Cerbone (University of the Witwatersrand)
Wayne van Zijl (University of the Witwatersrand)
Discussant: Conor Clune (UNSW Sydney)
3. Navigating credibility in unregulated assurance markets
Conor Clune (UNSW Sydney)P
Discussant: Tessa Carolin Kunkel (ESCP Business School)
AU PSD12 room RB 203
. . . . . . . . . . . . . . . . . . . . . . . . . . . . . . . . . . chaired by: Diletta Vito (University of Pisa)
1. Do assigned audit partners perform higher quality audits than self-selected auditors?
Jan Bouwens (University of Amsterdam)P
Olof Bik (University of Groningen)
Tjibbe Bosman (affiliation not provided)
Discussant: Wenqi Pei (University of International Business and Economics)
2. Local-office-unaffiliated engagement quality reviewers and audit quality: evidence from China
Weiyan Hu (University of International Business and Economics)
Xuejiao Liu (University of International Business and Economics)
Wenqi Pei (University of International Business and Economics)P
Baohua Xin (University of Toronto)
Discussant: Lianghui Wang (Xi’an Jiaotong University)
3. Political contributions by audit engagement partners surrounding the implementation of mandatory partner
name disclosure in the US
Lianghui Wang (Xi’an Jiaotong University)P
Discussant: Jan Bouwens (University of Amsterdam)
AU PS08 room RB 204
. . . . . . . . . . . . . . . . . . . . . . . . . . . . . . . . . . . chaired by: Claus Holm (Aarhus University)
1. Critical audit matters and debt pricing: unveiling the moderating effect of corporate governance
Atm Karim (Queen’s University Belfast)P
Tianhui Lu (Lancaster University)
Mohamed Elsayed (Queen’s University Belfast)
2. An examination of the impact of sanction on KAM disclosure: evidence from Taiwan
Shu-Ling Yeh (National Taipei University)P
Ai-Ru Yen (Northeastern Illinois University)
Hsiao-Lun Lin (National Taipei University)
Anxuan Xie (National Taipei University)","[Category]:Auditing;[Name]:Accounting scandals, auditor ratification, and institutional investors: evidence from the Wirecard scandal in Germany;[Author_1]:Tessa Kunkel;[Uni_1]:ESCP Business School;[Author_2]:;[Uni_2]:;[Author_3]:;[Uni_3]:;[Author_4]:;[Uni_4]:;[Author_5]:;[Uni_5]:  
[Category]:Auditing;[Name]:Media framing and the transformation of the UK audit regulator after Carillion;[Author_1]:Alan Duboisee de Ricquebourg;[Uni_1]:Leeds University Business School;[Author_2]:Warren Maroun;[Uni_2]:Leeds University Business School;[Author_3]:Dannielle Cerbone;[Uni_3]:University of the Witwatersrand;[Author_4]:Wayne van Zijl;[Uni_4]:University of the Witwatersrand;[Author_5]:;[Uni_5]:  
[Category]:Auditing;[Name]:Navigating credibility in unregulated assurance markets;[Author_1]:Conor Clune;[Uni_1]:UNSW Sydney;[Author_2]:;[Uni_2]:;[Author_3]:;[Uni_3]:;[Author_4]:;[Uni_4]:;[Author_5]:;[Uni_5]:  
[Category]:Auditing;[Name]:Do assigned audit partners perform higher quality audits than self-selected auditors?;[Author_1]:Jan Bouwens;[Uni_1]:University of Amsterdam;[Author_2]:Olof Bik;[Uni_2]:University of Groningen;[Author_3]:Tjibbe Bosman;[Uni_3]:;[Author_4]:;[Uni_4]:;[Author_5]:;[Uni_5]:  
[Category]:Auditing;[Name]:Local-office-unaffiliated engagement quality reviewers and audit quality: evidence from China;[Author_1]:Weiyan Hu;[Uni_1]:University of International Business and Economics;[Author_2]:Xuejiao Liu;[Uni_2]:University of International Business and Economics;[Author_3]:Wenqi Pei;[Uni_3]:University of International Business and Economics;[Author_4]:Baohua Xin;[Uni_4]:University of Toronto;[Author_5]:;[Uni_5]:  
[Category]:Auditing;[Name]:Political contributions by audit engagement partners surrounding the implementation of mandatory partner name disclosure in the US;[Author_1]:Lianghui Wang;[Uni_1]:Xi’an Jiaotong University;[Author_2]:;[Uni_2]:;[Author_3]:;[Uni_3]:;[Author_4]:;[Uni_4]:;[Author_5]:;[Uni_5]:  
[Category]:Auditing;[Name]:Critical audit matters and debt pricing: unveiling the moderating effect of corporate governance;[Author_1]:Atm Karim;[Uni_1]:Queen’s University Belfast;[Author_2]:Tianhui Lu;[Uni_2]:Lancaster University;[Author_3]:Mohamed Elsayed;[Uni_3]:Queen’s University Belfast;[Author_4]:;[Uni_4]:;[Author_5]:;[Uni_5]:  
[Category]:Auditing;[Name]:An examination of the impact of sanction on KAM disclosure: evidence from Taiwan;[Author_1]:Shu-Ling Yeh;[Uni_1]:National Taipei University;[Author_2]:Ai-Ru Yen;[Uni_2]:Northeastern Illinois University;[Author_3]:Hsiao-Lun Lin;[Uni_3]:National Taipei University;[Author_4]:Anxuan Xie;[Uni_4]:National Taipei University;[Author_5]:;[Uni_5]:"
2,2.0,"Auditing
Wednesday, May 27, 17:00-18:30
3
3. Educational distance between CEO and auditors: evidence from key audit matters and audit pricing in
China
Zhenyuan Qian (University of Nottingham Ningbo China)P
Xiaogang Bi (University of Nottingham Ningbo China)
Chen Bu (University of Nottingham Ningbo China)
AU PS12 room RB 205
. . . . . . . . . . . . . . . . . . . . . . . . . . . . . . . . . . . chaired by: Marco Trombetta (IE University)
1. Auditing in times of crisis: evidence from the COVID-19 pandemic
Gilad Livne (Queen Mary University of London)P
2. Auditor resignation and internal control opinions in financially distressed firms
Emrah Ekici (University of Wisconsin Eau Claire)P
Onur Oz (University of Hartford)
3. Internal control audit deficiency rates and the quality of internal control audit opinions
Al Ghosh (University of North Carolina at Charlotte)P
AU PS18 room RB 207
. . . . . . . . . . . . . . . . . . . . . . . . . . . . . . . chaired by: Tobias Svanström (Umea University)
1. Opportunistic CSR assurance and implied cost of equity
Yusuf Ag (University of Southampton)P
Sardar Ahmad (University of Liverpool)
Charlie Cai (University of Liverpool)
2. Short-selling threats and equity incentives to audit committees: evidence from Reg SHO
Simon Fung (Deakin University)P
Janus Jian Zhang (Hong Kong Baptist University)
Zhenyu Zhang (Hong Kong Baptist University)
Stephen Zhou (Hong Kong Baptist University)
3. When the dead still hire: zombie firms, audit signals, and employment outcomes
Fatemeh Anbarloo (University of Ottawa)
Wenxia Ge (University of Ottawa)
Tiemei (Sarah) Li (University of Ottawa)P
Wednesday, May 27, 17:00-18:30
AU PSD01 room RB 211
. . . . . . . . . . . . . . . . . . . . . . . . . . . chaired by: Zhifeng Yang (Stony Brook University)
1. Residency beyond borders: executives’ foreign ties and audit pricing
Chen Bu (University of Nottingham Ningbo China)P
Ziyu Liu (University of Nottingham Ningbo China)
Discussant: Aymen Abbadi (IAE Lille University)
2. Determinants of voluntary audit following reduced obligations: the case of SMEs in France after the
“PACTE” law
Aymen Abbadi (IAE Lille University)P
Hélène de Brébisson (EDHEC Business School)
Discussant: Luciana Orozco (BI Norwegian Business School)
3. Monitoring the auditor: evidence from institutional investors’ votes
Luciana Orozco (BI Norwegian Business School)P
Silvina Rubio (Nova School of Business And Economics)
Discussant: Chen Bu (University of Nottingham Ningbo China)","[Category]:Auditing;[Name]:Educational distance between CEO and auditors: evidence from key audit matters and audit pricing in China;[Author_1]:Zhenyuan Qian;[Uni_1]:University of Nottingham Ningbo China;[Author_2]:Xiaogang Bi;[Uni_2]:University of Nottingham Ningbo China;[Author_3]:Chen Bu;[Uni_3]:University of Nottingham Ningbo China  
[Category]:Auditing;[Name]:Auditing in times of crisis: evidence from the COVID-19 pandemic;[Author_1]:Gilad Livne;[Uni_1]:Queen Mary University of London  
[Category]:Auditing;[Name]:Auditor resignation and internal control opinions in financially distressed firms;[Author_1]:Emrah Ekici;[Uni_1]:University of Wisconsin Eau Claire;[Author_2]:Onur Oz;[Uni_2]:University of Hartford  
[Category]:Auditing;[Name]:Internal control audit deficiency rates and the quality of internal control audit opinions;[Author_1]:Al Ghosh;[Uni_1]:University of North Carolina at Charlotte  
[Category]:Auditing;[Name]:Opportunistic CSR assurance and implied cost of equity;[Author_1]:Yusuf Ag;[Uni_1]:University of Southampton;[Author_2]:Sardar Ahmad;[Uni_2]:University of Liverpool;[Author_3]:Charlie Cai;[Uni_3]:University of Liverpool  
[Category]:Auditing;[Name]:Short-selling threats and equity incentives to audit committees: evidence from Reg SHO;[Author_1]:Simon Fung;[Uni_1]:Deakin University;[Author_2]:Janus Jian Zhang;[Uni_2]:Hong Kong Baptist University;[Author_3]:Zhenyu Zhang;[Uni_3]:Hong Kong Baptist University;[Author_4]:Stephen Zhou;[Uni_4]:Hong Kong Baptist University  
[Category]:Auditing;[Name]:When the dead still hire: zombie firms, audit signals, and employment outcomes;[Author_1]:Fatemeh Anbarloo;[Uni_1]:University of Ottawa;[Author_2]:Wenxia Ge;[Uni_2]:University of Ottawa;[Author_3]:Tiemei (Sarah) Li;[Uni_3]:University of Ottawa  
[Category]:Auditing;[Name]:Residency beyond borders: executives’ foreign ties and audit pricing;[Author_1]:Chen Bu;[Uni_1]:University of Nottingham Ningbo China;[Author_2]:Ziyu Liu;[Uni_2]:University of Nottingham Ningbo China  
[Category]:Auditing;[Name]:Determinants of voluntary audit following reduced obligations: the case of SMEs in France after the “PACTE” law;[Author_1]:Aymen Abbadi;[Uni_1]:IAE Lille University;[Author_2]:Hélène de Brébisson;[Uni_2]:EDHEC Business School  
[Category]:Auditing;[Name]:Monitoring the auditor: evidence from institutional investors’ votes;[Author_1]:Luciana Orozco;[Uni_1]:BI Norwegian Business School;[Author_2]:Silvina Rubio;[Uni_2]:Nova School of Business And Economics"
3,3.0,"4
Auditing
Wednesday, May 27, 17:00-18:30
AU PSD08 room RB 203
. . . . . . . . . . . . . . . . . . . . chaired by: Kenneth J Reichelt (Louisiana State University)
1. When auditors talk, do retail investors listen? Evidence from expanded audit
Lin Wang (Central University of Finance and Economics)P
Donghui Wu (The Chinese University of Hong Kong)
Jianyu Zhao (Central University of Finance and Economics)
Yifan Hou (Beijing International Studies University)
Discussant: Marit Kringlen (University of Agder)
2. When does audit quality pay off? Institutional development and the shift from signaling to compliance in
auditor choice
Marit Kringlen (University of Agder)P
Discussant: Lin Wang (Central University of Finance and Economics)
AU PSD09 room RB 204
. . . . . . . . . . . . . . . . . . . . . . . . . . chaired by: Tiemei (Sarah) Li (University of Ottawa)
1. Auditors and AI: understanding identity threats and the process of normalization
Arina Hranovska (University of Groningen)P
Martijn van der Steen (University of Groningen)
Lucia Bellora-Bienengräber (University of Duisburg-Essen)
Sebastian Firk (University of Duisburg-Essen)
Ann Tank (University of Groningen)
Discussant: Barbara Schöndube-Pirchegger (Otto von Guericke University Magdeburg)
2. Availability of AI tools and their effect on the auditing process
Barbara Schöndube-Pirchegger (Otto von Guericke University Magdeburg)P
Jens Robert Schöndube (University of Hannover)
Discussant: Yujing Gong (University of Liverpool)
3. Can AI reduce audit quality? Cross-domain knowledge transfer and the cost of specialization
Yujing Gong (University of Liverpool)P
Yanxiong Gong (Bayes Business School)
Rui Sun (University of California Berkeley)
Discussant: Arina Hranovska (University of Groningen)
AU PS01 room RB 205
. . . . . . . . . . . . . . . . . . . . chaired by: Waymond Rodgers (University of Texas, El Paso)
1. Do all BIG 4 auditors deliver the same quality in Europe? Testing knowledge spillover vs self-interest
threat in the NAFs–KAMs relationship
Anojan Vickneswaran (University of the Sunshine Coast)
Ferdinand Gul (University of Sunshine Coast)P
2. How large language models affect audit quality: causal evidence from a randomized field experiment
Markus Jezierski (Heinrich Heine University Düsseldorf)P
Sascha Kaltenpoth (Paderborn University)
Oliver Müller (Paderborn University)
Barbara E. Weißenberger (Heinrich Heine University Düsseldorf)
3. Do administrative staff matter for audit quality?
Feng Chen (Monash University)
Song Chen (Shanghai University of Finance and Economics)
Ting-Chiao Huang (Monash Business School)
Linda Myers (University of Tennessee, Knoxville)P","[Category]:Auditing;[Name]:When auditors talk, do retail investors listen? Evidence from expanded audit;[Author_1]:Lin Wang;[Uni_1]:Central University of Finance and Economics;[Author_2]:Donghui Wu;[Uni_2]:The Chinese University of Hong Kong;[Author_3]:Jianyu Zhao;[Uni_3]:Central University of Finance and Economics;[Author_4]:Yifan Hou;[Uni_4]:Beijing International Studies University  
[Category]:Auditing;[Name]:When does audit quality pay off? Institutional development and the shift from signaling to compliance in auditor choice;[Author_1]:Marit Kringlen;[Uni_1]:University of Agder  
[Category]:Auditing;[Name]:Auditors and AI: understanding identity threats and the process of normalization;[Author_1]:Arina Hranovska;[Uni_1]:University of Groningen;[Author_2]:Martijn van der Steen;[Uni_2]:University of Groningen;[Author_3]:Lucia Bellora-Bienengräber;[Uni_3]:University of Duisburg-Essen;[Author_4]:Sebastian Firk;[Uni_4]:University of Duisburg-Essen;[Author_5]:Ann Tank;[Uni_5]:University of Groningen  
[Category]:Auditing;[Name]:Availability of AI tools and their effect on the auditing process;[Author_1]:Barbara Schöndube-Pirchegger;[Uni_1]:Otto von Guericke University Magdeburg;[Author_2]:Jens Robert Schöndube;[Uni_2]:University of Hannover  
[Category]:Auditing;[Name]:Can AI reduce audit quality? Cross-domain knowledge transfer and the cost of specialization;[Author_1]:Yujing Gong;[Uni_1]:University of Liverpool;[Author_2]:Yanxiong Gong;[Uni_2]:Bayes Business School;[Author_3]:Rui Sun;[Uni_3]:University of California Berkeley  
[Category]:Auditing;[Name]:Do all BIG 4 auditors deliver the same quality in Europe? Testing knowledge spillover vs self-interest threat in the NAFs–KAMs relationship;[Author_1]:Anojan Vickneswaran;[Uni_1]:University of the Sunshine Coast;[Author_2]:Ferdinand Gul;[Uni_2]:University of Sunshine Coast  
[Category]:Auditing;[Name]:How large language models affect audit quality: causal evidence from a randomized field experiment;[Author_1]:Markus Jezierski;[Uni_1]:Heinrich Heine University Düsseldorf;[Author_2]:Sascha Kaltenpoth;[Uni_2]:Paderborn University;[Author_3]:Oliver Müller;[Uni_3]:Paderborn University;[Author_4]:Barbara E. Weißenberger;[Uni_4]:Heinrich Heine University Düsseldorf  
[Category]:Auditing;[Name]:Do administrative staff matter for audit quality?;[Author_1]:Feng Chen;[Uni_1]:Monash University;[Author_2]:Song Chen;[Uni_2]:Shanghai University of Finance and Economics;[Author_3]:Ting-Chiao Huang;[Uni_3]:Monash Business School;[Author_4]:Linda Myers;[Uni_4]:University of Tennessee, Knoxville"
4,4.0,"Auditing
Thursday, May 28, 09:00-10:30
5
AU PS06 room RB 207
. . . . . . . . . . . . . . . . . . . . . . . . . . . . . chaired by: Erdong Wang (University of Wyoming)
1. Does auditor rotation deliver a fresh look? Evidence from the content and specificity of KAM disclosures
Yussu Hsiao (National Chengchi University)P
Wuchun Chi (National Chengchi University)
Yu-Tzu Chang (National Chengchi University)
Anxuan Xie (National Taipei University)
2. Negative environmental and climate news and environmental and climate-related critical audit matters
Wuchun Chi (National Chengchi University)
Cheng-Yu Hsieh (National Chengchi University)P
Sabrina Kang (National Chengchi University)
Shu-Hsien Lin (Feng Chia University)
3. Key audit matters and their specific audit procedures – what audit reports tell us about audit quality at the
account and entity level
Annalena Kaakschlief (University of Hamburg)P
Christoph Teucher (University of Hamburg)
Nicole Ratzinger-Sakel (University of Hamburg)
Thursday, May 28, 09:00-10:30
AU PSD05 room RB 211
. . . . . . . . . . . . . . . . . . . . . . . . . . . chaired by: Elina Haapamäki (University of Vaasa)
1. Media coverage and job entry in the audit profession
Janik Wecks (University of Bremen)
Johannes Voshaar (University of Bremen)P
Jochen Zimmermann (University of Bremen)
Discussant: Tobias Svanström (Umea University)
2. Does having accountant parents matter for auditors’ career choices, career advancement, and audit quality
Tobias Svanström (Umea University)P
Limei Che (Oslo Metropolitan University)
Oscar Stålnacke (Umea University)
Discussant: Christian P H Peters (University of Wisconsin-Madison)
3. Do internally promoted auditors outperform externally hired ones?
Guoling Bu (Zhejiang University)
Jun Chen (Zhejiang University)
Christian Peters (University of Wisconsin-Madison)P
Discussant: Johannes Voshaar (University of Bremen)
AU PSD17 room RB 203
. . . . . . . . . . . . . . . . . . . . . . . chaired by: Tamara Lambert (University of Manchester)
1. Can rainmakers in accounting firm be both revenue stars and audit quality champions?
Ye Ji Lee (University of Seoul)
Younghan Lee (University of Seoul)P
Discussant: Markus Mottinger (LMU Munich)
2. Where proxies meet practice: qualitative insights into audit quality measurement
Markus Mottinger (LMU Munich)P
Alexander Hofer (Vienna University of Economics and Business)
Discussant: Nagarjun S (Indian Institute of Management Udaipur)","[Category]:Auditing;[Name]:Does auditor rotation deliver a fresh look? Evidence from the content and specificity of KAM disclosures;[Author_1]:Yussu Hsiao;[Uni_1]:National Chengchi University;[Author_2]:Wuchun Chi;[Uni_2]:National Chengchi University;[Author_3]:Yu-Tzu Chang;[Uni_3]:National Chengchi University;[Author_4]:Anxuan Xie;[Uni_4]:National Taipei University  
[Category]:Auditing;[Name]:Negative environmental and climate news and environmental and climate-related critical audit matters;[Author_1]:Wuchun Chi;[Uni_1]:National Chengchi University;[Author_2]:Cheng-Yu Hsieh;[Uni_2]:National Chengchi University;[Author_3]:Sabrina Kang;[Uni_3]:National Chengchi University;[Author_4]:Shu-Hsien Lin;[Uni_4]:Feng Chia University  
[Category]:Auditing;[Name]:Key audit matters and their specific audit procedures – what audit reports tell us about audit quality at the account and entity level;[Author_1]:Annalena Kaakschlief;[Uni_1]:University of Hamburg;[Author_2]:Christoph Teucher;[Uni_2]:University of Hamburg;[Author_3]:Nicole Ratzinger-Sakel;[Uni_3]:University of Hamburg  
[Category]:Auditing;[Name]:Media coverage and job entry in the audit profession;[Author_1]:Janik Wecks;[Uni_1]:University of Bremen;[Author_2]:Johannes Voshaar;[Uni_2]:University of Bremen;[Author_3]:Jochen Zimmermann;[Uni_3]:University of Bremen  
[Category]:Auditing;[Name]:Does having accountant parents matter for auditors’ career choices, career advancement, and audit quality;[Author_1]:Tobias Svanström;[Uni_1]:Umea University;[Author_2]:Limei Che;[Uni_2]:Oslo Metropolitan University;[Author_3]:Oscar Stålnacke;[Uni_3]:Umea University  
[Category]:Auditing;[Name]:Do internally promoted auditors outperform externally hired ones?;[Author_1]:Guoling Bu;[Uni_1]:Zhejiang University;[Author_2]:Jun Chen;[Uni_2]:Zhejiang University;[Author_3]:Christian Peters;[Uni_3]:University of Wisconsin-Madison  
[Category]:Auditing;[Name]:Can rainmakers in accounting firm be both revenue stars and audit quality champions?;[Author_1]:Ye Ji Lee;[Uni_1]:University of Seoul;[Author_2]:Younghan Lee;[Uni_2]:University of Seoul  
[Category]:Auditing;[Name]:Where proxies meet practice: qualitative insights into audit quality measurement;[Author_1]:Markus Mottinger;[Uni_1]:LMU Munich;[Author_2]:Alexander Hofer;[Uni_2]:Vienna University of Economics and Business"
5,5.0,"6
Auditing
Thursday, May 28, 09:00-10:30
3. Do mandated checklists enhance audit quality? Evidence from a natural experiment
Gopal Krishnan (Bentley University)
Nagarjun S (Indian Institute of Management Udaipur)P
Bhavya Singhvi (Indian Institute of Management Udaipur)
Discussant: Younghan Lee (University of Seoul)
AU PSD18 room RB 204
. . . . . . . . . . . . . . . chaired by: Oksana Kim (Minnesota State University – Mankato)
1. Auditing on the information superhighway: mobile internet and local audit market competition
Erdong Wang (University of Wyoming)P
Jiexuan Wang (Nankai University)
Keyuan Zhang (Shanghai Jiao Tong University)
Yiwen Chen (City University of Hong Kong)
Discussant: Justin Chircop (Lancaster University)
2. Economic consequences of country-by-country reporting: evidence from audit fees
Justin Chircop (Lancaster University)P
Shaohua He (Lancaster University)
Jiancheng (Duncan) Liu (University of Macau)
Discussant: Pradeep Sapkota (University of North Texas)
3. Non-compete agreement enforceability, audit effectiveness, and efficiency
Pradeep Sapkota (University of North Texas)P
Md Nazmul Islam (State University of New York At Geneseo)
Sarfraz Khan (University of Louisiana At Lafayette)
Discussant: Erdong Wang (University of Wyoming)
AU PS07 room RB 205
. . . . . . . . chaired by: Mohamed Abdel Aziz Hegazy (American University in Cairo)
1. Assessing blockchain adoption in accounting and auditing in Sweden
Gabriela Ariciu (Babeș-Bolyai University)P
2. The impact of artificial intelligence on audit task outcomes
Annika Bonrath (University of Duisburg-Essen)P
3. Audit offices’ cybersecurity experience and industry range
Christelle Alkhoury (Audiencia Business School)P
Javad Rajabalizadeh (University of Turku)
AU PS16 room RB 207
. . . . . . . . . . . . . . . . . . . . . . . . . . . . . . chaired by: Satoshi Taguchi (Doshisha University)
1. Hop on a Zoom? Do client incivility and virtual work modalities impact auditors’ perceptions of organiza-
tional support?
Sarah McCoy (University of New Mexico)P
2. Small seems plausible: effects of magnitude appearance on auditors’ causal and skeptical judgments of
AI-detected correlations
Tracie Majors (University of Southern California)
Sebastian Stirnkorb (University of Illinois Urbana-Champaign)P
Isaac Yamoah (University of Illinois Urbana-Champaign)
3. Quantum cognition and ethical pathways in AI governance: an examination of chief audit executives’
reporting standards and decision-making dynamics
Waymond Rodgers (University of Texas El Paso)P
Salem Al Fayi (Najran University (KSA))","[Category]:Auditing;[Name]:Do mandated checklists enhance audit quality? Evidence from a natural experiment;[Author_1]:Gopal Krishnan;[Uni_1]:Bentley University;[Author_2]:Nagarjun S;[Uni_2]:Indian Institute of Management Udaipur;[Author_3]:Bhavya Singhvi;[Uni_3]:Indian Institute of Management Udaipur  
[Category]:Auditing;[Name]:Auditing on the information superhighway: mobile internet and local audit market competition;[Author_1]:Erdong Wang;[Uni_1]:University of Wyoming;[Author_2]:Jiexuan Wang;[Uni_2]:Nankai University;[Author_3]:Keyuan Zhang;[Uni_3]:Shanghai Jiao Tong University;[Author_4]:Yiwen Chen;[Uni_4]:City University of Hong Kong  
[Category]:Auditing;[Name]:Economic consequences of country-by-country reporting: evidence from audit fees;[Author_1]:Justin Chircop;[Uni_1]:Lancaster University;[Author_2]:Shaohua He;[Uni_2]:Lancaster University;[Author_3]:Jiancheng (Duncan) Liu;[Uni_3]:University of Macau  
[Category]:Auditing;[Name]:Non-compete agreement enforceability, audit effectiveness, and efficiency;[Author_1]:Pradeep Sapkota;[Uni_1]:University of North Texas;[Author_2]:Md Nazmul Islam;[Uni_2]:State University of New York At Geneseo;[Author_3]:Sarfraz Khan;[Uni_3]:University of Louisiana At Lafayette  
[Category]:Auditing;[Name]:Assessing blockchain adoption in accounting and auditing in Sweden;[Author_1]:Gabriela Ariciu;[Uni_1]:Babeș-Bolyai University  
[Category]:Auditing;[Name]:The impact of artificial intelligence on audit task outcomes;[Author_1]:Annika Bonrath;[Uni_1]:University of Duisburg-Essen  
[Category]:Auditing;[Name]:Audit offices’ cybersecurity experience and industry range;[Author_1]:Christelle Alkhoury;[Uni_1]:Audiencia Business School;[Author_2]:Javad Rajabalizadeh;[Uni_2]:University of Turku  
[Category]:Auditing;[Name]:Hop on a Zoom? Do client incivility and virtual work modalities impact auditors’ perceptions of organizational support?;[Author_1]:Sarah McCoy;[Uni_1]:University of New Mexico  
[Category]:Auditing;[Name]:Small seems plausible: effects of magnitude appearance on auditors’ causal and skeptical judgments of AI-detected correlations;[Author_1]:Tracie Majors;[Uni_1]:University of Southern California;[Author_2]:Sebastian Stirnkorb;[Uni_2]:University of Illinois Urbana-Champaign;[Author_3]:Isaac Yamoah;[Uni_3]:University of Illinois Urbana-Champaign  
[Category]:Auditing;[Name]:Quantum cognition and ethical pathways in AI governance: an examination of chief audit executives’ reporting standards and decision-making dynamics;[Author_1]:Waymond Rodgers;[Uni_1]:University of Texas El Paso;[Author_2]:Salem Al Fayi;[Uni_2]:Najran University (KSA)"
6,6.0,"Auditing
Thursday, May 28, 11:00-12:30
7
Thursday, May 28, 11:00-12:30
AU PSD11 room RB 211
. . . . . . . . . . . . . . . . chaired by: Chen Bu (University of Nottingham Ningbo China)
1. Trust under scrutiny: audit partner-CFO trust and audit quality
Ole-Kristian Hope (University of Toronto)P
Discussant: Omar de Ines Anton (CUNEF Universidad)
2. FRC quality inspections and materiality judgment
Omar de Ines Anton (CUNEF Universidad)P
Stavriana Hadjigavriel (CUNEF Universidad)
Arpine Maghakyan (University of Glasgow)
Discussant: Yiye Liu (Xiamen University)
3. Cross-border audit regulation and debt structure concentration: evidence from PCAOB international
inspections
Yiye Liu (Xiamen University)P
Yangxin Yu (City University of Hong Kong)
Xindong Zhu (City University of Hong Kong)
Simon Fung (Deakin University)
Discussant: Ole-Kristian Hope (University of Toronto)
AU PSD14 room RB 203
. . . . . . . . . . . . . . . . . . . . . . . . . . . . . . . . chaired by: Markus Mottinger (LMU Munich)
1. Audit committee, internal audit function and audit quality: emerging market perspective
Oksana Kim (Minnesota State University – Mankato)P
Byron Pike (Minnesota State University – Mankato)
Discussant: Fabian Tim Müller (Heinrich Heine University Düsseldorf)
2. No glory in prevention? The case of the audit association of German private banks
Fabian Müller (Heinrich Heine University Düsseldorf)P
Barbara E. Weißenberger (Heinrich Heine University Düsseldorf)
Discussant: Youdi Zhu (Hong Kong Baptist University)
3. The power of knowledge: soft governance and audit quality
Youdi Zhu (Hong Kong Baptist University)P
Fang Zhang (Hong Kong Baptist University)
Discussant: Oksana Kim (Minnesota State University – Mankato)
AU PS03 room RB 204
. . . . . . . . . . . . . . . . . . . . . . . chaired by: Negin Attar-Niggeman (University of Zurich)
1. Secrecy culture and the communicative value of key audit matters: evidence from Europe
Lay Huay Yeap (Queensland University of Technology)P
Pamela Kent (Queensland University of Technology)
Natalie Elms (Queensland University of Technology)
Daifei (Troy) Yao (Griffith University)
2. Auditor reputation trap
Sebastian Kronenberger (University of Mannheim)P
3. How audit partners shape key audit matters (KAMs)?
Yu-Tzu Chang (National Chengchi University)P
Wuchun Chi (National Chengchi University)","[Category]:Auditing;[Name]:Trust under scrutiny: audit partner-CFO trust and audit quality;[Author_1]:Ole-Kristian Hope;[Uni_1]:University of Toronto;[Author_2]:;[Uni_2]:;[Author_3]:;[Uni_3]:;[Author_4]:;[Uni_4]:;[Author_5]:;[Uni_5]:  
[Category]:Auditing;[Name]:FRC quality inspections and materiality judgment;[Author_1]:Omar de Ines Anton;[Uni_1]:CUNEF Universidad;[Author_2]:Stavriana Hadjigavriel;[Uni_2]:CUNEF Universidad;[Author_3]:Arpine Maghakyan;[Uni_3]:University of Glasgow;[Author_4]:;[Uni_4]:;[Author_5]:;[Uni_5]:  
[Category]:Auditing;[Name]:Cross-border audit regulation and debt structure concentration: evidence from PCAOB international inspections;[Author_1]:Yiye Liu;[Uni_1]:Xiamen University;[Author_2]:Yangxin Yu;[Uni_2]:City University of Hong Kong;[Author_3]:Xindong Zhu;[Uni_3]:City University of Hong Kong;[Author_4]:Simon Fung;[Uni_4]:Deakin University;[Author_5]:;[Uni_5]:  
[Category]:Auditing;[Name]:Audit committee, internal audit function and audit quality: emerging market perspective;[Author_1]:Oksana Kim;[Uni_1]:Minnesota State University – Mankato;[Author_2]:Byron Pike;[Uni_2]:Minnesota State University – Mankato;[Author_3]:;[Uni_3]:;[Author_4]:;[Uni_4]:;[Author_5]:;[Uni_5]:  
[Category]:Auditing;[Name]:No glory in prevention? The case of the audit association of German private banks;[Author_1]:Fabian Müller;[Uni_1]:Heinrich Heine University Düsseldorf;[Author_2]:Barbara E. Weißenberger;[Uni_2]:Heinrich Heine University Düsseldorf;[Author_3]:;[Uni_3]:;[Author_4]:;[Uni_4]:;[Author_5]:;[Uni_5]:  
[Category]:Auditing;[Name]:The power of knowledge: soft governance and audit quality;[Author_1]:Youdi Zhu;[Uni_1]:Hong Kong Baptist University;[Author_2]:Fang Zhang;[Uni_2]:Hong Kong Baptist University;[Author_3]:;[Uni_3]:;[Author_4]:;[Uni_4]:;[Author_5]:;[Uni_5]:  
[Category]:Auditing;[Name]:Secrecy culture and the communicative value of key audit matters: evidence from Europe;[Author_1]:Lay Huay Yeap;[Uni_1]:Queensland University of Technology;[Author_2]:Pamela Kent;[Uni_2]:Queensland University of Technology;[Author_3]:Natalie Elms;[Uni_3]:Queensland University of Technology;[Author_4]:Daifei (Troy) Yao;[Uni_4]:Griffith University;[Author_5]:;[Uni_5]:  
[Category]:Auditing;[Name]:Auditor reputation trap;[Author_1]:Sebastian Kronenberger;[Uni_1]:University of Mannheim;[Author_2]:;[Uni_2]:;[Author_3]:;[Uni_3]:;[Author_4]:;[Uni_4]:;[Author_5]:;[Uni_5]:  
[Category]:Auditing;[Name]:How audit partners shape key audit matters (KAMs)?;[Author_1]:Yu-Tzu Chang;[Uni_1]:National Chengchi University;[Author_2]:Wuchun Chi;[Uni_2]:National Chengchi University;[Author_3]:;[Uni_3]:;[Author_4]:;[Uni_4]:;[Author_5]:;[Uni_5]:"
7,7.0,"8
Auditing
Thursday, May 28, 14:00-15:30
AU PS09 room RB 205
. . . . . . . . . . . . . . . . . . . . . . . . . chaired by: Susan A McCracken (McMaster University)
1. Being a professional accountant: individual auditors’ propriety legitimacy judgements under intense audit
oversight
Sanjay Bissessur (University of Amsterdam)P
Gerjanne Beltman (Pwc)
Isabelle van Dijk (EY)
Sanne Gaspersz (University of Amsterdam)
2. Human capital development in auditing: a qualitative study of learning mechanisms, challenges, and
differences across audit firms
Lobke Weijers (Tilburg University)P
Bart Dierynck (Tilburg University)
Claudia Marangoni (Tilburg University)
Christian Peters (University of Wisconsin-Madison)
3. Audit teams: a systematic review and integrative framework
Bryan Malki (Jönköping International Business School)P
Timur Uman (Jönköping University)
Miguel Gil (Jönköping University)
AU PS10 room RB 207
. . . . . . . . . . . . . . . . . . . . . . . . . . . . . . . . chaired by: Mara Cameran (Bocconi University)
1. ESG assurance and the timeliness of ESG reporting: evidence from Taiwan
Feng-Yi Lin (National Taipei University of Technology)
Szu-Yin (Jennifer) Wu (School of Management University at Buffalo)
Teng-Shih Wang (Providence University)P
2. Sustainability expertise in the audit profession: evidence from error restatements
Janine Maniora (Heinrich Heine University Düsseldorf)
Kajatheepan Navanathan (Heinrich Heine University Düsseldorf)P
Thursday, May 28, 14:00-15:30
AU PSD06 room RB 211
. . . . . . . . . . . . . . . . . . . . . . . . . chaired by: Caren Schelleman (Maastricht University)
1. The impact of sustainability assurance and the choice of assurance provider on narrative sustainability
disclosure: evidence from the European Union’s Non-Financial Reporting Directive
Aaron Kasischke (University of Bamberg)P
Brigitte Eierle (University of Bamberg)
Discussant: Matthew Hinton (University of Toronto)
2. ESG assurance and anti-ESG laws: evidence from state-level laws
Siqi Fan (Southern Arkansas University)
Matthew Hinton (University of Toronto)P
Discussant: Mingran Zhang (University of Bath)
3. Auditors’ response to corporate climate lobbying
Dimitrios Gounopoulos (University of Bath)
Ole-Kristian Hope (University of Toronto)
Vlad-Andrei Porumb (University of Manchester)
Mingran Zhang (University of Bath)P
Discussant: Aaron Kasischke (University of Bamberg)","[Category]:Auditing;[Name]:Being a professional accountant: individual auditors’ propriety legitimacy judgements under intense audit oversight;[Author_1]:Sanjay Bissessur;[Uni_1]:University of Amsterdam;[Author_2]:Gerjanne Beltman;[Uni_2]:Pwc;[Author_3]:Isabelle van Dijk;[Uni_3]:EY;[Author_4]:Sanne Gaspersz;[Uni_4]:University of Amsterdam  
[Category]:Auditing;[Name]:Human capital development in auditing: a qualitative study of learning mechanisms, challenges, and differences across audit firms;[Author_1]:Lobke Weijers;[Uni_1]:Tilburg University;[Author_2]:Bart Dierynck;[Uni_2]:Tilburg University;[Author_3]:Claudia Marangoni;[Uni_3]:Tilburg University;[Author_4]:Christian Peters;[Uni_4]:University of Wisconsin-Madison  
[Category]:Auditing;[Name]:Audit teams: a systematic review and integrative framework;[Author_1]:Bryan Malki;[Uni_1]:Jönköping International Business School;[Author_2]:Timur Uman;[Uni_2]:Jönköping University;[Author_3]:Miguel Gil;[Uni_3]:Jönköping University  
[Category]:Auditing;[Name]:ESG assurance and the timeliness of ESG reporting: evidence from Taiwan;[Author_1]:Feng-Yi Lin;[Uni_1]:National Taipei University of Technology;[Author_2]:Szu-Yin (Jennifer) Wu;[Uni_2]:School of Management University at Buffalo;[Author_3]:Teng-Shih Wang;[Uni_3]:Providence University  
[Category]:Auditing;[Name]:Sustainability expertise in the audit profession: evidence from error restatements;[Author_1]:Janine Maniora;[Uni_1]:Heinrich Heine University Düsseldorf;[Author_2]:Kajatheepan Navanathan;[Uni_2]:Heinrich Heine University Düsseldorf  
[Category]:Auditing;[Name]:The impact of sustainability assurance and the choice of assurance provider on narrative sustainability disclosure: evidence from the European Union’s Non-Financial Reporting Directive;[Author_1]:Aaron Kasischke;[Uni_1]:University of Bamberg;[Author_2]:Brigitte Eierle;[Uni_2]:University of Bamberg  
[Category]:Auditing;[Name]:ESG assurance and anti-ESG laws: evidence from state-level laws;[Author_1]:Siqi Fan;[Uni_1]:Southern Arkansas University;[Author_2]:Matthew Hinton;[Uni_2]:University of Toronto  
[Category]:Auditing;[Name]:Auditors’ response to corporate climate lobbying;[Author_1]:Dimitrios Gounopoulos;[Uni_1]:University of Bath;[Author_2]:Ole-Kristian Hope;[Uni_2]:University of Toronto;[Author_3]:Vlad-Andrei Porumb;[Uni_3]:University of Manchester;[Author_4]:Mingran Zhang;[Uni_4]:University of Bath"
8,8.0,"Auditing
Thursday, May 28, 14:00-15:30
9
AU PSD10 room RB 203
. . . . . . . . . . . . . . . . . . . . . . . . . . . . . . chaired by: Timur Uman (Jönköping University)
1. Relative age and career outcomes: evidence from the accounting profession
Huan Ke (Hong Kong Baptist University)P
Janus Jian Zhang (Hong Kong Baptist University)
Byron Song (Hong Kong Baptist University)
Di Guo (Hong Kong Baptist University)
Discussant: Elin Smith (Kristianstad University)
2. Generation Z in the Swedish audit profession: generational differences in work values and implications for
retention
Nellie Gertsson (Kristianstad University)
Elin Smith (Kristianstad University)P
Elina Holm (Audit Firm)
Adam Turesson (Audit Firm)
Discussant: Mohamed Abdel Aziz Hegazy (American University in Cairo)
3. Assessing the efficiency and effectiveness of AI adoption in auditing and advisory practices: an empirical
investigation
Mohamed Hegazy (American University in Cairo)P
Karim Hegazy (John Morris University Liverpool)
Mohamed el-Deeb (Modern Sciences And Arts University)
Yasser Halim (Modern Sciences And Arts University)
Discussant: Huan Ke (Hong Kong Baptist University)
AU PS04 room RB 204
. . . . . . . . . . . . . . . . . . . . . . . . . . . . . . . chaired by: Elena Koll (University of Innsbruck)
1. The economics of audit quality: reputation capital, liability, and market demand
Marcel Steller (Johannes Kepler University Linz)
Erich Pummerer (University of Innsbruck)P
2. Political partisanship of audit engagement partners and audit outcomes: evidence from the U.S.
Corvin Kintzel (University of Innsbruck)P
Sven Hartlieb (University of Innsbruck)
Stephan Küster (Freie Universität Berlin)
3. Do family firms pay less for audits? Evidence from Japan
Yue Yang (Hitotsubashi University)P
AU PS15 room RB 205
. . . . . . . . . . . . . . . . . chaired by: Al Ghosh (University of North Carolina at Charlotte)
1. Client third-party specialists and audit engagement
Zeping Pan (ESCP Business School)P
2. Government customer base and audit pricing
Yifan Jia (Xiamen University)P
Shuqing Luo (The University of Hong Kong)
3. Public support and private assurance: how anticipated government subsidies affect voluntary audit
choices?
Chen Chen (Monash University)
Feng Chen (Monash University)P
Ting-Chiao Huang (Monash Business School)
Jiancheng (Duncan) Liu (University of Macau)
AU PS17 room RB 207
. . . . . . . . . . . . . . . . . . . . . . . . . . . . . . . . . . . . chaired by: Lisa Liu (Columbia University)
1. Audit regulation for financially constrained firms
Negin Attar-Niggeman (University of Zurich)P","[Category]:Auditing;[Name]:Relative age and career outcomes: evidence from the accounting profession;[Author_1]:Huan Ke;[Uni_1]:Hong Kong Baptist University;[Author_2]:Janus Jian Zhang;[Uni_2]:Hong Kong Baptist University;[Author_3]:Byron Song;[Uni_3]:Hong Kong Baptist University;[Author_4]:Di Guo;[Uni_4]:Hong Kong Baptist University  
[Category]:Auditing;[Name]:Generation Z in the Swedish audit profession: generational differences in work values and implications for retention;[Author_1]:Nellie Gertsson;[Uni_1]:Kristianstad University;[Author_2]:Elin Smith;[Uni_2]:Kristianstad University;[Author_3]:Elina Holm;[Uni_3]:Audit Firm;[Author_4]:Adam Turesson;[Uni_4]:Audit Firm  
[Category]:Auditing;[Name]:Assessing the efficiency and effectiveness of AI adoption in auditing and advisory practices: an empirical investigation;[Author_1]:Mohamed Hegazy;[Uni_1]:American University in Cairo;[Author_2]:Karim Hegazy;[Uni_2]:John Morris University Liverpool;[Author_3]:Mohamed el-Deeb;[Uni_3]:Modern Sciences And Arts University;[Author_4]:Yasser Halim;[Uni_4]:Modern Sciences And Arts University  
[Category]:Auditing;[Name]:The economics of audit quality: reputation capital, liability, and market demand;[Author_1]:Marcel Steller;[Uni_1]:Johannes Kepler University Linz;[Author_2]:Erich Pummerer;[Uni_2]:University of Innsbruck  
[Category]:Auditing;[Name]:Political partisanship of audit engagement partners and audit outcomes: evidence from the U.S.;[Author_1]:Corvin Kintzel;[Uni_1]:University of Innsbruck;[Author_2]:Sven Hartlieb;[Uni_2]:University of Innsbruck;[Author_3]:Stephan Küster;[Uni_3]:Freie Universität Berlin  
[Category]:Auditing;[Name]:Do family firms pay less for audits? Evidence from Japan;[Author_1]:Yue Yang;[Uni_1]:Hitotsubashi University  
[Category]:Auditing;[Name]:Client third-party specialists and audit engagement;[Author_1]:Zeping Pan;[Uni_1]:ESCP Business School  
[Category]:Auditing;[Name]:Government customer base and audit pricing;[Author_1]:Yifan Jia;[Uni_1]:Xiamen University;[Author_2]:Shuqing Luo;[Uni_2]:The University of Hong Kong  
[Category]:Auditing;[Name]:Public support and private assurance: how anticipated government subsidies affect voluntary audit choices?;[Author_1]:Chen Chen;[Uni_1]:Monash University;[Author_2]:Feng Chen;[Uni_2]:Monash University;[Author_3]:Ting-Chiao Huang;[Uni_3]:Monash Business School;[Author_4]:Jiancheng (Duncan) Liu;[Uni_4]:University of Macau  
[Category]:Auditing;[Name]:Audit regulation for financially constrained firms;[Author_1]:Negin Attar-Niggeman;[Uni_1]:University of Zurich"
9,9.0,"10
Auditing
Friday, May 29, 09:00-10:30
2. Synergy between audit and non-audit services
Qiang Guo (University of Southern Denmark)P
Joseph Gerakos (Dartmouth College)
Christopher Koch (University of Mainz)
Aiyong Zhu (Southwestern University of Finance and Economics)
3. Fostering audit quality through social learning from errors
Diane Breesch (Vrije Universiteit Brussel)
Menno Craninckx (Vrije Universiteit Brussel)
Therese Grohnert (Maastricht University)
Linde Kerckhofs (IESEG School of Management)P
Marie-Laure Vandenhaute (Vrije Universiteit Brussel)
Friday, May 29, 09:00-10:30
AU PSD15 room RB 211
. . . . . . . . . . . . . . . . . . . . . . . . . . . . . . . . chaired by: Pauline Wu (Warwick University)
1. The spillover effects of SEC monitoring on auditor disclosures
Jun Nguyen (NHH Norwegian School of Economics)P
Nhan Ha (IESEG School of Management)
Discussant: Christian Thomas Bernard (Humboldt University of Berlin)
2. Effects of the EU audit reform on the revenue composition of audit firms
Christian Bernard (Humboldt University of Berlin)P
Ulf Bruggemann (Humboldt University of Berlin)
Discussant: Belen Gill de Albornoz (Universitat Jaume I)
3. Economic policy uncertainty and audit market dynamics: international evidence
Belen Gill de Albornoz (Universitat Jaume I)P
Araceli Mora (University of Valencia)
Sha Yang (affiliation not provided)
Discussant: Jun Nguyen (NHH Norwegian School of Economics)
AU PSD16 room RB 204
. . . . . . . . . . . . . . . . . . . . . . . . . . . . . . . . . . . . chaired by: Yiye Liu (Xiamen University)
1. Strategic responses to resource dependence: how GNF, ANAF, and TNAF auditors navigate PCAOB
remediation
Kenneth Bills (Michigan State University)
John Keyser (Arizona State University)
Marietta Peytcheva (Lehigh University)P
Aleksandra Zimmerman (Florida State University)
Discussant: Zhifeng Yang (Stony Brook University)
2. What does non-audit business mean to auditors and their clients? Evidence from examining Ernst &
Young’s split events
Zhifeng Yang (Stony Brook University)P
Muzhi Wang (Central University of Finance and Economics)
Jeffrey Pittman (Memorial University of Newfoundland)
Discussant: Markus Isack (Vienna University of Economics and Business)
3. Detecting structural breaks and anomalies in audit fees using foundational time-series forecasting AI
Markus Isack (Vienna University of Economics and Business)P
Markus Mottinger (LMU Munich)
Discussant: Marietta Peytcheva (Lehigh University)","[Category]:Auditing;[Name]:Synergy between audit and non-audit services;[Author_1]:Qiang Guo;[Uni_1]:University of Southern Denmark;[Author_2]:Joseph Gerakos;[Uni_2]:Dartmouth College;[Author_3]:Christopher Koch;[Uni_3]:University of Mainz;[Author_4]:Aiyong Zhu;[Uni_4]:Southwestern University of Finance and Economics;[Author_5]:;[Uni_5]:  
[Category]:Auditing;[Name]:Fostering audit quality through social learning from errors;[Author_1]:Diane Breesch;[Uni_1]:Vrije Universiteit Brussel;[Author_2]:Menno Craninckx;[Uni_2]:Vrije Universiteit Brussel;[Author_3]:Therese Grohnert;[Uni_3]:Maastricht University;[Author_4]:Linde Kerckhofs;[Uni_4]:IESEG School of Management;[Author_5]:Marie-Laure Vandenhaute;[Uni_5]:Vrije Universiteit Brussel  
[Category]:Auditing;[Name]:The spillover effects of SEC monitoring on auditor disclosures;[Author_1]:Jun Nguyen;[Uni_1]:NHH Norwegian School of Economics;[Author_2]:Nhan Ha;[Uni_2]:IESEG School of Management;[Author_3]:;[Uni_3]:;[Author_4]:;[Uni_4]:;[Author_5]:  
[Category]:Auditing;[Name]:Effects of the EU audit reform on the revenue composition of audit firms;[Author_1]:Christian Bernard;[Uni_1]:Humboldt University of Berlin;[Author_2]:Ulf Bruggemann;[Uni_2]:Humboldt University of Berlin;[Author_3]:;[Uni_3]:;[Author_4]:;[Uni_4]:;[Author_5]:  
[Category]:Auditing;[Name]:Economic policy uncertainty and audit market dynamics: international evidence;[Author_1]:Belen Gill de Albornoz;[Uni_1]:Universitat Jaume I;[Author_2]:Araceli Mora;[Uni_2]:University of Valencia;[Author_3]:Sha Yang;[Uni_3]:;[Author_4]:;[Uni_4]:;[Author_5]:  
[Category]:Auditing;[Name]:Strategic responses to resource dependence: how GNF, ANAF, and TNAF auditors navigate PCAOB remediation;[Author_1]:Kenneth Bills;[Uni_1]:Michigan State University;[Author_2]:John Keyser;[Uni_2]:Arizona State University;[Author_3]:Marietta Peytcheva;[Uni_3]:Lehigh University;[Author_4]:Aleksandra Zimmerman;[Uni_4]:Florida State University;[Author_5]:  
[Category]:Auditing;[Name]:What does non-audit business mean to auditors and their clients? Evidence from examining Ernst & Young’s split events;[Author_1]:Zhifeng Yang;[Uni_1]:Stony Brook University;[Author_2]:Muzhi Wang;[Uni_2]:Central University of Finance and Economics;[Author_3]:Jeffrey Pittman;[Uni_3]:Memorial University of Newfoundland;[Author_4]:;[Uni_4]:;[Author_5]:  
[Category]:Auditing;[Name]:Detecting structural breaks and anomalies in audit fees using foundational time-series forecasting AI;[Author_1]:Markus Isack;[Uni_1]:Vienna University of Economics and Business;[Author_2]:Markus Mottinger;[Uni_2]:LMU Munich;[Author_3]:;[Uni_3]:;[Author_4]:;[Uni_4]:;[Author_5]:"
10,10.0,"Auditing
Friday, May 29, 11:00-12:30
11
AU PS13 room RB 205
. . . . . . . . . . . . . . . . . . . . . . . chaired by: Felix Peter Niggemann (University of Zurich)
1. Can the number of auditors in a market be positively associated with auditors’ pricing power?
Ling Chu (Wilfrid Laurier University)P
2. Who benefits from the audit failure of a BIG 4 firm?
Alain Schatt (HEC Lausanne)P
3. Do auditors price the risk related to a restated statement of cash flows?
Angela Pettinicchio (Università Cattolica del Sacro Cuore)P
Mara Cameran (Bocconi University)
Davide Arrighi (Università Cattolica del Sacro Cuore)
AU PS14 room RB 207
. . . . . . . . . . . . . . . . . . . chaired by: Linde Kerckhofs (IESEG School of Management)
1. Regulatory spillovers, board interlocks, and audit fees: evidence from comment letters
Beibei Yu (University of Bologna)P
Marco Maria Mattei (University of Bologna)
Eleonora Monaco (University of Bologna)
Giovanni Cardillo (University of Bologna)
2. Audit delay during regulatory relief of reporting deadline: evidence from Hong Kong
Belinda Yau (The Hang Seng University of Hong Kong)P
Jing Xue (Xi’an Jiaotong-Liverpool University)
Rubin Hao (University of Macau)
3. The impact of the Lithuanian national audit office’s performance audits on the creation of public value:
auditees’ perspectives
Asta Šalienė (Vilnius University)P
Daiva Tamulevičienė (Vilnius University)
Friday, May 29, 11:00-12:30
AU PSD02 room RB 211
. . . . . . . . . . chaired by: Sabine Maria Graschitz (Johannes Kepler University Linz)
1. Audit in the dark: auditor responses to risk in the absence of authoritative guidance
Nhan Ha (IESEG School of Management)P
Jun Nguyen (NHH Norwegian School of Economics)
Beatriz Garcia Osma (Universidad Carlos III de Madrid)
W. Robert Knechel (University of Florida)
Discussant: Laura Becker (Heinrich Heine University Düsseldorf)
2. Assurers’ perceptions of fraud risk in sustainability reporting
Laura Becker (Heinrich Heine University Düsseldorf)P
Janine Maniora (Heinrich Heine University Düsseldorf)
Gregory Trompeter (University of Central Florida (Ucf))
Discussant: Marc Eulerich (University of Duisburg-Essen)
3. Using artificial intelligence for fraud risk assessment: evidence from novice and experienced auditors
Marc Eulerich (University of Duisburg-Essen)P
David Wood (Brigham Young University)
Scott Emett (Arizona State University)
Brant Christensen (Brigham Young University)
Discussant: Nhan Ha (IESEG School of Management)","[Category]:Auditing;[Name]:Can the number of auditors in a market be positively associated with auditors’ pricing power?;[Author_1]:Ling Chu;[Uni_1]:Wilfrid Laurier University  
[Category]:Auditing;[Name]:Who benefits from the audit failure of a BIG 4 firm?;[Author_1]:Alain Schatt;[Uni_1]:HEC Lausanne  
[Category]:Auditing;[Name]:Do auditors price the risk related to a restated statement of cash flows?;[Author_1]:Angela Pettinicchio;[Uni_1]:Università Cattolica del Sacro Cuore;[Author_2]:Mara Cameran;[Uni_2]:Bocconi University;[Author_3]:Davide Arrighi;[Uni_3]:Università Cattolica del Sacro Cuore  
[Category]:Auditing;[Name]:Regulatory spillovers, board interlocks, and audit fees: evidence from comment letters;[Author_1]:Beibei Yu;[Uni_1]:University of Bologna;[Author_2]:Marco Maria Mattei;[Uni_2]:University of Bologna;[Author_3]:Eleonora Monaco;[Uni_3]:University of Bologna;[Author_4]:Giovanni Cardillo;[Uni_4]:University of Bologna  
[Category]:Auditing;[Name]:Audit delay during regulatory relief of reporting deadline: evidence from Hong Kong;[Author_1]:Belinda Yau;[Uni_1]:The Hang Seng University of Hong Kong;[Author_2]:Jing Xue;[Uni_2]:Xi’an Jiaotong-Liverpool University;[Author_3]:Rubin Hao;[Uni_3]:University of Macau  
[Category]:Auditing;[Name]:The impact of the Lithuanian national audit office’s performance audits on the creation of public value: auditees’ perspectives;[Author_1]:Asta Šalienė;[Uni_1]:Vilnius University;[Author_2]:Daiva Tamulevičienė;[Uni_2]:Vilnius University  
[Category]:Auditing;[Name]:Audit in the dark: auditor responses to risk in the absence of authoritative guidance;[Author_1]:Nhan Ha;[Uni_1]:IESEG School of Management;[Author_2]:Jun Nguyen;[Uni_2]:NHH Norwegian School of Economics;[Author_3]:Beatriz Garcia Osma;[Uni_3]:Universidad Carlos III de Madrid;[Author_4]:W. Robert Knechel;[Uni_4]:University of Florida  
[Category]:Auditing;[Name]:Assurers’ perceptions of fraud risk in sustainability reporting;[Author_1]:Laura Becker;[Uni_1]:Heinrich Heine University Düsseldorf;[Author_2]:Janine Maniora;[Uni_2]:Heinrich Heine University Düsseldorf;[Author_3]:Gregory Trompeter;[Uni_3]:University of Central Florida (Ucf)  
[Category]:Auditing;[Name]:Using artificial intelligence for fraud risk assessment: evidence from novice and experienced auditors;[Author_1]:Marc Eulerich;[Uni_1]:University of Duisburg-Essen;[Author_2]:David Wood;[Uni_2]:Brigham Young University;[Author_3]:Scott Emett;[Uni_3]:Arizona State University;[Author_4]:Brant Christensen;[Uni_4]:Brigham Young University"
11,11.0,"12
Auditing
Friday, May 29, 11:00-12:30
AU PSD07 room RB 204
. . . . . . . . . . . . . . chaired by: Begoña Navallas (Autonomous University of Madrid)
1. The cost of sustainability assurance – European evidence on the determinants of ESG assurance fees
Nicolas Frenzel (University of Potsdam)P
Sven Hörner (University of Bayreuth)
Discussant: June Cao (University of Southampton)
2. Not mandatory but material: sustainability disclosure, reporting location, and auditor response around
the world
June Cao (University of Southampton)P
Zijie Huang (Curtin University)
Ari Kristanto (Curtin University)
Discussant: Lena Schäfer (Friedrich-Alexander-Universität Erlangen-Nürnberg)
3. Green or gray auditors - who are the chosen ones for sustainability audits?
Lena Schäfer (Friedrich-Alexander-Universität Erlangen-Nürnberg)P
Benedikt Downar (University of Nuremberg)
Christopher Koch (University of Mainz)
Discussant: Sven Hörner (University of Bayreuth)
AU PSD13 room RB 205
. . . . . . . . . . . . . . . . . . . . . . . . . . . . . chaired by: Justin Chircop (Lancaster University)
1. The effectiveness of the UK’s viability statement in providing early warning signs of corporate distress
Ruizhe Wang (Macquarie University)
Nurul Alam (The University of Sydney)
Stewart Jones (University of Sydney)
Shan Zhou (University of Sydney)P
Discussant: Shan Zhou (University of Sydney)
2. Cyber security risk disclosure and audit fees: evidence from machine learning-based risk measures
Atul Rai (Wichita State University)P
Al Ghosh (University of North Carolina at Charlotte)
Arun Upadhyay (Florida International University)
Discussant: Atul Rai (Wichita State University)
3. Geopolitical risk in the supply chain and audit implications
Mukesh Garg (Monash University)P
John Campbell (University of Georgia)
Aldonio Ferreira (Monash University)
Mehdi Khedmati (Monash University)
Farhan Permana (Monash University)
Discussant: Lianghui Wang (Xi’an Jiaotong University)
AU PS05 room RB 207
. . . . . . . . chaired by: Sebastian Stirnkorb (University of Illinois Urbana-Champaign)
1. The influence of gender diversity in auditor-audit committee interaction on audit report timeliness
Faradillah Amalia Rivai (National Yunlin University of Science and Technology)
Li-Jen He (National Yunlin University of Science and Technology)
Ching Yen Li (National Yunlin University of Science and Technology)P
2. Enhancing talent by considering psychological safety in firm quality management systems: the effects of
performance feedback on junior auditor help-seeking behavior
Regan Schmidt (University of Saskatchewan)P
Cameron Dubé (Westbridge Capital Ltd.)
Brielle Perlett (RMD Engineering Inc.)","[Category]:Auditing;[Name]:The cost of sustainability assurance – European evidence on the determinants of ESG assurance fees;[Author_1]:Nicolas Frenzel;[Uni_1]:University of Potsdam;[Author_2]:Sven Hörner;[Uni_2]:University of Bayreuth  
[Category]:Auditing;[Name]:Not mandatory but material: sustainability disclosure, reporting location, and auditor response around the world;[Author_1]:June Cao;[Uni_1]:University of Southampton;[Author_2]:Zijie Huang;[Uni_2]:Curtin University;[Author_3]:Ari Kristanto;[Uni_3]:Curtin University  
[Category]:Auditing;[Name]:Green or gray auditors - who are the chosen ones for sustainability audits?;[Author_1]:Lena Schäfer;[Uni_1]:Friedrich-Alexander-Universität Erlangen-Nürnberg;[Author_2]:Benedikt Downar;[Uni_2]:University of Nuremberg;[Author_3]:Christopher Koch;[Uni_3]:University of Mainz  
[Category]:Auditing;[Name]:The effectiveness of the UK’s viability statement in providing early warning signs of corporate distress;[Author_1]:Ruizhe Wang;[Uni_1]:Macquarie University;[Author_2]:Nurul Alam;[Uni_2]:The University of Sydney;[Author_3]:Stewart Jones;[Uni_3]:University of Sydney;[Author_4]:Shan Zhou;[Uni_4]:University of Sydney  
[Category]:Auditing;[Name]:Cyber security risk disclosure and audit fees: evidence from machine learning-based risk measures;[Author_1]:Atul Rai;[Uni_1]:Wichita State University;[Author_2]:Al Ghosh;[Uni_2]:University of North Carolina at Charlotte;[Author_3]:Arun Upadhyay;[Uni_3]:Florida International University  
[Category]:Auditing;[Name]:Geopolitical risk in the supply chain and audit implications;[Author_1]:Mukesh Garg;[Uni_1]:Monash University;[Author_2]:John Campbell;[Uni_2]:University of Georgia;[Author_3]:Aldonio Ferreira;[Uni_3]:Monash University;[Author_4]:Mehdi Khedmati;[Uni_4]:Monash University;[Author_5]:Farhan Permana;[Uni_5]:Monash University  
[Category]:Auditing;[Name]:The influence of gender diversity in auditor-audit committee interaction on audit report timeliness;[Author_1]:Faradillah Amalia Rivai;[Uni_1]:National Yunlin University of Science and Technology;[Author_2]:Li-Jen He;[Uni_2]:National Yunlin University of Science and Technology;[Author_3]:Ching Yen Li;[Uni_3]:National Yunlin University of Science and Technology  
[Category]:Auditing;[Name]:Enhancing talent by considering psychological safety in firm quality management systems: the effects of performance feedback on junior auditor help-seeking behavior;[Author_1]:Regan Schmidt;[Uni_1]:University of Saskatchewan;[Author_2]:Cameron Dubé;[Uni_2]:Westbridge Capital Ltd.;[Author_3]:Brielle Perlett;[Uni_3]:RMD Engineering Inc."
12,12.0,"Auditing
Friday, May 29, 14:00-15:30
13
3. The impact of board gender diversity on audit pricing: the case of Greek local governments
Sandra Cohen (Athens University of Economics and Business)
Stergios Leventis (International Hellenic University)
Ioanna Malkogianni (International Hellenic University)P
Friday, May 29, 14:00-15:30
AU PSD04 room RB 211
. . . . . . . . . . . . . . chaired by: Pietro Andrea Bianchi Fedrigoni (Bocconi University)
1. The roles of impairment analysis timing and auditor oversight in recording goodwill impairment losses
Lauren Cunningham (University of Tennessee at Knoxville)
Tamara Lambert (University of Manchester)P
Marcy Shepardson (Indiana University)
Discussant: Chen Liu (University of Glasgow)
2. Government agency exposure and audit fees: business risk or external monitoring?
Chen Liu (University of Glasgow)P
Arpine Maghakyan (University of Glasgow)
Discussant: Alessandro Gabrielli (University of Pisa)
3. Non-audit services prohibition and fair value measurements: evidence from European Union banks
Giulio Greco (University of Pisa)
Velia Cenciarelli (Università Cattolica del Sacro Cuore)
Alessandro Gabrielli (University of Pisa)P
Discussant: Tamara Lambert (University of Manchester)
AU PSD19 room RB 204
. . . . . . . . . . . . . . . . . . . . . . . . . . . . . . . . . . chaired by: Mouna Hazgui (HEC Montréal)
1. Auditor personal values and professional scepticism - a qualitative study
Christo Karunananthan (Monash University)
Nithi Mohan (Monash University)
Prabanga Thoradeniya (Monash University)P
Discussant: Kwok Tong Samuel Cheung (Deakin University)
2. Roses given, fragrance in hand: clients’ charitable contributions in auditors’ hometowns and audit opinions
Kwok Tong Samuel Cheung (Deakin University)P
Egor Evdokimov (Deakin University)
Discussant: Prabanga Thoradeniya (Monash University)
AU PS02 room RB 205
. . . . . . . . . . . . . . . . . . . . . . . . . . . . chaired by: Jan Bouwens (University of Amsterdam)
1. Do audit partners affect clients’ tax reporting?
Alisha Blush (Coastal Carolina University)
William Buslepp (Louisiana State University)
Kenneth Reichelt (Louisiana State University)P
2. Impact of enterprise intelligent upgrading on audit fees: evidence from China
Aolin Leng (Northwestern Polytechnical University)
Yue Zhang (Northwestern Polytechnical University)P
Ming Jia (Northwestern Polytechnical University)
3. Effects of nonfinancial audits of IPOs on green investment and audit quality
Emanuel Lederer (University of Graz)P
Kerstin Trummer (University of Graz)","[Category]:Auditing;[Name]:The impact of board gender diversity on audit pricing: the case of Greek local governments;[Author_1]:Sandra Cohen;[Uni_1]:Athens University of Economics and Business;[Author_2]:Stergios Leventis;[Uni_2]:International Hellenic University;[Author_3]:Ioanna Malkogianni;[Uni_3]:International Hellenic University  
[Category]:Auditing;[Name]:The roles of impairment analysis timing and auditor oversight in recording goodwill impairment losses;[Author_1]:Lauren Cunningham;[Uni_1]:University of Tennessee at Knoxville;[Author_2]:Tamara Lambert;[Uni_2]:University of Manchester;[Author_3]:Marcy Shepardson;[Uni_3]:Indiana University  
[Category]:Auditing;[Name]:Government agency exposure and audit fees: business risk or external monitoring?;[Author_1]:Chen Liu;[Uni_1]:University of Glasgow;[Author_2]:Arpine Maghakyan;[Uni_2]:University of Glasgow  
[Category]:Auditing;[Name]:Non-audit services prohibition and fair value measurements: evidence from European Union banks;[Author_1]:Giulio Greco;[Uni_1]:University of Pisa;[Author_2]:Velia Cenciarelli;[Uni_2]:Università Cattolica del Sacro Cuore;[Author_3]:Alessandro Gabrielli;[Uni_3]:University of Pisa  
[Category]:Auditing;[Name]:Auditor personal values and professional scepticism - a qualitative study;[Author_1]:Christo Karunananthan;[Uni_1]:Monash University;[Author_2]:Nithi Mohan;[Uni_2]:Monash University;[Author_3]:Prabanga Thoradeniya;[Uni_3]:Monash University  
[Category]:Auditing;[Name]:Roses given, fragrance in hand: clients’ charitable contributions in auditors’ hometowns and audit opinions;[Author_1]:Kwok Tong Samuel Cheung;[Uni_1]:Deakin University;[Author_2]:Egor Evdokimov;[Uni_2]:Deakin University  
[Category]:Auditing;[Name]:Do audit partners affect clients’ tax reporting?;[Author_1]:Alisha Blush;[Uni_1]:Coastal Carolina University;[Author_2]:William Buslepp;[Uni_2]:Louisiana State University;[Author_3]:Kenneth Reichelt;[Uni_3]:Louisiana State University  
[Category]:Auditing;[Name]:Impact of enterprise intelligent upgrading on audit fees: evidence from China;[Author_1]:Aolin Leng;[Uni_1]:Northwestern Polytechnical University;[Author_2]:Yue Zhang;[Uni_2]:Northwestern Polytechnical University;[Author_3]:Ming Jia;[Uni_3]:Northwestern Polytechnical University  
[Category]:Auditing;[Name]:Effects of nonfinancial audits of IPOs on green investment and audit quality;[Author_1]:Emanuel Lederer;[Uni_1]:University of Graz;[Author_2]:Kerstin Trummer;[Uni_2]:University of Graz"
13,13.0,"14
Auditing
Friday, May 29, 14:00-15:30
AU PS11 room RB 207
. . . . . . . . . . . . . . . . . . . . . . . . . . . . . . . chaired by: Stephani Mason (DePaul University)
1. SEC comment letters, auditor turnover and information asymmetry. Evidence from the banking industry
Davide Arrighi (Università Cattolica del Sacro Cuore)P
Angela Pettinicchio (Università Cattolica del Sacro Cuore)
Mara Cameran (Bocconi University)
2. Safeguarding national security information: evidence from PCAOB international inspections and govern-
ment procurement
Xiao Zhang (Shanghai University of Finance and Economics)P
Jeffrey Ng (The University of Hong Kong)
Jiawei Lu (Shanghai University of Finance and Economics)
3. Understanding audit firm culture through the lens of the competing values framework
Ann Vanstraelen (Maastricht University)P
Murray Barrick (Texas A&M)
Olof Bik (University of Groningen)
Jere Francis (affiliation not provided)
Lena Pieper (University of Illinois)","[Category]:Auditing;[Name]:SEC comment letters, auditor turnover and information asymmetry. Evidence from the banking industry;[Author_1]:Davide Arrighi;[Uni_1]:Università Cattolica del Sacro Cuore;[Author_2]:Angela Pettinicchio;[Uni_2]:Università Cattolica del Sacro Cuore;[Author_3]:Mara Cameran;[Uni_3]:Bocconi University  
[Category]:Auditing;[Name]:Safeguarding national security information: evidence from PCAOB international inspections and government procurement;[Author_1]:Xiao Zhang;[Uni_1]:Shanghai University of Finance and Economics;[Author_2]:Jeffrey Ng;[Uni_2]:The University of Hong Kong;[Author_3]:Jiawei Lu;[Uni_3]:Shanghai University of Finance and Economics  
[Category]:Auditing;[Name]:Understanding audit firm culture through the lens of the competing values framework;[Author_1]:Ann Vanstraelen;[Uni_1]:Maastricht University;[Author_2]:Murray Barrick;[Uni_2]:Texas A&M;[Author_3]:Olof Bik;[Uni_3]:University of Groningen;[Author_4]:Jere Francis;[Uni_4]:;[Author_5]:Lena Pieper;[Uni_5]:University of Illinois"
14,14.0,"Accounting Education
Wednesday, May 27, 17:00-18:30
15
ED – Accounting Education
Wednesday, May 27, 17:00-18:30
ED PS01 room SB 335
. . . . . . . . . . . . . . . . . . . . . . . . . . . chaired by: Susan Smith (University College London)
1. The role of cultural context in shaping moral judgment: a comparative study of accounting students in
Croatia and Slovenia
Maja Zaman Groff (University of Ljubljana)P
Tina Vuko (University of Split)
Ivana Perica (University of Split)
Marko Čular (University of Split)
Mina Ličen (University of Ljubljana)
2. Re-thinking the role of corporate reporting: supporting students in the transition
Doug Stuart (University of Calgary)
Atinuke Chineme (University of Calgary)
Wenyu Zhou (University of Calgary)
Irene Herremans (University of Calgary)P
3. Making a choice among tax incentives
Wei Chern Koh (Singapore University of Social Sciences)P
Tommy Yee (Singapore University of Social Sciences)
Thursday, May 28, 11:00-12:30
ED PSD03 room SB 335
. . . . . . . . . . chaired by: Hebattallah Aboulmaaty (ESSCA School of Management)
1. Occupational licensing and labor market exit: evidence from continuing education requirements for
accountants
Parth Shah (London School of Economics)P
Discussant: Ute Vanini (Kiel University of Applied Sciences)
2. Examining the links between achievement goals, students’ approaches to learning, and learning outcomes
in accounting studies
Hannu Ojala (University of Eastern Finland)P
Heta Tuominen (University of Eastern Finland)
Markku Niemivirta (University of Eastern Finland)
Jari Huikku (Aalto University)
Discussant: Lukas Schmidt (Constructor University)
3. What drives accounting career attractiveness? An analysis of individual characteristics
Sofia Lourenço (ISEG Lisbon School of Economics & Management)P
Iryna Alves (ISEG Lisbon School of Economics & Management)
Discussant: Hannu Ojala (University of Eastern Finland)
Thursday, May 28, 14:00-15:30
ED PSD04 room SB 335
. . . . . . . . . . . . . . . . . chaired by: Angie Abdel Zaher (American University in Cairo)
1. Climate awareness through active learning for young people and students (CATALYST)
Elaine Doyle (University of Limerick)
Mary Curtin (University of Limerick)P
Erin King (University of Limerick)
Discussant: Monica Kabutey (California State University, Long Beach)","[Category]:Accounting Education;[Name]:The role of cultural context in shaping moral judgment: a comparative study of accounting students in Croatia and Slovenia;[Author_1]:Maja Zaman Groff;[Uni_1]:University of Ljubljana;[Author_2]:Tina Vuko;[Uni_2]:University of Split;[Author_3]:Ivana Perica;[Uni_3]:University of Split;[Author_4]:Marko Čular;[Uni_4]:University of Split;[Author_5]:Mina Ličen;[Uni_5]:University of Ljubljana  
[Category]:Accounting Education;[Name]:Re-thinking the role of corporate reporting: supporting students in the transition;[Author_1]:Doug Stuart;[Uni_1]:University of Calgary;[Author_2]:Atinuke Chineme;[Uni_2]:University of Calgary;[Author_3]:Wenyu Zhou;[Uni_3]:University of Calgary;[Author_4]:Irene Herremans;[Uni_4]:University of Calgary  
[Category]:Accounting Education;[Name]:Making a choice among tax incentives;[Author_1]:Wei Chern Koh;[Uni_1]:Singapore University of Social Sciences;[Author_2]:Tommy Yee;[Uni_2]:Singapore University of Social Sciences  
[Category]:Accounting Education;[Name]:Occupational licensing and labor market exit: evidence from continuing education requirements for accountants;[Author_1]:Parth Shah;[Uni_1]:London School of Economics  
[Category]:Accounting Education;[Name]:Examining the links between achievement goals, students’ approaches to learning, and learning outcomes in accounting studies;[Author_1]:Hannu Ojala;[Uni_1]:University of Eastern Finland;[Author_2]:Heta Tuominen;[Uni_2]:University of Eastern Finland;[Author_3]:Markku Niemivirta;[Uni_3]:University of Eastern Finland;[Author_4]:Jari Huikku;[Uni_4]:Aalto University  
[Category]:Accounting Education;[Name]:What drives accounting career attractiveness? An analysis of individual characteristics;[Author_1]:Sofia Lourenço;[Uni_1]:ISEG Lisbon School of Economics & Management;[Author_2]:Iryna Alves;[Uni_2]:ISEG Lisbon School of Economics & Management  
[Category]:Accounting Education;[Name]:Climate awareness through active learning for young people and students (CATALYST);[Author_1]:Elaine Doyle;[Uni_1]:University of Limerick;[Author_2]:Mary Curtin;[Uni_2]:University of Limerick;[Author_3]:Erin King;[Uni_3]:University of Limerick"
15,15.0,"16
Accounting Education
Thursday, May 28, 16:00-17:30
2. Wiki-based collaborative learning in accounting education: impact on academic performance and student
perceptions
Lukas Schmidt (Constructor University)P
Andreas Seebeck (Constructor University)
Johannes Voshaar (University of Bremen)
Discussant: Kevin Munch (Kent State University)
Thursday, May 28, 16:00-17:30
ED PS02 room SB 335
. . . . . . . . . . . . . . . . . . . . . . chaired by: Satoshi Sugahara (Kwansei Gakuin University)
1. Testing the legitimacy of board examinations in the age of large language models: a stress test
Michelle Coetzee (Akademia)P
Gideon Els (University of Johannesburg)
Nicolaas Strydom (University of Johannesburg)
2. Digitalization in managerial accounting education: evidence from German higher education
Janina Matern (University of Hagen)P
Christian Beer (Hochschule Bielefeld)
3. Transforming professional accounting education: a social closure perspective
Karlien Dempsey (University of Johannesburg)P
Karin Barac (University of Pretoria)
Friday, May 29, 09:00-10:30
ED PS03 room SB 335
. . . . . . . . . . . . . . . . . . . . . . chaired by: Adriana Tiron Tudor (Babeș-Bolyai University)
1. Refining prompts, not delegating tasks: AI enhanced learning in climate accounting
Ozlem Arikan (University of Sheffield)P
2. Visual representations of sustainability frameworks. Their roles in education for sustainability accounting
Katherine Christ (Adelaide University)P
Roger Burritt (Australian National University)
Stefan Schaltegger (Leuphana University Lüneburg)
3. Evolving sustainability integration in management accounting education: evidence from German universi-
ties
Ute Vanini (Kiel University of Applied Sciences)P
Janina Matern (University of Applied Science Wuerzburg-Schweinfurt)
Friday, May 29, 11:00-12:30
ED PSD02 room SB 335
. . . . . . . . . . chaired by: Monica Kabutey (California State University, Long Beach)
1. From encounter to action: exploring walking as a pedagogy form with postgraduate accounting students
in Scotland
Yanru Zou (University of Glasgow)P
Discussant: Hebattallah Aboulmaaty (ESSCA School of Management)
2. A new approach in teaching bookkeeping (NABO) to improve performance for secondary school students:
an instructional design based on cognitive load theory
Jens Verhofstadt (Ghent University)P
Patricia Everaert (Ghent University)
Evelien Opdecam (Ghent University)
Discussant: Yanru Zou (University of Glasgow)","[Category]:Accounting Education;[Name]:Wiki-based collaborative learning in accounting education: impact on academic performance and student perceptions;[Author_1]:Lukas Schmidt;[Uni_1]:Constructor University;[Author_2]:Andreas Seebeck;[Uni_2]:Constructor University;[Author_3]:Johannes Voshaar;[Uni_3]:University of Bremen  
[Category]:Accounting Education;[Name]:Testing the legitimacy of board examinations in the age of large language models: a stress test;[Author_1]:Michelle Coetzee;[Uni_1]:Akademia;[Author_2]:Gideon Els;[Uni_2]:University of Johannesburg;[Author_3]:Nicolaas Strydom;[Uni_3]:University of Johannesburg  
[Category]:Accounting Education;[Name]:Digitalization in managerial accounting education: evidence from German higher education;[Author_1]:Janina Matern;[Uni_1]:University of Hagen;[Author_2]:Christian Beer;[Uni_2]:Hochschule Bielefeld  
[Category]:Accounting Education;[Name]:Transforming professional accounting education: a social closure perspective;[Author_1]:Karlien Dempsey;[Uni_1]:University of Johannesburg;[Author_2]:Karin Barac;[Uni_2]:University of Pretoria  
[Category]:Accounting Education;[Name]:Refining prompts, not delegating tasks: AI enhanced learning in climate accounting;[Author_1]:Ozlem Arikan;[Uni_1]:University of Sheffield  
[Category]:Accounting Education;[Name]:Visual representations of sustainability frameworks. Their roles in education for sustainability accounting;[Author_1]:Katherine Christ;[Uni_1]:Adelaide University;[Author_2]:Roger Burritt;[Uni_2]:Australian National University;[Author_3]:Stefan Schaltegger;[Uni_3]:Leuphana University Lüneburg  
[Category]:Accounting Education;[Name]:Evolving sustainability integration in management accounting education: evidence from German universities;[Author_1]:Ute Vanini;[Uni_1]:Kiel University of Applied Sciences;[Author_2]:Janina Matern;[Uni_2]:University of Applied Science Wuerzburg-Schweinfurt  
[Category]:Accounting Education;[Name]:From encounter to action: exploring walking as a pedagogy form with postgraduate accounting students in Scotland;[Author_1]:Yanru Zou;[Uni_1]:University of Glasgow  
[Category]:Accounting Education;[Name]:A new approach in teaching bookkeeping (NABO) to improve performance for secondary school students: an instructional design based on cognitive load theory;[Author_1]:Jens Verhofstadt;[Uni_1]:Ghent University;[Author_2]:Patricia Everaert;[Uni_2]:Ghent University;[Author_3]:Evelien Opdecam;[Uni_3]:Ghent University"
16,16.0,"Accounting Education
Friday, May 29, 14:00-15:30
17
3. Inner feedback in computational problem solving: which comparators support critical thinking?
Suzanne McCallum (University of Glasgow)P
David Nicol (University of Glasgow)
Discussant: Jens Verhofstadt (Ghent University)
Friday, May 29, 14:00-15:30
ED PSD01 room SB 335
. . . . . . . . . . . . . . . . . . . . . . . . . . . . . . . chaired by: Patricia Everaert (Ghent University)
1. The impact of Chat GPT’s advice on professional judgment related with accounting and the role of
accounting education
Satoshi Sugahara (Kwansei Gakuin University)P
Keita Kano (Prefectural University of Hiroshima)
Discussant: Jens Verhofstadt (Ghent University)
2. Is it good to play? Exploring the voluntary use of a mobile game application in learning accounting
Hebattallah Aboulmaaty (ESSCA School of Management)P
Nermeen Shehata (American University in Cairo)
Discussant: Elisabetta Anna V. Barone (Maynooth University)
3. Engaging Generation Z in introductory accounting: survey evidence on learner-generated digital media
and the talent pipeline
Monica Kabutey (California State University, Long Beach)P
Sudha Krishnan (California State University, Long Beach)
Ping Lin (California State University, Long Beach)
Jiarui (Iris) Zhang (California State University, Long Beach)
Discussant: Eva Blondeel (Ghent University)","[Category]:Accounting Education;[Name]:Inner feedback in computational problem solving: which comparators support critical thinking?;[Author_1]:Suzanne McCallum;[Uni_1]:University of Glasgow;[Author_2]:David Nicol;[Uni_2]:University of Glasgow;[Author_3]:;[Uni_3]:;[Author_4]:;[Uni_4]:;[Author_5]:;[Uni_5]:  
[Category]:Accounting Education;[Name]:The impact of Chat GPT’s advice on professional judgment related with accounting and the role of accounting education;[Author_1]:Satoshi Sugahara;[Uni_1]:Kwansei Gakuin University;[Author_2]:Keita Kano;[Uni_2]:Prefectural University of Hiroshima;[Author_3]:;[Uni_3]:;[Author_4]:;[Uni_4]:;[Author_5]:;[Uni_5]:  
[Category]:Accounting Education;[Name]:Is it good to play? Exploring the voluntary use of a mobile game application in learning accounting;[Author_1]:Hebattallah Aboulmaaty;[Uni_1]:ESSCA School of Management;[Author_2]:Nermeen Shehata;[Uni_2]:American University in Cairo;[Author_3]:;[Uni_3]:;[Author_4]:;[Uni_4]:;[Author_5]:;[Uni_5]:  
[Category]:Accounting Education;[Name]:Engaging Generation Z in introductory accounting: survey evidence on learner-generated digital media and the talent pipeline;[Author_1]:Monica Kabutey;[Uni_1]:California State University, Long Beach;[Author_2]:Sudha Krishnan;[Uni_2]:California State University, Long Beach;[Author_3]:Ping Lin;[Uni_3]:California State University, Long Beach;[Author_4]:Jiarui (Iris) Zhang;[Uni_4]:California State University, Long Beach;[Author_5]:;[Uni_5]:"
17,17.0,"18
Financial Analysis
Wednesday, May 27, 15:00-16:30
FA – Financial Analysis
Wednesday, May 27, 15:00-16:30
FA PSD03 room SB 225
. . . . . . . . . . . . . . . . . . . . . . . . . . . . . . chaired by: Zongyuan Li (University of Galway)
1. Third-party provision of carbon emission data and ESG ratings: evidence from climate TRACE
Igor Kadach (IESE Business School)P
Minjae Koo (Korea University Business School)
Grace Li (University of Rochester)
Meiling Zhao (The Chinese University of Hong Kong)
Discussant: Maria T. Tascon (Universidad de Leon)
2. Signaling the green light – green M&As, environmental materiality, and investor reactions
Jan Bauer (University of Göttingen)
Yannik Gehrke (University of Hamburg)P
Jan Hennig (University of Groningen)
Michael Wolff (University of Göttingen)
Discussant: Maryna Gulenko (Bielefeld University)
3. Lighting the green: the role of green bond sections in the European market
Maryna Gulenko (Bielefeld University)P
Pia Stoczek (Paderborn University)
Discussant: Yuqi Han (Wenzhou-Kean University)
FA PSD06 room SB 227
chaired by: Olga Chara Pavlopoulou (Athens University of Economics and Business)
1. Analysts’ capital expenditure forecasts and bank debt contracting
Kristian Allee (University of Arkansas)
Seraina Anagnostopoulou (University of Piraeus)P
Kamran Malikov (University of Essex)
Discussant: Alina Pugacheva (Maastricht University)
2. The dynamic real effects of loan-loss provisioning methods on lending
Xiao Liu (Southern Methodist University)P
Discussant: Martien Lubberink (Victoria University of Wellington)
3. Social connectedness and the cost of bank loans
Christofer Adrian (Monash University)P
Cameron Truong (Monash University)
Qinfang Li (Monash University)
Hui Guo (Xi’an Jiaotong-Liverpool University)
Discussant: Xiao Liu (Southern Methodist University)
FA PS23 room SB 228
. . . . . . . . . . . . . . . . chaired by: Pradyot (P.K.) Sen (University of Washington Bothell)
1. Are disclosed merger synergies realized?
Roberto Vincenzi (Bocconi University)P
Xuanheng Huang (Bocconi University)
2. The role of earnings quality in addressing the acquisition premium puzzle for private equity funds
Jung Yeun (June) Kim (Rutgers University)P
Nan Zhou (Lindner College of Business, University of Cincinnati)
Linna Shi (University of Cincinnati)
3. Business model change and cash flow forecast accuracy
Stephan Kaiser (Paderborn University)P","[Category]:Financial Analysis;[Name]:Third-party provision of carbon emission data and ESG ratings: evidence from climate TRACE;[Author_1]:Igor Kadach;[Uni_1]:IESE Business School;[Author_2]:Minjae Koo;[Uni_2]:Korea University Business School;[Author_3]:Grace Li;[Uni_3]:University of Rochester;[Author_4]:Meiling Zhao;[Uni_4]:The Chinese University of Hong Kong  
[Category]:Financial Analysis;[Name]:Signaling the green light – green M&As, environmental materiality, and investor reactions;[Author_1]:Jan Bauer;[Uni_1]:University of Göttingen;[Author_2]:Yannik Gehrke;[Uni_2]:University of Hamburg;[Author_3]:Jan Hennig;[Uni_3]:University of Groningen;[Author_4]:Michael Wolff;[Uni_4]:University of Göttingen  
[Category]:Financial Analysis;[Name]:Lighting the green: the role of green bond sections in the European market;[Author_1]:Maryna Gulenko;[Uni_1]:Bielefeld University;[Author_2]:Pia Stoczek;[Uni_2]:Paderborn University  
[Category]:Financial Analysis;[Name]:Analysts’ capital expenditure forecasts and bank debt contracting;[Author_1]:Kristian Allee;[Uni_1]:University of Arkansas;[Author_2]:Seraina Anagnostopoulou;[Uni_2]:University of Piraeus;[Author_3]:Kamran Malikov;[Uni_3]:University of Essex  
[Category]:Financial Analysis;[Name]:The dynamic real effects of loan-loss provisioning methods on lending;[Author_1]:Xiao Liu;[Uni_1]:Southern Methodist University  
[Category]:Financial Analysis;[Name]:Social connectedness and the cost of bank loans;[Author_1]:Christofer Adrian;[Uni_1]:Monash University;[Author_2]:Cameron Truong;[Uni_2]:Monash University;[Author_3]:Qinfang Li;[Uni_3]:Monash University;[Author_4]:Hui Guo;[Uni_4]:Xi’an Jiaotong-Liverpool University  
[Category]:Financial Analysis;[Name]:Are disclosed merger synergies realized?;[Author_1]:Roberto Vincenzi;[Uni_1]:Bocconi University;[Author_2]:Xuanheng Huang;[Uni_2]:Bocconi University  
[Category]:Financial Analysis;[Name]:The role of earnings quality in addressing the acquisition premium puzzle for private equity funds;[Author_1]:Jung Yeun (June) Kim;[Uni_1]:Rutgers University;[Author_2]:Nan Zhou;[Uni_2]:Lindner College of Business, University of Cincinnati;[Author_3]:Linna Shi;[Uni_3]:University of Cincinnati  
[Category]:Financial Analysis;[Name]:Business model change and cash flow forecast accuracy;[Author_1]:Stephan Kaiser;[Uni_1]:Paderborn University"
18,18.0,"Financial Analysis
Wednesday, May 27, 17:00-18:30
19
Wednesday, May 27, 17:00-18:30
FA PSD07 room SB 225
. . . . . . . . . . . . chaired by: Richard M Crowley (Singapore Management University)
1. What do reorganization plans reveal about post-bankruptcy outcomes?
Wolfgang Breuer (RWTH Aachen University)
Andreas Knetsch (RWTH Aachen University)P
Katharina Mersmann (RWTH Aachen University)
Discussant: Derrald Stice (The University of Hong Kong)
2. Dirty hands, clean slates? Public corruption and the fate of bankrupt firms
Andreas Charitou (University of Cyprus)
Nikolaos Kalyvas (Kent Business School)
Dimitrios Ntounis (University of Southampton)P
Discussant: Simon Wolf (Humboldt University of Berlin)
3. Political lobbying and debt contracting: consequences of borrowers and lenders lobbying the same
legislator
Derrald Stice (The University of Hong Kong)P
Junqiang Ke (Central University of Finance And Economics)
Zhiming Ma (Peking University)
Lufei Ruan (San Francisco State University)
Yunxiao Xu (Peking University)
Discussant: Zongyuan Li (University of Galway)
FA PSD10 room SB 227
. . chaired by: Muhabie Mekonnen Mengistu (University of Wollongong in Dubai)
1. Generative AI for analysts
Qian Zhang (Xiamen University)P
Jian Xue (Tsinghua University)
Wu Zhu (Tsinghua University)
Discussant: Francesco Grossetti (Bocconi University)
2. Sell-side analysts’ rating systems
Tzachi Zach (Ohio State University)P
Rong Wang (Singapore Management University)
Leonardo Madureira (Case Western Reserve University)
Ohad Kadan (Arizona State University)
Discussant: Qian Zhang (Xiamen University)
3. Chasing ‘star analyst’: the strategic shift in optimism
Yuqi Han (Wenzhou-Kean University)P
Chi Zhang (University of Massachusetts Lowell)
Chi Zhang (University of Massachusetts Lowell)
Discussant: Tzachi Zach (Ohio State University)
FA PS12 room SB 228
. . . . . . . . . . . . . . . . . . . . . . . . . . . . . . . . . . chaired by: Siyang Tian (University of Sussex)
1. Information processing uncertainty and information rigidity
Yawen Qiu (Shanghai University of Finance and Economics)P
2. Industry externalities of activist short-selling: auditor propensity to issue going concern opinions
Matteo Merlo (Erasmus University Rotterdam)P
3. Short interest and earnings predictability
Chunchi Wu (University at Buffalo)
Shu-Ling Wu (National Taiwan University)P
Wenhan Yang (Zhejiang Gongshang University)","[Category]:Financial Analysis;[Name]:What do reorganization plans reveal about post-bankruptcy outcomes?;[Author_1]:Wolfgang Breuer;[Uni_1]:RWTH Aachen University;[Author_2]:Andreas Knetsch;[Uni_2]:RWTH Aachen University;[Author_3]:Katharina Mersmann;[Uni_3]:RWTH Aachen University  
[Category]:Financial Analysis;[Name]:Dirty hands, clean slates? Public corruption and the fate of bankrupt firms;[Author_1]:Andreas Charitou;[Uni_1]:University of Cyprus;[Author_2]:Nikolaos Kalyvas;[Uni_2]:Kent Business School;[Author_3]:Dimitrios Ntounis;[Uni_3]:University of Southampton  
[Category]:Financial Analysis;[Name]:Political lobbying and debt contracting: consequences of borrowers and lenders lobbying the same legislator;[Author_1]:Derrald Stice;[Uni_1]:The University of Hong Kong;[Author_2]:Junqiang Ke;[Uni_2]:Central University of Finance And Economics;[Author_3]:Zhiming Ma;[Uni_3]:Peking University;[Author_4]:Lufei Ruan;[Uni_4]:San Francisco State University;[Author_5]:Yunxiao Xu;[Uni_5]:Peking University  
[Category]:Financial Analysis;[Name]:Generative AI for analysts;[Author_1]:Qian Zhang;[Uni_1]:Xiamen University;[Author_2]:Jian Xue;[Uni_2]:Tsinghua University;[Author_3]:Wu Zhu;[Uni_3]:Tsinghua University  
[Category]:Financial Analysis;[Name]:Sell-side analysts’ rating systems;[Author_1]:Tzachi Zach;[Uni_1]:Ohio State University;[Author_2]:Rong Wang;[Uni_2]:Singapore Management University;[Author_3]:Leonardo Madureira;[Uni_3]:Case Western Reserve University;[Author_4]:Ohad Kadan;[Uni_4]:Arizona State University  
[Category]:Financial Analysis;[Name]:Chasing ‘star analyst’: the strategic shift in optimism;[Author_1]:Yuqi Han;[Uni_1]:Wenzhou-Kean University;[Author_2]:Chi Zhang;[Uni_2]:University of Massachusetts Lowell;[Author_3]:Chi Zhang;[Uni_3]:University of Massachusetts Lowell  
[Category]:Financial Analysis;[Name]:Information processing uncertainty and information rigidity;[Author_1]:Yawen Qiu;[Uni_1]:Shanghai University of Finance and Economics  
[Category]:Financial Analysis;[Name]:Industry externalities of activist short-selling: auditor propensity to issue going concern opinions;[Author_1]:Matteo Merlo;[Uni_1]:Erasmus University Rotterdam  
[Category]:Financial Analysis;[Name]:Short interest and earnings predictability;[Author_1]:Chunchi Wu;[Uni_1]:University at Buffalo;[Author_2]:Shu-Ling Wu;[Uni_2]:National Taiwan University;[Author_3]:Wenhan Yang;[Uni_3]:Zhejiang Gongshang University"
19,19.0,"20
Financial Analysis
Thursday, May 28, 09:00-10:30
Thursday, May 28, 09:00-10:30
FA PSD09 room RB 213
. . . . . . . . . . . . . . . . . . . . . . . . . . . . . . . chaired by: Atul Rai (Wichita State University)
1. Retail investors’ asymmetric reaction to ESG controversies
Isabel van de Graaf (Vrije Universiteit Brussel)P
Kris Boudt (Vrije Universiteit Brussel)
Marie-Laure Vandenhaute (Vrije Universiteit Brussel)
Discussant: Adriano Salerno (Bocconi University)
2. Quantitative research on main street: evidence from seeking alpha
Stanimir Markov (University of Texas at Dallas)P
Jame Russell (University of Kentucku)
Yuling Guo (University of Kentucky)
Discussant: Duo (Selina) Pei (Warwick University)
3. Stock screeners and managers’ voluntary disclosure: evidence from retail dividend investors
Adriano Salerno (Bocconi University)P
Discussant: Yike Wang (HEC Paris)
FA PS02 room SB 225
. . . . . . . . . . . . . . . . . . . . . . . . . . . . . . chaired by: Maria T. Tascon (Universidad de Leon)
1. The power of focus: how inventor-base concentration drives firm performance?
Jin Wang (Wilfrid Laurier University)P
2. Do analysts value green innovation? – evidence from the U.S. patent ”lottery”
Yujing Ma (The Hong Kong Polytechnic University)P
3. Capital market reactions to green versus brown similar technological innovation potential in takeovers
Maximilian Golsong (Friedrich-Alexander-Universität Erlangen-Nürnberg)P
Friedrich Sommer (Friedrich-Alexander-Universität Erlangen-Nürnberg)
FA PS17 room SB 227
. . . . . . . . . . . . . . . . . . . . . . . . . . chaired by: Bharat Sarrukai Sarath (Rutgers University)
1. Forecasting long run earnings growth for global asset allocation
Yingtong Dai (University of Bristol)P
Richard Harris (University of Bristol)
Isaac Randall (Randalls Wealth Management)
Yi Zhang (University of Bristol)
2. Disagreement and dispersion: the role of implied cost of capital uncertainty in market returns
Jan Klose (University of Hannover)P
Brian von Knoblauch (University of Hannover)
3. Internal controls and newly public firms
Narayanan Venkatraman (University of North Carolina at Charlotte)P
Al Ghosh (University of North Carolina at Charlotte)
FA PS20 room SB 228
. . . . . . . . . . . . . . . . . . . . . . . . . . . . . . . . . . . . chaired by: Shuo Yan (Zhejiang University)
1. The information value of US-listed foreign firms’ earnings announcements
Elizabeth Demers (University of Waterloo)P
Stella Chen (University of Waterloo)
2. Compare the impact of Chinese and western values on corporate financial distress—evidence from Chinese
list company
Jingwen Fan (Northwestern Polytechnical University)P
Aolin Leng (Northwestern Polytechnical University)","[Category]:Financial Analysis;[Name]:Retail investors’ asymmetric reaction to ESG controversies;[Author_1]:Isabel van de Graaf;[Uni_1]:Vrije Universiteit Brussel;[Author_2]:Kris Boudt;[Uni_2]:Vrije Universiteit Brussel;[Author_3]:Marie-Laure Vandenhaute;[Uni_3]:Vrije Universiteit Brussel  
[Category]:Financial Analysis;[Name]:Quantitative research on main street: evidence from seeking alpha;[Author_1]:Stanimir Markov;[Uni_1]:University of Texas at Dallas;[Author_2]:Jame Russell;[Uni_2]:University of Kentucky;[Author_3]:Yuling Guo;[Uni_3]:University of Kentucky  
[Category]:Financial Analysis;[Name]:Stock screeners and managers’ voluntary disclosure: evidence from retail dividend investors;[Author_1]:Adriano Salerno;[Uni_1]:Bocconi University  
[Category]:Financial Analysis;[Name]:The power of focus: how inventor-base concentration drives firm performance?;[Author_1]:Jin Wang;[Uni_1]:Wilfrid Laurier University  
[Category]:Financial Analysis;[Name]:Do analysts value green innovation? – evidence from the U.S. patent ”lottery”;[Author_1]:Yujing Ma;[Uni_1]:The Hong Kong Polytechnic University  
[Category]:Financial Analysis;[Name]:Capital market reactions to green versus brown similar technological innovation potential in takeovers;[Author_1]:Maximilian Golsong;[Uni_1]:Friedrich-Alexander-Universität Erlangen-Nürnberg;[Author_2]:Friedrich Sommer;[Uni_2]:Friedrich-Alexander-Universität Erlangen-Nürnberg  
[Category]:Financial Analysis;[Name]:Forecasting long run earnings growth for global asset allocation;[Author_1]:Yingtong Dai;[Uni_1]:University of Bristol;[Author_2]:Richard Harris;[Uni_2]:University of Bristol;[Author_3]:Isaac Randall;[Uni_3]:Randalls Wealth Management;[Author_4]:Yi Zhang;[Uni_4]:University of Bristol  
[Category]:Financial Analysis;[Name]:Disagreement and dispersion: the role of implied cost of capital uncertainty in market returns;[Author_1]:Jan Klose;[Uni_1]:University of Hannover;[Author_2]:Brian von Knoblauch;[Uni_2]:University of Hannover  
[Category]:Financial Analysis;[Name]:Internal controls and newly public firms;[Author_1]:Narayanan Venkatraman;[Uni_1]:University of North Carolina at Charlotte;[Author_2]:Al Ghosh;[Uni_2]:University of North Carolina at Charlotte  
[Category]:Financial Analysis;[Name]:The information value of US-listed foreign firms’ earnings announcements;[Author_1]:Elizabeth Demers;[Uni_1]:University of Waterloo;[Author_2]:Stella Chen;[Uni_2]:University of Waterloo  
[Category]:Financial Analysis;[Name]:Compare the impact of Chinese and western values on corporate financial distress—evidence from Chinese list company;[Author_1]:Jingwen Fan;[Uni_1]:Northwestern Polytechnical University;[Author_2]:Aolin Leng;[Uni_2]:Northwestern Polytechnical University"
20,20.0,"Financial Analysis
Thursday, May 28, 11:00-12:30
21
3. Ideology meets politics: how expected presidential election outcomes influence insider trading by liberal
top managers?
Bo Gao (The University of Texas At El Paso)
Ling Lin Harris (University of Nebraska–Lincoln)P
Thursday, May 28, 11:00-12:30
FA PS05 room RB 213
. . . . . . . . . . . . . . . . . . . . . . . . . . . . . . chaired by: Shuo Wang (University of Edinburgh)
1. The effect of intraindustry information transfers on product market competition and voluntary disclosure
Margalit Samuel (SKEMA Business School)P
Shai Levi (Tel Aviv University)
Versano Tsahi (Tel Aviv University)
2. The changing influence of industry membership on corporate profitability
Dimitris Kanelis (Maastricht University)
Benjamin Noordermeer (Maastricht University)
Erik Peek (Erasmus University Rotterdam)
Patrick Vorst (Maastricht University)P
3. Industrial productivity, investment, and corporate performance expectations
Olga Chara Pavlopoulou (Athens University of Economics and Business)P
FA PS14 room SB 225
. . . . . . . . . . . chaired by: Neerav Nagar (Indian Institute of Management Ahmedabad)
1. Contrast effects and analyst forecasts
Hangyuan Shi (University of Glasgow)P
Michael (Minye) Tang (Florida International University)
2. Spillover effects of the EU sustainable finance disclosure regulation (SFDR) on U.S. open-end funds
April Klein (NYU Stern School of Business)P
Qishen Fu (NYU Stern School of Business)
Ziqing Wang (NYU Stern School of Business)
3. The establishment of environmental courts and corporate dividend policy: a cross-country study
Yuxiang Zhong (Huazhong University of Science and Technology)P
Yuan Huang (The Hong Kong Polytechnic University)
Yueying Yuan (Huazhong University of Science and Technology)
FA PS18 room SB 227
. . . . . . . . . . . . . . . . . . . . . . . . . . . . chaired by: Irene Karamanou (University of Cyprus)
1. Who speaks when the future is uncertain? The role of ownership
Lucia Pierini (Luiss University)P
Gianfranco Siciliano (China Europe International Business School)
Suresh Radhakrishnan (University of Texas at Dallas)
Belén Villalonga (NYU Stern School of Business)
2. Do stock index revisions impact credit markets? Evidence from the US corporate bond and CDS markets
Kai Chen (Wilfrid Laurier University)P
Ranjini Jha (University of Waterloo)
Madhu Kalimipalli (Wilfrid Laurier University)
3. The effect of share repurchase regulations on earnings management: international evidence
Ni-Yun Chen (National Sun Yat-sen University)P","[Category]:Financial Analysis;[Name]:Ideology meets politics: how expected presidential election outcomes influence insider trading by liberal top managers?;[Author_1]:Bo Gao;[Uni_1]:The University of Texas At El Paso;[Author_2]:Ling Lin Harris;[Uni_2]:University of Nebraska–Lincoln  
[Category]:Financial Analysis;[Name]:The effect of intraindustry information transfers on product market competition and voluntary disclosure;[Author_1]:Margalit Samuel;[Uni_1]:SKEMA Business School;[Author_2]:Shai Levi;[Uni_2]:Tel Aviv University;[Author_3]:Versano Tsahi;[Uni_3]:Tel Aviv University  
[Category]:Financial Analysis;[Name]:The changing influence of industry membership on corporate profitability;[Author_1]:Dimitris Kanelis;[Uni_1]:Maastricht University;[Author_2]:Benjamin Noordermeer;[Uni_2]:Maastricht University;[Author_3]:Erik Peek;[Uni_3]:Erasmus University Rotterdam;[Author_4]:Patrick Vorst;[Uni_4]:Maastricht University  
[Category]:Financial Analysis;[Name]:Industrial productivity, investment, and corporate performance expectations;[Author_1]:Olga Chara Pavlopoulou;[Uni_1]:Athens University of Economics and Business  
[Category]:Financial Analysis;[Name]:Contrast effects and analyst forecasts;[Author_1]:Hangyuan Shi;[Uni_1]:University of Glasgow;[Author_2]:Michael (Minye) Tang;[Uni_2]:Florida International University  
[Category]:Financial Analysis;[Name]:Spillover effects of the EU sustainable finance disclosure regulation (SFDR) on U.S. open-end funds;[Author_1]:April Klein;[Uni_1]:NYU Stern School of Business;[Author_2]:Qishen Fu;[Uni_2]:NYU Stern School of Business;[Author_3]:Ziqing Wang;[Uni_3]:NYU Stern School of Business  
[Category]:Financial Analysis;[Name]:The establishment of environmental courts and corporate dividend policy: a cross-country study;[Author_1]:Yuxiang Zhong;[Uni_1]:Huazhong University of Science and Technology;[Author_2]:Yuan Huang;[Uni_2]:The Hong Kong Polytechnic University;[Author_3]:Yueying Yuan;[Uni_3]:Huazhong University of Science and Technology  
[Category]:Financial Analysis;[Name]:Who speaks when the future is uncertain? The role of ownership;[Author_1]:Lucia Pierini;[Uni_1]:Luiss University;[Author_2]:Gianfranco Siciliano;[Uni_2]:China Europe International Business School;[Author_3]:Suresh Radhakrishnan;[Uni_3]:University of Texas at Dallas;[Author_4]:Belén Villalonga;[Uni_4]:NYU Stern School of Business  
[Category]:Financial Analysis;[Name]:Do stock index revisions impact credit markets? Evidence from the US corporate bond and CDS markets;[Author_1]:Kai Chen;[Uni_1]:Wilfrid Laurier University;[Author_2]:Ranjini Jha;[Uni_2]:University of Waterloo;[Author_3]:Madhu Kalimipalli;[Uni_3]:Wilfrid Laurier University  
[Category]:Financial Analysis;[Name]:The effect of share repurchase regulations on earnings management: international evidence;[Author_1]:Ni-Yun Chen;[Uni_1]:National Sun Yat-sen University"
21,21.0,"22
Financial Analysis
Thursday, May 28, 14:00-15:30
FA PS22 room SB 228
. . . . . . . . . . . . . . . . . . . . . . . . . . . . . . . . chaired by: Fangming Xu (University of Bristol)
1. Formal and informal language in earnings conference calls
Mengyang Guo (The University of British Columbia)
Kin Lo (The University of British Columbia)P
2. Earnings-call Q&A dynamics and market consequences in analyst–CEO interactions
Javad Rajabalizadeh (University of Turku)P
Hannu Schadewitz (Turku School of Economics, University of Turku)
3. Strategic communication of bad news: AI-measured tone, disclosure channels, and investor reactions to
earnings downgrades
Han Donker (Central Washington University)P
Yurim Lee (Central Washington University)
John Nofsinger (University of Alaska Anchorage)
Laurel Orr (Alation)
Thursday, May 28, 14:00-15:30
FA PSD02 room RB 213
. . . . . . . . . . . . . . . . . . chaired by: Ferdinand Elfers (Erasmus University Rotterdam)
1. The virtual pivot: adaptive investor relations in the face of disruption
Nayana Reiter (University of Toronto)P
Andrea Down (University of Toronto)
Aida Wahid (University of Toronto)
Discussant: Sarah Kroechert (University of Cambridge)
2. The private information in public debt contracts
Isabella Brancaccio (Bocconi University)P
Francesco Grossetti (Bocconi University)
Paul Demere (Bocconi University)
Discussant: Sehwa Kim (Columbia University)
FA PSD04 room SB 225
. . . . . . . . . . . . . . . . . . . . . . . . . . . chaired by: Alessandro Gabrielli (University of Pisa)
1. Tax receivable agreements: implications for post-IPO firm behavior
Derin Yilmazatilla (INSEAD)P
Discussant: Andreas Charitou (University of Cyprus)
2. Benevolent blunder: the (unintended) financial effects of IPO hasty investment
Siyang Tian (University of Sussex)P
Discussant: Derin Yilmazatilla (INSEAD)
3. Is the whole greater than the sum of its parts? Underpricing and long-run IPO performance
Andreas Charitou (University of Cyprus)P
Irene Karamanou (University of Cyprus)
Gerald Lobo (University of Houston)
George Loizides (University of Cyprus)
Discussant: Fangming Xu (University of Bristol)
FA PSD08 room SB 227
. . . . . . . . . . . . . . . . . . . . . . . . . chaired by: Elisabetta Mafrolla (University of Foggia)
1. The price of a toast: social norms, fiduciary duty, and M&A premium decisions in China
Yugang Chen (Sun Yat-Sen University)P
Discussant: Dimitrios Ntounis (University of Southampton)","[Category]:Financial Analysis;[Name]:Formal and informal language in earnings conference calls;[Author_1]:Mengyang Guo;[Uni_1]:The University of British Columbia;[Author_2]:Kin Lo;[Uni_2]:The University of British Columbia;[Author_3]:;[Uni_3]:;[Author_4]:;[Uni_4]:;[Author_5]:;[Uni_5]:  
[Category]:Financial Analysis;[Name]:Earnings-call Q&A dynamics and market consequences in analyst–CEO interactions;[Author_1]:Javad Rajabalizadeh;[Uni_1]:University of Turku;[Author_2]:Hannu Schadewitz;[Uni_2]:Turku School of Economics, University of Turku;[Author_3]:;[Uni_3]:;[Author_4]:;[Uni_4]:;[Author_5]:;[Uni_5]:  
[Category]:Financial Analysis;[Name]:Strategic communication of bad news: AI-measured tone, disclosure channels, and investor reactions to earnings downgrades;[Author_1]:Han Donker;[Uni_1]:Central Washington University;[Author_2]:Yurim Lee;[Uni_2]:Central Washington University;[Author_3]:John Nofsinger;[Uni_3]:University of Alaska Anchorage;[Author_4]:Laurel Orr;[Uni_4]:Alation;[Author_5]:;[Uni_5]:  
[Category]:Financial Analysis;[Name]:The virtual pivot: adaptive investor relations in the face of disruption;[Author_1]:Nayana Reiter;[Uni_1]:University of Toronto;[Author_2]:Andrea Down;[Uni_2]:University of Toronto;[Author_3]:Aida Wahid;[Uni_3]:University of Toronto;[Author_4]:;[Uni_4]:;[Author_5]:;[Uni_5]:  
[Category]:Financial Analysis;[Name]:The private information in public debt contracts;[Author_1]:Isabella Brancaccio;[Uni_1]:Bocconi University;[Author_2]:Francesco Grossetti;[Uni_2]:Bocconi University;[Author_3]:Paul Demere;[Uni_3]:Bocconi University;[Author_4]:;[Uni_4]:;[Author_5]:;[Uni_5]:  
[Category]:Financial Analysis;[Name]:Tax receivable agreements: implications for post-IPO firm behavior;[Author_1]:Derin Yilmazatilla;[Uni_1]:INSEAD;[Author_2]:;[Uni_2]:;[Author_3]:;[Uni_3]:;[Author_4]:;[Uni_4]:;[Author_5]:;[Uni_5]:  
[Category]:Financial Analysis;[Name]:Benevolent blunder: the (unintended) financial effects of IPO hasty investment;[Author_1]:Siyang Tian;[Uni_1]:University of Sussex;[Author_2]:;[Uni_2]:;[Author_3]:;[Uni_3]:;[Author_4]:;[Uni_4]:;[Author_5]:;[Uni_5]:  
[Category]:Financial Analysis;[Name]:Is the whole greater than the sum of its parts? Underpricing and long-run IPO performance;[Author_1]:Andreas Charitou;[Uni_1]:University of Cyprus;[Author_2]:Irene Karamanou;[Uni_2]:University of Cyprus;[Author_3]:Gerald Lobo;[Uni_3]:University of Houston;[Author_4]:George Loizides;[Uni_4]:University of Cyprus;[Author_5]:;[Uni_5]:  
[Category]:Financial Analysis;[Name]:The price of a toast: social norms, fiduciary duty, and M&A premium decisions in China;[Author_1]:Yugang Chen;[Uni_1]:Sun Yat-Sen University;[Author_2]:;[Uni_2]:;[Author_3]:;[Uni_3]:;[Author_4]:;[Uni_4]:;[Author_5]:;[Uni_5]:"
22,22.0,"Financial Analysis
Thursday, May 28, 16:00-17:30
23
2. Dividend signaling and local religiosity: the role of risk attitudes
Carmen Aranda (University of Navarra)P
David Echeverry (Universidad de Navarra)
Luiz Kabbach (Kelley School of Business Indianapolis)
Andrés Mesa Toro (Universidad de Navarra)
Discussant: Yugang Chen (Sun Yat-Sen University)
3. The impact of regulatory change on hedge fund performance
Fan Yang (Prague University of Economics and Business)P
Discussant: Yujing Gong (University of Liverpool)
FA PS01 room SB 228
. . . . . . . . . . . . . . . . . . . . . . . . chaired by: Olga Golubeva (Stockholm Business School)
1. Familiar partners, better forecasts? Analyst forecasts in repeated co-patent partnerships
Caroline Lee (Hanyang University)P
Yuqi Han (Wenzhou-Kean University)
Zhongnan Xiang (Warwick University)
2. Beyond innovation: the impact of industry-university collaboration on firms’ cost of equity in China
Wenxin Liu (Beijing Normal University)
Wei Sun (China Agricultural University)
Huili Zhang (Beijing Normal University)
Jigao Zhu (Univ. of International Business & Economics)P
3. Innovation culture and the corporate life cycle: evidence from U.S. tech firms
Victorya Maria Gomes (Federal University of Santa Catarina)P
Robson Farias (Federal University of Santa Catarina)
Suliani Rover (Federal University of Santa Catarina)
Thursday, May 28, 16:00-17:30
FA PSD05 room RB 213
. . . . . . . . . . . . . . . . . . . . . . . . . . . . . . . . . chaired by: Edith Leung (Tilburg University)
1. Trade credit and SME productivity: evidence from China
Kerui Zhai (Deakin University)P
Discussant: Caroline Thøisen Larsen (Copenhagen Business School)
2. Dissemination of information by small caps
Dennis Böing (Paderborn University)P
Urska Kosi (Paderborn University)
Discussant: Matteo Merlo (Erasmus University Rotterdam)
3. Supply chain common institutional ownership and suppliers’ cost stickiness: evidence from China
Chen Hua (Southwestern University of Finance and Economics)P
Jian Huang (Southwestern University of Finance and Economics)
Yumin Li (Nanjing University of Science And Technology)
Lei Zhu (Zhongnan University of Economics and Law)
Discussant: Xuanheng Huang (Bocconi University)
FA PS10 room SB 225
. . . . . . . . . . . . . . . . . . . . . . . . . . . . . chaired by: Jessica Kim-Gina (Chapman University)
1. Index investing and disclosure: evidence from investor events
Lars Knorren (Tilburg University)P
2. Stock trading by U.S. individual investors: evidence from administrative tax data
Edward Maydew (University of North Carolina at Chapel Hill)P
Armstrong Daphne (University of Michigan)
Jeffrey Hoopes (University of North Carolina at Chapel Hill)","[Category]:Financial Analysis;[Name]:Dividend signaling and local religiosity: the role of risk attitudes;[Author_1]:Carmen Aranda;[Uni_1]:University of Navarra;[Author_2]:David Echeverry;[Uni_2]:Universidad de Navarra;[Author_3]:Luiz Kabbach;[Uni_3]:Kelley School of Business Indianapolis;[Author_4]:Andrés Mesa Toro;[Uni_4]:Universidad de Navarra  
[Category]:Financial Analysis;[Name]:The impact of regulatory change on hedge fund performance;[Author_1]:Fan Yang;[Uni_1]:Prague University of Economics and Business  
[Category]:Financial Analysis;[Name]:Familiar partners, better forecasts? Analyst forecasts in repeated co-patent partnerships;[Author_1]:Caroline Lee;[Uni_1]:Hanyang University;[Author_2]:Yuqi Han;[Uni_2]:Wenzhou-Kean University;[Author_3]:Zhongnan Xiang;[Uni_3]:Warwick University  
[Category]:Financial Analysis;[Name]:Beyond innovation: the impact of industry-university collaboration on firms’ cost of equity in China;[Author_1]:Wenxin Liu;[Uni_1]:Beijing Normal University;[Author_2]:Wei Sun;[Uni_2]:China Agricultural University;[Author_3]:Huili Zhang;[Uni_3]:Beijing Normal University;[Author_4]:Jigao Zhu;[Uni_4]:Univ. of International Business & Economics  
[Category]:Financial Analysis;[Name]:Innovation culture and the corporate life cycle: evidence from U.S. tech firms;[Author_1]:Victorya Maria Gomes;[Uni_1]:Federal University of Santa Catarina;[Author_2]:Robson Farias;[Uni_2]:Federal University of Santa Catarina;[Author_3]:Suliani Rover;[Uni_3]:Federal University of Santa Catarina  
[Category]:Financial Analysis;[Name]:Trade credit and SME productivity: evidence from China;[Author_1]:Kerui Zhai;[Uni_1]:Deakin University  
[Category]:Financial Analysis;[Name]:Dissemination of information by small caps;[Author_1]:Dennis Böing;[Uni_1]:Paderborn University;[Author_2]:Urska Kosi;[Uni_2]:Paderborn University  
[Category]:Financial Analysis;[Name]:Supply chain common institutional ownership and suppliers’ cost stickiness: evidence from China;[Author_1]:Chen Hua;[Uni_1]:Southwestern University of Finance and Economics;[Author_2]:Jian Huang;[Uni_2]:Southwestern University of Finance and Economics;[Author_3]:Yumin Li;[Uni_3]:Nanjing University of Science And Technology;[Author_4]:Lei Zhu;[Uni_4]:Zhongnan University of Economics and Law  
[Category]:Financial Analysis;[Name]:Index investing and disclosure: evidence from investor events;[Author_1]:Lars Knorren;[Uni_1]:Tilburg University  
[Category]:Financial Analysis;[Name]:Stock trading by U.S. individual investors: evidence from administrative tax data;[Author_1]:Edward Maydew;[Uni_1]:University of North Carolina at Chapel Hill;[Author_2]:Armstrong Daphne;[Uni_2]:University of Michigan;[Author_3]:Jeffrey Hoopes;[Uni_3]:University of North Carolina at Chapel Hill"
23,23.0,"24
Financial Analysis
Thursday, May 28, 16:00-17:30
3. Limited attention and retail investor participation: insights from same-day earnings announcements
Ying Lu (Xi’an Jiaotong University)P
Junrui Zhang (Xi’an Jiaotong University)
FA PS11 room SB 227
. . . . . . . . . . . . . . . chaired by: Martien Lubberink (Victoria University of Wellington)
1. When whispers hold weight: the credibility of bad vs. good rumors
Lei Chen (Southwestern University of Finance and Economics)
Xinlu Wang (Jinan University)P
Bohui Zhang (Chinese University of Hong Kong, Shenzhen)
2. Tone dissonance across corporate disclosures and future business strategies
Shuo Feng (Southwestern University of Finance and Economics)P
Bharat Sarath (Rutgers University)
3. The sound of disclosure: CEO vocal emotions, bad news hoarding, and stock price crash risk
Tien-Shih Hsieh (University of Massachusetts Dartmouth)P
Zhihong Wang (Clark University)
Jeong-Bon Kim (Simon Fraser University)
FA PS13 room SB 228
. . . . . . . . . . . . . . . . . . . . . . . . . . . . . . . . chaired by: Sebastian Fleer (University of Basel)
1. As a role model: does government endorsement affect analyst forecast accuracy?
Junmin Hu (Xi’an Jiaotong University)P
Wang Fangjun (Xi’an Jiaotong University)
2. U.S. sanctions and firm offshore activities: a firm-country analysis
Ling Tuo (Old Dominion University)
Weiwei Wang (Weber State University)P
Joseph Zhang (Bowling Green State University)
3. Government debt, government ownership, and corporate cash dividends
Jing Lin (Southwestern University of Finance and Economics)
Yuetong Lu (Southwestern University of Finance and Economics)
Mingshan Zhou (Zhongnan University of Economics and Law)
Yunbi An (University of Windsor)P
FA PS21 room RB 203
. . . . . . . . . . . . . . . . . . . . . . chaired by: Han A Donker (Central Washington University)
1. Supplier disclosures and customer performance
Pietro Bianchi Fedrigoni (Bocconi University)P
Jake Krupa (Tulane University)
Dhananjay Nanda (University of Miami)
2. Corporate culture and insider trading profitability
Mabel D Costa (Durham University)
Ahsan Habib (Massey University)
Terry Harris (Durham University)P
Dinithi Ranasinghe (University of Otago)
Eric Tan (University of Queensland)
3. Suppliers’ innovation activity and customers’ operating efficiency
Yi-Hsing Liao (Chung Yuan Christian University)
Teng-Sheng Sang (Chung Yuan Christian University)P","[Category]:Financial Analysis;[Name]:3. Limited attention and retail investor participation: insights from same-day earnings announcements;[Author_1]:Ying Lu;[Uni_1]:Xi’an Jiaotong University;[Author_2]:Junrui Zhang;[Uni_2]:Xi’an Jiaotong University  
[Category]:Financial Analysis;[Name]:1. When whispers hold weight: the credibility of bad vs. good rumors;[Author_1]:Lei Chen;[Uni_1]:Southwestern University of Finance and Economics;[Author_2]:Xinlu Wang;[Uni_2]:Jinan University;[Author_3]:Bohui Zhang;[Uni_3]:Chinese University of Hong Kong, Shenzhen  
[Category]:Financial Analysis;[Name]:2. Tone dissonance across corporate disclosures and future business strategies;[Author_1]:Shuo Feng;[Uni_1]:Southwestern University of Finance and Economics;[Author_2]:Bharat Sarath;[Uni_2]:Rutgers University  
[Category]:Financial Analysis;[Name]:3. The sound of disclosure: CEO vocal emotions, bad news hoarding, and stock price crash risk;[Author_1]:Tien-Shih Hsieh;[Uni_1]:University of Massachusetts Dartmouth;[Author_2]:Zhihong Wang;[Uni_2]:Clark University;[Author_3]:Jeong-Bon Kim;[Uni_3]:Simon Fraser University  
[Category]:Financial Analysis;[Name]:1. As a role model: does government endorsement affect analyst forecast accuracy?;[Author_1]:Junmin Hu;[Uni_1]:Xi’an Jiaotong University;[Author_2]:Wang Fangjun;[Uni_2]:Xi’an Jiaotong University  
[Category]:Financial Analysis;[Name]:2. U.S. sanctions and firm offshore activities: a firm-country analysis;[Author_1]:Ling Tuo;[Uni_1]:Old Dominion University;[Author_2]:Weiwei Wang;[Uni_2]:Weber State University;[Author_3]:Joseph Zhang;[Uni_3]:Bowling Green State University  
[Category]:Financial Analysis;[Name]:3. Government debt, government ownership, and corporate cash dividends;[Author_1]:Jing Lin;[Uni_1]:Southwestern University of Finance and Economics;[Author_2]:Yuetong Lu;[Uni_2]:Southwestern University of Finance and Economics;[Author_3]:Mingshan Zhou;[Uni_3]:Zhongnan University of Economics and Law;[Author_4]:Yunbi An;[Uni_4]:University of Windsor  
[Category]:Financial Analysis;[Name]:1. Supplier disclosures and customer performance;[Author_1]:Pietro Bianchi Fedrigoni;[Uni_1]:Bocconi University;[Author_2]:Jake Krupa;[Uni_2]:Tulane University;[Author_3]:Dhananjay Nanda;[Uni_3]:University of Miami  
[Category]:Financial Analysis;[Name]:2. Corporate culture and insider trading profitability;[Author_1]:Mabel D Costa;[Uni_1]:Durham University;[Author_2]:Ahsan Habib;[Uni_2]:Massey University;[Author_3]:Terry Harris;[Uni_3]:Durham University;[Author_4]:Dinithi Ranasinghe;[Uni_4]:University of Otago;[Author_5]:Eric Tan;[Uni_5]:University of Queensland  
[Category]:Financial Analysis;[Name]:3. Suppliers’ innovation activity and customers’ operating efficiency;[Author_1]:Yi-Hsing Liao;[Uni_1]:Chung Yuan Christian University;[Author_2]:Teng-Sheng Sang;[Uni_2]:Chung Yuan Christian University"
24,24.0,"Financial Analysis
Friday, May 29, 09:00-10:30
25
Friday, May 29, 09:00-10:30
FA PSD11 room SB 225
. . . . . . . . . . . . . . . . . . . . . . . . . . . . . chaired by: Nayana Reiter (University of Toronto)
1. When capital crosses borders, so does knowledge
Mengfan Liu (Vrije Universiteit Amsterdam)P
Zheng Wang (City University of Hong Kong)
Ray Zhang (Simon Fraser University)
Roni Michaely (The University of Hong Kong)
Discussant: Chen Hua (Southwestern University of Finance and Economics)
2. Attributes of earnings adjusted for intangibles capitalization
Aneel Iqbal (Arizona State University)P
Discussant: Patrick Vorst (Maastricht University)
3. Populism and cross-border M&A
Wenjie Ding (University of Bristol)
Tuan Ho (University of Bristol)
Fangming Xu (University of Bristol)P
Yunwen Zhou (University of Bristol)
Discussant: Siyang Tian (University of Sussex)
FA PS04 room SB 227
. . . . . . . . . . . . . . . . . . . . . . . . . . . . . . . chaired by: Takashi Yaekura (Waseda University)
1. Social media as a catalyst for market reactions: the impact of information facilitators in China
Fangzhuo Hou (Southern University of Science And Technology)
Albert Tsang (Southern University of Science And Technology)
Shuo Yan (Zhejiang University)P
2. Bridging divisions: third places and corporate information democratization
Young Jun Cho (Singapore Management University)P
Shuai Xu (Singapore Management University)
Holly Yang (Singapore Management University)
3. The role of social media analyst opinions in share repurchase decisions
Yirong Han (University of Bristol)P
Chris Brooks (University of Reading)
Liyi Zheng (University of Bristol)
FA PS07 room SB 228
. . . . . . . . . . . . . . . . chaired by: Giorgio Gotti (University of Texas Rio Grande Valley)
1. How informative are value-at-risk disclosures for banks’ trading portfolio risk?
Hailey Ballew (Rice University)P
Gerald Lobo (University of Houston)
2. Business strategy, debt maturity, and debt covenants
Changjiang Wang (University of Cincinnati)P
Kexin Yu (Eastern Illinois University)
3. Credit supply and lenders’ monitoring of borrowers’ conservative reporting: evidence from two recent
credit booms
Yan Li (Trent University)
Yutao Li (University of Lethbridge)
Gerald Lobo (University of Houston)P","[Category]:Financial Analysis;[Name]:When capital crosses borders, so does knowledge;[Author_1]:Mengfan Liu;[Uni_1]:Vrije Universiteit Amsterdam;[Author_2]:Zheng Wang;[Uni_2]:City University of Hong Kong;[Author_3]:Ray Zhang;[Uni_3]:Simon Fraser University;[Author_4]:Roni Michaely;[Uni_4]:The University of Hong Kong  
[Category]:Financial Analysis;[Name]:Attributes of earnings adjusted for intangibles capitalization;[Author_1]:Aneel Iqbal;[Uni_1]:Arizona State University  
[Category]:Financial Analysis;[Name]:Populism and cross-border M&A;[Author_1]:Wenjie Ding;[Uni_1]:University of Bristol;[Author_2]:Tuan Ho;[Uni_2]:University of Bristol;[Author_3]:Fangming Xu;[Uni_3]:University of Bristol;[Author_4]:Yunwen Zhou;[Uni_4]:University of Bristol  
[Category]:Financial Analysis;[Name]:Social media as a catalyst for market reactions: the impact of information facilitators in China;[Author_1]:Fangzhuo Hou;[Uni_1]:Southern University of Science And Technology;[Author_2]:Albert Tsang;[Uni_2]:Southern University of Science And Technology;[Author_3]:Shuo Yan;[Uni_3]:Zhejiang University  
[Category]:Financial Analysis;[Name]:Bridging divisions: third places and corporate information democratization;[Author_1]:Young Jun Cho;[Uni_1]:Singapore Management University;[Author_2]:Shuai Xu;[Uni_2]:Singapore Management University;[Author_3]:Holly Yang;[Uni_3]:Singapore Management University  
[Category]:Financial Analysis;[Name]:The role of social media analyst opinions in share repurchase decisions;[Author_1]:Yirong Han;[Uni_1]:University of Bristol;[Author_2]:Chris Brooks;[Uni_2]:University of Reading;[Author_3]:Liyi Zheng;[Uni_3]:University of Bristol  
[Category]:Financial Analysis;[Name]:How informative are value-at-risk disclosures for banks’ trading portfolio risk?;[Author_1]:Hailey Ballew;[Uni_1]:Rice University;[Author_2]:Gerald Lobo;[Uni_2]:University of Houston  
[Category]:Financial Analysis;[Name]:Business strategy, debt maturity, and debt covenants;[Author_1]:Changjiang Wang;[Uni_1]:University of Cincinnati;[Author_2]:Kexin Yu;[Uni_2]:Eastern Illinois University  
[Category]:Financial Analysis;[Name]:Credit supply and lenders’ monitoring of borrowers’ conservative reporting: evidence from two recent credit booms;[Author_1]:Yan Li;[Uni_1]:Trent University;[Author_2]:Yutao Li;[Uni_2]:University of Lethbridge;[Author_3]:Gerald Lobo;[Uni_3]:University of Houston"
25,25.0,"26
Financial Analysis
Friday, May 29, 11:00-12:30
FA PS15 room RB 203
. . . . . . . . . . . . . . . . . . . . . chaired by: Kristian Dietrich Allee (University of Arkansas)
1. Sentiment management: ai-based evidence from earnings guidance
Jonathan Berkovitch (Luiss University)P
Doron Israeli (Nazarbayev University)
Ron Kasznik (Stanford University)
2. How artificial intelligence mitigates information asymmetry and optimizes capital structure
Kaitong Wu (University of Macau)
Ming Tu (University of Macau)
Adrian C H Lei (University of Macau)P
3. AI adoption and stock price efficiency
Shengmin Hung (Soochow University)P
Friday, May 29, 11:00-12:30
FA PS06 room SB 225
. . . . . . . . . . . . chaired by: Froystein Gjesdal (NHH Norwegian School of Economics)
1. Optimizing Altman Z-Score forecasting: evidence from China’s 2024 FDI liberalization in healthcare
Wen-Jye Hung (Minjiang University)
Yamin Wang (Bentley University)P
Pei-Gi Shu (Fu Jen Catholic University)
Yan Wang (Minjiang University)
2. Bankruptcy prediction using machine learning models: firm complexity information perspective
Yun Hao (National Yang Ming Chiao Tung University)P
Tsung-Kang Chen (National Yang Ming Chiao Tung University)
Yi Jie Tseng (Fu Jen Catholic University)
Chih-Hsuan Chen (National Yang Ming Chiao Tung University)
3. From monitoring to exit: analysts’ strategic reactions to corporate bankruptcy in Europe and the United
States
Diana Vazquez Espinosa (University of Fribourg)P
Franck Missonier-Piera (University of Fribourg)
FA PS09 room SB 227
. . . . chaired by: Edoardo Nesi (ISEG-Lisbon School of Economics & Management)
1. Valuation effect of ESG: market sentiment or growth potential?
Xuerui Fang (Lancaster University)P
Argyro Panaretou (Lancaster University)
Hui Xu (Lancaster University)
George Wang (Lancaster University)
2. Public firm presence and rounded offers in M&A
Xinyi Rao (The University of Hong Kong)P
Guojin Gong (University of Connecticut)
Shuqing Luo (The University of Hong Kong)
3. Bank mergers and workplace safety: the ethical consequences of financial consolidation
Fangming Xu (University of Bristol)
Qimeng Zhang (University of Bristol)P
Liyi Zheng (University of Bristol)","[Category]:Financial Analysis;[Name]:Sentiment management: ai-based evidence from earnings guidance;[Author_1]:Jonathan Berkovitch;[Uni_1]:Luiss University;[Author_2]:Doron Israeli;[Uni_2]:Nazarbayev University;[Author_3]:Ron Kasznik;[Uni_3]:Stanford University  
[Category]:Financial Analysis;[Name]:How artificial intelligence mitigates information asymmetry and optimizes capital structure;[Author_1]:Kaitong Wu;[Uni_1]:University of Macau;[Author_2]:Ming Tu;[Uni_2]:University of Macau;[Author_3]:Adrian C H Lei;[Uni_3]:University of Macau  
[Category]:Financial Analysis;[Name]:AI adoption and stock price efficiency;[Author_1]:Shengmin Hung;[Uni_1]:Soochow University  
[Category]:Financial Analysis;[Name]:Optimizing Altman Z-Score forecasting: evidence from China’s 2024 FDI liberalization in healthcare;[Author_1]:Wen-Jye Hung;[Uni_1]:Minjiang University;[Author_2]:Yamin Wang;[Uni_2]:Bentley University;[Author_3]:Pei-Gi Shu;[Uni_3]:Fu Jen Catholic University;[Author_4]:Yan Wang;[Uni_4]:Minjiang University  
[Category]:Financial Analysis;[Name]:Bankruptcy prediction using machine learning models: firm complexity information perspective;[Author_1]:Yun Hao;[Uni_1]:National Yang Ming Chiao Tung University;[Author_2]:Tsung-Kang Chen;[Uni_2]:National Yang Ming Chiao Tung University;[Author_3]:Yi Jie Tseng;[Uni_3]:Fu Jen Catholic University;[Author_4]:Chih-Hsuan Chen;[Uni_4]:National Yang Ming Chiao Tung University  
[Category]:Financial Analysis;[Name]:From monitoring to exit: analysts’ strategic reactions to corporate bankruptcy in Europe and the United States;[Author_1]:Diana Vazquez Espinosa;[Uni_1]:University of Fribourg;[Author_2]:Franck Missonier-Piera;[Uni_2]:University of Fribourg  
[Category]:Financial Analysis;[Name]:Valuation effect of ESG: market sentiment or growth potential?;[Author_1]:Xuerui Fang;[Uni_1]:Lancaster University;[Author_2]:Argyro Panaretou;[Uni_2]:Lancaster University;[Author_3]:Hui Xu;[Uni_3]:Lancaster University;[Author_4]:George Wang;[Uni_4]:Lancaster University  
[Category]:Financial Analysis;[Name]:Public firm presence and rounded offers in M&A;[Author_1]:Xinyi Rao;[Uni_1]:The University of Hong Kong;[Author_2]:Guojin Gong;[Uni_2]:University of Connecticut;[Author_3]:Shuqing Luo;[Uni_3]:The University of Hong Kong  
[Category]:Financial Analysis;[Name]:Bank mergers and workplace safety: the ethical consequences of financial consolidation;[Author_1]:Fangming Xu;[Uni_1]:University of Bristol;[Author_2]:Qimeng Zhang;[Uni_2]:University of Bristol;[Author_3]:Liyi Zheng;[Uni_3]:University of Bristol"
26,26.0,"Financial Analysis
Friday, May 29, 14:00-15:30
27
FA PS19 room SB 228
. . . . . . . . . . . . . . . . . . . . . . . . . chaired by: Edward Sul (George Washington University)
1. Unlocking analysts’ risk insights
Hongping Tan (McGill University)P
Mark Bradshaw (Boston College)
Ziwei Qiao (Capital University of Economics And Business)
Changqiu Yu (University of Manitoba)
2. Discretionary cybersecurity-related disclosures and investors’ assessment of a firm’s systematic risk
Christof Neunsinger (Siemens AG)P
3. Financial analyst timeliness after corporate earnings announcements as a forecast quality signal
Nikolaos Floropoulos (Universidad Carlos III de Madrid)P
FA PS24 room RB 203
. . . . . . . . . . . . . . . . chaired by: Angie Wang (The Hong Kong Polytechnic University)
1. The EPS growth illusion: how analysts’ share count forecasts shape valuation perceptions
Dieter Hess (University of Cologne)P
Nathalie Zährl (University of Cologne)
2. When a consultant becomes an analyst
Jiaxuan Chen (University of Macau)P
Ming Liu (University of Macau)
Renzhe Zhang (University of Macau)
3. The causal effect of star rankings on analysts’ behavior: evidence from institutional investor’s industry
sector changesnal investor’s industry sector changes
Jing Xue (Xi’an Jiaotong-Liverpool University)
Rubin Hao (University of Macau)P
Angie Wang (The Hong Kong Polytechnic University)
Marcus Kirk (University of Florida)
Friday, May 29, 14:00-15:30
FA PSD01 room SB 225
. . . . . . chaired by: Laura Maria Arranz-Aperte (University of the Balearic Islands)
1. Attention to ESG matters: how information processing costs influence firm’s ESG investment
Pranav Yadav (Tilburg University)P
Discussant: Olga Golubeva (Stockholm Business School)
2. Transaction costs and the divergence between financial and real market volatilities
Minxing Zhu (Zhejiang University)
Zongyuan Li (University of Galway)P
Discussant: Pranav Yadav (Tilburg University)
3. Cost information design by a supplier
Ulf Schiller (University of Basel)P
Nico Sütterle (University of Basel)
Discussant: Ulrich Schäfer (University of Graz)
FA PS03 room SB 227
. . . . . . . . . . . . . . . . . . . . . . . . . . . . . chaired by: Caleb Rawson (University of Arkansas)
1. Under pressure: the influence of the working environment on herd behavior
Louis Mangeney (IESEG School of Management)P
Peter Fiechter (University of Neuchatel)
Annelies Renders (BI Norwegian Business School)","[Category]:Financial Analysis;[Name]:Unlocking analysts’ risk insights;[Author_1]:Hongping Tan;[Uni_1]:McGill University;[Author_2]:Mark Bradshaw;[Uni_2]:Boston College;[Author_3]:Ziwei Qiao;[Uni_3]:Capital University of Economics And Business;[Author_4]:Changqiu Yu;[Uni_4]:University of Manitoba  
[Category]:Financial Analysis;[Name]:Discretionary cybersecurity-related disclosures and investors’ assessment of a firm’s systematic risk;[Author_1]:Christof Neunsinger;[Uni_1]:Siemens AG  
[Category]:Financial Analysis;[Name]:Financial analyst timeliness after corporate earnings announcements as a forecast quality signal;[Author_1]:Nikolaos Floropoulos;[Uni_1]:Universidad Carlos III de Madrid  
[Category]:Financial Analysis;[Name]:The EPS growth illusion: how analysts’ share count forecasts shape valuation perceptions;[Author_1]:Dieter Hess;[Uni_1]:University of Cologne;[Author_2]:Nathalie Zährl;[Uni_2]:University of Cologne  
[Category]:Financial Analysis;[Name]:When a consultant becomes an analyst;[Author_1]:Jiaxuan Chen;[Uni_1]:University of Macau;[Author_2]:Ming Liu;[Uni_2]:University of Macau;[Author_3]:Renzhe Zhang;[Uni_3]:University of Macau  
[Category]:Financial Analysis;[Name]:The causal effect of star rankings on analysts’ behavior: evidence from institutional investor’s industry sector changes;[Author_1]:Jing Xue;[Uni_1]:Xi’an Jiaotong-Liverpool University;[Author_2]:Rubin Hao;[Uni_2]:University of Macau;[Author_3]:Angie Wang;[Uni_3]:The Hong Kong Polytechnic University;[Author_4]:Marcus Kirk;[Uni_4]:University of Florida  
[Category]:Financial Analysis;[Name]:Attention to ESG matters: how information processing costs influence firm’s ESG investment;[Author_1]:Pranav Yadav;[Uni_1]:Tilburg University  
[Category]:Financial Analysis;[Name]:Transaction costs and the divergence between financial and real market volatilities;[Author_1]:Minxing Zhu;[Uni_1]:Zhejiang University;[Author_2]:Zongyuan Li;[Uni_2]:University of Galway  
[Category]:Financial Analysis;[Name]:Cost information design by a supplier;[Author_1]:Ulf Schiller;[Uni_1]:University of Basel;[Author_2]:Nico Sütterle;[Uni_2]:University of Basel  
[Category]:Financial Analysis;[Name]:Under pressure: the influence of the working environment on herd behavior;[Author_1]:Louis Mangeney;[Uni_1]:IESEG School of Management;[Author_2]:Peter Fiechter;[Uni_2]:University of Neuchatel;[Author_3]:Annelies Renders;[Uni_3]:BI Norwegian Business School"
27,27.0,"28
Financial Analysis
Friday, May 29, 14:00-15:30
2. Hiring frictions and cost behavior: evidence from salary history bans
Zhangfan Cao (University of Nottingham Ningbo China)P
Xiaoqian Li (Zhejiang Gongshang University)
Jeffrey Pittman (Memorial University of Newfoundland)
Cheng Zeng (The Hong Kong Polytechnic University)
3. Labor leverage and debt contract provisions
David Weinbaum (Syracuse University)P
FA PS08 room SB 228
. . . . . . . . . . . . . . . . . . . . . . . . . . . . . . chaired by: Jan Friedrich (ESCP Business School)
1. Adversarial stress tests of text-based disclosure measures: evidence from fraud detection
Ana Mickovic (University of Amsterdam)P
Indranil Bhattacharya (Rabobank)
2. LLMs as research assistants: the risk of topic-overclassification and effective mitigation strategies in
financial disclosure research
Anne d’Arcy (Vienna University of Economics and Business)P
Christian Haas (University of Nebraska At Omaha)
Nicolaus Wallner (Vienna University of Economics and Business)
3. Is qualitative management guidance on business outlook informative? Evidence from a novel dataset
Lin Si (Bocconi University)P
FA PS16 room RB 203
. . . . . . . . . . . . . . . . . . . . . . . . . . . . . . . . . chaired by: Mukesh Garg (Monash University)
1. Enhancing spare debt capacity via efficient carbon management
Paula Castro (University of Leon)
Borja Amor-Tapia (Universidad de León)
Maria T. Tascon (Universidad de Leon)P
2. From climate disaster to discipline: bank monitoring and climate disaster covenants
Clara Zhe Wang (University of Bristol)P
3. When the storm hits: climate–risk management in the insurance industry
Udi Lewkowicz (Tel Aviv University)P
Dan Weiss (Tel Aviv University)","[Category]:Financial Analysis;[Name]:Hiring frictions and cost behavior: evidence from salary history bans;[Author_1]:Zhangfan Cao;[Uni_1]:University of Nottingham Ningbo China;[Author_2]:Xiaoqian Li;[Uni_2]:Zhejiang Gongshang University;[Author_3]:Jeffrey Pittman;[Uni_3]:Memorial University of Newfoundland;[Author_4]:Cheng Zeng;[Uni_4]:The Hong Kong Polytechnic University  
[Category]:Financial Analysis;[Name]:Labor leverage and debt contract provisions;[Author_1]:David Weinbaum;[Uni_1]:Syracuse University  
[Category]:Financial Analysis;[Name]:Adversarial stress tests of text-based disclosure measures: evidence from fraud detection;[Author_1]:Ana Mickovic;[Uni_1]:University of Amsterdam;[Author_2]:Indranil Bhattacharya;[Uni_2]:Rabobank  
[Category]:Financial Analysis;[Name]:LLMs as research assistants: the risk of topic-overclassification and effective mitigation strategies in financial disclosure research;[Author_1]:Anne d’Arcy;[Uni_1]:Vienna University of Economics and Business;[Author_2]:Christian Haas;[Uni_2]:University of Nebraska At Omaha;[Author_3]:Nicolaus Wallner;[Uni_3]:Vienna University of Economics and Business  
[Category]:Financial Analysis;[Name]:Is qualitative management guidance on business outlook informative? Evidence from a novel dataset;[Author_1]:Lin Si;[Uni_1]:Bocconi University  
[Category]:Financial Analysis;[Name]:Enhancing spare debt capacity via efficient carbon management;[Author_1]:Paula Castro;[Uni_1]:University of Leon;[Author_2]:Borja Amor-Tapia;[Uni_2]:Universidad de León;[Author_3]:Maria T. Tascon;[Uni_3]:Universidad de Leon  
[Category]:Financial Analysis;[Name]:From climate disaster to discipline: bank monitoring and climate disaster covenants;[Author_1]:Clara Zhe Wang;[Uni_1]:University of Bristol  
[Category]:Financial Analysis;[Name]:When the storm hits: climate–risk management in the insurance industry;[Author_1]:Udi Lewkowicz;[Uni_1]:Tel Aviv University;[Author_2]:Dan Weiss;[Uni_2]:Tel Aviv University"
28,28.0,"Financial Reporting
Wednesday, May 27, 15:00-16:30
29
FR – Financial Reporting
Wednesday, May 27, 15:00-16:30
FR PSD05 room RB 209
. . . . . . . . . . . . . . . . . . . . . . . . chaired by: Federico Bertacchini (University of Parma)
1. Strategic disclosure when beliefs diverge
Yasmin Kuhlmann (University of Mannheim)P
Discussant: Mingxuan Ma (University of Zurich)
2. Public information and market coordination: the role of accounting reports
Mingxuan Ma (University of Zurich)P
Hui Chen (University of Zurich)
Discussant: Lisa Liu (Columbia University)
3. Compliance and avoidance under threshold-based financial reporting regulation: decomposing regulatory
costs and information benefits
Lisa Liu (Columbia University)P
Yu Cao (The World Bank)
Discussant: Yasmin Kuhlmann (University of Mannheim)
FR PSD07 room SB 240
. . . . . . . . . . . . . . . . . . . . . . . . . . . . . . . . chaired by: Meifen Qian (Zhejiang University)
1. Beyond financial statements: the value of external assurance of nonfinancial disclosure
Manyun Tang (University of Oxford)P
Discussant: Thinh Nguyen (Lancaster University)
2. Breaking barriers: how blockchain improves firms’ access to credit?
Thinh Nguyen (Lancaster University)P
Discussant: Samuel Chang (University of Chicago Booth School of Business)
3. Information sharing in global accounting networks
Samuel Chang (University of Chicago Booth School of Business)P
Discussant: Manyun Tang (University of Oxford)
FR PS07 room SB 213
. . . . . . . . . . . . . . . . . . . . . . . . . . . chaired by: Kevin McMeeking (University of Bristol)
1. Speaking clearly under pressure: how career concerns shape CEO conference call complexity
Marwa Soliman (American University of Sharjah)P
2. Breaking the language barrier: how English reporting facilitates innovation
Audrey Wenhsin Hsu (National Taiwan University)
Yi-Chieh Lee (National Taiwan University)
Sophia H.T. Liu (National Taiwan University)P
3. R&D stickiness shaping narrative R&D disclosures
Sofie van der Meulen (IESEG School of Management)P
Oveis Madadian (IESEG School of Management)
FR PS10 room SB 236
. . . . . . . . . . . . . . . . . . . . . . . . chaired by: Xiaotao Kelvin Liu (Northeastern University)
1. SEC oversight of foreign firms cross-listed in the U.S.: evidence from comment letters
Jihun Bae (Bayes Business School)P
2. The effect of restricting SEC administrative proceedings on firm value
Cai Chen (The Chinese University of Hong Kong)
Svenja Dube (Baruch College)
Hye Seung (Grace) Lee (Fordham University)P","[Category]:Financial Reporting;[Name]:Strategic disclosure when beliefs diverge;[Author_1]:Yasmin Kuhlmann;[Uni_1]:University of Mannheim;[Author_2]:;[Uni_2]:;[Author_3]:;[Uni_3]:;[Author_4]:;[Uni_4]:;[Author_5]:;[Uni_5]:  
[Category]:Financial Reporting;[Name]:Public information and market coordination: the role of accounting reports;[Author_1]:Mingxuan Ma;[Uni_1]:University of Zurich;[Author_2]:Hui Chen;[Uni_2]:University of Zurich;[Author_3]:;[Uni_3]:;[Author_4]:;[Uni_4]:;[Author_5]:;[Uni_5]:  
[Category]:Financial Reporting;[Name]:Compliance and avoidance under threshold-based financial reporting regulation: decomposing regulatory costs and information benefits;[Author_1]:Lisa Liu;[Uni_1]:Columbia University;[Author_2]:Yu Cao;[Uni_2]:The World Bank;[Author_3]:;[Uni_3]:;[Author_4]:;[Uni_4]:;[Author_5]:;[Uni_5]:  
[Category]:Financial Reporting;[Name]:Beyond financial statements: the value of external assurance of nonfinancial disclosure;[Author_1]:Manyun Tang;[Uni_1]:University of Oxford;[Author_2]:;[Uni_2]:;[Author_3]:;[Uni_3]:;[Author_4]:;[Uni_4]:;[Author_5]:;[Uni_5]:  
[Category]:Financial Reporting;[Name]:Breaking barriers: how blockchain improves firms’ access to credit?;[Author_1]:Thinh Nguyen;[Uni_1]:Lancaster University;[Author_2]:;[Uni_2]:;[Author_3]:;[Uni_3]:;[Author_4]:;[Uni_4]:;[Author_5]:;[Uni_5]:  
[Category]:Financial Reporting;[Name]:Information sharing in global accounting networks;[Author_1]:Samuel Chang;[Uni_1]:University of Chicago Booth School of Business;[Author_2]:;[Uni_2]:;[Author_3]:;[Uni_3]:;[Author_4]:;[Uni_4]:;[Author_5]:;[Uni_5]:  
[Category]:Financial Reporting;[Name]:Speaking clearly under pressure: how career concerns shape CEO conference call complexity;[Author_1]:Marwa Soliman;[Uni_1]:American University of Sharjah;[Author_2]:;[Uni_2]:;[Author_3]:;[Uni_3]:;[Author_4]:;[Uni_4]:;[Author_5]:;[Uni_5]:  
[Category]:Financial Reporting;[Name]:Breaking the language barrier: how English reporting facilitates innovation;[Author_1]:Audrey Wenhsin Hsu;[Uni_1]:National Taiwan University;[Author_2]:Yi-Chieh Lee;[Uni_2]:National Taiwan University;[Author_3]:Sophia H.T. Liu;[Uni_3]:National Taiwan University;[Author_4]:;[Uni_4]:;[Author_5]:;[Uni_5]:  
[Category]:Financial Reporting;[Name]:R&D stickiness shaping narrative R&D disclosures;[Author_1]:Sofie van der Meulen;[Uni_1]:IESEG School of Management;[Author_2]:Oveis Madadian;[Uni_2]:IESEG School of Management;[Author_3]:;[Uni_3]:;[Author_4]:;[Uni_4]:;[Author_5]:;[Uni_5]:  
[Category]:Financial Reporting;[Name]:SEC oversight of foreign firms cross-listed in the U.S.: evidence from comment letters;[Author_1]:Jihun Bae;[Uni_1]:Bayes Business School;[Author_2]:;[Uni_2]:;[Author_3]:;[Uni_3]:;[Author_4]:;[Uni_4]:;[Author_5]:;[Uni_5]:  
[Category]:Financial Reporting;[Name]:The effect of restricting SEC administrative proceedings on firm value;[Author_1]:Cai Chen;[Uni_1]:The Chinese University of Hong Kong;[Author_2]:Svenja Dube;[Uni_2]:Baruch College;[Author_3]:Hye Seung (Grace) Lee;[Uni_3]:Fordham University;[Author_4]:;[Uni_4]:;[Author_5]:;[Uni_5]:"
29,29.0,"30
Financial Reporting
Wednesday, May 27, 17:00-18:30
3. The transparency trap: input visibility and the suppression of corporate innovation
Tao Ma (Texas Tech University)P
Guochang Zhang (The University of Hong Kong)
FR PS17 room SB 239
. . . . . . . . . . . . . . . . . . . . chaired by: Mark Anthony Clatworthy (University of Bristol)
1. The bright side of analysts for innovation: evidence from social connection
Yi Wu (Zhejiang University)P
Jinghan Lu (Zhejiang University)
Yenjung Tseng (University of York)
Yangxin Yu (City University of Hong Kong)
2. Who to listen to and when? Management and analyst forecasts
Ron Shalev (University of Toronto)P
Daniel Cohen (Vanderbilt University)
Yiwen Li (Vilanove University)
3. The impact of mandatory iXBRL adoption on analyst behaviour
Fatema Alyafei (Qatar University)P
Yu-Lin Hsu (University of Glasgow)
Fengzhi Zhu (University of Glasgow)
FR PS21 room SB 306
. . . . . . . . . . . . . . . . . . . . . . . . . . . . . . . . . . . . chaired by: Philip Joos (Tilburg University)
1. CEO-employee political alignment and financial reporting outcomes
Sang Woo Sohn (City University of Hong Kong)P
2. Local creative culture and corporate overinvestment
Solomon Opare (Northeastern University)P
Arfian Zudana (Unitec Institute of Technology)
Mabel D Costa (Durham University)
3. Lobbying, public contracts, and accounting complexity: implications for transparency and regulation
Larelle (Ellie) Chapple (Queensland University of Technology)P
Sohanur Rahman (Queensland University of Technology)
Mumtaheena Anwar (Queensland University of Technology)
Md. Nurul Kabir (North South University)
Wednesday, May 27, 17:00-18:30
FR PSD20 room RB 209
. . . . . . . . . . . . . . . . . . . . . . . . . . . . . . . . chaired by: Jae Bum Kim (Lehigh University)
1. Mandatory pay disclosures in job postings
Edith Leung (Tilburg University)P
Jeroen Koenraadt (London School of Economics)
Nico Lehmann (Erasmus University Rotterdam)
Stephanie van der Veen (Erasmus University Rotterdam)
Discussant: Zhaoyang Gu (The Chinese University of Hong Kong)
2. My word is my bond: the use of management forecasts in setting covenant thresholds
Zhaoyang Gu (The Chinese University of Hong Kong)P
Chunmei Zhu (The Chinese University of Hong Kong)
Discussant: Edith Leung (Tilburg University)","[Category]:Financial Reporting;[Name]:The transparency trap: input visibility and the suppression of corporate innovation;[Author_1]:Tao Ma;[Uni_1]:Texas Tech University;[Author_2]:Guochang Zhang;[Uni_2]:The University of Hong Kong  
[Category]:Financial Reporting;[Name]:The bright side of analysts for innovation: evidence from social connection;[Author_1]:Yi Wu;[Uni_1]:Zhejiang University;[Author_2]:Jinghan Lu;[Uni_2]:Zhejiang University;[Author_3]:Yenjung Tseng;[Uni_3]:University of York;[Author_4]:Yangxin Yu;[Uni_4]:City University of Hong Kong  
[Category]:Financial Reporting;[Name]:Who to listen to and when? Management and analyst forecasts;[Author_1]:Ron Shalev;[Uni_1]:University of Toronto;[Author_2]:Daniel Cohen;[Uni_2]:Vanderbilt University;[Author_3]:Yiwen Li;[Uni_3]:Vilanove University  
[Category]:Financial Reporting;[Name]:The impact of mandatory iXBRL adoption on analyst behaviour;[Author_1]:Fatema Alyafei;[Uni_1]:Qatar University;[Author_2]:Yu-Lin Hsu;[Uni_2]:University of Glasgow;[Author_3]:Fengzhi Zhu;[Uni_3]:University of Glasgow  
[Category]:Financial Reporting;[Name]:CEO-employee political alignment and financial reporting outcomes;[Author_1]:Sang Woo Sohn;[Uni_1]:City University of Hong Kong  
[Category]:Financial Reporting;[Name]:Local creative culture and corporate overinvestment;[Author_1]:Solomon Opare;[Uni_1]:Northeastern University;[Author_2]:Arfian Zudana;[Uni_2]:Unitec Institute of Technology;[Author_3]:Mabel D Costa;[Uni_3]:Durham University  
[Category]:Financial Reporting;[Name]:Lobbying, public contracts, and accounting complexity: implications for transparency and regulation;[Author_1]:Larelle (Ellie) Chapple;[Uni_1]:Queensland University of Technology;[Author_2]:Sohanur Rahman;[Uni_2]:Queensland University of Technology;[Author_3]:Mumtaheena Anwar;[Uni_3]:Queensland University of Technology;[Author_4]:Md. Nurul Kabir;[Uni_4]:North South University  
[Category]:Financial Reporting;[Name]:Mandatory pay disclosures in job postings;[Author_1]:Edith Leung;[Uni_1]:Tilburg University;[Author_2]:Jeroen Koenraadt;[Uni_2]:London School of Economics;[Author_3]:Nico Lehmann;[Uni_3]:Erasmus University Rotterdam;[Author_4]:Stephanie van der Veen;[Uni_4]:Erasmus University Rotterdam  
[Category]:Financial Reporting;[Name]:My word is my bond: the use of management forecasts in setting covenant thresholds;[Author_1]:Zhaoyang Gu;[Uni_1]:The Chinese University of Hong Kong;[Author_2]:Chunmei Zhu;[Uni_2]:The Chinese University of Hong Kong"
30,30.0,"Financial Reporting
Wednesday, May 27, 17:00-18:30
31
FR PSD23 room SB 240
. . . . . . . . . . . . . . . . . . chaired by: Marwa Soliman (American University of Sharjah)
1. Theme washing in the ETF space
Gerald Ward (Lancaster University)P
Xiaoxue He (Lancaster University)
George Wang (Lancaster University)
Discussant: David Harris (Syracuse University)
2. Financial statement readability and internal control
David Harris (Syracuse University)P
Ying Zhang (University of Manitoba)
Discussant: Pratik Goel (IESEG School of Management)
3. Dynamics of CEOs’ product market orientation: evidence from earnings conference calls
Pratik Goel (IESEG School of Management)P
Oveis Madadian (IESEG School of Management)
Discussant: Gerald Ward (Lancaster University)
FR PSD24 room SB 213
. . . . . . . . . . . . . . . . . chaired by: Marisa Agostini (Ca’ Foscari University of Venice)
1. Non-financial disclosure mandates and private lending
Zhehao Jia (University of Edinburgh)P
Discussant: Simona Rusanescu (University of Groningen)
2. The biodiversity impact of corporate divestitures
Simona Rusanescu (University of Groningen)P
Ole-Kristian Hope (University of Toronto)
Vlad-Andrei Porumb (University of Manchester)
Dushyantkumar Vyas (University of Toronto)
Discussant: Mingyang Liu (Frankfurt School of Finance & Management)
3. From cheap talk to costly signals: accounting measurement and the use of sustainability-linked loans
Mingyang Liu (Frankfurt School of Finance & Management)P
Discussant: Zhehao Jia (University of Edinburgh)
FR PS12 room SB 236
. . . chaired by: Chih-Liang Julian Liu (National Yang Ming Chiao Tung University)
1. Unintended consequences of market deregulation: a perspective from corporate leverage manipulation
Fei Yan (Xi’an Jiaotong University)P
Zeyu Sun (Beijing Normal University)
Baolei Qi (Xi’an Jiaotong University)
2. Accrue or not? The effect of ambiguity on loss contingency recognition
Alisa Brink (Virginia Commonwealth University)P
Wenhao Zhu (Virginia Commonwealth University)
3. Generative AI “persona” vs. human jurors: evidence from a juror-based experiment on audit failure of
AI-assisted audit
Satoshi Taguchi (Doshisha University)P
FR PS15 room SB 239
. . . . . . . . . . . . . . . . . . . . . . . . . . . . . . . . . . chaired by: Don Pagach (NC State University)
1. The value relevance of insurance accounting: evidence from the transition to IFRS 9 and IFRS 17
Christian Fieberg (Bremen University of Applied Sciences)
Stefan Veith (Bremen University of Applied Sciences)P
Baohua Xin (University of Toronto)","[Category]:Financial Reporting;[Name]:Theme washing in the ETF space;[Author_1]:Gerald Ward;[Uni_1]:Lancaster University;[Author_2]:Xiaoxue He;[Uni_2]:Lancaster University;[Author_3]:George Wang;[Uni_3]:Lancaster University  
[Category]:Financial Reporting;[Name]:Financial statement readability and internal control;[Author_1]:David Harris;[Uni_1]:Syracuse University;[Author_2]:Ying Zhang;[Uni_2]:University of Manitoba  
[Category]:Financial Reporting;[Name]:Dynamics of CEOs’ product market orientation: evidence from earnings conference calls;[Author_1]:Pratik Goel;[Uni_1]:IESEG School of Management;[Author_2]:Oveis Madadian;[Uni_2]:IESEG School of Management  
[Category]:Financial Reporting;[Name]:Non-financial disclosure mandates and private lending;[Author_1]:Zhehao Jia;[Uni_1]:University of Edinburgh  
[Category]:Financial Reporting;[Name]:The biodiversity impact of corporate divestitures;[Author_1]:Simona Rusanescu;[Uni_1]:University of Groningen;[Author_2]:Ole-Kristian Hope;[Uni_2]:University of Toronto;[Author_3]:Vlad-Andrei Porumb;[Uni_3]:University of Manchester;[Author_4]:Dushyantkumar Vyas;[Uni_4]:University of Toronto  
[Category]:Financial Reporting;[Name]:From cheap talk to costly signals: accounting measurement and the use of sustainability-linked loans;[Author_1]:Mingyang Liu;[Uni_1]:Frankfurt School of Finance & Management  
[Category]:Financial Reporting;[Name]:Unintended consequences of market deregulation: a perspective from corporate leverage manipulation;[Author_1]:Fei Yan;[Uni_1]:Xi’an Jiaotong University;[Author_2]:Zeyu Sun;[Uni_2]:Beijing Normal University;[Author_3]:Baolei Qi;[Uni_3]:Xi’an Jiaotong University  
[Category]:Financial Reporting;[Name]:Accrue or not? The effect of ambiguity on loss contingency recognition;[Author_1]:Alisa Brink;[Uni_1]:Virginia Commonwealth University;[Author_2]:Wenhao Zhu;[Uni_2]:Virginia Commonwealth University  
[Category]:Financial Reporting;[Name]:Generative AI “persona” vs. human jurors: evidence from a juror-based experiment on audit failure of AI-assisted audit;[Author_1]:Satoshi Taguchi;[Uni_1]:Doshisha University  
[Category]:Financial Reporting;[Name]:The value relevance of insurance accounting: evidence from the transition to IFRS 9 and IFRS 17;[Author_1]:Christian Fieberg;[Uni_1]:Bremen University of Applied Sciences;[Author_2]:Stefan Veith;[Uni_2]:Bremen University of Applied Sciences;[Author_3]:Baohua Xin;[Uni_3]:University of Toronto"
31,31.0,"32
Financial Reporting
Thursday, May 28, 09:00-10:30
2. Discretionary provisions and bank earnings management around the world: a novel insight from linguistic
relativity hypothesis
Daniel Taylor (IESEG School of Management)P
Francis Osei-Tutu (Paris School of Business)
Eunice Yaa Cudjoe (EDHEC Business School)
3. The relationship between a firm’s financial constraints and its goodwill impairment
Daniel Gyung Paik (University of Richmond)
Brandon Lee (Indiana University)
Taewoo Kim (California State University, San Bernardino)P
Sungsoo Kim (Rutgers University)
FR PS23 room SB 306
. . . . . . . . . . . . . . . . . . . . . . . . . chaired by: Aljoša Valentinčič (University of Ljubljana)
1. Business strategy and the information content of classification shifting
Surya Janakiraman (University of Texas at Dallas)P
Chih-Chen Lee (Department of Accountancy, Northern Illinois University)
Krishnamurthy Surysekar (Florida International University)
Tian Tian (California State University, San Bernardino)
2. Does litigation risk deter classification shifting? Evidence from a quasi-natural experiment
Surjit Tinaikar (University of Massachusetts)P
3. Implementing recurring and nonrecurring disaggregation to enhance disclosure in the statement of cash
flows
Alberto Halfeld (University of St.Gallen)P
Tami Dinh (University of St.Gallen)
Thursday, May 28, 09:00-10:30
FR PSD09 room RB 209
. . . . . . . . . . . . . . . . . . . . . . . . chaired by: Alice Liang Xu (University of Manchester)
1. The impact of asset revaluation on corporate investment during crises
Noemi Pecoraro (University of Bologna)P
Antonio de Vito (University of Bologna)
Marco Maria Mattei (University of Bologna)
Discussant: Feng Chen (University of Toronto)
2. Regulatory spillover and preemptive disclosure to mitigate artificial intelligence risk: evidence from the
EU AI act
Feng Chen (University of Toronto)P
Xinlu Wang (Jinan University)
Liang Xu (SKEMA Business School)
Jianguang Zeng (Chongqing University)
Discussant: Simone Euler (Humboldt University of Berlin)
3. Disclosure intensity effects of disclosure regulations: European evidence
Simone Euler (Humboldt University of Berlin)P
Joachim Gassen (Humboldt University of Berlin)
Jonas Materna (Humboldt University of Berlin)
Discussant: Noemi Pecoraro (University of Bologna)","[Category]:Financial Reporting;[Name]:Discretionary provisions and bank earnings management around the world: a novel insight from linguistic relativity hypothesis;[Author_1]:Daniel Taylor;[Uni_1]:IESEG School of Management;[Author_2]:Francis Osei-Tutu;[Uni_2]:Paris School of Business;[Author_3]:Eunice Yaa Cudjoe;[Uni_3]:EDHEC Business School  
[Category]:Financial Reporting;[Name]:The relationship between a firm’s financial constraints and its goodwill impairment;[Author_1]:Daniel Gyung Paik;[Uni_1]:University of Richmond;[Author_2]:Brandon Lee;[Uni_2]:Indiana University;[Author_3]:Taewoo Kim;[Uni_3]:California State University, San Bernardino;[Author_4]:Sungsoo Kim;[Uni_4]:Rutgers University  
[Category]:Financial Reporting;[Name]:Business strategy and the information content of classification shifting;[Author_1]:Surya Janakiraman;[Uni_1]:University of Texas at Dallas;[Author_2]:Chih-Chen Lee;[Uni_2]:Department of Accountancy, Northern Illinois University;[Author_3]:Krishnamurthy Surysekar;[Uni_3]:Florida International University;[Author_4]:Tian Tian;[Uni_4]:California State University, San Bernardino  
[Category]:Financial Reporting;[Name]:Does litigation risk deter classification shifting? Evidence from a quasi-natural experiment;[Author_1]:Surjit Tinaikar;[Uni_1]:University of Massachusetts  
[Category]:Financial Reporting;[Name]:Implementing recurring and nonrecurring disaggregation to enhance disclosure in the statement of cash flows;[Author_1]:Alberto Halfeld;[Uni_1]:University of St.Gallen;[Author_2]:Tami Dinh;[Uni_2]:University of St.Gallen  
[Category]:Financial Reporting;[Name]:The impact of asset revaluation on corporate investment during crises;[Author_1]:Noemi Pecoraro;[Uni_1]:University of Bologna;[Author_2]:Antonio de Vito;[Uni_2]:University of Bologna;[Author_3]:Marco Maria Mattei;[Uni_3]:University of Bologna  
[Category]:Financial Reporting;[Name]:Regulatory spillover and preemptive disclosure to mitigate artificial intelligence risk: evidence from the EU AI act;[Author_1]:Feng Chen;[Uni_1]:University of Toronto;[Author_2]:Xinlu Wang;[Uni_2]:Jinan University;[Author_3]:Liang Xu;[Uni_3]:SKEMA Business School;[Author_4]:Jianguang Zeng;[Uni_4]:Chongqing University  
[Category]:Financial Reporting;[Name]:Disclosure intensity effects of disclosure regulations: European evidence;[Author_1]:Simone Euler;[Uni_1]:Humboldt University of Berlin;[Author_2]:Joachim Gassen;[Uni_2]:Humboldt University of Berlin;[Author_3]:Jonas Materna;[Uni_3]:Humboldt University of Berlin"
32,32.0,"Financial Reporting
Thursday, May 28, 09:00-10:30
33
FR PSD16 room SB 240
. . . . . . . . . . . . . . . . . . . . . . . . . . . . . chaired by: Kai Chen (Wilfrid Laurier University)
1. Analyzing the strategic classification of negative disclosures in Form 8-K filings
Won No (Rutgers University)P
Arion Cheong (Stevens Institute of Technology)
Shaoyu Liu (Indiana University South Bend)
Discussant: Francesco Grossetti (Bocconi University)
2. It’s the human touch! Performance of large language models in highly-specific domains
Miles Gietzmann (Bocconi University)
Francesco Grossetti (Bocconi University)P
Craig Lewis (Vanderbilt University)
Discussant: Richard M Crowley (Singapore Management University)
3. Lost in aggregation: measuring sentiment at document and topic levels
Richard Crowley (Singapore Management University)P
Franco Wong (University of Toronto)
Discussant: Won No (Rutgers University)
FR PS13 room SB 213
. . . . . . . . . . . . . . . . . . . . . . chaired by: Patricia Breuer (Erasmus University Rotterdam)
1. When numbers speak: the real effects of numerical operational disclosure on corporate investment
Jing Wang (Southwestern University of Finance and Economics)
Cassie (Qiurui) Mou (Southwestern University of Finance and Economics)P
Lulu Di (Southwestern University of Finance and Economics)
2. Suppliers’ redaction of customer identities when their customers provide more public disclosure: a customer
poaching perspective
Jia Guo (The Hong Kong Polytechnic University)
Jeffrey Ng (The University of Hong Kong)P
Chunyan Wei (Shanghai University of Finance and Economics)
Janus Jian Zhang (Hong Kong Baptist University)
3. Do changes in U.S. GAAP divert public firms’ resources and influence who wins the innovation race?
Luminita Enache (University of Calgary)P
FR PS24 room SB 236
. . . . . . . . . . . . . . . . . . . . chaired by: Linda Myers (University of Tennessee, Knoxville)
1. The unintended consequences of “bright-line” thresholds in CSR reporting mandates
Jordi Louis Geuken (Ruhr University Bochum)P
Paula Stanka (Ruhr University Bochum)
2. Accounting human capital, artificial intelligence, and SEC compliance
Heflin Frank (University of Georgia)
Joanna Golden (University of Memphis)
Xiaotao Liu (Northeastern University)P
Jasmine Wang (University of Virginia)
3. Visualizing social accountability with pictures in annual reports
Jana Neuland (Ilmenau University of Technology)P
Michael Grüning (Ilmenau University of Technology)
FR PS26 room SB 239
. . . . . . . . . . . . . . . . . . . . chaired by: Guochang Zhang (The University of Hong Kong)
1. Beyond numbers: the informativeness of credit risk disclosures and their implications for bank lending
Romain Oberson (IESEG School of Management)
Minyue Dong (University of St.Gallen)P
Huajuan Yuan (University of Lausanne)","[Category]:Financial Reporting;[Name]:Analyzing the strategic classification of negative disclosures in Form 8-K filings;[Author_1]:Won No;[Uni_1]:Rutgers University;[Author_2]:Arion Cheong;[Uni_2]:Stevens Institute of Technology;[Author_3]:Shaoyu Liu;[Uni_3]:Indiana University South Bend  
[Category]:Financial Reporting;[Name]:It’s the human touch! Performance of large language models in highly-specific domains;[Author_1]:Miles Gietzmann;[Uni_1]:Bocconi University;[Author_2]:Francesco Grossetti;[Uni_2]:Bocconi University;[Author_3]:Craig Lewis;[Uni_3]:Vanderbilt University  
[Category]:Financial Reporting;[Name]:Lost in aggregation: measuring sentiment at document and topic levels;[Author_1]:Richard Crowley;[Uni_1]:Singapore Management University;[Author_2]:Franco Wong;[Uni_2]:University of Toronto  
[Category]:Financial Reporting;[Name]:When numbers speak: the real effects of numerical operational disclosure on corporate investment;[Author_1]:Jing Wang;[Uni_1]:Southwestern University of Finance and Economics;[Author_2]:Cassie (Qiurui) Mou;[Uni_2]:Southwestern University of Finance and Economics;[Author_3]:Lulu Di;[Uni_3]:Southwestern University of Finance and Economics  
[Category]:Financial Reporting;[Name]:Suppliers’ redaction of customer identities when their customers provide more public disclosure: a customer poaching perspective;[Author_1]:Jia Guo;[Uni_1]:The Hong Kong Polytechnic University;[Author_2]:Jeffrey Ng;[Uni_2]:The University of Hong Kong;[Author_3]:Chunyan Wei;[Uni_3]:Shanghai University of Finance and Economics;[Author_4]:Janus Jian Zhang;[Uni_4]:Hong Kong Baptist University  
[Category]:Financial Reporting;[Name]:Do changes in U.S. GAAP divert public firms’ resources and influence who wins the innovation race?;[Author_1]:Luminita Enache;[Uni_1]:University of Calgary  
[Category]:Financial Reporting;[Name]:The unintended consequences of “bright-line” thresholds in CSR reporting mandates;[Author_1]:Jordi Louis Geuken;[Uni_1]:Ruhr University Bochum;[Author_2]:Paula Stanka;[Uni_2]:Ruhr University Bochum  
[Category]:Financial Reporting;[Name]:Accounting human capital, artificial intelligence, and SEC compliance;[Author_1]:Heflin Frank;[Uni_1]:University of Georgia;[Author_2]:Joanna Golden;[Uni_2]:University of Memphis;[Author_3]:Xiaotao Liu;[Uni_3]:Northeastern University;[Author_4]:Jasmine Wang;[Uni_4]:University of Virginia  
[Category]:Financial Reporting;[Name]:Visualizing social accountability with pictures in annual reports;[Author_1]:Jana Neuland;[Uni_1]:Ilmenau University of Technology;[Author_2]:Michael Grüning;[Uni_2]:Ilmenau University of Technology  
[Category]:Financial Reporting;[Name]:Beyond numbers: the informativeness of credit risk disclosures and their implications for bank lending;[Author_1]:Romain Oberson;[Uni_1]:IESEG School of Management;[Author_2]:Minyue Dong;[Uni_2]:University of St.Gallen;[Author_3]:Huajuan Yuan;[Uni_3]:University of Lausanne"
33,33.0,"34
Financial Reporting
Thursday, May 28, 11:00-12:30
2. Two levers, one goal: the complementary role of commission and fees income and loan loss provisions in
bank earnings management
Eunice Yaa Cudjoe (EDHEC Business School)P
Daniel Taylor (IESEG School of Management)
Isaac Awuye (ESC Clermont)
3. Real earnings management via lending in the current expected credit loss (CECL) era
Ali Awad (University of Glasgow)P
FR PS27 room SB 306
. . . . . . . . . . . . . . . . . . . . . chaired by: Kwok Tong Samuel Cheung (Deakin University)
1. Private firm disclosures and public firms’ debt choice
Fengqin Chen (The Hong Kong Polytechnic University)
Jeffrey Pittman (Memorial University of Newfoundland)
Walid Saffar (The Hong Kong Polytechnic University)P
2. New revenue recognition and non-GAAP revenue disclosures: evidence from ASC 606
Bok Baik (Seoul National University)
Songyi Han (BI Norwegian Business School)P
David Park (Seoul National University)
Sang Woo Sohn (City University of Hong Kong)
3. Bridging the gap or widening the divide? An investigation into private company accounting comparability
and the role of FRS 102
Stephanie Tiller (University of Bristol)P
Mark Clatworthy (University of Bristol)
Mariano Scapin (University of Bristol)
Thursday, May 28, 11:00-12:30
FR PSD01 room RB 209
. . . . . . . . . . . . . . . . . . . . . . . . . . chaired by: Changling Chen (University of Waterloo)
1. Unlocking environmental, social, and governance risk after IPO share lockups
Grace Hao (University of Texas at Arlington)
Devendra Kale (University of Rhode Island)P
Sriram Villupuram (University of Texas at Arlington)
Discussant: Nan Deng (University of Bristol)
2. Spillover of non-financial disclosure mandates on private firms’ investment efficiency
Nan Deng (University of Bristol)P
Xi Chen (University of Bristol)
Giovanna Michelon (University of Padova)
Discussant: Xi Chen (University of Bristol)
3. The effect of mandatory carbon disclosures on cross-border innovation collaboration
Xi Chen (University of Bristol)P
Xiaoli (Shaolee) Tian (McDonough School of Business, Georgetown University)
Yuxiang Zheng (Rutgers University)
Zhe (Michael) Guo (Iowa State University)
Discussant: Devendra Kale (University of Rhode Island)
FR PSD13 room SB 240
. . . . . . . . . . . . . . . . . . . . . . chaired by: Jan P Marton (The University of Gothenburg)
1. Excess volatility and fair value measurement
Sarah Kroechert (University of Cambridge)P
Igor Goncharov (Lancaster University)
Discussant: Benedikt J. Plate (University of Bremen)","[Category]:Financial Reporting;[Name]:Two levers, one goal: the complementary role of commission and fees income and loan loss provisions in bank earnings management;[Author_1]:Eunice Yaa Cudjoe;[Uni_1]:EDHEC Business School;[Author_2]:Daniel Taylor;[Uni_2]:IESEG School of Management;[Author_3]:Isaac Awuye;[Uni_3]:ESC Clermont  
[Category]:Financial Reporting;[Name]:Real earnings management via lending in the current expected credit loss (CECL) era;[Author_1]:Ali Awad;[Uni_1]:University of Glasgow  
[Category]:Financial Reporting;[Name]:Private firm disclosures and public firms’ debt choice;[Author_1]:Fengqin Chen;[Uni_1]:The Hong Kong Polytechnic University;[Author_2]:Jeffrey Pittman;[Uni_2]:Memorial University of Newfoundland;[Author_3]:Walid Saffar;[Uni_3]:The Hong Kong Polytechnic University  
[Category]:Financial Reporting;[Name]:New revenue recognition and non-GAAP revenue disclosures: evidence from ASC 606;[Author_1]:Bok Baik;[Uni_1]:Seoul National University;[Author_2]:Songyi Han;[Uni_2]:BI Norwegian Business School;[Author_3]:David Park;[Uni_3]:Seoul National University;[Author_4]:Sang Woo Sohn;[Uni_4]:City University of Hong Kong  
[Category]:Financial Reporting;[Name]:Bridging the gap or widening the divide? An investigation into private company accounting comparability and the role of FRS 102;[Author_1]:Stephanie Tiller;[Uni_1]:University of Bristol;[Author_2]:Mark Clatworthy;[Uni_2]:University of Bristol;[Author_3]:Mariano Scapin;[Uni_3]:University of Bristol  
[Category]:Financial Reporting;[Name]:Unlocking environmental, social, and governance risk after IPO share lockups;[Author_1]:Grace Hao;[Uni_1]:University of Texas at Arlington;[Author_2]:Devendra Kale;[Uni_2]:University of Rhode Island;[Author_3]:Sriram Villupuram;[Uni_3]:University of Texas at Arlington  
[Category]:Financial Reporting;[Name]:Spillover of non-financial disclosure mandates on private firms’ investment efficiency;[Author_1]:Nan Deng;[Uni_1]:University of Bristol;[Author_2]:Xi Chen;[Uni_2]:University of Bristol;[Author_3]:Giovanna Michelon;[Uni_3]:University of Padova  
[Category]:Financial Reporting;[Name]:The effect of mandatory carbon disclosures on cross-border innovation collaboration;[Author_1]:Xi Chen;[Uni_1]:University of Bristol;[Author_2]:Xiaoli (Shaolee) Tian;[Uni_2]:McDonough School of Business, Georgetown University;[Author_3]:Yuxiang Zheng;[Uni_3]:Rutgers University;[Author_4]:Zhe (Michael) Guo;[Uni_4]:Iowa State University  
[Category]:Financial Reporting;[Name]:Excess volatility and fair value measurement;[Author_1]:Sarah Kroechert;[Uni_1]:University of Cambridge;[Author_2]:Igor Goncharov;[Uni_2]:Lancaster University"
34,34.0,"Financial Reporting
Thursday, May 28, 11:00-12:30
35
2. Real effects of accounting reporting complexity
Benedikt Plate (University of Bremen)P
Johannes Voshaar (University of Bremen)
Jochen Zimmermann (University of Bremen)
Discussant: Kevin Munch (Kent State University)
3. Firm behavior and stakeholder responses to spring-loaded equity awards
Kevin Munch (Kent State University)P
Lisa Hinson (University of Florida)
Discussant: Sarah Kroechert (University of Cambridge)
FR PSD14 room SB 213
. . . . . . . . . . . . . . . . . . . . . . . . . . . . . . . chaired by: Fangfang Hou (Xiamen University)
1. Discrepancies between disclosure and practice: data sharing in the banking industry
Arion Cheong (Stevens Institute of Technology)
David Wang (DePaul University)P
Yen-Yao Wang (Auburn University)
Ju-Chun Yen (National Central University, Taiwan)
Discussant: Sehwa Kim (Columbia University)
2. Customer-facing technologies and banks’ macroeconomic information production: evidence from loan
loss provisions
Wilbur Chen (The Hong Kong University of Science and Technology)
Sehwa Kim (Columbia University)P
Jung Koo Kang (Harvard Business School)
Ling Lin (Harvard Business School)
Discussant: Lukas Obernauer (Vienna University of Economics and Business)
3. Regulatory and voluntary reporting interactions under Solvency II
Madeline Kalista (Vienna University of Economics and Business)
Zoltán Novotny-Farkas (Vienna University of Economics and Business)
Lukas Obernauer (Vienna University of Economics and Business)P
Discussant: David Wang (DePaul University)
FR PSD26 room SB 236
. chaired by: Ke Liao (University of Electronic Science and Technology of China)
1. Firm political alignment: measurement and effects
Jenny Li Zhang (The University of British Columbia)P
Ping Jiang (University of International Business and Economics)
Jing Li (Simon Fraser University)
Minjia Li (University of Alberta)
Discussant: Wenxia Ge (University of Ottawa)
2. Government procurement and tax uncertainty
Wenxia Ge (University of Ottawa)P
Lizhi Luo (University of Ottawa)
Tiemei (Sarah) Li (University of Ottawa)
Discussant: Jørn Anders Bjørhovde (The Arctic University of Norway)
3. Political costs and windfall profits in a politically sensitive industry
Jørn Anders Bjørhovde (The Arctic University of Norway)P
Discussant: Jenny Li Zhang (The University of British Columbia)
FR PS09 room SB 239
. . . . . . . . . . . . . . . . . . . . . . . . . . . . . . chaired by: Jonathan Berkovitch (Luiss University)
1. Rollover risk, earnings informativeness, and credit disclosure in capital structure decisions
Li-Yu Chen (National Sun Yat-sen University)P","[Category]:Financial Reporting;[Name]:Real effects of accounting reporting complexity;[Author_1]:Benedikt Plate;[Uni_1]:University of Bremen;[Author_2]:Johannes Voshaar;[Uni_2]:University of Bremen;[Author_3]:Jochen Zimmermann;[Uni_3]:University of Bremen;[Author_4]:;[Uni_4]:;[Author_5]:;[Uni_5]:  
[Category]:Financial Reporting;[Name]:Firm behavior and stakeholder responses to spring-loaded equity awards;[Author_1]:Kevin Munch;[Uni_1]:Kent State University;[Author_2]:Lisa Hinson;[Uni_2]:University of Florida;[Author_3]:;[Uni_3]:;[Author_4]:;[Uni_4]:;[Author_5]:;[Uni_5]:  
[Category]:Financial Reporting;[Name]:Discrepancies between disclosure and practice: data sharing in the banking industry;[Author_1]:Arion Cheong;[Uni_1]:Stevens Institute of Technology;[Author_2]:David Wang;[Uni_2]:DePaul University;[Author_3]:Yen-Yao Wang;[Uni_3]:Auburn University;[Author_4]:Ju-Chun Yen;[Uni_4]:National Central University, Taiwan;[Author_5]:;[Uni_5]:  
[Category]:Financial Reporting;[Name]:Customer-facing technologies and banks’ macroeconomic information production: evidence from loan loss provisions;[Author_1]:Wilbur Chen;[Uni_1]:The Hong Kong University of Science and Technology;[Author_2]:Sehwa Kim;[Uni_2]:Columbia University;[Author_3]:Jung Koo Kang;[Uni_3]:Harvard Business School;[Author_4]:Ling Lin;[Uni_4]:Harvard Business School;[Author_5]:;[Uni_5]:  
[Category]:Financial Reporting;[Name]:Regulatory and voluntary reporting interactions under Solvency II;[Author_1]:Madeline Kalista;[Uni_1]:Vienna University of Economics and Business;[Author_2]:Zoltán Novotny-Farkas;[Uni_2]:Vienna University of Economics and Business;[Author_3]:Lukas Obernauer;[Uni_3]:Vienna University of Economics and Business;[Author_4]:;[Uni_4]:;[Author_5]:;[Uni_5]:  
[Category]:Financial Reporting;[Name]:Firm political alignment: measurement and effects;[Author_1]:Jenny Li Zhang;[Uni_1]:The University of British Columbia;[Author_2]:Ping Jiang;[Uni_2]:University of International Business and Economics;[Author_3]:Jing Li;[Uni_3]:Simon Fraser University;[Author_4]:Minjia Li;[Uni_4]:University of Alberta;[Author_5]:;[Uni_5]:  
[Category]:Financial Reporting;[Name]:Government procurement and tax uncertainty;[Author_1]:Wenxia Ge;[Uni_1]:University of Ottawa;[Author_2]:Lizhi Luo;[Uni_2]:University of Ottawa;[Author_3]:Tiemei (Sarah) Li;[Uni_3]:University of Ottawa;[Author_4]:;[Uni_4]:;[Author_5]:;[Uni_5]:  
[Category]:Financial Reporting;[Name]:Political costs and windfall profits in a politically sensitive industry;[Author_1]:Jørn Anders Bjørhovde;[Uni_1]:The Arctic University of Norway;[Author_2]:;[Uni_2]:;[Author_3]:;[Uni_3]:;[Author_4]:;[Uni_4]:;[Author_5]:;[Uni_5]:  
[Category]:Financial Reporting;[Name]:Rollover risk, earnings informativeness, and credit disclosure in capital structure decisions;[Author_1]:Li-Yu Chen;[Uni_1]:National Sun Yat-sen University;[Author_2]:;[Uni_2]:;[Author_3]:;[Uni_3]:;[Author_4]:;[Uni_4]:;[Author_5]:;[Uni_5]:"
35,35.0,"36
Financial Reporting
Thursday, May 28, 14:00-15:30
2. Ownership structure and firm performance under adverse conditions with prospect theory perspective:
evidence from South Korea
Na Kang (Hankyong National University)
Hyunpyo Kim (Shippensburg University of Pennsylvania)P
3. Valuation convexity and the pricing of earnings news: evidence on delayed information integration
Omri Even-Tov (University of California Berkeley)
Qinglu Jin (Shanghai University of Finance and Economics)
Yuchao Jin (Shanghai University of Finance and Economics)
Guochang Zhang (The University of Hong Kong)P
FR PS11 room SB 306
. . . . . . . . . . . . . . . . . . . . . . . . . . . . . chaired by: Hafez Abdo (University of Nottingham)
1. The policy to expand the number of voluntary adopters to internalize threats
Ogata Kensuke (Osaka Metropolitan University)P
2. Artificial intelligence and IFRS application: a proposal for a competency-based expert assessment method
Massimo Albanese (University of Genoa)P
Alberto Quagli (University of Genoa)
Paola Ramassa (University of Genoa)
3. The travel of ideas in standard setting
Julia Morley (University College London)P
Michael Power (affiliation not provided)
Thursday, May 28, 14:00-15:30
FR PSD08 room RB 209
. . . . . . . . . . . . . . . . . . chaired by: Lemonia Marina Rempoutsika (Open University)
1. Determinants of short-term debt in private firms: a return to fundamentals
Massimiliano Bonacchi (Free University of Bozen)
Fabio Ciaponi (Università dell’Aquila)
Luca Menicacci (Free University of Bozen)P
Discussant: Xingyu Huang (Zhongnan University of Economics and Law)
2. Do private lenders learn from disclosed loan contracts?
Xingyu Huang (Zhongnan University of Economics and Law)P
Discussant: Dushyantkumar Vyas (University of Toronto)
3. Out-of-court public debt restructuring and debtholder-focused investor communication
Dushyantkumar Maheshkumar Vyas (University of Toronto)P
Stacey Choy (University of Illinois Urbana-Champaign)
Christin Liu (Bentley University)
Discussant: Luca Menicacci (Free University of Bozen)
FR PSD15 room SB 240
. . . . . . . . . . . . . . . . chaired by: Ekaete Efretuei (Liverpool John Moores University)
1. Managerial learning from public acknowledgment of failure via financial reporting: evidence from goodwill
impairments
John Campbell (University of Georgia)
Sandip Dhole (Monash University)
Satish Sahoo (City University of Hong Kong)
Zhixi Shi (INSEAD)P
Discussant: Jongha Kim (University of Texas at Dallas)","[Category]:Financial Reporting;[Name]:Ownership structure and firm performance under adverse conditions with prospect theory perspective: evidence from South Korea;[Author_1]:Na Kang;[Uni_1]:Hankyong National University;[Author_2]:Hyunpyo Kim;[Uni_2]:Shippensburg University of Pennsylvania  
[Category]:Financial Reporting;[Name]:Valuation convexity and the pricing of earnings news: evidence on delayed information integration;[Author_1]:Omri Even-Tov;[Uni_1]:University of California Berkeley;[Author_2]:Qinglu Jin;[Uni_2]:Shanghai University of Finance and Economics;[Author_3]:Yuchao Jin;[Uni_3]:Shanghai University of Finance and Economics;[Author_4]:Guochang Zhang;[Uni_4]:The University of Hong Kong  
[Category]:Financial Reporting;[Name]:The policy to expand the number of voluntary adopters to internalize threats;[Author_1]:Ogata Kensuke;[Uni_1]:Osaka Metropolitan University  
[Category]:Financial Reporting;[Name]:Artificial intelligence and IFRS application: a proposal for a competency-based expert assessment method;[Author_1]:Massimo Albanese;[Uni_1]:University of Genoa;[Author_2]:Alberto Quagli;[Uni_2]:University of Genoa;[Author_3]:Paola Ramassa;[Uni_3]:University of Genoa  
[Category]:Financial Reporting;[Name]:The travel of ideas in standard setting;[Author_1]:Julia Morley;[Uni_1]:University College London;[Author_2]:Michael Power;[Uni_2]:affiliation not provided  
[Category]:Financial Reporting;[Name]:Determinants of short-term debt in private firms: a return to fundamentals;[Author_1]:Massimiliano Bonacchi;[Uni_1]:Free University of Bozen;[Author_2]:Fabio Ciaponi;[Uni_2]:Università dell’Aquila;[Author_3]:Luca Menicacci;[Uni_3]:Free University of Bozen  
[Category]:Financial Reporting;[Name]:Do private lenders learn from disclosed loan contracts?;[Author_1]:Xingyu Huang;[Uni_1]:Zhongnan University of Economics and Law  
[Category]:Financial Reporting;[Name]:Out-of-court public debt restructuring and debtholder-focused investor communication;[Author_1]:Dushyantkumar Maheshkumar Vyas;[Uni_1]:University of Toronto;[Author_2]:Stacey Choy;[Uni_2]:University of Illinois Urbana-Champaign;[Author_3]:Christin Liu;[Uni_3]:Bentley University  
[Category]:Financial Reporting;[Name]:Managerial learning from public acknowledgment of failure via financial reporting: evidence from goodwill impairments;[Author_1]:John Campbell;[Uni_1]:University of Georgia;[Author_2]:Sandip Dhole;[Uni_2]:Monash University;[Author_3]:Satish Sahoo;[Uni_3]:City University of Hong Kong;[Author_4]:Zhixi Shi;[Uni_4]:INSEAD"
36,36.0,"Financial Reporting
Thursday, May 28, 14:00-15:30
37
2. When shorts go public: mandatory short position disclosure and management guidance
Jongha Kim (University of Texas at Dallas)P
Ashiq Ali (University of Texas at Dallas)
Jedson Pinto (University of Texas at Dallas)
Edward Sul (George Washington University)
Discussant: Tim Martens (Bocconi University)
3. Patent disclosures and capital market feedback: evidence from AIPA
Tim Martens (Bocconi University)P
Yiyang Wu (Bocconi University)
Wanli Zhao (Bocconi University)
Discussant: Sandip Dhole (Monash University)
FR PSD19 room SB 213
. . . . . . . . . . . . . chaired by: Jie Gao (Macau University of Science and Technology)
1. Disclosing barriers: the deterrence effects of voluntary capital expenditure disclosures
Caleb Rawson (University of Arkansas)P
Jesse Glaze (University of Texas El Paso)
Discussant: Chao Yan (Ghent University)
2. When dissimilar items get grouped together: real effects of aggregating government subsidies with operating
income
Feng Chen (University of Toronto)
Wei Shi (Deakin University)
Chao Yan (Ghent University)P
Ziyi Zhang (Polyu)
Discussant: Fabio da Costa (University of Iowa)
3. The effects of eliminating the distinction between operating and finance leases on analysts’ processing
costs and price responsiveness
Fabio da Costa (University of Iowa)P
Paul Hribar (Henry B. Tippie College of Business, The University of Iowa)
Samuel Tiras (Indiana University)
Discussant: Caleb Rawson (University of Arkansas)
FR PSD21 room SB 236
. . . . . . . . . . . . . . . . . . . chaired by: Oveis Madadian (IESEG School of Management)
1. Topic labeling using large language models
Olga Bogachek (Free University of Bozen)P
Discussant: Sebastian Oelrich (Aarhus University)
2. When disclosing effective compliance backfires: evidence from experiments with retail investors and
preparers
Christian Friedrich (University of Mannheim)
Sebastian Oelrich (Aarhus University)P
Discussant: Olga Bogachek (Free University of Bozen)
3. Accounting measurement error under IFRS and US GAAP
Janik Wecks (University of Bremen)P
Discussant: Ali Awad (University of Glasgow)","[Category]:Financial Reporting;[Name]:When shorts go public: mandatory short position disclosure and management guidance;[Author_1]:Jongha Kim;[Uni_1]:University of Texas at Dallas;[Author_2]:Ashiq Ali;[Uni_2]:University of Texas at Dallas;[Author_3]:Jedson Pinto;[Uni_3]:University of Texas at Dallas;[Author_4]:Edward Sul;[Uni_4]:George Washington University  
[Category]:Financial Reporting;[Name]:Patent disclosures and capital market feedback: evidence from AIPA;[Author_1]:Tim Martens;[Uni_1]:Bocconi University;[Author_2]:Yiyang Wu;[Uni_2]:Bocconi University;[Author_3]:Wanli Zhao;[Uni_3]:Bocconi University  
[Category]:Financial Reporting;[Name]:Disclosing barriers: the deterrence effects of voluntary capital expenditure disclosures;[Author_1]:Caleb Rawson;[Uni_1]:University of Arkansas;[Author_2]:Jesse Glaze;[Uni_2]:University of Texas El Paso  
[Category]:Financial Reporting;[Name]:When dissimilar items get grouped together: real effects of aggregating government subsidies with operating income;[Author_1]:Feng Chen;[Uni_1]:University of Toronto;[Author_2]:Wei Shi;[Uni_2]:Deakin University;[Author_3]:Chao Yan;[Uni_3]:Ghent University;[Author_4]:Ziyi Zhang;[Uni_4]:Polyu  
[Category]:Financial Reporting;[Name]:The effects of eliminating the distinction between operating and finance leases on analysts’ processing costs and price responsiveness;[Author_1]:Fabio da Costa;[Uni_1]:University of Iowa;[Author_2]:Paul Hribar;[Uni_2]:Henry B. Tippie College of Business, The University of Iowa;[Author_3]:Samuel Tiras;[Uni_3]:Indiana University  
[Category]:Financial Reporting;[Name]:Topic labeling using large language models;[Author_1]:Olga Bogachek;[Uni_1]:Free University of Bozen  
[Category]:Financial Reporting;[Name]:When disclosing effective compliance backfires: evidence from experiments with retail investors and preparers;[Author_1]:Christian Friedrich;[Uni_1]:University of Mannheim;[Author_2]:Sebastian Oelrich;[Uni_2]:Aarhus University  
[Category]:Financial Reporting;[Name]:Accounting measurement error under IFRS and US GAAP;[Author_1]:Janik Wecks;[Uni_1]:University of Bremen"
37,37.0,"38
Financial Reporting
Thursday, May 28, 16:00-17:30
FR PSD25 room SB 239
. . . . . . . . . . . . . . . . . chaired by: Neil Bhattacharya (Southern Methodist University)
1. Dare to say no? Externalities of employee employment protection on financial misreporting
Jackie Zeyang Ju (University of Kentucky)
Chan Li (University of Kansas)
Hong Xie (University of Kentucky)P
Discussant: Martin Zafiryadis (Copenhagen Business School)
2. Availability of financial reporting and labor market outcomes
Martin Zafiryadis (Copenhagen Business School)P
Jeppe Christoffersen (Copenhagen Business School)
Discussant: Khadija Almaghrabi (King Abdulaziz University)
3. Product market failure and the quality of corporate disclosure: legitimacy versus litigation concerns
Khadija Almaghrabi (King Abdulaziz University)P
Discussant: Hong Xie (University of Kentucky)
FR PS28 room SB 306
. . . . . . . . . . . . . . . . . . . . . . . . . . . . . . . chaired by: Sirui Wu (Xi’an Jiaotong University)
1. Cash flow management under distress: evidence from Chapter 11 filings
Mario Daniele (Università Cattolica del Sacro Cuore)P
Davide Arrighi (Università Cattolica del Sacro Cuore)
Angela Pettinicchio (Università Cattolica del Sacro Cuore)
2. Affirmations of compliance with IFRS: a study of financial statements and audit reports
Christopher Nobes (Royal Holloway University of London)P
Christian Stadler (London University / Royal Holloway)
Stephen Zeff (Rice University)
3. Comparability of level 3 fair value disclosures
Weitzu Chen (National Taipei University)
Chi-Hsien Lin (National Taipei University)
Yuan-Tang Tsai (National Taipei University)P
Tzu-Cheng Peng (National Taiwan University)
Thursday, May 28, 16:00-17:30
FR PSD04 room RB 209
. . . . . . . . . . . . . . . . . . . . . . . . . . . . . . . chaired by: Sandip Dhole (Monash University)
1. Do mandatory changes in disclosure frequency affect information provision by other market participants?
Evidence from the SEC regulation of mutual fund portfolio disclosure
Fangfang Hou (Xiamen University)
Songyi Han (BI Norwegian Business School)
Tharindra Ranasinghe (American University)P
Discussant: Chunqiu Zhang (Fudan University)
2. Strategic narratives: mutual fund managers’ commentaries and fund flows
Chunqiu Zhang (Fudan University)P
Shufang Lai (Shanghaitech University)
Ziyi Zhang (Southern University of Science And Technology)
Discussant: Brianna Camila de la Osa (University of Miami)
3. Coming up short: limits to arbitrage for shareholder activism in non-US firms
Brianna de la Osa (University of Miami)P
Mark Maffett (University of Miami)
Discussant: Fangfang Hou (Xiamen University)","[Category]:Financial Reporting;[Name]:Dare to say no? Externalities of employee employment protection on financial misreporting;[Author_1]:Jackie Zeyang Ju;[Uni_1]:University of Kentucky;[Author_2]:Chan Li;[Uni_2]:University of Kansas;[Author_3]:Hong Xie;[Uni_3]:University of Kentucky;[Author_4]:;[Uni_4]:;[Author_5]:;[Uni_5]:  
[Category]:Financial Reporting;[Name]:Availability of financial reporting and labor market outcomes;[Author_1]:Martin Zafiryadis;[Uni_1]:Copenhagen Business School;[Author_2]:Jeppe Christoffersen;[Uni_2]:Copenhagen Business School;[Author_3]:;[Uni_3]:;[Author_4]:;[Uni_4]:;[Author_5]:;[Uni_5]:  
[Category]:Financial Reporting;[Name]:Product market failure and the quality of corporate disclosure: legitimacy versus litigation concerns;[Author_1]:Khadija Almaghrabi;[Uni_1]:King Abdulaziz University;[Author_2]:;[Uni_2]:;[Author_3]:;[Uni_3]:;[Author_4]:;[Uni_4]:;[Author_5]:;[Uni_5]:  
[Category]:Financial Reporting;[Name]:Cash flow management under distress: evidence from Chapter 11 filings;[Author_1]:Mario Daniele;[Uni_1]:Università Cattolica del Sacro Cuore;[Author_2]:Davide Arrighi;[Uni_2]:Università Cattolica del Sacro Cuore;[Author_3]:Angela Pettinicchio;[Uni_3]:Università Cattolica del Sacro Cuore;[Author_4]:;[Uni_4]:;[Author_5]:;[Uni_5]:  
[Category]:Financial Reporting;[Name]:Affirmations of compliance with IFRS: a study of financial statements and audit reports;[Author_1]:Christopher Nobes;[Uni_1]:Royal Holloway University of London;[Author_2]:Christian Stadler;[Uni_2]:London University / Royal Holloway;[Author_3]:Stephen Zeff;[Uni_3]:Rice University;[Author_4]:;[Uni_4]:;[Author_5]:;[Uni_5]:  
[Category]:Financial Reporting;[Name]:Comparability of level 3 fair value disclosures;[Author_1]:Weitzu Chen;[Uni_1]:National Taipei University;[Author_2]:Chi-Hsien Lin;[Uni_2]:National Taipei University;[Author_3]:Yuan-Tang Tsai;[Uni_3]:National Taipei University;[Author_4]:Tzu-Cheng Peng;[Uni_4]:National Taiwan University;[Author_5]:;[Uni_5]:  
[Category]:Financial Reporting;[Name]:Do mandatory changes in disclosure frequency affect information provision by other market participants? Evidence from the SEC regulation of mutual fund portfolio disclosure;[Author_1]:Fangfang Hou;[Uni_1]:Xiamen University;[Author_2]:Songyi Han;[Uni_2]:BI Norwegian Business School;[Author_3]:Tharindra Ranasinghe;[Uni_3]:American University;[Author_4]:;[Uni_4]:;[Author_5]:;[Uni_5]:  
[Category]:Financial Reporting;[Name]:Strategic narratives: mutual fund managers’ commentaries and fund flows;[Author_1]:Chunqiu Zhang;[Uni_1]:Fudan University;[Author_2]:Shufang Lai;[Uni_2]:Shanghaitech University;[Author_3]:Ziyi Zhang;[Uni_3]:Southern University of Science And Technology;[Author_4]:;[Uni_4]:;[Author_5]:;[Uni_5]:  
[Category]:Financial Reporting;[Name]:Coming up short: limits to arbitrage for shareholder activism in non-US firms;[Author_1]:Brianna de la Osa;[Uni_1]:University of Miami;[Author_2]:Mark Maffett;[Uni_2]:University of Miami;[Author_3]:;[Uni_3]:;[Author_4]:;[Uni_4]:;[Author_5]:;[Uni_5]:"
38,38.0,"Financial Reporting
Thursday, May 28, 16:00-17:30
39
FR PSD22 room SB 240
. . . . . . . . . . . . . . . . . . . . . . . chaired by: Changjiang Wang (University of Cincinnati)
1. Reducing cyber risk: the impact of strengthened governance disclosure regulation
Alexander Neumann (University of Queensland)
Sergeja Slapnicar (University of Queensland)P
Vanitha Ragunathan (University of Queensland)
Discussant: Rui Duan (McMaster University)
2. Clarity after crisis: data breaches and obfuscation in conference calls
Rui Duan (McMaster University)P
Discussant: Kostas Pappas (University of Liverpool)
3. From comments to policy: AI-assisted analysis of stakeholder responses to the SEC’s climate disclosure
proposal
Kostas Pappas (University of Liverpool)P
Alice Liang Xu (University of Manchester)
Discussant: Sergeja Slapnicar (University of Queensland)
FR PS03 room SB 213
. . . . . . . . . . . . . . . . chaired by: Zhaoyang Gu (The Chinese University of Hong Kong)
1. Business complexity and non-GAAP earnings disclosure
Mohammad Hendijani Zadeh (North Carolina A&T State University)P
2. Do supplier non-GAAP earnings disclosures matter to major customers?
Chih-Liang Liu (National Yang Ming Chiao Tung University)
Shu-Miao Lai (National Taiwan Ocean University)P
Edoardo Nesi (ISEG Lisbon School of Economics & Management)
3. Fooled by the face? Headline GAAP, core earnings, and cost of debt
Wanyun Li (Xiamen University)P
Christofer Adrian (Monash University)
Cameron Truong (Monash University)
Stanley Choi (Queensland University of Technology)
FR PS06 room SB 236
. . . . . . . . . . . . . . . . . . . . . . . . . chaired by: Millicent Chang (University of Wollongong)
1. An empirical examination of the role of analysts’ information in managers’ voluntary disclosures
Somnath Das (University of Illinois Chicago)P
Shibao Liu (University of Illinois Chicago)
2. The market informativeness of analyst forecasts in family firms
Leonidas Doukakis (Athens University of Economics and Business)P
Olga Chara Pavlopoulou (Athens University of Economics and Business)
Afroditi Papadaki (Athens University of Economics and Business)
3. Silence at the top - when CEOs can’t make it to the earnings call
Niclas Hoehne (University of Cologne)P
Maximilian A. Müller (University of Cologne)
Caspar Peter (Erasmus University Rotterdam)
FR PS19 room SB 239
. . . . . . . . . . . . . . . . . . . . . . . . . . . . . . . chaired by: Michele Oppioli (University of Pavia)
1. Sentiment of accounting and overall content in a chair’s statement – electricity supply board of Ireland,
1927-2023
Bibek Bhatta (Queen’s Univeristy Belfast)
Martin Quinn (affiliation not provided)
Alonso Moreno (University of Jaén)P
Bríd Murphy (Dublin City University)","[Category]:Financial Reporting;[Name]:Reducing cyber risk: the impact of strengthened governance disclosure regulation;[Author_1]:Alexander Neumann;[Uni_1]:University of Queensland;[Author_2]:Sergeja Slapnicar;[Uni_2]:University of Queensland;[Author_3]:Vanitha Ragunathan;[Uni_3]:University of Queensland  
[Category]:Financial Reporting;[Name]:Clarity after crisis: data breaches and obfuscation in conference calls;[Author_1]:Rui Duan;[Uni_1]:McMaster University  
[Category]:Financial Reporting;[Name]:From comments to policy: AI-assisted analysis of stakeholder responses to the SEC’s climate disclosure proposal;[Author_1]:Kostas Pappas;[Uni_1]:University of Liverpool;[Author_2]:Alice Liang Xu;[Uni_2]:University of Manchester  
[Category]:Financial Reporting;[Name]:Business complexity and non-GAAP earnings disclosure;[Author_1]:Mohammad Hendijani Zadeh;[Uni_1]:North Carolina A&T State University  
[Category]:Financial Reporting;[Name]:Do supplier non-GAAP earnings disclosures matter to major customers?;[Author_1]:Chih-Liang Liu;[Uni_1]:National Yang Ming Chiao Tung University;[Author_2]:Shu-Miao Lai;[Uni_2]:National Taiwan Ocean University;[Author_3]:Edoardo Nesi;[Uni_3]:ISEG Lisbon School of Economics & Management  
[Category]:Financial Reporting;[Name]:Fooled by the face? Headline GAAP, core earnings, and cost of debt;[Author_1]:Wanyun Li;[Uni_1]:Xiamen University;[Author_2]:Christofer Adrian;[Uni_2]:Monash University;[Author_3]:Cameron Truong;[Uni_3]:Monash University;[Author_4]:Stanley Choi;[Uni_4]:Queensland University of Technology  
[Category]:Financial Reporting;[Name]:An empirical examination of the role of analysts’ information in managers’ voluntary disclosures;[Author_1]:Somnath Das;[Uni_1]:University of Illinois Chicago;[Author_2]:Shibao Liu;[Uni_2]:University of Illinois Chicago  
[Category]:Financial Reporting;[Name]:The market informativeness of analyst forecasts in family firms;[Author_1]:Leonidas Doukakis;[Uni_1]:Athens University of Economics and Business;[Author_2]:Olga Chara Pavlopoulou;[Uni_2]:Athens University of Economics and Business;[Author_3]:Afroditi Papadaki;[Uni_3]:Athens University of Economics and Business  
[Category]:Financial Reporting;[Name]:Silence at the top - when CEOs can’t make it to the earnings call;[Author_1]:Niclas Hoehne;[Uni_1]:University of Cologne;[Author_2]:Maximilian A. Müller;[Uni_2]:University of Cologne;[Author_3]:Caspar Peter;[Uni_3]:Erasmus University Rotterdam  
[Category]:Financial Reporting;[Name]:Sentiment of accounting and overall content in a chair’s statement – electricity supply board of Ireland, 1927-2023;[Author_1]:Bibek Bhatta;[Uni_1]:Queen’s University Belfast;[Author_2]:Martin Quinn;[Uni_2]:affiliation not provided;[Author_3]:Alonso Moreno;[Uni_3]:University of Jaén;[Author_4]:Bríd Murphy;[Uni_4]:Dublin City University"
39,39.0,"40
Financial Reporting
Friday, May 29, 09:00-10:30
2. Connectivity in corporate reporting: evidence from the field
Maximilian Terboven (University of Cologne)P
Maximilian A. Müller (University of Cologne)
3. Accounting for crypto assets: navigating recognition uncertainty and its implications for users
Ronita Ram (University of Reading)P
Matthew Egan (University of Sydney)
Kaiying Ji (The University of Sydney)
FR PS29 room SB 306
. . . . . . . . . . . . . . . . . . . . chaired by: Kees Camfferman (Vrije Universiteit Amsterdam)
1. Generative AI, investor composition, and information barriers
Encarna Guillamon Saorin (Universidad Carlos III de Madrid)P
María Gutierrez Urtiaga (Universidad Carlos III de Madrid)
Rongyi Yao (Universidad Carlos Iii de Madrid (Q2818029g))
2. Corporate cryptocurrency holdings and analysts’ forecasting environment
Yi Huang (University of Bristol)
Adriana Korczak (University of Bristol)
Nikolaos Tsileponis (University of Bristol)P
3. Top management team and litigation loss contingency disclosures: evidence from Taiwan
Yu-Fang Chu (National Taiwan University)P
Hsin-Yi Huang (National Cheng Kung University)
Sin Chen (National Cheng Kung University)
Friday, May 29, 09:00-10:30
FR PSD03 room RB 209
. . . . . . . . . . . . . . . . . . chaired by: Ling Lin Harris (University of Nebraska–Lincoln)
1. Bank monitoring of borrowers and borrowers’ investment efficiency: evidence from the switch to the
expected credit loss model
Muhabie Mekonnen Mengistu (University of Wollongong)P
Jeffrey Ng (The University of Hong Kong)
Walid Saffar (The Hong Kong Polytechnic University)
Janus Jian Zhang (Hong Kong Baptist University)
Discussant: Zoltán Novotny-Farkas (Vienna University of Economics and Business)
2. IFRS 9 under stress: loan loss provisioning, prudential regulation, and procyclicality
Zoltán Novotny-Farkas (Vienna University of Economics and Business)P
Romain Oberson (IESEG School of Management)
Elisabeth Carina Renner (Vienna University of Economics and Business)
Discussant: Muhabie Mekonnen Mengistu (University of Wollongong in Dubai)
FR PSD12 room SB 240
. . . . . . . . . . . . . . . . . . . . . . . chaired by: Surjit Tinaikar (University of Massachusetts)
1. Virtual analyst private meetings
An-Ping Lin (Singapore Management University)P
Yajing Tian (Singapore Management University)
Xia Chen (Singapore Management University)
Discussant: Jae Bum Kim (Lehigh University)
2. Firms’ use of derivatives in a fragmented regulatory landscape
Jae Bum Kim (Lehigh University)P
Discussant: Yujie Song (Wenzhou-Kean University)","[Category]:Financial Reporting;[Name]:Connectivity in corporate reporting: evidence from the field;[Author_1]:Maximilian Terboven;[Uni_1]:University of Cologne;[Author_2]:Maximilian A. Müller;[Uni_2]:University of Cologne  
[Category]:Financial Reporting;[Name]:Accounting for crypto assets: navigating recognition uncertainty and its implications for users;[Author_1]:Ronita Ram;[Uni_1]:University of Reading;[Author_2]:Matthew Egan;[Uni_2]:University of Sydney;[Author_3]:Kaiying Ji;[Uni_3]:The University of Sydney  
[Category]:Financial Reporting;[Name]:Generative AI, investor composition, and information barriers;[Author_1]:Encarna Guillamon Saorin;[Uni_1]:Universidad Carlos III de Madrid;[Author_2]:María Gutierrez Urtiaga;[Uni_2]:Universidad Carlos III de Madrid;[Author_3]:Rongyi Yao;[Uni_3]:Universidad Carlos Iii de Madrid (Q2818029g)  
[Category]:Financial Reporting;[Name]:Corporate cryptocurrency holdings and analysts’ forecasting environment;[Author_1]:Yi Huang;[Uni_1]:University of Bristol;[Author_2]:Adriana Korczak;[Uni_2]:University of Bristol;[Author_3]:Nikolaos Tsileponis;[Uni_3]:University of Bristol  
[Category]:Financial Reporting;[Name]:Top management team and litigation loss contingency disclosures: evidence from Taiwan;[Author_1]:Yu-Fang Chu;[Uni_1]:National Taiwan University;[Author_2]:Hsin-Yi Huang;[Uni_2]:National Cheng Kung University;[Author_3]:Sin Chen;[Uni_3]:National Cheng Kung University  
[Category]:Financial Reporting;[Name]:Bank monitoring of borrowers and borrowers’ investment efficiency: evidence from the switch to the expected credit loss model;[Author_1]:Muhabie Mekonnen Mengistu;[Uni_1]:University of Wollongong;[Author_2]:Jeffrey Ng;[Uni_2]:The University of Hong Kong;[Author_3]:Walid Saffar;[Uni_3]:The Hong Kong Polytechnic University;[Author_4]:Janus Jian Zhang;[Uni_4]:Hong Kong Baptist University  
[Category]:Financial Reporting;[Name]:IFRS 9 under stress: loan loss provisioning, prudential regulation, and procyclicality;[Author_1]:Zoltán Novotny-Farkas;[Uni_1]:Vienna University of Economics and Business;[Author_2]:Romain Oberson;[Uni_2]:IESEG School of Management;[Author_3]:Elisabeth Carina Renner;[Uni_3]:Vienna University of Economics and Business  
[Category]:Financial Reporting;[Name]:Virtual analyst private meetings;[Author_1]:An-Ping Lin;[Uni_1]:Singapore Management University;[Author_2]:Yajing Tian;[Uni_2]:Singapore Management University;[Author_3]:Xia Chen;[Uni_3]:Singapore Management University  
[Category]:Financial Reporting;[Name]:Firms’ use of derivatives in a fragmented regulatory landscape;[Author_1]:Jae Bum Kim;[Uni_1]:Lehigh University"
40,40.0,"Financial Reporting
Friday, May 29, 09:00-10:30
41
3. The attention shakeout: financial analysts and the concentration of technology narratives
Yujie Song (Wenzhou-Kean University)P
Discussant: An-Ping Lin (Singapore Management University)
FR PSD18 room SB 213
. . . . . . . . . . . . . . . . . . chaired by: Warrick van Zyl (University of Western Australia)
1. Accounting for climate change: to what extent are climate change risks integrated into the financial
statements of oil, gas, and coal companies?
Hafez Abdo (University of Nottingham)P
Freeman Owusu (Loughborough University)
Duncan Angwin (University College London)
Discussant: Angelos Angelakis (University of Vienna)
2. Exploring the economic consequences of IAS 38 on management decision-making in R&D investments
under real earnings management spectrum
Angelos Angelakis (University of Vienna)P
Jim Haslam (Durham University)
Discussant: Elisabetta Mafrolla (University of Foggia)
3. Crypto confessions: the digital transition of risk disclosure
Elisabetta Mafrolla (University of Foggia)P
Maria Ricci (University of Foggia)
Discussant: Hafez Abdo (University of Nottingham)
FR PS02 room SB 236
. . . . . . . . . . . . . . . . . . . . . . . . chaired by: Andrei Filip (IESEG School of Management)
1. Does government subsidy above or below operating income matter to investors? Evidence from Chinese
Accounting Standard no.16
Qiang Wu (The Hong Kong Polytechnic University)P
Cheng Zeng (The Hong Kong Polytechnic University)
Yani Li (Central University of Finance And Economics)
2. Reporting information systems in a dynamic regulatory environment: generalized assurance risk and
relative quality of ESG reporting
Liang Fu (Oakland University)P
Seong Yeon Cho (Oakland University)
Yin Yu-Thompson (Oakland University)
Joseph Callaghan (Oakland University)
3. The impact of mandatory sustainability reporting on the quality of financial reporting
Alessandro Mura (University of Cagliari)P
Viviana Ecca (University of Cagliari)
Francesco Vallascas (Durham University)
FR PS18 room SB 239
. . . . . . . . . . . . . . . . . . . . . . . . . . . . . . chaired by: Patrick E Hopkins (Indiana University)
1. Anticipating IFRS 18: how do income statement disaggregation and management performance measures
affect investor judgments?
Sabine Graschitz (Johannes Kepler University Linz)P
Nadine Georgiou (University of Innsbruck)
2. Regulatory intensity and non-GAAP earnings disclosure
Haowen Deng (The Hong Kong Polytechnic University)P
3. GAAP or non-GAAP - German investors’ perception g(a)ap in evaluating annual reports
Celine Daute (TU Dortmund University)P
Christiane Pott (TU Dortmund University)
Fabian Freches (TU Dortmund University)","[Category]:Financial Reporting;[Name]:The attention shakeout: financial analysts and the concentration of technology narratives;[Author_1]:Yujie Song;[Uni_1]:Wenzhou-Kean University;[Author_2]:An-Ping Lin;[Uni_2]:Singapore Management University  
[Category]:Financial Reporting;[Name]:Accounting for climate change: to what extent are climate change risks integrated into the financial statements of oil, gas, and coal companies?;[Author_1]:Hafez Abdo;[Uni_1]:University of Nottingham;[Author_2]:Freeman Owusu;[Uni_2]:Loughborough University;[Author_3]:Duncan Angwin;[Uni_3]:University College London;[Author_4]:Angelos Angelakis;[Uni_4]:University of Vienna  
[Category]:Financial Reporting;[Name]:Exploring the economic consequences of IAS 38 on management decision-making in R&D investments under real earnings management spectrum;[Author_1]:Angelos Angelakis;[Uni_1]:University of Vienna;[Author_2]:Jim Haslam;[Uni_2]:Durham University;[Author_3]:Elisabetta Mafrolla;[Uni_3]:University of Foggia  
[Category]:Financial Reporting;[Name]:Crypto confessions: the digital transition of risk disclosure;[Author_1]:Elisabetta Mafrolla;[Uni_1]:University of Foggia;[Author_2]:Maria Ricci;[Uni_2]:University of Foggia;[Author_3]:Hafez Abdo;[Uni_3]:University of Nottingham  
[Category]:Financial Reporting;[Name]:Does government subsidy above or below operating income matter to investors? Evidence from Chinese Accounting Standard no.16;[Author_1]:Qiang Wu;[Uni_1]:The Hong Kong Polytechnic University;[Author_2]:Cheng Zeng;[Uni_2]:The Hong Kong Polytechnic University;[Author_3]:Yani Li;[Uni_3]:Central University of Finance And Economics  
[Category]:Financial Reporting;[Name]:Reporting information systems in a dynamic regulatory environment: generalized assurance risk and relative quality of ESG reporting;[Author_1]:Liang Fu;[Uni_1]:Oakland University;[Author_2]:Seong Yeon Cho;[Uni_2]:Oakland University;[Author_3]:Yin Yu-Thompson;[Uni_3]:Oakland University;[Author_4]:Joseph Callaghan;[Uni_4]:Oakland University  
[Category]:Financial Reporting;[Name]:The impact of mandatory sustainability reporting on the quality of financial reporting;[Author_1]:Alessandro Mura;[Uni_1]:University of Cagliari;[Author_2]:Viviana Ecca;[Uni_2]:University of Cagliari;[Author_3]:Francesco Vallascas;[Uni_3]:Durham University  
[Category]:Financial Reporting;[Name]:Anticipating IFRS 18: how do income statement disaggregation and management performance measures affect investor judgments?;[Author_1]:Sabine Graschitz;[Uni_1]:Johannes Kepler University Linz;[Author_2]:Nadine Georgiou;[Uni_2]:University of Innsbruck  
[Category]:Financial Reporting;[Name]:Regulatory intensity and non-GAAP earnings disclosure;[Author_1]:Haowen Deng;[Uni_1]:The Hong Kong Polytechnic University  
[Category]:Financial Reporting;[Name]:GAAP or non-GAAP - German investors’ perception g(a)ap in evaluating annual reports;[Author_1]:Celine Daute;[Uni_1]:TU Dortmund University;[Author_2]:Christiane Pott;[Uni_2]:TU Dortmund University;[Author_3]:Fabian Freches;[Uni_3]:TU Dortmund University"
41,41.0,"42
Financial Reporting
Friday, May 29, 11:00-12:30
FR PS30 room SB 306
. . . . . . . . . . . . . . . . . . . . . . . . chaired by: Kin Lo (The University of British Columbia)
1. The impact of ASC 842 on classification shifting
C. S. Agnes Cheng (University of Oklahoma)
Yuedan Geng (University of Science and Technology of China)
Sha Zhao (Oakland University)P
2. Compliance with financial reporting standards and efficiency gains: evidence from ASC 842
Doyeon Kim (The University of Hong Kong)P
3. Organizational capital, advertising-based capital, and information asymmetry
Jessica Kim-Gina (Chapman University)P
Muskan Chawla (The University of British Columbia)
Henry Friedman (UCLA / The Anderson School)
Friday, May 29, 11:00-12:30
FR PSD10 room RB 209
. . . . . . . . . . . . . . . chaired by: Musa Subasi (University of Maryland, College Park)
1. Planned embedded change: a theoretical model from the IFRS Foundation case
Masatsugu Sanada (Kyoto Tachibana University)P
Discussant: Malin Brus (The University of Gothenburg)
2. Fostering, bridging and letting things pass: paths to faithful representation in automated accounting
practice in SMEs
Malin Brus (The University of Gothenburg)P
Discussant: Jan Friedrich (ESCP Business School)
3. Becoming accounting standard-setter: the role of professional networks and identities in shaping careers
Jan Friedrich (ESCP Business School)P
Melanie Grosseastroth (University of Mainz)
Tessa Kunkel (ESCP Business School)
Discussant: Masatsugu Sanada (Kyoto Tachibana University)
FR PSD17 room SB 240
. . . . . . . . . . . . . . . . . . . . . . chaired by: Songyi Han (BI Norwegian Business School)
1. Disclosure regulation and legal form choice
Patricia Breuer (Erasmus University Rotterdam)P
Matteo Merlo (Erasmus University Rotterdam)
Jochen Pierk (Erasmus University Rotterdam)
Discussant: Elena Reck (Ruhr University Bochum)
2. Reporting regulation and market perception
Elena Reck (Ruhr University Bochum)P
Discussant: Stephanie van der Veen (Erasmus University Rotterdam)
3. Substantive regulation and voluntary public disclosure: early evidence from the EU AI Act
Stephanie van der Veen (Erasmus University Rotterdam)P
Discussant: Patricia Breuer (Erasmus University Rotterdam)
FR PS01 room SB 211
. . . . . . . . . . . . . . . . . . . . . . . . . . . . . . chaired by: Seong Yeon Cho (Oakland University)
1. Pay transparency and risk appetite: evidence from mortgage lending decisions
Mengdi Zhang (The Hong Kong Polytechnic University)
Yupeng Lin (National University of Singapore)
Lixin (Nancy) Su (The Hong Kong Polytechnic University)
Zheng Wang (City University of Hong Kong)P
2. Do joint audits enhance financial reporting quality and lending discipline in banks?
Sriniwas Mahapatro (Rochester Institute of Technology)P","[Category]:Financial Reporting;[Name]:The impact of ASC 842 on classification shifting;[Author_1]:C. S. Agnes Cheng;[Uni_1]:University of Oklahoma;[Author_2]:Yuedan Geng;[Uni_2]:University of Science and Technology of China;[Author_3]:Sha Zhao;[Uni_3]:Oakland University;[Author_4]:;[Uni_4]:;[Author_5]:;[Uni_5]:  
[Category]:Financial Reporting;[Name]:Compliance with financial reporting standards and efficiency gains: evidence from ASC 842;[Author_1]:Doyeon Kim;[Uni_1]:The University of Hong Kong;[Author_2]:;[Uni_2]:;[Author_3]:;[Uni_3]:;[Author_4]:;[Uni_4]:;[Author_5]:;[Uni_5]:  
[Category]:Financial Reporting;[Name]:Organizational capital, advertising-based capital, and information asymmetry;[Author_1]:Jessica Kim-Gina;[Uni_1]:Chapman University;[Author_2]:Muskan Chawla;[Uni_2]:The University of British Columbia;[Author_3]:Henry Friedman;[Uni_3]:UCLA / The Anderson School;[Author_4]:;[Uni_4]:;[Author_5]:;[Uni_5]:  
[Category]:Financial Reporting;[Name]:Planned embedded change: a theoretical model from the IFRS Foundation case;[Author_1]:Masatsugu Sanada;[Uni_1]:Kyoto Tachibana University;[Author_2]:;[Uni_2]:;[Author_3]:;[Uni_3]:;[Author_4]:;[Uni_4]:;[Author_5]:;[Uni_5]:  
[Category]:Financial Reporting;[Name]:Fostering, bridging and letting things pass: paths to faithful representation in automated accounting practice in SMEs;[Author_1]:Malin Brus;[Uni_1]:The University of Gothenburg;[Author_2]:;[Uni_2]:;[Author_3]:;[Uni_3]:;[Author_4]:;[Uni_4]:;[Author_5]:;[Uni_5]:  
[Category]:Financial Reporting;[Name]:Becoming accounting standard-setter: the role of professional networks and identities in shaping careers;[Author_1]:Jan Friedrich;[Uni_1]:ESCP Business School;[Author_2]:Melanie Grosseastroth;[Uni_2]:University of Mainz;[Author_3]:Tessa Kunkel;[Uni_3]:ESCP Business School;[Author_4]:;[Uni_4]:;[Author_5]:;[Uni_5]:  
[Category]:Financial Reporting;[Name]:Disclosure regulation and legal form choice;[Author_1]:Patricia Breuer;[Uni_1]:Erasmus University Rotterdam;[Author_2]:Matteo Merlo;[Uni_2]:Erasmus University Rotterdam;[Author_3]:Jochen Pierk;[Uni_3]:Erasmus University Rotterdam;[Author_4]:;[Uni_4]:;[Author_5]:;[Uni_5]:  
[Category]:Financial Reporting;[Name]:Reporting regulation and market perception;[Author_1]:Elena Reck;[Uni_1]:Ruhr University Bochum;[Author_2]:;[Uni_2]:;[Author_3]:;[Uni_3]:;[Author_4]:;[Uni_4]:;[Author_5]:;[Uni_5]:  
[Category]:Financial Reporting;[Name]:Substantive regulation and voluntary public disclosure: early evidence from the EU AI Act;[Author_1]:Stephanie van der Veen;[Uni_1]:Erasmus University Rotterdam;[Author_2]:;[Uni_2]:;[Author_3]:;[Uni_3]:;[Author_4]:;[Uni_4]:;[Author_5]:;[Uni_5]:  
[Category]:Financial Reporting;[Name]:Pay transparency and risk appetite: evidence from mortgage lending decisions;[Author_1]:Mengdi Zhang;[Uni_1]:The Hong Kong Polytechnic University;[Author_2]:Yupeng Lin;[Uni_2]:National University of Singapore;[Author_3]:Lixin (Nancy) Su;[Uni_3]:The Hong Kong Polytechnic University;[Author_4]:Zheng Wang;[Uni_4]:City University of Hong Kong;[Author_5]:;[Uni_5]:  
[Category]:Financial Reporting;[Name]:Do joint audits enhance financial reporting quality and lending discipline in banks?;[Author_1]:Sriniwas Mahapatro;[Uni_1]:Rochester Institute of Technology;[Author_2]:;[Uni_2]:;[Author_3]:;[Uni_3]:;[Author_4]:;[Uni_4]:;[Author_5]:;[Uni_5]:"
42,42.0,"Financial Reporting
Friday, May 29, 11:00-12:30
43
3. Common ownership and non-GAAP reporting
Ruichao Zhu (NEOMA Business School)P
Charles Hsu (The Hong Kong University of Science and Technology)
Han Xiao (Shanghai University of International Business and Economics)
FR PS08 room SB 213
. . . . . . . . . . . . . . . . . . . . . . . . chaired by: Yasmin Kuhlmann (University of Mannheim)
1. Why IFRS 9 could fall in love with regression trees; recognizing provisions for payment defaults
Sabine Böckem (University of Basel)P
2. Information crosschecking: understanding investor reaction to earnings of unknown accuracy
Shai Levi (Tel Aviv University)P
Eti Einhorn (Tel Aviv University)
Noga Abraham (Reichman University)
3. Financial reporting quality within business groups
Laura Arranz-Aperte (University of the Balearic Islands)P
Bartolomé Pascual-Fuster (University of the Balearic Islands)
FR PS14 room SB 236
. . . . . . . . . . . . . . . . chaired by: Juergen Ernstberger (Technical University of Munich)
1. Mandatory non-financial reporting and strategic voluntary disclosure: evidence from an employer review
platform
Karl Kappen (LMU Munich)P
Jan Roessner (LMU Munich)
Inga Meringdal (Goethe University Frankfurt)
2. Demand for sustainability disclosures: evidence from web-tracking data of CSRD reports
Lea Hagemeier (University of Cologne)P
Maximilian A. Müller (University of Cologne)
3. When ESG reporting backfires: evidence on withholding bad news following SASB standards rollout
Amna Chalwati (Saint Mary’s University)P
FR PS20 room SB 239
. . . . . . . . . . . . . . . . . . . . . . . . . . . . chaired by: Thomas Berndt (University of St.Gallen)
1. Earnings management of oil & gas firms after the Russian invasion of Ukraine
Nadine Georgiou (University of Innsbruck)P
Jochen Bigus (Freie Universität Berlin)
Nils Hain (Freie Universität Berlin)
2. Collusion and earnings management in private firms: evidence from antitrust prosecutions in an emerging
market
Begoña Giner (University of Valencia)P
Hector Perafan (Universidad Externado de Colombia)
Belen Gill de Albornoz Noguer (Castello Jaune 1 University)
3. Financial reporting regulation and corporate non-financial misconduct
Dennis Sundvik (Hanken School of Economics)P
Henrik Hoglund (Hanken School of Economics)
Mingjian Li (Hanken School of Economics)
FR PS22 room SB 306
. . . . . . . . . . . . . . . . . . . . . . . . . . . . . chaired by: Yin Yu-Thompson (Oakland University)
1. When the pieces move: do financial analysts pick up on segment reporting reshuffling?
Andrei Filip (IESEG School of Management)P
Louis Mangeney (IESEG School of Management)
Rucsandra Moldovan (Concordia University)
Paul André (University of Bristol)","[Category]:Financial Reporting;[Name]:Common ownership and non-GAAP reporting;[Author_1]:Ruichao Zhu;[Uni_1]:NEOMA Business School;[Author_2]:Charles Hsu;[Uni_2]:The Hong Kong University of Science and Technology;[Author_3]:Han Xiao;[Uni_3]:Shanghai University of International Business and Economics  
[Category]:Financial Reporting;[Name]:Why IFRS 9 could fall in love with regression trees; recognizing provisions for payment defaults;[Author_1]:Sabine Böckem;[Uni_1]:University of Basel  
[Category]:Financial Reporting;[Name]:Information crosschecking: understanding investor reaction to earnings of unknown accuracy;[Author_1]:Shai Levi;[Uni_1]:Tel Aviv University;[Author_2]:Eti Einhorn;[Uni_2]:Tel Aviv University;[Author_3]:Noga Abraham;[Uni_3]:Reichman University  
[Category]:Financial Reporting;[Name]:Financial reporting quality within business groups;[Author_1]:Laura Arranz-Aperte;[Uni_1]:University of the Balearic Islands;[Author_2]:Bartolomé Pascual-Fuster;[Uni_2]:University of the Balearic Islands  
[Category]:Financial Reporting;[Name]:Mandatory non-financial reporting and strategic voluntary disclosure: evidence from an employer review platform;[Author_1]:Karl Kappen;[Uni_1]:LMU Munich;[Author_2]:Jan Roessner;[Uni_2]:LMU Munich;[Author_3]:Inga Meringdal;[Uni_3]:Goethe University Frankfurt  
[Category]:Financial Reporting;[Name]:Demand for sustainability disclosures: evidence from web-tracking data of CSRD reports;[Author_1]:Lea Hagemeier;[Uni_1]:University of Cologne;[Author_2]:Maximilian A. Müller;[Uni_2]:University of Cologne  
[Category]:Financial Reporting;[Name]:When ESG reporting backfires: evidence on withholding bad news following SASB standards rollout;[Author_1]:Amna Chalwati;[Uni_1]:Saint Mary’s University  
[Category]:Financial Reporting;[Name]:Earnings management of oil & gas firms after the Russian invasion of Ukraine;[Author_1]:Nadine Georgiou;[Uni_1]:University of Innsbruck;[Author_2]:Jochen Bigus;[Uni_2]:Freie Universität Berlin;[Author_3]:Nils Hain;[Uni_3]:Freie Universität Berlin  
[Category]:Financial Reporting;[Name]:Collusion and earnings management in private firms: evidence from antitrust prosecutions in an emerging market;[Author_1]:Begoña Giner;[Uni_1]:University of Valencia;[Author_2]:Hector Perafan;[Uni_2]:Universidad Externado de Colombia;[Author_3]:Belen Gill de Albornoz Noguer;[Uni_3]:Castello Jaune 1 University  
[Category]:Financial Reporting;[Name]:Financial reporting regulation and corporate non-financial misconduct;[Author_1]:Dennis Sundvik;[Uni_1]:Hanken School of Economics;[Author_2]:Henrik Hoglund;[Uni_2]:Hanken School of Economics;[Author_3]:Mingjian Li;[Uni_3]:Hanken School of Economics  
[Category]:Financial Reporting;[Name]:When the pieces move: do financial analysts pick up on segment reporting reshuffling?;[Author_1]:Andrei Filip;[Uni_1]:IESEG School of Management;[Author_2]:Louis Mangeney;[Uni_2]:IESEG School of Management;[Author_3]:Rucsandra Moldovan;[Uni_3]:Concordia University;[Author_4]:Paul André;[Uni_4]:University of Bristol"
43,43.0,"44
Financial Reporting
Friday, May 29, 14:00-15:30
2. Misstatement types and SEC investigations
Florian Dreyer (Freie Universität Berlin)P
3. Anticipating change: stock market and multinational firm responses to disaggregation in income tax
disclosures
Derek Christensen (University of Oregon)
Anh Nguyen (UW Madison)
Dan Lynch (University of Wisconsin-Madison)
Max Pflitsch (TU Dortmund University)P
Friday, May 29, 14:00-15:30
FR PSD02 room RB 209
. . . . . . . . . . . . . . . . . . . . . . . . . . . . . . . . . . chaired by: Tao Ma (Texas Tech University)
1. How does public activism shape voluntary disclosure? Evidence from the thematic contents of earnings
calls
Jiamin Zhao (IESE Business School)P
Discussant: Mustafa Ahçi (Erasmus University Rotterdam)
2. InnoBERT: LLM-based innovation measure
Mustafa Ahçi (Erasmus University Rotterdam)P
Philip Joos (Tilburg University)
Discussant: Edoardo Nesi (ISEG-Lisbon School of Economics & Management)
3. Stakeholder responses to IFRS 18 and the institutionalisation of non-GAAP measures: evidence from 214
comment letters
Edoardo Nesi (ISEG Lisbon School of Economics & Management)P
Discussant: Jiamin Zhao (IESE Business School)
FR PSD06 room SB 240
. . . . . . . . . . . . . . . . . . . . . . . . . . . . . . . chaired by: Gerald Ward (Lancaster University)
1. Pills, powders, and proof
Christian Friedrich (University of Mannheim)P
Gerrit von Zedlitz (University of Mannheim)
Anna Costello (University of Chicago)
Discussant: Raluca Chiorean (Lehigh University)
2. Investor reaction to information generated over the reporting cycle
Raluca Chiorean (Lehigh University)P
Kathleen Weiss Hanley (Lehigh University)
Neil Snow (Wright State University)
Discussant: James Robert Moon (Georgia Institute of Technology)
3. Capital market effects of risk factor disclosure modernization
James Blann (Georgia Institute of Technology)
James Moon (Georgia Institute of Technology)P
Yuxiao Wang (Georgia Institute of Technology)
Discussant: Christian Friedrich (University of Mannheim)
FR PSD11 room SB 211
. . . . . . . . . . . . . . . . . . . . . . . . . . . . . chaired by: Xinyan Wu (University of Mannheim)
1. On the optimal frequency of mandatory disclosure
Seung Lee (University of Southern Denmark)P
Ivan Marinovic (Stanford University)
Discussant: Sebastian Fleer (University of Basel)","[Category]:Financial Reporting;[Name]:Misstatement types and SEC investigations;[Author_1]:Florian Dreyer;[Uni_1]:Freie Universität Berlin  
[Category]:Financial Reporting;[Name]:Anticipating change: stock market and multinational firm responses to disaggregation in income tax disclosures;[Author_1]:Derek Christensen;[Uni_1]:University of Oregon;[Author_2]:Anh Nguyen;[Uni_2]:UW Madison;[Author_3]:Dan Lynch;[Uni_3]:University of Wisconsin-Madison;[Author_4]:Max Pflitsch;[Uni_4]:TU Dortmund University  
[Category]:Financial Reporting;[Name]:How does public activism shape voluntary disclosure? Evidence from the thematic contents of earnings calls;[Author_1]:Jiamin Zhao;[Uni_1]:IESE Business School  
[Category]:Financial Reporting;[Name]:InnoBERT: LLM-based innovation measure;[Author_1]:Mustafa Ahçi;[Uni_1]:Erasmus University Rotterdam;[Author_2]:Philip Joos;[Uni_2]:Tilburg University  
[Category]:Financial Reporting;[Name]:Stakeholder responses to IFRS 18 and the institutionalisation of non-GAAP measures: evidence from 214 comment letters;[Author_1]:Edoardo Nesi;[Uni_1]:ISEG Lisbon School of Economics & Management  
[Category]:Financial Reporting;[Name]:Pills, powders, and proof;[Author_1]:Christian Friedrich;[Uni_1]:University of Mannheim;[Author_2]:Gerrit von Zedlitz;[Uni_2]:University of Mannheim;[Author_3]:Anna Costello;[Uni_3]:University of Chicago  
[Category]:Financial Reporting;[Name]:Investor reaction to information generated over the reporting cycle;[Author_1]:Raluca Chiorean;[Uni_1]:Lehigh University;[Author_2]:Kathleen Weiss Hanley;[Uni_2]:Lehigh University;[Author_3]:Neil Snow;[Uni_3]:Wright State University  
[Category]:Financial Reporting;[Name]:Capital market effects of risk factor disclosure modernization;[Author_1]:James Blann;[Uni_1]:Georgia Institute of Technology;[Author_2]:James Moon;[Uni_2]:Georgia Institute of Technology;[Author_3]:Yuxiao Wang;[Uni_3]:Georgia Institute of Technology  
[Category]:Financial Reporting;[Name]:On the optimal frequency of mandatory disclosure;[Author_1]:Seung Lee;[Uni_1]:University of Southern Denmark;[Author_2]:Ivan Marinovic;[Uni_2]:Stanford University"
44,44.0,"Financial Reporting
Friday, May 29, 14:00-15:30
45
2. Disclosure externalities created by information processing capacity allocation: the role of heterogeneous
processing costs across information disclosures
Sebastian Fleer (University of Basel)P
Discussant: Hui Chen (University of Zurich)
3. More information, less learning: how disclosure shapes market feedback
Hui Chen (University of Zurich)P
Jan Schneemeier (Michigan State University)
Discussant: Seung Lee (University of Southern Denmark)
FR PS04 room SB 213
. . . . . . . . . . . . . . . . . . . . . . . . . . . chaired by: Solomon Opare (Northeastern University)
1. Targeted disclosure to retail investors
Wan Chu Cheong (London School of Economics)P
2. Making risk-factor disclosures useful again
Ankita Marwaha (Aalto University)P
Nitin Vishen (Indian Institute of Management, Bangalore)
3. Cybersecurity risk disclosure and corporate credit risk
Tsung-Kang Chen (National Yang Ming Chiao Tung University)P
Yi Jie Tseng (Fu Jen Catholic University)
Yun Hao (National Yang Ming Chiao Tung University)
FR PS05 room SB 236
. . . . . . . . . . . . . . . . . . . . . . . . . . . . . . chaired by: Begoña Giner (University of Valencia)
1. CEO final year and tone management: does managerial ability matter?
Oveis Madadian (IESEG School of Management)P
Pratik Goel (IESEG School of Management)
Wouter Torsin (Hec Liège)
2. What matters in predicting earnings changes: financial statement numbers or textual disclosures?
Kaustav Sen (Lubin School of Business, Pace University, New York)
Neerav Nagar (Indian Institute of Management Ahmedabad)P
Indranil Bose (NEOMA Business School)
FR PS16 room SB 239
. . . . . . . . . . . . . . . . . . . . . . . . . . . . . . chaired by: Minyue Dong (University of St.Gallen)
1. The informativeness of SOX 404 textual disclosures: using natural language processing on management’s
and auditor’s internal control disclosures to detect financial misreporting
Stephan Küster (Freie Universität Berlin)P
Tobias Steindl (University of Regensburg)
Sven Hartlieb (University of Innsbruck)
2. Does climate-related cheap talk matter? Climate disclosure and management earnings forecasts
Gerald Eisenhut (Vienna University of Economics and Business)P
Margarethe Rammerstorfer (Vienna University of Economics And Busines)
Katrin Hummel (Vienna University of Economics and Business)
Karl Weinmayer (MODUL University)
3. Beyond words? Using multimodal large language models to analyze conference calls
Doron Reichmann (Goethe University Frankfurt)P
Anna Rohlfing-Bastian (Goethe-University Frankfurt)
FR PS25 room SB 306
. . . . . . . . . . . . . . . . . . . . . . . . . . chaired by: Hyungjin Cho (Korea Accounting Institute)
1. Dual deregulation and the IPO decision under the JOBS Act
Heylel-Li Biton (Hebrew University of Jerusalem)P
Benjamin Segal (Fordham University)","[Category]:Financial Reporting;[Name]:Disclosure externalities created by information processing capacity allocation: the role of heterogeneous processing costs across information disclosures;[Author_1]:Sebastian Fleer;[Uni_1]:University of Basel;[Author_2]:Hui Chen;[Uni_2]:University of Zurich  
[Category]:Financial Reporting;[Name]:More information, less learning: how disclosure shapes market feedback;[Author_1]:Hui Chen;[Uni_1]:University of Zurich;[Author_2]:Jan Schneemeier;[Uni_2]:Michigan State University;[Author_3]:Seung Lee;[Uni_3]:University of Southern Denmark  
[Category]:Financial Reporting;[Name]:Targeted disclosure to retail investors;[Author_1]:Wan Chu Cheong;[Uni_1]:London School of Economics  
[Category]:Financial Reporting;[Name]:Making risk-factor disclosures useful again;[Author_1]:Ankita Marwaha;[Uni_1]:Aalto University;[Author_2]:Nitin Vishen;[Uni_2]:Indian Institute of Management, Bangalore  
[Category]:Financial Reporting;[Name]:Cybersecurity risk disclosure and corporate credit risk;[Author_1]:Tsung-Kang Chen;[Uni_1]:National Yang Ming Chiao Tung University;[Author_2]:Yi Jie Tseng;[Uni_2]:Fu Jen Catholic University;[Author_3]:Yun Hao;[Uni_3]:National Yang Ming Chiao Tung University  
[Category]:Financial Reporting;[Name]:CEO final year and tone management: does managerial ability matter?;[Author_1]:Oveis Madadian;[Uni_1]:IESEG School of Management;[Author_2]:Pratik Goel;[Uni_2]:IESEG School of Management;[Author_3]:Wouter Torsin;[Uni_3]:Hec Liège  
[Category]:Financial Reporting;[Name]:What matters in predicting earnings changes: financial statement numbers or textual disclosures?;[Author_1]:Kaustav Sen;[Uni_1]:Lubin School of Business, Pace University, New York;[Author_2]:Neerav Nagar;[Uni_2]:Indian Institute of Management Ahmedabad;[Author_3]:Indranil Bose;[Uni_3]:NEOMA Business School  
[Category]:Financial Reporting;[Name]:The informativeness of SOX 404 textual disclosures: using natural language processing on management’s and auditor’s internal control disclosures to detect financial misreporting;[Author_1]:Stephan Küster;[Uni_1]:Freie Universität Berlin;[Author_2]:Tobias Steindl;[Uni_2]:University of Regensburg;[Author_3]:Sven Hartlieb;[Uni_3]:University of Innsbruck  
[Category]:Financial Reporting;[Name]:Does climate-related cheap talk matter? Climate disclosure and management earnings forecasts;[Author_1]:Gerald Eisenhut;[Uni_1]:Vienna University of Economics and Business;[Author_2]:Margarethe Rammerstorfer;[Uni_2]:Vienna University of Economics And Busines;[Author_3]:Katrin Hummel;[Uni_3]:Vienna University of Economics and Business;[Author_4]:Karl Weinmayer;[Uni_4]:MODUL University  
[Category]:Financial Reporting;[Name]:Beyond words? Using multimodal large language models to analyze conference calls;[Author_1]:Doron Reichmann;[Uni_1]:Goethe University Frankfurt;[Author_2]:Anna Rohlfing-Bastian;[Uni_2]:Goethe-University Frankfurt  
[Category]:Financial Reporting;[Name]:Dual deregulation and the IPO decision under the JOBS Act;[Author_1]:Heylel-Li Biton;[Uni_1]:Hebrew University of Jerusalem;[Author_2]:Benjamin Segal;[Uni_2]:Fordham University"
45,45.0,"46
Financial Reporting
Friday, May 29, 14:00-15:30
2. Product market competition and segment-level management forecast disclosure
Yuriko Takahashi (Hitotsubashi University)P
3. Workplace automation and human capital disclosure
Yingshuang Ma (Hong Kong Baptist University)P
Byron Song (Hong Kong Baptist University)
Janus Jian Zhang (Hong Kong Baptist University)","[Category]:Financial Reporting;[Name]:Product market competition and segment-level management forecast disclosure;[Author_1]:Yuriko Takahashi;[Uni_1]:Hitotsubashi University;[Author_2]:;[Uni_2]:;[Author_3]:;[Uni_3]:;[Author_4]:;[Uni_4]:;[Author_5]:;[Uni_5]:  
[Category]:Financial Reporting;[Name]:Workplace automation and human capital disclosure;[Author_1]:Yingshuang Ma;[Uni_1]:Hong Kong Baptist University;[Author_2]:Byron Song;[Uni_2]:Hong Kong Baptist University;[Author_3]:Janus Jian Zhang;[Uni_3]:Hong Kong Baptist University;[Author_4]:;[Uni_4]:;[Author_5]:;[Uni_5]:"
46,46.0,"Accounting and Governance
Wednesday, May 27, 15:00-16:30
47
GV – Accounting and Governance
Wednesday, May 27, 15:00-16:30
GV PSD02 room SB 321
. . . . . . . . . . . . . . . . . . . . . . . . . . . . chaired by: Wenjun Kuang (Hiroshima University)
1. Monitoring the green line: environmental covenants in supply chain contracts
Ting Dai (Hanken School of Economics)P
Ling Cen (The Chinese University of Hong Kong)
Michael Hertzel (affiliation not provided)
Scott Liao (University of Toronto)
Discussant: Ting Dai (Hanken School of Economics)
2. Emissions restatements after the SEC’s request for public input on climate-related disclosures: evidence
from carbon disclosure project filings
Daniel Aobdia (Pennsylvania State University)
Gerrit Köchling (Ilmenau University of Technology)P
Peter Limbach (University of Bielefeld)
Aaron Yoon (Northwestern University)
Discussant: Dorcas Nduakoh (Hong Kong Metropolitan University)
3. Strengthening stakeholder engagement through reputation and assurance mechanisms: insights from Latin
American companies
Kiara Chau (University of Valencia)P
Laura Sierra Garcia (Universidad Pablo de Olavide)
Maria Garcia Benau (University of Valencia)
Discussant: Androniki Triantafylli (Queen Mary University of London)
GV PSD11 room SB 323
. . . . . . . . . . . . . . . . . . chaired by: Christelle Alkhoury (Audiencia Business School)
1. Risk governance as an ethical safeguard: corruption and the demand for enhanced risk oversight
Evelyn Braumann (Vrije Universiteit Amsterdam)P
Mark Beasley (NC State University)
Bruce Branson (NC State University)
Don Pagach (NC State University)
Discussant: Al-Habbyel Yusoph (Bocconi University)
2. Control rights or wrongs? Active versus index governance
Begum Ipek Yavuz (McGill University)P
David K. Musto (University of Pennsylvania)
Anne M. Tucker (University of Georgia)
Discussant: Begum Ipek Yavuz (McGill University)
3. State capitalism, conflict of interest, and minority shareholder voice: evidence from China
Chan Ke (Shanghai Jiao Tong University)P
Discussant: Claudia Imperatore (Bocconi University)
GV PS23 room SB 322
. . . . . . . . . . . . . . . . . . . . . . . . . . . . . . . . . chaired by: Hui Zhou (University of Auckland)
1. Men are inclusive
Cristina Grande-Herrera (Universidad Pontificia Comillas)P
Susana Gago Rodriguez (Universidad Pontificia Comillas)
María Josefa Álvarez-Gil (Universidad Carlos III de Madrid)
Bárbara de la Vega-Justribó (Universidad Carlos III de Madrid)","[Category]:Accounting and Governance;[Name]:Monitoring the green line: environmental covenants in supply chain contracts;[Author_1]:Ting Dai;[Uni_1]:Hanken School of Economics;[Author_2]:Ling Cen;[Uni_2]:The Chinese University of Hong Kong;[Author_3]:Michael Hertzel;[Uni_3]:;[Author_4]:Scott Liao;[Uni_4]:University of Toronto  
[Category]:Accounting and Governance;[Name]:Emissions restatements after the SEC’s request for public input on climate-related disclosures: evidence from carbon disclosure project filings;[Author_1]:Daniel Aobdia;[Uni_1]:Pennsylvania State University;[Author_2]:Gerrit Köchling;[Uni_2]:Ilmenau University of Technology;[Author_3]:Peter Limbach;[Uni_3]:University of Bielefeld;[Author_4]:Aaron Yoon;[Uni_4]:Northwestern University  
[Category]:Accounting and Governance;[Name]:Strengthening stakeholder engagement through reputation and assurance mechanisms: insights from Latin American companies;[Author_1]:Kiara Chau;[Uni_1]:University of Valencia;[Author_2]:Laura Sierra Garcia;[Uni_2]:Universidad Pablo de Olavide;[Author_3]:Maria Garcia Benau;[Uni_3]:University of Valencia  
[Category]:Accounting and Governance;[Name]:Risk governance as an ethical safeguard: corruption and the demand for enhanced risk oversight;[Author_1]:Evelyn Braumann;[Uni_1]:Vrije Universiteit Amsterdam;[Author_2]:Mark Beasley;[Uni_2]:NC State University;[Author_3]:Bruce Branson;[Uni_3]:NC State University;[Author_4]:Don Pagach;[Uni_4]:NC State University  
[Category]:Accounting and Governance;[Name]:Control rights or wrongs? Active versus index governance;[Author_1]:Begum Ipek Yavuz;[Uni_1]:McGill University;[Author_2]:David K. Musto;[Uni_2]:University of Pennsylvania;[Author_3]:Anne M. Tucker;[Uni_3]:University of Georgia  
[Category]:Accounting and Governance;[Name]:State capitalism, conflict of interest, and minority shareholder voice: evidence from China;[Author_1]:Chan Ke;[Uni_1]:Shanghai Jiao Tong University  
[Category]:Accounting and Governance;[Name]:Men are inclusive;[Author_1]:Cristina Grande-Herrera;[Uni_1]:Universidad Pontificia Comillas;[Author_2]:Susana Gago Rodriguez;[Uni_2]:Universidad Pontificia Comillas;[Author_3]:María Josefa Álvarez-Gil;[Uni_3]:Universidad Carlos III de Madrid;[Author_4]:Bárbara de la Vega-Justribó;[Uni_4]:Universidad Carlos III de Madrid"
47,47.0,"48
Accounting and Governance
Wednesday, May 27, 17:00-18:30
2. Board faultlines and corporate performance: the moderating role of national culture
Lin Luo (University of Liverpool)P
Steven Chen (University of Liverpool)
Jannine Poletti-Hughes (University of Liverpool)
3. Family CEO successions: the role of the succession design
Caroline Thøisen Larsen (Copenhagen Business School)P
GV PS26 room SB 324
. . . . . . . . . . . . . . . . . . . . . . chaired by: Weiqi Liu (Singapore Management University)
1. To reveal or conceal? Local environmental enforcement and firms’ strategic supplier identity disclosure
Lulu Di (Southwestern University of Finance and Economics)
Jie Gao (Macau University of Science and Technology)
Shiyuan Li (Southwestern University of Finance and Economics)P
Hong Luo (Southwestern University of Finance and Economics)
2. United we speak: antidumping investigations and intra-industry strategic cost coordination
Yangyi Zhang (The Hong Kong Polytechnic University)P
Cheng Zeng (The Hong Kong Polytechnic University)
Qiang Wu (The Hong Kong Polytechnic University)
Omrane Guedhami (University of South Carolina)
3. When do narcissists rise to the top? Slack and narcissistic CEO appointment
Philipp Richter (Dresden University of Technology)
Aline Grahn (Freie Universität Berlin)P
Sebastian Baldermann (Vrije Universiteit Amsterdam)
Thomas Moliterno (Vrije Universiteit Amsterdam)
Wednesday, May 27, 17:00-18:30
GV PSD09 room SB 321
. . . . . . . . . . . . . . . . . . . . . . . . chaired by: Henri Tran (Burgundy School of Business)
1. Financial reporting consequences of consumer protection disclosure: evidence from data breach notifica-
tion laws
Lien Duong (Curtin University)
Zijie Huang (Curtin University)P
Grantley Taylor (Curtin University)
Discussant: Christelle Alkhoury (Audiencia Business School)
2. The impact of the general data protection regulation (GDPR) on the sensitivity of executive compensation
Wei-Chuan Kao (National Taiwan University)
Chih-Hsien Liao (National Taiwan University)P
Discussant: Weiqi Liu (Singapore Management University)
3. Frivolous or meritorious lawsuits? Judicial efficiency and corporate disclosure
Weiqi Liu (Singapore Management University)P
Sterling Huang (NYU Shanghai)
Sugata Roychowdhury (Northwestern University)
Bingxu Fang (Singapore Management University)
Discussant: Yunqi Xu (NEOMA Business School)","[Category]:Accounting and Governance;[Name]:Board faultlines and corporate performance: the moderating role of national culture;[Author_1]:Lin Luo;[Uni_1]:University of Liverpool;[Author_2]:Steven Chen;[Uni_2]:University of Liverpool;[Author_3]:Jannine Poletti-Hughes;[Uni_3]:University of Liverpool;[Author_4]:;[Uni_4]:;[Author_5]:;[Uni_5]:  
[Category]:Accounting and Governance;[Name]:Family CEO successions: the role of the succession design;[Author_1]:Caroline Thøisen Larsen;[Uni_1]:Copenhagen Business School;[Author_2]:;[Uni_2]:;[Author_3]:;[Uni_3]:;[Author_4]:;[Uni_4]:;[Author_5]:;[Uni_5]:  
[Category]:Accounting and Governance;[Name]:To reveal or conceal? Local environmental enforcement and firms’ strategic supplier identity disclosure;[Author_1]:Lulu Di;[Uni_1]:Southwestern University of Finance and Economics;[Author_2]:Jie Gao;[Uni_2]:Macau University of Science and Technology;[Author_3]:Shiyuan Li;[Uni_3]:Southwestern University of Finance and Economics;[Author_4]:Hong Luo;[Uni_4]:Southwestern University of Finance and Economics;[Author_5]:;[Uni_5]:  
[Category]:Accounting and Governance;[Name]:United we speak: antidumping investigations and intra-industry strategic cost coordination;[Author_1]:Yangyi Zhang;[Uni_1]:The Hong Kong Polytechnic University;[Author_2]:Cheng Zeng;[Uni_2]:The Hong Kong Polytechnic University;[Author_3]:Qiang Wu;[Uni_3]:The Hong Kong Polytechnic University;[Author_4]:Omrane Guedhami;[Uni_4]:University of South Carolina;[Author_5]:;[Uni_5]:  
[Category]:Accounting and Governance;[Name]:When do narcissists rise to the top? Slack and narcissistic CEO appointment;[Author_1]:Philipp Richter;[Uni_1]:Dresden University of Technology;[Author_2]:Aline Grahn;[Uni_2]:Freie Universität Berlin;[Author_3]:Sebastian Baldermann;[Uni_3]:Vrije Universiteit Amsterdam;[Author_4]:Thomas Moliterno;[Uni_4]:Vrije Universiteit Amsterdam;[Author_5]:;[Uni_5]:  
[Category]:Accounting and Governance;[Name]:Financial reporting consequences of consumer protection disclosure: evidence from data breach notification laws;[Author_1]:Lien Duong;[Uni_1]:Curtin University;[Author_2]:Zijie Huang;[Uni_2]:Curtin University;[Author_3]:Grantley Taylor;[Uni_3]:Curtin University;[Author_4]:;[Uni_4]:;[Author_5]:;[Uni_5]:  
[Category]:Accounting and Governance;[Name]:The impact of the general data protection regulation (GDPR) on the sensitivity of executive compensation;[Author_1]:Wei-Chuan Kao;[Uni_1]:National Taiwan University;[Author_2]:Chih-Hsien Liao;[Uni_2]:National Taiwan University;[Author_3]:;[Uni_3]:;[Author_4]:;[Uni_4]:;[Author_5]:;[Uni_5]:  
[Category]:Accounting and Governance;[Name]:Frivolous or meritorious lawsuits? Judicial efficiency and corporate disclosure;[Author_1]:Weiqi Liu;[Uni_1]:Singapore Management University;[Author_2]:Sterling Huang;[Uni_2]:NYU Shanghai;[Author_3]:Sugata Roychowdhury;[Uni_3]:Northwestern University;[Author_4]:Bingxu Fang;[Uni_4]:Singapore Management University;[Author_5]:;[Uni_5]:"
48,48.0,"Accounting and Governance
Wednesday, May 27, 17:00-18:30
49
GV PS03 room SB 323
. . . . . . . . . . . . . . . . . . chaired by: Dio Cheng-Erh Huang (National United University)
1. Institutional investors and environmental expertise on corporate boards
Raffaele Manini (Warwick University)P
Philip Joos (Tilburg University)
Duo (Selina) Pei (Warwick University)
Tom Vos (Maastricht University)
2. Climate policy uncertainty and climate institutional investors’ activism: the moderating role of TCFD-
aligned disclosure
Zhenyu Liu (Université Toulouse Capitole)P
Isabelle Martinez (Tsm Research University of Toulouse Capitole)
3. Prosocial analysts and corporate ESG activities
Weiyan Hu (University of International Business and Economics)P
Xuejiao Liu (University of International Business and Economics)
Hong Wu (City University of Hong Kong)
Huai Zhang (Nanyang Technological University)
GV PS19 room SB 322
. . . . . . . . . . . . . . . . . . . . . . . . . . . . . . . . . . chaired by: Rashid Zaman (Curtin University)
1. Rewarding investor communication effort: evidence from compensation of investor relations officers
Rong Huang (University of Macau)P
Wei Shi (Deakin University)
Feng Tang (The Hang Seng University of Hong Kong)
Desmond Yuen (University of Macau)
2. Do managers feather their own nest by disclosing less? Evidence from corporate opportunity waiver laws
Jeffrey Ng (The University of Hong Kong)
Jiaxin Wang (The University of Hong Kong)P
Huailing Xie (Shanghai Jiao Tong University)
Guochang Zhang (The University of Hong Kong)
3. Strategic silence or defensive evasion? Corporate risk taking and managerial
Menghan Li (Northwestern Polytechnical University)P
Cheng Zhang (Northwestern Polytechnical University)
Jiawei Ni (Northwestern Polytechnical University)
GV PS24 room SB 324
. . . . . . . . . . . . . . . chaired by: Tracie Sloop Frost (The College of William and Mary)
1. The attractiveness of stock exchanges and its effects on firm IPO valuation – evidence from the overseas
listing of mainland Chinese companies
Lirong Shi (University of Nottingham Ningbo China)P
2. The price of voice: how investor engagement distorts investment
Zili Zhuang (The Chinese University of Hong Kong)P
Jun Chen (The Chinese University of Hong Kong)
Yongxin Xu (Monash University)
3. The impact of going public on the corporatization of football clubs. The Italian case
Roberto Aprile (University of Bergamo)P","[Category]:Accounting and Governance;[Name]:Institutional investors and environmental expertise on corporate boards;[Author_1]:Raffaele Manini;[Uni_1]:Warwick University;[Author_2]:Philip Joos;[Uni_2]:Tilburg University;[Author_3]:Duo (Selina) Pei;[Uni_3]:Warwick University;[Author_4]:Tom Vos;[Uni_4]:Maastricht University  
[Category]:Accounting and Governance;[Name]:Climate policy uncertainty and climate institutional investors’ activism: the moderating role of TCFD-aligned disclosure;[Author_1]:Zhenyu Liu;[Uni_1]:Université Toulouse Capitole;[Author_2]:Isabelle Martinez;[Uni_2]:Tsm Research University of Toulouse Capitole  
[Category]:Accounting and Governance;[Name]:Prosocial analysts and corporate ESG activities;[Author_1]:Weiyan Hu;[Uni_1]:University of International Business and Economics;[Author_2]:Xuejiao Liu;[Uni_2]:University of International Business and Economics;[Author_3]:Hong Wu;[Uni_3]:City University of Hong Kong;[Author_4]:Huai Zhang;[Uni_4]:Nanyang Technological University  
[Category]:Accounting and Governance;[Name]:Rewarding investor communication effort: evidence from compensation of investor relations officers;[Author_1]:Rong Huang;[Uni_1]:University of Macau;[Author_2]:Wei Shi;[Uni_2]:Deakin University;[Author_3]:Feng Tang;[Uni_3]:The Hang Seng University of Hong Kong;[Author_4]:Desmond Yuen;[Uni_4]:University of Macau  
[Category]:Accounting and Governance;[Name]:Do managers feather their own nest by disclosing less? Evidence from corporate opportunity waiver laws;[Author_1]:Jeffrey Ng;[Uni_1]:The University of Hong Kong;[Author_2]:Jiaxin Wang;[Uni_2]:The University of Hong Kong;[Author_3]:Huailing Xie;[Uni_3]:Shanghai Jiao Tong University;[Author_4]:Guochang Zhang;[Uni_4]:The University of Hong Kong  
[Category]:Accounting and Governance;[Name]:Strategic silence or defensive evasion? Corporate risk taking and managerial;[Author_1]:Menghan Li;[Uni_1]:Northwestern Polytechnical University;[Author_2]:Cheng Zhang;[Uni_2]:Northwestern Polytechnical University;[Author_3]:Jiawei Ni;[Uni_3]:Northwestern Polytechnical University  
[Category]:Accounting and Governance;[Name]:The attractiveness of stock exchanges and its effects on firm IPO valuation – evidence from the overseas listing of mainland Chinese companies;[Author_1]:Lirong Shi;[Uni_1]:University of Nottingham Ningbo China  
[Category]:Accounting and Governance;[Name]:The price of voice: how investor engagement distorts investment;[Author_1]:Zili Zhuang;[Uni_1]:The Chinese University of Hong Kong;[Author_2]:Jun Chen;[Uni_2]:The Chinese University of Hong Kong;[Author_3]:Yongxin Xu;[Uni_3]:Monash University  
[Category]:Accounting and Governance;[Name]:The impact of going public on the corporatization of football clubs. The Italian case;[Author_1]:Roberto Aprile;[Uni_1]:University of Bergamo"
49,49.0,"50
Accounting and Governance
Thursday, May 28, 09:00-10:30
Thursday, May 28, 09:00-10:30
GV PS05 room SB 321
. . . . . . . . . . chaired by: Yawen Qiu (Shanghai University of Finance and Economics)
1. When women lead and oversee: how female executive vs. supervisory directors shape corporate tax
aggressiveness
David Castillo-Merino (Institut Químic de Sarrià)P
Josep García-Blandón (Institut Químic de Sarrià)
2. From tokenism to oversight board gender diversity, audit committees, and corporate currency hedging
Jessica Yi (Adelaide University)P
3. Boardroom diversity and risk-taking decisions: employee director perspective
Ruth Owusu-Mensah (Nottingham Trent University)P
Nana Bempah (University of Derby)
Andrews Owusu (University of Derby)
GV PS16 room SB 323
. . . . . . . . . . . . . . . . . . . . . . . . . . . . . . . . . . . . chaired by: Kerui Zhai (Deakin University)
1. Nature of corporate governance problem: political arbitration for common good Part I
Pradyot (P.K.) Sen (University of Washington Bothell)P
Sushil Khanna (Indian Institute of Management Calcutta)
Krishna Ladha (Indian School of Public Policy)
2. CEOs in political and corporate democracy
Weijia Zhi (The Chinese University of Hong Kong)P
Menghan Zhu (Vrije Universiteit Amsterdam)
3. When the stakes are personal: wealth concentration and audit fees
Kurt Desender (Universidad Carlos III de Madrid)P
Monica Lopez-Puertas Lamy (Universidad Carlos III de Madrid)
GV PS17 room SB 322
. . . . . . . . . . . . . . . . . . . . . . . . . . . . . . . . . chaired by: Deju Zhang (University of Galway)
1. Political promotion and corporate social responsibility reporting quality: evidence from Chinese local
state-owned enterprises
Yi Wang (ISEG Lisbon School of Economics & Management)P
Hwa-Hsien Hsu (Durham University)
2. In the name of national security: foreign investment and national security act (FINSA) and credit ratings
Tracie Frost (The College of William and Mary)P
3. Does the blocking of internet information search exacerbate controlling shareholders’ tunneling? Evidence
from Google’s withdrawal from China
Lin Pan (Xiamen University of Technology)
Jiawen Wang (Beijing Jiaotong University)
Junshang Xiao (Chinese Academy of Fiscal Sciences)
Wenxia Ge (University of Ottawa)P
GV PS21 room SB 324
. . . . . . . . . . . . . . . . . . . . . . . . . . chaired by: Chun Yu Mak (University of Birmingham)
1. From FDA to SEC: clinical trial result submission and supplementary SEC disclosure
Caixia Hu (The Hong Kong Polytechnic University)P
Qin Li (The Hong Kong Polytechnic University)
Lixin (Nancy) Su (The Hong Kong Polytechnic University)
2. Corporate governance and goodwill impairment: impact on future performance
Sofiya Meleshkova (University of Turku)P","[Category]:Accounting and Governance;[Name]:When women lead and oversee: how female executive vs. supervisory directors shape corporate tax aggressiveness;[Author_1]:David Castillo-Merino;[Uni_1]:Institut Químic de Sarrià;[Author_2]:Josep García-Blandón;[Uni_2]:Institut Químic de Sarrià  
[Category]:Accounting and Governance;[Name]:From tokenism to oversight board gender diversity, audit committees, and corporate currency hedging;[Author_1]:Jessica Yi;[Uni_1]:Adelaide University  
[Category]:Accounting and Governance;[Name]:Boardroom diversity and risk-taking decisions: employee director perspective;[Author_1]:Ruth Owusu-Mensah;[Uni_1]:Nottingham Trent University;[Author_2]:Nana Bempah;[Uni_2]:University of Derby;[Author_3]:Andrews Owusu;[Uni_3]:University of Derby  
[Category]:Accounting and Governance;[Name]:Nature of corporate governance problem: political arbitration for common good Part I;[Author_1]:Pradyot (P.K.) Sen;[Uni_1]:University of Washington Bothell;[Author_2]:Sushil Khanna;[Uni_2]:Indian Institute of Management Calcutta;[Author_3]:Krishna Ladha;[Uni_3]:Indian School of Public Policy  
[Category]:Accounting and Governance;[Name]:CEOs in political and corporate democracy;[Author_1]:Weijia Zhi;[Uni_1]:The Chinese University of Hong Kong;[Author_2]:Menghan Zhu;[Uni_2]:Vrije Universiteit Amsterdam  
[Category]:Accounting and Governance;[Name]:When the stakes are personal: wealth concentration and audit fees;[Author_1]:Kurt Desender;[Uni_1]:Universidad Carlos III de Madrid;[Author_2]:Monica Lopez-Puertas Lamy;[Uni_2]:Universidad Carlos III de Madrid  
[Category]:Accounting and Governance;[Name]:Political promotion and corporate social responsibility reporting quality: evidence from Chinese local state-owned enterprises;[Author_1]:Yi Wang;[Uni_1]:ISEG Lisbon School of Economics & Management;[Author_2]:Hwa-Hsien Hsu;[Uni_2]:Durham University  
[Category]:Accounting and Governance;[Name]:In the name of national security: foreign investment and national security act (FINSA) and credit ratings;[Author_1]:Tracie Frost;[Uni_1]:The College of William and Mary  
[Category]:Accounting and Governance;[Name]:Does the blocking of internet information search exacerbate controlling shareholders’ tunneling? Evidence from Google’s withdrawal from China;[Author_1]:Lin Pan;[Uni_1]:Xiamen University of Technology;[Author_2]:Jiawen Wang;[Uni_2]:Beijing Jiaotong University;[Author_3]:Junshang Xiao;[Uni_3]:Chinese Academy of Fiscal Sciences;[Author_4]:Wenxia Ge;[Uni_4]:University of Ottawa  
[Category]:Accounting and Governance;[Name]:From FDA to SEC: clinical trial result submission and supplementary SEC disclosure;[Author_1]:Caixia Hu;[Uni_1]:The Hong Kong Polytechnic University;[Author_2]:Qin Li;[Uni_2]:The Hong Kong Polytechnic University;[Author_3]:Lixin (Nancy) Su;[Uni_3]:The Hong Kong Polytechnic University  
[Category]:Accounting and Governance;[Name]:Corporate governance and goodwill impairment: impact on future performance;[Author_1]:Sofiya Meleshkova;[Uni_1]:University of Turku"
50,50.0,"Accounting and Governance
Thursday, May 28, 11:00-12:30
51
3. Disclosure of misconduct in supply chains
Marina Köllermeyer (Paderborn University)P
Michael Ebert (University of Paderborn)
Thursday, May 28, 11:00-12:30
GV PSD06 room SB 321
. . . . . . . . . chaired by: Mariya N Ivanova (NHH Norwegian School of Economics)
1. Goofus or Gallant? Externalities of peers’ environmental penalties
Haiyan Jiang (Macquarie University)
Mabel D Costa (Durham University)P
Le Luo (Macquarie University)
Albert Tsang (Southern University of Science And Technology)
Discussant: George Voulgaris (University of Manchester)
2. Sustainability control tightness and corporate decarbonization
Mohsin Riaz (University of Jyväskylä)
Jamshed Iqbal (University of Jyväskylä)P
Toni Mättö (University of Jyväskylä)
Discussant: Emmanuel Obiri-Yeboah (The Hong Kong Polytechnic University)
3. Regulatory spillovers and corporate visibility: how peer environmental penalties shape advertising
behavior
Chao He (Dalian University of Technology)
Dio Cheng-Erh Huang (National United University)
Qingyuan Li (Wuhan University)
Yiran Xu (Nanjing Agricultural University)P
Discussant: Wenjun Kuang (Hiroshima University)
GV PSD07 room SB 323
. . . . . . . . . . chaired by: Cristina Grande-Herrera (Universidad Pontificia Comillas)
1. Not all that’s abandoned is lost: the informational role of withdrawn patent applications
Shangkun Liang (Central University of Finance And Economics)
Sichao Wang (Central University of Finance And Economics)
Cheng Zeng (The Hong Kong Polytechnic University)P
Discussant: Deju Zhang (University of Galway)
2. Government data accessibility and firms’ strategic alliances formation
Huailing Xie (Shanghai Jiao Tong University)P
Discussant: Yawen Qiu (Shanghai University of Finance and Economics)
3. Analyst coverage and corporate wage theft
Mark Anderson (University of Calgary)P
Soonchul Hyun (University of North Carolina-Greensboro)
Hunter An (University of North Carolina-Greensboro)
Zhiyan Wang (Wingate University)
Discussant: Lin Si (Bocconi University)
GV PS04 room SB 322
. . . . . . . . . . . . . . . . . . . . . . . . . . . . . chaired by: Camilla Ciappei (University of Padova)
1. Structural effects of gender quota regulations on board characteristics and governance quality: two decades
of evidence from Scandinavia
Josep García-Blandón (Institut Químic de Sarrià)P
Josep Argiles-Bosch (University of Barcelona)
Diego Ravenda (TBS Education)
David Castillo-Merino (Institut Químic de Sarrià)","[Category]:Accounting and Governance;[Name]:Disclosure of misconduct in supply chains;[Author_1]:Marina Köllermeyer;[Uni_1]:Paderborn University;[Author_2]:Michael Ebert;[Uni_2]:University of Paderborn  
[Category]:Accounting and Governance;[Name]:Goofus or Gallant? Externalities of peers’ environmental penalties;[Author_1]:Haiyan Jiang;[Uni_1]:Macquarie University;[Author_2]:Mabel D Costa;[Uni_2]:Durham University;[Author_3]:Le Luo;[Uni_3]:Macquarie University;[Author_4]:Albert Tsang;[Uni_4]:Southern University of Science And Technology  
[Category]:Accounting and Governance;[Name]:Sustainability control tightness and corporate decarbonization;[Author_1]:Mohsin Riaz;[Uni_1]:University of Jyväskylä;[Author_2]:Jamshed Iqbal;[Uni_2]:University of Jyväskylä;[Author_3]:Toni Mättö;[Uni_3]:University of Jyväskylä  
[Category]:Accounting and Governance;[Name]:Regulatory spillovers and corporate visibility: how peer environmental penalties shape advertising behavior;[Author_1]:Chao He;[Uni_1]:Dalian University of Technology;[Author_2]:Dio Cheng-Erh Huang;[Uni_2]:National United University;[Author_3]:Qingyuan Li;[Uni_3]:Wuhan University;[Author_4]:Yiran Xu;[Uni_4]:Nanjing Agricultural University  
[Category]:Accounting and Governance;[Name]:Not all that’s abandoned is lost: the informational role of withdrawn patent applications;[Author_1]:Shangkun Liang;[Uni_1]:Central University of Finance And Economics;[Author_2]:Sichao Wang;[Uni_2]:Central University of Finance And Economics;[Author_3]:Cheng Zeng;[Uni_3]:The Hong Kong Polytechnic University  
[Category]:Accounting and Governance;[Name]:Government data accessibility and firms’ strategic alliances formation;[Author_1]:Huailing Xie;[Uni_1]:Shanghai Jiao Tong University  
[Category]:Accounting and Governance;[Name]:Analyst coverage and corporate wage theft;[Author_1]:Mark Anderson;[Uni_1]:University of Calgary;[Author_2]:Soonchul Hyun;[Uni_2]:University of North Carolina-Greensboro;[Author_3]:Hunter An;[Uni_3]:University of North Carolina-Greensboro;[Author_4]:Zhiyan Wang;[Uni_4]:Wingate University  
[Category]:Accounting and Governance;[Name]:Structural effects of gender quota regulations on board characteristics and governance quality: two decades of evidence from Scandinavia;[Author_1]:Josep García-Blandón;[Uni_1]:Institut Químic de Sarrià;[Author_2]:Josep Argiles-Bosch;[Uni_2]:University of Barcelona;[Author_3]:Diego Ravenda;[Uni_3]:TBS Education;[Author_4]:David Castillo-Merino;[Uni_4]:Institut Químic de Sarrià"
51,51.0,"52
Accounting and Governance
Thursday, May 28, 14:00-15:30
2. From reform to representation: women on boards and shareholder dissent
Martin Bugeja (University of Technology Sydney)P
Jiaqi Wang (University of Technology Sydney)
3. Board gender quotas and female CEOs in private firms
Marcelo Ortiz (Universitat Pompeu Fabra)P
Sonia Falconieri (affiliation not provided)
Francisco Urzua (Bayes Business School)
Paolo Volpin (Drexel University, Lebow College of Business And City University of London, Bayes
Business School)
GV PS27 room SB 324
. . . . . . chaired by: Yiyi Zhao (University of International Business and Economics)
1. Advancing geo-accounting: a bibliometric-systematic review of geopolitical risk in financial reporting
Aragón Djamchidi (University of St.Gallen)P
Thomas Berndt (University of St.Gallen)
2. The boundaries of dialogic accountability
Natalia Berg (Linnaeus University)P
3. Analyst discovery in the era of information democratization
Zhengyuan Huang (Shanghai University of Finance and Economics)
Qinglu Jin (Shanghai University of Finance and Economics)
Hongping Tan (McGill University)P
Xingqiang Yin (Xi’an Jiaotong University)
Thursday, May 28, 14:00-15:30
GV PSD08 room SB 321
. . . . . . . . . . . . . . . . . . . . . . . . . . . chaired by: Jamshed Iqbal (University of Jyväskylä)
1. Tweeting for pay? CEO twitter activity and the design of incentive compensation
Wenjiao Cao (Erasmus University Rotterdam)
Yuyan Guan (Nanyang Technological University)P
Long Niu (Wenzhou-Kean University)
Yachang Zeng (Nanyang Technological University)
Discussant: Alexander Hofer (Vienna University of Economics and Business)
2. Contextualized CEO effect
Wenzhi Ding (The Hong Kong Polytechnic University)
Wanying Song (The Hong Kong Polytechnic University)P
Qiang Wu (The Hong Kong Polytechnic University)
Discussant: Kurt Desender (Universidad Carlos III de Madrid)
3. The silent signals of leadership: the role of CEO body language in compensation decisions
Mehdi Khodakarami (Monash University)P
Mukesh Garg (Monash University)
Cameron Truong (Monash University)
Christofer Adrian (Monash University)
Discussant: Kerui Zhai (Deakin University)
GV PS02 room SB 323
. . . . . . . . . . . . . . . . . . . chaired by: Martin Bugeja (University of Technology Sydney)
1. Green signals in capital markets: the impact of sustainable supply chain practices on financing choices
Hui Sung Kao (Feng Chia University)P
Shu-Hsien Lin (Feng Chia University)","[Category]:Accounting and Governance;[Name]:From reform to representation: women on boards and shareholder dissent;[Author_1]:Martin Bugeja;[Uni_1]:University of Technology Sydney;[Author_2]:Jiaqi Wang;[Uni_2]:University of Technology Sydney  
[Category]:Accounting and Governance;[Name]:Board gender quotas and female CEOs in private firms;[Author_1]:Marcelo Ortiz;[Uni_1]:Universitat Pompeu Fabra;[Author_2]:Sonia Falconieri;[Uni_2]:;[Author_3]:Francisco Urzua;[Uni_3]:Bayes Business School;[Author_4]:Paolo Volpin;[Uni_4]:Drexel University, Lebow College of Business And City University of London, Bayes Business School  
[Category]:Accounting and Governance;[Name]:Advancing geo-accounting: a bibliometric-systematic review of geopolitical risk in financial reporting;[Author_1]:Aragón Djamchidi;[Uni_1]:University of St.Gallen;[Author_2]:Thomas Berndt;[Uni_2]:University of St.Gallen  
[Category]:Accounting and Governance;[Name]:The boundaries of dialogic accountability;[Author_1]:Natalia Berg;[Uni_1]:Linnaeus University  
[Category]:Accounting and Governance;[Name]:Analyst discovery in the era of information democratization;[Author_1]:Zhengyuan Huang;[Uni_1]:Shanghai University of Finance and Economics;[Author_2]:Qinglu Jin;[Uni_2]:Shanghai University of Finance and Economics;[Author_3]:Hongping Tan;[Uni_3]:McGill University;[Author_4]:Xingqiang Yin;[Uni_4]:Xi’an Jiaotong University  
[Category]:Accounting and Governance;[Name]:Tweeting for pay? CEO twitter activity and the design of incentive compensation;[Author_1]:Wenjiao Cao;[Uni_1]:Erasmus University Rotterdam;[Author_2]:Yuyan Guan;[Uni_2]:Nanyang Technological University;[Author_3]:Long Niu;[Uni_3]:Wenzhou-Kean University;[Author_4]:Yachang Zeng;[Uni_4]:Nanyang Technological University  
[Category]:Accounting and Governance;[Name]:Contextualized CEO effect;[Author_1]:Wenzhi Ding;[Uni_1]:The Hong Kong Polytechnic University;[Author_2]:Wanying Song;[Uni_2]:The Hong Kong Polytechnic University;[Author_3]:Qiang Wu;[Uni_3]:The Hong Kong Polytechnic University  
[Category]:Accounting and Governance;[Name]:The silent signals of leadership: the role of CEO body language in compensation decisions;[Author_1]:Mehdi Khodakarami;[Uni_1]:Monash University;[Author_2]:Mukesh Garg;[Uni_2]:Monash University;[Author_3]:Cameron Truong;[Uni_3]:Monash University;[Author_4]:Christofer Adrian;[Uni_4]:Monash University  
[Category]:Accounting and Governance;[Name]:Green signals in capital markets: the impact of sustainable supply chain practices on financing choices;[Author_1]:Hui Sung Kao;[Uni_1]:Feng Chia University;[Author_2]:Shu-Hsien Lin;[Uni_2]:Feng Chia University"
52,52.0,"Accounting and Governance
Thursday, May 28, 16:00-17:30
53
2. Firm-specific climate change risk and environmental contracting
Rodion Skovoroda (The Open University Business School)
Siqi Liu (Open University)P
Xianmin Liu (University of Greenwich)
Sardar Ahmad (University of Liverpool)
Andrew Stark (Manchester Business School)
3. Do not smear my reputation: compromised directors and corporate social responsibility
Akram Khalilov (BI Norwegian Business School)P
Irina Gazizova (Stockholm School of Economics)
GV PS08 room SB 322
. . . . . . . . . . . . . . . . . . . . . . . . . . . . . . . . . . . . chaired by: Zijie Huang (Curtin University)
1. Board interlocks in supply chains: information and governance implications
Deju Zhang (University of Galway)P
Sangho Chae (Warwick University)
Hugo Lam (affiliation not provided)
Shuo Wang (University of Edinburgh)
2. Comparative analysis on the rationales of cooperative bank mergers in Finland and Germany
Pasi Sajasalo (University of Jyväskylä)
Tommi Auvinen (University of Jyväskylä)
Eric Meyer (University of Münster)
Antti Rautiainen (University of Jyväskylä)P
3. Common ownership and the alignment of customer procurement networks: evidence from supplier sharing
among U.S. public firms
Jiyuan Dai (University of Cyprus)P
Igor Kadach (IESE Business School)
GV PS15 room SB 324
. . . . . . . . . . . . . . . . . . . . . . . . chaired by: April Klein (NYU Stern School of Business)
1. From trading to voting: small shareholders on digital platforms
Yike Wang (HEC Paris)P
2. Do excess control rights hinder equity incentive adoption? Evidence from China
Hui Zhou (University of Auckland)P
Li Feng (University of Auckland)
Geoff Martin (Melbourne Business School)
3. Expertise-aligned dissent and the effectiveness of board oversight
Wuchun Chi (National Chengchi University)
Jia-Wen Liang (National Chengchi University)
Stephanie Tsui (National Chengchi University)P
Anxuan Xie (National Taipei University)
Thursday, May 28, 16:00-17:30
GV PSD03 room RB 211
. . . . . . . . . . . . . . . . . . . . . . chaired by: Botir Kobilov (University of Texas at Dallas)
1. Whose interests are reflected in SEC rules?
Gabriel Pundrich (University of Florida)
Gabriel Voelcker (Dartmouth College)P
Chuck Downing (MIT)
Discussant: Yinghua Li (Arizona State University)","[Category]:Accounting and Governance;[Name]:Firm-specific climate change risk and environmental contracting;[Author_1]:Rodion Skovoroda;[Uni_1]:The Open University Business School;[Author_2]:Siqi Liu;[Uni_2]:Open University;[Author_3]:Xianmin Liu;[Uni_3]:University of Greenwich;[Author_4]:Sardar Ahmad;[Uni_4]:University of Liverpool;[Author_5]:Andrew Stark;[Uni_5]:Manchester Business School
[Category]:Accounting and Governance;[Name]:Do not smear my reputation: compromised directors and corporate social responsibility;[Author_1]:Akram Khalilov;[Uni_1]:BI Norwegian Business School;[Author_2]:Irina Gazizova;[Uni_2]:Stockholm School of Economics
[Category]:Accounting and Governance;[Name]:Board interlocks in supply chains: information and governance implications;[Author_1]:Deju Zhang;[Uni_1]:University of Galway;[Author_2]:Sangho Chae;[Uni_2]:Warwick University;[Author_3]:Hugo Lam;[Uni_3]:;[Author_4]:Shuo Wang;[Uni_4]:University of Edinburgh
[Category]:Accounting and Governance;[Name]:Comparative analysis on the rationales of cooperative bank mergers in Finland and Germany;[Author_1]:Pasi Sajasalo;[Uni_1]:University of Jyväskylä;[Author_2]:Tommi Auvinen;[Uni_2]:University of Jyväskylä;[Author_3]:Eric Meyer;[Uni_3]:University of Münster;[Author_4]:Antti Rautiainen;[Uni_4]:University of Jyväskylä
[Category]:Accounting and Governance;[Name]:Common ownership and the alignment of customer procurement networks: evidence from supplier sharing among U.S. public firms;[Author_1]:Jiyuan Dai;[Uni_1]:University of Cyprus;[Author_2]:Igor Kadach;[Uni_2]:IESE Business School
[Category]:Accounting and Governance;[Name]:From trading to voting: small shareholders on digital platforms;[Author_1]:Yike Wang;[Uni_1]:HEC Paris
[Category]:Accounting and Governance;[Name]:Do excess control rights hinder equity incentive adoption? Evidence from China;[Author_1]:Hui Zhou;[Uni_1]:University of Auckland;[Author_2]:Li Feng;[Uni_2]:University of Auckland;[Author_3]:Geoff Martin;[Uni_3]:Melbourne Business School
[Category]:Accounting and Governance;[Name]:Expertise-aligned dissent and the effectiveness of board oversight;[Author_1]:Wuchun Chi;[Uni_1]:National Chengchi University;[Author_2]:Jia-Wen Liang;[Uni_2]:National Chengchi University;[Author_3]:Stephanie Tsui;[Uni_3]:National Chengchi University;[Author_4]:Anxuan Xie;[Uni_4]:National Taipei University
[Category]:Accounting and Governance;[Name]:Whose interests are reflected in SEC rules?;[Author_1]:Gabriel Pundrich;[Uni_1]:University of Florida;[Author_2]:Gabriel Voelcker;[Uni_2]:Dartmouth College;[Author_3]:Chuck Downing;[Uni_3]:MIT"
53,53.0,"54
Accounting and Governance
Thursday, May 28, 16:00-17:30
2. The power of patience: geography and negotiation dynamics in proxy voting
Xijiang Su (York University)P
Ruichi Xiong (Wuhan University)
Discussant: Derin Yilmazatilla (INSEAD)
3. Sanctions and firms’ performance: a geopolitical accounting approach
Olga Golubeva (Stockholm Business School)P
Discussant: Anne d’Arcy (Vienna University of Economics and Business)
GV PSD04 room SB 321
. . . . . . . . . . . . . . . . . . . . . . . . . . . . . . . . chaired by: Pengfei Gao (Swansea University)
1. Racial disparities in the processing of whistleblower complaints
Marco Errico (Tilburg University)P
Discussant: Francesco Ambrosini (University of Padova)
2. Targeted transparency and individual accountability: evidence from police officer identification
Gerrit von Zedlitz (University of Mannheim)P
Felix Vetter (University of Mannheim)
Thomas Simon (University of Mannheim)
Discussant: Joseph Henry Callaghan (Oakland University)
3. Hiding in plain sight: online complaints as an alternative to whistleblowing
Jeroen Koenraadt (London School of Economics)
Aneesh Raghunandan (Yale University)P
Thomas Ruchti (Virginia Tech)
Discussant: Markus Andreas Frank (Technical University of Munich)
GV PS12 room SB 323
. . . . . . . . chaired by: Ashesha Weerasinghe (Queensland University of Technology)
1. How does fair value accounting affect risk management for directors and officers?
Che-Chia Chang (Tunghai University)
Ya-Hui Lin (Tunghai University)
Hunghua Pan (National Tsing-Hua University)P
2. Spillover effects of bank enforcement actions
Diana Choi (Purdue University)P
Danyang Jiang (University of International Business and Economics)
Ted Goodman (Purdue University)
Lin Cheng (China Europe International Business School)
3. Banks’ revolving door hiring of former regulators and forward-looking credit loss accounting
Jia Guo (The Hong Kong Polytechnic University)
Weihua Qiu (Sun Yat-sen University)
Janus Jian Zhang (Hong Kong Baptist University)P
GV PS14 room SB 322
. . . . . . chaired by: Gabriel Matejka (Vienna University of Economics and Business)
1. Blockchain platform of bank confirmations and corporate cash holdings
Yan Wang (Xi’an Jiaotong University)P
Fei Yan (Xi’an Jiaotong University)
Baolei Qi (Xi’an Jiaotong University)
2. Interdiscipinary approaches to the valuation of historical, heritage and cultural digital assets: a case
study of Chichester festival theatre
Karen McBride (University of Portsmouth)P
3. Decentralizing capital access: evidence from blockchain adoption in regional SME equity markets
Ke Liao (University of Electronic Science and Technology of China)P
Ziheng Qi ( University of Electronic Science And Technology of China)","[Category]:Accounting and Governance;[Name]:The power of patience: geography and negotiation dynamics in proxy voting;[Author_1]:Xijiang Su;[Uni_1]:York University;[Author_2]:Ruichi Xiong;[Uni_2]:Wuhan University  
[Category]:Accounting and Governance;[Name]:Sanctions and firms’ performance: a geopolitical accounting approach;[Author_1]:Olga Golubeva;[Uni_1]:Stockholm Business School  
[Category]:Accounting and Governance;[Name]:Racial disparities in the processing of whistleblower complaints;[Author_1]:Marco Errico;[Uni_1]:Tilburg University  
[Category]:Accounting and Governance;[Name]:Targeted transparency and individual accountability: evidence from police officer identification;[Author_1]:Gerrit von Zedlitz;[Uni_1]:University of Mannheim;[Author_2]:Felix Vetter;[Uni_2]:University of Mannheim;[Author_3]:Thomas Simon;[Uni_3]:University of Mannheim  
[Category]:Accounting and Governance;[Name]:Hiding in plain sight: online complaints as an alternative to whistleblowing;[Author_1]:Jeroen Koenraadt;[Uni_1]:London School of Economics;[Author_2]:Aneesh Raghunandan;[Uni_2]:Yale University;[Author_3]:Thomas Ruchti;[Uni_3]:Virginia Tech  
[Category]:Accounting and Governance;[Name]:How does fair value accounting affect risk management for directors and officers?;[Author_1]:Che-Chia Chang;[Uni_1]:Tunghai University;[Author_2]:Ya-Hui Lin;[Uni_2]:Tunghai University;[Author_3]:Hunghua Pan;[Uni_3]:National Tsing-Hua University  
[Category]:Accounting and Governance;[Name]:Spillover effects of bank enforcement actions;[Author_1]:Diana Choi;[Uni_1]:Purdue University;[Author_2]:Danyang Jiang;[Uni_2]:University of International Business and Economics;[Author_3]:Ted Goodman;[Uni_3]:Purdue University;[Author_4]:Lin Cheng;[Uni_4]:China Europe International Business School  
[Category]:Accounting and Governance;[Name]:Banks’ revolving door hiring of former regulators and forward-looking credit loss accounting;[Author_1]:Jia Guo;[Uni_1]:The Hong Kong Polytechnic University;[Author_2]:Weihua Qiu;[Uni_2]:Sun Yat-sen University;[Author_3]:Janus Jian Zhang;[Uni_3]:Hong Kong Baptist University  
[Category]:Accounting and Governance;[Name]:Blockchain platform of bank confirmations and corporate cash holdings;[Author_1]:Yan Wang;[Uni_1]:Xi’an Jiaotong University;[Author_2]:Fei Yan;[Uni_2]:Xi’an Jiaotong University;[Author_3]:Baolei Qi;[Uni_3]:Xi’an Jiaotong University  
[Category]:Accounting and Governance;[Name]:Interdiscipinary approaches to the valuation of historical, heritage and cultural digital assets: a case study of Chichester festival theatre;[Author_1]:Karen McBride;[Uni_1]:University of Portsmouth  
[Category]:Accounting and Governance;[Name]:Decentralizing capital access: evidence from blockchain adoption in regional SME equity markets;[Author_1]:Ke Liao;[Uni_1]:University of Electronic Science and Technology of China;[Author_2]:Ziheng Qi;[Uni_2]:University of Electronic Science And Technology of China"
54,54.0,"Accounting and Governance
Friday, May 29, 09:00-10:30
55
GV PS22 room SB 324
. . . . . . . . . . . . . . . . . . . . . . . . . . . . . . . . . chaired by: Juan-Pedro Gomez (IE University)
1. Family firms and corporate litigation: the role of reputation
Federico Bertacchini (University of Parma)P
Gianluca Gabrielli (University of Parma)
2. Codified board advising and family firm innovation in an emerging economy
Joyce Wang (Texas State University)
Yiyi Zhao (University of International Business and Economics)P
Jigao Zhu (Univ. of International Business & Economics)
Mike Peng (University of Texas at Dallas)
3. Strategic slack and socioemotional wealth: a dual-theoretical perspective on R&D smoothing in family
firms
Zeenat Murtaza (Queen Mary University of London)P
Androniki Triantafylli (Queen Mary University of London)
Georgios Kavetsos (Queen Mary University of London)
Friday, May 29, 09:00-10:30
GV PSD12 room RB 213
. . . . . . . . . . . . . . . . . . . . . . . . . . . . . chaired by: Ann Jorissen (University of Antwerp)
1. Does political opportunism pay off? Evidence from government contracts
Jan Seitz (LMU Munich)
Simon Wolf (Humboldt University of Berlin)P
Discussant: Vijay Shukla (Indian Institute of Management Calcutta)
2. Firm-level political risk and the likelihood of pension buyout transactions
Dorcas Nduakoh (Hong Kong Metropolitan University)P
Monika Tarsalewska (University of Exeter)
Paraskevi Vicky Kiosse (affiliation not provided)
Pengguo Wang (University of Exeter)
Discussant: Ruth Owusu-Mensah (Nottingham Trent University)
GV PSD13 room SB 321
. . . . . . . . . . . . . . . . . . . . . . . . . . chaired by: Costanza di Fabio (University of Genoa)
1. Retroactive inscription and the temporal stabilisation of inter-organisational control
Sandrine Mathieu Dumas (University of Montpellier)P
Discussant: Zhenyu Liu (Université Toulouse Capitole)
2. Corporate governance, dividend policy, and the institutional environment: evidence from EU-firms
Gabriel Matejka (Vienna University of Economics and Business)P
Ewald Aschauer (Vienna University of Economics and Business)
Discussant: Chun Yu Mak (University of Birmingham)
3. Managerial ownership, esg-linked compensation, and human capital disclosure: evidence from the SEC
Regulation S-K amendment
Abdullah Alkhawfi (University of East Anglia)P
Ana Marques (University of East Anglia)
Francesca Cuomo (Norwich Business School, University of East Anglia)
Januário Monteiro (University of East Anglia)
Discussant: Zijie Huang (Curtin University)","[Category]:Accounting and Governance;[Name]:Family firms and corporate litigation: the role of reputation;[Author_1]:Federico Bertacchini;[Uni_1]:University of Parma;[Author_2]:Gianluca Gabrielli;[Uni_2]:University of Parma;[Author_3]:;[Uni_3]:;[Author_4]:;[Uni_4]:;[Author_5]:;[Uni_5]:  
[Category]:Accounting and Governance;[Name]:Codified board advising and family firm innovation in an emerging economy;[Author_1]:Joyce Wang;[Uni_1]:Texas State University;[Author_2]:Yiyi Zhao;[Uni_2]:University of International Business and Economics;[Author_3]:Jigao Zhu;[Uni_3]:Univ. of International Business & Economics;[Author_4]:Mike Peng;[Uni_4]:University of Texas at Dallas;[Author_5]:;[Uni_5]:  
[Category]:Accounting and Governance;[Name]:Strategic slack and socioemotional wealth: a dual-theoretical perspective on R&D smoothing in family firms;[Author_1]:Zeenat Murtaza;[Uni_1]:Queen Mary University of London;[Author_2]:Androniki Triantafylli;[Uni_2]:Queen Mary University of London;[Author_3]:Georgios Kavetsos;[Uni_3]:Queen Mary University of London;[Author_4]:;[Uni_4]:;[Author_5]:;[Uni_5]:  
[Category]:Accounting and Governance;[Name]:Does political opportunism pay off? Evidence from government contracts;[Author_1]:Jan Seitz;[Uni_1]:LMU Munich;[Author_2]:Simon Wolf;[Uni_2]:Humboldt University of Berlin;[Author_3]:;[Uni_3]:;[Author_4]:;[Uni_4]:;[Author_5]:;[Uni_5]:  
[Category]:Accounting and Governance;[Name]:Firm-level political risk and the likelihood of pension buyout transactions;[Author_1]:Dorcas Nduakoh;[Uni_1]:Hong Kong Metropolitan University;[Author_2]:Monika Tarsalewska;[Uni_2]:University of Exeter;[Author_3]:Paraskevi Vicky Kiosse;[Uni_3]:;[Author_4]:Pengguo Wang;[Uni_4]:University of Exeter;[Author_5]:;[Uni_5]:  
[Category]:Accounting and Governance;[Name]:Retroactive inscription and the temporal stabilisation of inter-organisational control;[Author_1]:Sandrine Mathieu Dumas;[Uni_1]:University of Montpellier;[Author_2]:;[Uni_2]:;[Author_3]:;[Uni_3]:;[Author_4]:;[Uni_4]:;[Author_5]:;[Uni_5]:  
[Category]:Accounting and Governance;[Name]:Corporate governance, dividend policy, and the institutional environment: evidence from EU-firms;[Author_1]:Gabriel Matejka;[Uni_1]:Vienna University of Economics and Business;[Author_2]:Ewald Aschauer;[Uni_2]:Vienna University of Economics and Business;[Author_3]:;[Uni_3]:;[Author_4]:;[Uni_4]:;[Author_5]:;[Uni_5]:  
[Category]:Accounting and Governance;[Name]:Managerial ownership, esg-linked compensation, and human capital disclosure: evidence from the SEC Regulation S-K amendment;[Author_1]:Abdullah Alkhawfi;[Uni_1]:University of East Anglia;[Author_2]:Ana Marques;[Uni_2]:University of East Anglia;[Author_3]:Francesca Cuomo;[Uni_3]:Norwich Business School, University of East Anglia;[Author_4]:Januário Monteiro;[Uni_4]:University of East Anglia;[Author_5]:;[Uni_5]:"
55,55.0,"56
Accounting and Governance
Friday, May 29, 09:00-10:30
GV PS10 room SB 323
. . . . . . . . . . . . . . . . . . . . . . . . . . chaired by: Jessica Moonhee Yi (Adelaide University)
1. Firm innovation in the digital era: evidence from executive equity incentives, blockchain, and governance
mechanisms
Androniki Triantafylli (Queen Mary University of London)P
Evisa Mitrou (Queen Mary University of London)
Rong Zhang (Queen Mary University of London)
2. The rise of artificial hegemony in corporate governance experimental evidence on the use of LLMs in
strategic board deliberations
Patrick Zbinden (University of St.Gallen)P
Yu Sun (University of St.Gallen)
Michele Sutter-Rüdisser (affiliation not provided)
Thomas Berndt (University of St.Gallen)
3. The impact of government transparency on firm innovation disclosures
Qing Xia (University of Oxford)P
GV PS20 room SB 322
. . . . . . . . . . . . . . . . . . . . . . . . . . . . . . . . . . . . . . chaired by: Derin Yilmazatilla (INSEAD)
1. CEO structural power, earnings persistence and organizational complexity
Erekle Pirveli (Caucasus University)P
Philip Sinnadurai (Charles Sturt University)
2. Corporate insiders’ risk attitudes in dynamically changing environments
Sreyaa Guha (Nova School of Business And Economics)
Elvira Scarlat (IE University)P
Matthias Seifert (IE University)
Allègre Hadida (University of Cambridge Judge Business School)
3. Friends or foes? Staggered boards and stakeholder violations
Rashid Zaman (Curtin University)
Muhammad Nadeem (University of Queensland)P
Georges Samara (American University of Beirut)
Hadrian Djajadikerta (Curtin University)
GV PS25 room SB 324
. . . . . . . . . . . . . . . . . chaired by: Zeenat Murtaza (Queen Mary University of London)
1. The effect of penalty salience on insider trading: evidence from prison closures
Markus Andreas Frank (Technical University of Munich)
Jonas Heese (Harvard University / Harvard Business School)
Joseph Pacelli (Harvard Business School)P
2. Accounting-based monitoring: evidence from supply chain contracts
Xuanheng Huang (Bocconi University)P
3. The impact of IPO terminations on R&D manipulation in peer listed firms
Zijian Cheng (Shandong University)
Qian Li (Shandong University)P
Zhangxin (Frank) Liu (University of Western Australia)
Yang Su (Harbin Institute of Technology)
Tianze Li (Shandong University)","[Category]:Accounting and Governance;[Name]:Firm innovation in the digital era: evidence from executive equity incentives, blockchain, and governance mechanisms;[Author_1]:Androniki Triantafylli;[Uni_1]:Queen Mary University of London;[Author_2]:Evisa Mitrou;[Uni_2]:Queen Mary University of London;[Author_3]:Rong Zhang;[Uni_3]:Queen Mary University of London;[Author_4]:;[Uni_4]:;[Author_5]:;[Uni_5]:  
[Category]:Accounting and Governance;[Name]:The rise of artificial hegemony in corporate governance experimental evidence on the use of LLMs in strategic board deliberations;[Author_1]:Patrick Zbinden;[Uni_1]:University of St.Gallen;[Author_2]:Yu Sun;[Uni_2]:University of St.Gallen;[Author_3]:Michele Sutter-Rüdisser;[Uni_3]:;[Author_4]:Thomas Berndt;[Uni_4]:University of St.Gallen;[Author_5]:;[Uni_5]:  
[Category]:Accounting and Governance;[Name]:The impact of government transparency on firm innovation disclosures;[Author_1]:Qing Xia;[Uni_1]:University of Oxford;[Author_2]:;[Uni_2]:;[Author_3]:;[Uni_3]:;[Author_4]:;[Uni_4]:;[Author_5]:;[Uni_5]:  
[Category]:Accounting and Governance;[Name]:CEO structural power, earnings persistence and organizational complexity;[Author_1]:Erekle Pirveli;[Uni_1]:Caucasus University;[Author_2]:Philip Sinnadurai;[Uni_2]:Charles Sturt University;[Author_3]:;[Uni_3]:;[Author_4]:;[Uni_4]:;[Author_5]:;[Uni_5]:  
[Category]:Accounting and Governance;[Name]:Corporate insiders’ risk attitudes in dynamically changing environments;[Author_1]:Sreyaa Guha;[Uni_1]:Nova School of Business And Economics;[Author_2]:Elvira Scarlat;[Uni_2]:IE University;[Author_3]:Matthias Seifert;[Uni_3]:IE University;[Author_4]:Allègre Hadida;[Uni_4]:University of Cambridge Judge Business School;[Author_5]:;[Uni_5]:  
[Category]:Accounting and Governance;[Name]:Friends or foes? Staggered boards and stakeholder violations;[Author_1]:Rashid Zaman;[Uni_1]:Curtin University;[Author_2]:Muhammad Nadeem;[Uni_2]:University of Queensland;[Author_3]:Georges Samara;[Uni_3]:American University of Beirut;[Author_4]:Hadrian Djajadikerta;[Uni_4]:Curtin University;[Author_5]:;[Uni_5]:  
[Category]:Accounting and Governance;[Name]:The effect of penalty salience on insider trading: evidence from prison closures;[Author_1]:Markus Andreas Frank;[Uni_1]:Technical University of Munich;[Author_2]:Jonas Heese;[Uni_2]:Harvard University / Harvard Business School;[Author_3]:Joseph Pacelli;[Uni_3]:Harvard Business School;[Author_4]:;[Uni_4]:;[Author_5]:;[Uni_5]:  
[Category]:Accounting and Governance;[Name]:Accounting-based monitoring: evidence from supply chain contracts;[Author_1]:Xuanheng Huang;[Uni_1]:Bocconi University;[Author_2]:;[Uni_2]:;[Author_3]:;[Uni_3]:;[Author_4]:;[Uni_4]:;[Author_5]:;[Uni_5]:  
[Category]:Accounting and Governance;[Name]:The impact of IPO terminations on R&D manipulation in peer listed firms;[Author_1]:Zijian Cheng;[Uni_1]:Shandong University;[Author_2]:Qian Li;[Uni_2]:Shandong University;[Author_3]:Zhangxin (Frank) Liu;[Uni_3]:University of Western Australia;[Author_4]:Yang Su;[Uni_4]:Harbin Institute of Technology;[Author_5]:Tianze Li;[Uni_5]:Shandong University"
56,56.0,"Accounting and Governance
Friday, May 29, 11:00-12:30
57
Friday, May 29, 11:00-12:30
GV PSD05 room RB 213
. . . . . . . chaired by: Anne d’Arcy (Vienna University of Economics and Business)
1. Bank specialization, control rights, and real effects
Ozan Güler (CUNEF Universidad)P
Marco Giometti (Universidad Carlos III de Madrid)
Stefano Pietrosanti (Bank of Italy)
Discussant: Jessica Moonhee Yi (Adelaide University)
2. Executives’ horizon, internal governance, and forward-looking credit loss accounting
Fangfang Hou (Xiamen University)P
Huan Ke (Hong Kong Baptist University)
Janus Jian Zhang (Hong Kong Baptist University)
Discussant: Marcel Tuijn (Southern Methodist University)
3. Institutional dual holdings and firms’ executory contracts with suppliers: evidence from shareholder-lender
mergers
Yunqi Xu (NEOMA Business School)P
Discussant: Hui Zhou (University of Auckland)
GV PS06 room SB 321
. . . . . . . . . . . . . . . . . . . . . . . . . . . . . . . chaired by: Haiyan Jiang (Macquarie University)
1. Executive interest alignment or opportunism: transparency as a governance mechanism in equity-based
incentives
Henri Tran (Burgundy School of Business)P
Thu Ha Tran (Burgundy School of Business)
2. Unintended consequences of mandatory CEO pay ratio disclosure
Vijay Shukla (Indian Institute of Management Calcutta)P
3. ESG-related executive compensation and firms’ voluntary financial disclosures
Clemens Lauer (HEC Paris)P
GV PS07 room SB 323
. . . . . . . . . . . . . . . . . . . . . . . . . . . chaired by: Al-Habbyel Yusoph (Bocconi University)
1. Gendered wage dynamics in high-level roles: why parenthood widens the leadership wage gap?
Elisa Raoli (Università Cattolica del Sacro Cuore)P
2. Executive mental health and corporate investment
Mariya Ivanova (NHH Norwegian School of Economics)P
Jenni Kallunki (University of Oulu)
Juha-Pekka Kallunki (University of Oulu)
Gilad Livne (Queen Mary University of London)
3. Do nomination committees shape board diversity?
Kashan Pirzada (Birmingham City University)P
Kamran Ahmed (La Trobe University)
GV PS09 room SB 322
. . . . . . . . . . . . . . . . . . . . . . . chaired by: Joseph Henry Callaghan (Oakland University)
1. How do corporate site visits affect the probability of industrial firms announcing refocusing?
Chun Yu Mak (University of Birmingham)P
Jia Liu (University of Portsmouth)
Guowen Li (Central University of Finance and Economics)
2. Performance through innovation: a dynamic analysis of SMEs
Gavin Reid (University of St Andrews)
Julia Smith (University of Strathclyde)P","[Category]:Accounting and Governance;[Name]:Bank specialization, control rights, and real effects;[Author_1]:Ozan Güler;[Uni_1]:CUNEF Universidad;[Author_2]:Marco Giometti;[Uni_2]:Universidad Carlos III de Madrid;[Author_3]:Stefano Pietrosanti;[Uni_3]:Bank of Italy  
[Category]:Accounting and Governance;[Name]:Executives’ horizon, internal governance, and forward-looking credit loss accounting;[Author_1]:Fangfang Hou;[Uni_1]:Xiamen University;[Author_2]:Huan Ke;[Uni_2]:Hong Kong Baptist University;[Author_3]:Janus Jian Zhang;[Uni_3]:Hong Kong Baptist University  
[Category]:Accounting and Governance;[Name]:Institutional dual holdings and firms’ executory contracts with suppliers: evidence from shareholder-lender mergers;[Author_1]:Yunqi Xu;[Uni_1]:NEOMA Business School  
[Category]:Accounting and Governance;[Name]:Executive interest alignment or opportunism: transparency as a governance mechanism in equity-based incentives;[Author_1]:Henri Tran;[Uni_1]:Burgundy School of Business;[Author_2]:Thu Ha Tran;[Uni_2]:Burgundy School of Business  
[Category]:Accounting and Governance;[Name]:Unintended consequences of mandatory CEO pay ratio disclosure;[Author_1]:Vijay Shukla;[Uni_1]:Indian Institute of Management Calcutta  
[Category]:Accounting and Governance;[Name]:ESG-related executive compensation and firms’ voluntary financial disclosures;[Author_1]:Clemens Lauer;[Uni_1]:HEC Paris  
[Category]:Accounting and Governance;[Name]:Gendered wage dynamics in high-level roles: why parenthood widens the leadership wage gap?;[Author_1]:Elisa Raoli;[Uni_1]:Università Cattolica del Sacro Cuore  
[Category]:Accounting and Governance;[Name]:Executive mental health and corporate investment;[Author_1]:Mariya Ivanova;[Uni_1]:NHH Norwegian School of Economics;[Author_2]:Jenni Kallunki;[Uni_2]:University of Oulu;[Author_3]:Juha-Pekka Kallunki;[Uni_3]:University of Oulu;[Author_4]:Gilad Livne;[Uni_4]:Queen Mary University of London  
[Category]:Accounting and Governance;[Name]:Do nomination committees shape board diversity?;[Author_1]:Kashan Pirzada;[Uni_1]:Birmingham City University;[Author_2]:Kamran Ahmed;[Uni_2]:La Trobe University  
[Category]:Accounting and Governance;[Name]:How do corporate site visits affect the probability of industrial firms announcing refocusing?;[Author_1]:Chun Yu Mak;[Uni_1]:University of Birmingham;[Author_2]:Jia Liu;[Uni_2]:University of Portsmouth;[Author_3]:Guowen Li;[Uni_3]:Central University of Finance and Economics  
[Category]:Accounting and Governance;[Name]:Performance through innovation: a dynamic analysis of SMEs;[Author_1]:Gavin Reid;[Uni_1]:University of St Andrews;[Author_2]:Julia Smith;[Uni_2]:University of Strathclyde"
57,57.0,"58
Accounting and Governance
Friday, May 29, 14:00-15:30
3. Closed innovation vs open innovation: artificial intelligence and innovation strategy choice of SMEs
Qianwen Wang (Xi’an Jiaotong University)P
Junrui Zhang (School of Management, Xi’an Jiaotong University)
GV PS18 room SB 324
. . . . . . . . . . . . . . . . . . . . . . . . . . . . . . . . . . . . . . . . chaired by: Lin Si (Bocconi University)
1. Boss’s sin, subordinates’ stain: stigma by association and employee careers in the aftermath of CFO
dismissals
Steven Cahan (University of Auckland)
Jiaying Ge (Wenzhou-Kean University)P
Jingjing Xia (Wenzhou-Kean University)
Rengong Zhang (University of Ottawa)
2. Crash, bang, wallop—you’re fired: an experimental study of the effects of stock price crash and financial
reporting quality on investor perceptions of CEO/CFO role dismissal
Ferdinand Gul (University of Sunshine Coast)
Karen Lai (Shenzhen University)P
Wen Hua Sharpe (University of the Sunshine Coast)
Matt Mount (Deakin University)
Bin Srinidhi (University of Texas at Arlington)
3. IPO withdrawal, industry competition and earning management of peer firms
Zijian Cheng (Shandong University)P
Yuxuan Shi (Shandong University)
Qian Li (Shandong University)
Zhangxin (Frank) Liu (University of Western Australia)
Friday, May 29, 14:00-15:30
GV PSD01 room RB 213
. . . . . . . . . . . . . . . . . . . . . . . . . . chaired by: Claudia Imperatore (Bocconi University)
1. Watchdogs or friends? CEO-audit committee ties and M&A performance
Syed Shams (University of Southern Queensland)
Yaohua Qin (Beijing Normal University-Hong Kong Baptist University)
Chandra Krishnamurti (University of South Australia)
Luisa Unda (University of the Balearic Islands)P
He Xiao (Beijing Normal University-Hong Kong Baptist University)
Discussant: Martin Bugeja (University of Technology Sydney)
2. Informing independent directors
Messod Daniel Beneish (Indiana University)P
Discussant: Raffaele Manini (Warwick University)
3. Board composition and implicit team incentives
Masako Darrough (Baruch College)
Eunhee Kim (Baruch College)
Sandra Kronenberger (Johannes Gutenberg University Mainz)P
Sebastian Kronenberger (University of Mannheim)
Discussant: Ann Jorissen (University of Antwerp)","[Category]:Accounting and Governance;[Name]:Closed innovation vs open innovation: artificial intelligence and innovation strategy choice of SMEs;[Author_1]:Qianwen Wang;[Uni_1]:Xi’an Jiaotong University;[Author_2]:Junrui Zhang;[Uni_2]:School of Management, Xi’an Jiaotong University  
[Category]:Accounting and Governance;[Name]:Boss’s sin, subordinates’ stain: stigma by association and employee careers in the aftermath of CFO dismissals;[Author_1]:Steven Cahan;[Uni_1]:University of Auckland;[Author_2]:Jiaying Ge;[Uni_2]:Wenzhou-Kean University;[Author_3]:Jingjing Xia;[Uni_3]:Wenzhou-Kean University;[Author_4]:Rengong Zhang;[Uni_4]:University of Ottawa  
[Category]:Accounting and Governance;[Name]:Crash, bang, wallop—you’re fired: an experimental study of the effects of stock price crash and financial reporting quality on investor perceptions of CEO/CFO role dismissal;[Author_1]:Ferdinand Gul;[Uni_1]:University of Sunshine Coast;[Author_2]:Karen Lai;[Uni_2]:Shenzhen University;[Author_3]:Wen Hua Sharpe;[Uni_3]:University of the Sunshine Coast;[Author_4]:Matt Mount;[Uni_4]:Deakin University;[Author_5]:Bin Srinidhi;[Uni_5]:University of Texas at Arlington  
[Category]:Accounting and Governance;[Name]:IPO withdrawal, industry competition and earning management of peer firms;[Author_1]:Zijian Cheng;[Uni_1]:Shandong University;[Author_2]:Yuxuan Shi;[Uni_2]:Shandong University;[Author_3]:Qian Li;[Uni_3]:Shandong University;[Author_4]:Zhangxin (Frank) Liu;[Uni_4]:University of Western Australia  
[Category]:Accounting and Governance;[Name]:Watchdogs or friends? CEO-audit committee ties and M&A performance;[Author_1]:Syed Shams;[Uni_1]:University of Southern Queensland;[Author_2]:Yaohua Qin;[Uni_2]:Beijing Normal University-Hong Kong Baptist University;[Author_3]:Chandra Krishnamurti;[Uni_3]:University of South Australia;[Author_4]:Luisa Unda;[Uni_4]:University of the Balearic Islands;[Author_5]:He Xiao;[Uni_5]:Beijing Normal University-Hong Kong Baptist University  
[Category]:Accounting and Governance;[Name]:Informing independent directors;[Author_1]:Messod Daniel Beneish;[Uni_1]:Indiana University  
[Category]:Accounting and Governance;[Name]:Board composition and implicit team incentives;[Author_1]:Masako Darrough;[Uni_1]:Baruch College;[Author_2]:Eunhee Kim;[Uni_2]:Baruch College;[Author_3]:Sandra Kronenberger;[Uni_3]:Johannes Gutenberg University Mainz;[Author_4]:Sebastian Kronenberger;[Uni_4]:University of Mannheim"
58,58.0,"Accounting and Governance
Friday, May 29, 14:00-15:30
59
GV PSD10 room SB 321
. . . . . . . . . . . . . . . . . . . . . . . . chaired by: Zhenyu Liu (Université Toulouse Capitole)
1. Delegation to subsidiary executives and earnings management: evidence from publicly listed subsidiaries
in Japan
Yoshitaka Kubota (Nagoya Gakuin University)P
Yasuhiro Ohta (Keio University)
Discussant: Cristina Grande-Herrera (Universidad Pontificia Comillas)
2. Managing employee perceptions under takeover threats? Evidence from CEO approval ratings on glassdoor
Dichu Bao (Lingnan University)
Ruirui Fang (The Hong Kong Polytechnic University)
Lixin (Nancy) Su (The Hong Kong Polytechnic University)P
Discussant: Brianna Camila de la Osa (University of Miami)
3. Rent-seeking through bad mouthing: employees’ strategic workplace disclosure before stock option grants
Yangyang Chen (City University of Hong Kong)P
Yongkang Li (City University of Hong Kong)
Junqi Liu (Xiamen University)
Jeffrey Pittman (Memorial University of Newfoundland)
Discussant: Rong Zhang (Queen Mary University of London)
GV PS01 room SB 323
. . . . . . chaired by: Alexander Hofer (Vienna University of Economics and Business)
1. How socially responsible investors shape sustainability assurance practices? Evidence from European
firms
Marta Sánchez Sancho (Universidad de Salamanca)P
Maria del Mar Sanchez Hernandez (Technical University of Cartagena)
Jennifer Martinez Ferrero (Universidad de Salamanca)
Emma García-Meca (Technical University of Cartagena)
2. Spillover effects of non-financial reporting mandate: uncertainty about investors’ preferences
Dimitrios Papagiannis (Tilburg University)P
Bjarne Brié (Tilburg University)
3. Beyond financials: exploring existing and emerging non-financial reporting practices
Paolo Biancone (University of Turin)
Valerio Brescia (University of Milan)
Ginevra Degregori (University of Turin)P
Maria Carmela Serluca (Telematic University Giustino Fortunato)
GV PS11 room SB 322
. . . . . . . chaired by: Padmini Srinivasan (Indian Institute of Management Bangalore)
1. Uncertainty, earnings call disclosure, and debt financing
Yi-Mien Lin (National Chung Hsing University)P
Jing-Chi Chen (University of West Georgia)
2. Family firms and debt contracts: evidence from Taiwan
Pin-Yi Yeh (Pwc Taiwan)
Dio Cheng-Erh Huang (National United University)P
Ann Ling-Ching Chan (National Chengchi University)
3. The voice of small shareholders at annual general meetings
Costanza di Fabio (University of Genoa)P
Alberto Quagli (University of Genova)
Francesco Avallone (University of Genoa)
Paola Ramassa (University of Genoa)","[Category]:Accounting and Governance;[Name]:Delegation to subsidiary executives and earnings management: evidence from publicly listed subsidiaries in Japan;[Author_1]:Yoshitaka Kubota;[Uni_1]:Nagoya Gakuin University;[Author_2]:Yasuhiro Ohta;[Uni_2]:Keio University  
[Category]:Accounting and Governance;[Name]:Managing employee perceptions under takeover threats? Evidence from CEO approval ratings on glassdoor;[Author_1]:Dichu Bao;[Uni_1]:Lingnan University;[Author_2]:Ruirui Fang;[Uni_2]:The Hong Kong Polytechnic University;[Author_3]:Lixin (Nancy) Su;[Uni_3]:The Hong Kong Polytechnic University  
[Category]:Accounting and Governance;[Name]:Rent-seeking through bad mouthing: employees’ strategic workplace disclosure before stock option grants;[Author_1]:Yangyang Chen;[Uni_1]:City University of Hong Kong;[Author_2]:Yongkang Li;[Uni_2]:City University of Hong Kong;[Author_3]:Junqi Liu;[Uni_3]:Xiamen University;[Author_4]:Jeffrey Pittman;[Uni_4]:Memorial University of Newfoundland  
[Category]:Accounting and Governance;[Name]:How socially responsible investors shape sustainability assurance practices? Evidence from European firms;[Author_1]:Marta Sánchez Sancho;[Uni_1]:Universidad de Salamanca;[Author_2]:Maria del Mar Sanchez Hernandez;[Uni_2]:Technical University of Cartagena;[Author_3]:Jennifer Martinez Ferrero;[Uni_3]:Universidad de Salamanca;[Author_4]:Emma García-Meca;[Uni_4]:Technical University of Cartagena  
[Category]:Accounting and Governance;[Name]:Spillover effects of non-financial reporting mandate: uncertainty about investors’ preferences;[Author_1]:Dimitrios Papagiannis;[Uni_1]:Tilburg University;[Author_2]:Bjarne Brié;[Uni_2]:Tilburg University  
[Category]:Accounting and Governance;[Name]:Beyond financials: exploring existing and emerging non-financial reporting practices;[Author_1]:Paolo Biancone;[Uni_1]:University of Turin;[Author_2]:Valerio Brescia;[Uni_2]:University of Milan;[Author_3]:Ginevra Degregori;[Uni_3]:University of Turin;[Author_4]:Maria Carmela Serluca;[Uni_4]:Telematic University Giustino Fortunato  
[Category]:Accounting and Governance;[Name]:Uncertainty, earnings call disclosure, and debt financing;[Author_1]:Yi-Mien Lin;[Uni_1]:National Chung Hsing University;[Author_2]:Jing-Chi Chen;[Uni_2]:University of West Georgia  
[Category]:Accounting and Governance;[Name]:Family firms and debt contracts: evidence from Taiwan;[Author_1]:Pin-Yi Yeh;[Uni_1]:Pwc Taiwan;[Author_2]:Dio Cheng-Erh Huang;[Uni_2]:National United University;[Author_3]:Ann Ling-Ching Chan;[Uni_3]:National Chengchi University  
[Category]:Accounting and Governance;[Name]:The voice of small shareholders at annual general meetings;[Author_1]:Costanza di Fabio;[Uni_1]:University of Genoa;[Author_2]:Alberto Quagli;[Uni_2]:University of Genova;[Author_3]:Francesco Avallone;[Uni_3]:University of Genoa;[Author_4]:Paola Ramassa;[Uni_4]:University of Genoa"
59,59.0,"60
Accounting and Governance
Friday, May 29, 14:00-15:30
GV PS13 room SB 324
. . . . . . chaired by: Ping Jiang (University of International Business and Economics)
1. Monitoring or collusion? Common institutional ownership and the accuracy of management earnings
forecasts in Japan
Wenjun Kuang (Hiroshima University)P
Efendi Jap (Northern Arizona University)
2. From slack to discipline: private equity ownership and operating cost stickiness
Gianluca Gabrielli (University of Parma)P
Camilla Ciappei (University of Padova)
3. The effect of employee stock ownership on earnings management: evidence from Japan
Shuichiro Kyodo (Osaka Metropolitan University)P","[Category]:Accounting and Governance;[Name]:Monitoring or collusion? Common institutional ownership and the accuracy of management earnings forecasts in Japan;[Author_1]:Wenjun Kuang;[Uni_1]:Hiroshima University;[Author_2]:Efendi Jap;[Uni_2]:Northern Arizona University;[Author_3]:;[Uni_3]:;[Author_4]:;[Uni_4]:;[Author_5]:;[Uni_5]:  
[Category]:Accounting and Governance;[Name]:From slack to discipline: private equity ownership and operating cost stickiness;[Author_1]:Gianluca Gabrielli;[Uni_1]:University of Parma;[Author_2]:Camilla Ciappei;[Uni_2]:University of Padova;[Author_3]:;[Uni_3]:;[Author_4]:;[Uni_4]:;[Author_5]:;[Uni_5]:  
[Category]:Accounting and Governance;[Name]:The effect of employee stock ownership on earnings management: evidence from Japan;[Author_1]:Shuichiro Kyodo;[Uni_1]:Osaka Metropolitan University;[Author_2]:;[Uni_2]:;[Author_3]:;[Uni_3]:;[Author_4]:;[Uni_4]:;[Author_5]:;[Uni_5]:"
60,60.0,"History
Wednesday, May 27, 15:00-16:30
61
HI – History
Wednesday, May 27, 15:00-16:30
HI PS01 room SB 335
. . . . . . . . . . . . . . . . . . . . . . . . . . . . . . . . . . . . . . chaired by: Nieves Carrera (IE University)
1. Redistributing disaster cost: accounting, power, and corporate survival after Fukushima
Eri Kanamori (Ritsumeikan University)
Orie Miyazawa (University of Kent)P
2. The historiography of double entry accounting in the pre-modern era — a critical reassessment
Alan Sangster (University of Aberdeen)P
3. Telefónica in historical perspective (1924–2024): a century-long longitudinal study of financial and
accounting evolution
Javier Ayuso (University of Valencia)P
Pau Insa-Sánchez (Universitat Jaume I)","[Category]:History;[Name]:Redistributing disaster cost: accounting, power, and corporate survival after Fukushima;[Author_1]:Eri Kanamori;[Uni_1]:Ritsumeikan University;[Author_2]:Orie Miyazawa;[Uni_2]:University of Kent;[Author_3]:;[Uni_3]:;[Author_4]:;[Uni_4]:;[Author_5]:;[Uni_5]:  
[Category]:History;[Name]:The historiography of double entry accounting in the pre-modern era — a critical reassessment;[Author_1]:Alan Sangster;[Uni_1]:University of Aberdeen;[Author_2]:;[Uni_2]:;[Author_3]:;[Uni_3]:;[Author_4]:;[Uni_4]:;[Author_5]:;[Uni_5]:  
[Category]:History;[Name]:Telefónica in historical perspective (1924–2024): a century-long longitudinal study of financial and accounting evolution;[Author_1]:Javier Ayuso;[Uni_1]:University of Valencia;[Author_2]:Pau Insa-Sánchez;[Uni_2]:Universitat Jaume I;[Author_3]:;[Uni_3]:;[Author_4]:;[Uni_4]:;[Author_5]:;[Uni_5]:"
61,61.0,"62
Interdisciplinary / Critical
Wednesday, May 27, 15:00-16:30
IC – Interdisciplinary / Critical
Wednesday, May 27, 15:00-16:30
IC PSD03 room RB 212
. . . . . . . . . . . . . . . . . . . . . . . . . . . . . . chaired by: Enrico Bracci (University of Ferrara)
1. Assetization as a mode of control
Thomas Skinnerup (Copenhagen Business School)P
Gro Holde (Danish Agency of Higher Education)
Discussant: Yuval Millo (Warwick University)
2. Economic paradigms and their performativity in accounting research
Yuval Millo (Warwick University)P
Jan Pfister (University of Turku)
Discussant: Anne Jeny (IESEG School of Management)
3. Intangible assetization: the accounting entity on trial. The case of a French government initiative (2007-
2020)
Anne Jeny (IESEG School of Management)P
Eve Chiapello (affiliation not provided)
Laure Célérier (UQAM)
Discussant: Thomas Holde Skinnerup (Copenhagen Business School)
IC PS02 room RB 206
. . . . . . . . . . . . . . . . . . . . . . . . . chaired by: Tobias Scheytt (Helmut-Schmidt-University)
1. Generative AI versus human: a comparison of their uses in reflexive thematic analysis on corporate social
responsibility motivations in UK audit firms
Di Min (Newcastle University)P
2. Endogeneity challenges in environmental ESG and financial performance studies: a systematic review
Florian Follert (Seeburg Castle University)P
Tim Herberger (Andrássy University Budapest)
Nicole Trinkl (Seeburg Castle University)
3. Ascertaining RD&E decision-makers intentions to use AI: empirical evidence from an international sample
Laura Broccardo (University of Turin)P
Edoardo Crocco (University of Turin)
Wednesday, May 27, 17:00-18:30
IC PSD08 room RB 212
. . . . chaired by: Garry David Carnegie (Royal Melbourne Institute of Technology)
1. Accountability sinks, accountability gaps and technological injustice: the case of the British post of-
fice/horizon IT scandal
Louise Gorman (Trinity College Dublin)P
Niamh M. Brennan (University College Dublin)
Victoria Edgar (University of Agder)
Discussant: Franziska Sterl (University of Passau)
2. The construction and evolution of non-financial benchmarks: an empirical investigation
Dasha Smirnow (Lancaster University)P
Jan Bebbington (Lancaster University)
Discussant: Linda Hintsteiner (University of Innsbruck)
3. Accounting and managerial dilemmas of network companies: railway companies as an example between
1883 and 1914
Mohamed Ali Dakkam (University of Lorraine)P
Cedric Poivret (Université Gustave Eiffe)
Discussant: Ryoko Yamada (Aalto University)","[Category]:Interdisciplinary / Critical;[Name]:Assetization as a mode of control;[Author_1]:Thomas Skinnerup;[Uni_1]:Copenhagen Business School;[Author_2]:Gro Holde;[Uni_2]:Danish Agency of Higher Education  
[Category]:Interdisciplinary / Critical;[Name]:Economic paradigms and their performativity in accounting research;[Author_1]:Yuval Millo;[Uni_1]:Warwick University;[Author_2]:Jan Pfister;[Uni_2]:University of Turku  
[Category]:Interdisciplinary / Critical;[Name]:Intangible assetization: the accounting entity on trial. The case of a French government initiative (2007-2020);[Author_1]:Anne Jeny;[Uni_1]:IESEG School of Management;[Author_2]:Eve Chiapello;[Uni_2]:;[Author_3]:Laure Célérier;[Uni_3]:UQAM  
[Category]:Interdisciplinary / Critical;[Name]:Generative AI versus human: a comparison of their uses in reflexive thematic analysis on corporate social responsibility motivations in UK audit firms;[Author_1]:Di Min;[Uni_1]:Newcastle University  
[Category]:Interdisciplinary / Critical;[Name]:Endogeneity challenges in environmental ESG and financial performance studies: a systematic review;[Author_1]:Florian Follert;[Uni_1]:Seeburg Castle University;[Author_2]:Tim Herberger;[Uni_2]:Andrássy University Budapest;[Author_3]:Nicole Trinkl;[Uni_3]:Seeburg Castle University  
[Category]:Interdisciplinary / Critical;[Name]:Ascertaining RD&E decision-makers intentions to use AI: empirical evidence from an international sample;[Author_1]:Laura Broccardo;[Uni_1]:University of Turin;[Author_2]:Edoardo Crocco;[Uni_2]:University of Turin  
[Category]:Interdisciplinary / Critical;[Name]:Accountability sinks, accountability gaps and technological injustice: the case of the British post office/horizon IT scandal;[Author_1]:Louise Gorman;[Uni_1]:Trinity College Dublin;[Author_2]:Niamh M. Brennan;[Uni_2]:University College Dublin;[Author_3]:Victoria Edgar;[Uni_3]:University of Agder  
[Category]:Interdisciplinary / Critical;[Name]:The construction and evolution of non-financial benchmarks: an empirical investigation;[Author_1]:Dasha Smirnow;[Uni_1]:Lancaster University;[Author_2]:Jan Bebbington;[Uni_2]:Lancaster University  
[Category]:Interdisciplinary / Critical;[Name]:Accounting and managerial dilemmas of network companies: railway companies as an example between 1883 and 1914;[Author_1]:Mohamed Ali Dakkam;[Uni_1]:University of Lorraine;[Author_2]:Cedric Poivret;[Uni_2]:Université Gustave Eiffe"
62,62.0,"Interdisciplinary / Critical
Thursday, May 28, 09:00-10:30
63
IC PS07 room RB 109
. . . . . . . . . . . . . . . . . . . . chaired by: Angela Nativio (Ca’ Foscari University of Venice)
1. Waiters, old pals, beggars, and bribers: the economic and social lives of sell-side analysts in China
Dane Pflueger (Warwick University)P
Han Wu (HEC Paris)
Han Wu (SKEMA Business School)
2. Bank shareholder equity between prudential regulation and financial management
Maria Elena Olante (Università Cattolica del Sacro Cuore)P
Yuri Biondi (CNRS)
Davide Arrighi (Università Cattolica del Sacro Cuore)
3. How top managers’ vocabularies of motive shape accountability processes: the case of integrated reporting
Sabrina Roszak (SKEMA Business School)
Aziza Laguecir (EDHEC Business School)
Mouna Hazgui (HEC Montréal)P
IC PS08 room RB 206
. . . . . . . . . . . chaired by: Vera Linke (WHU - Otto Beisheim School of Management)
1. Combining academic work and care responsibilities in the shadow of performance management
Kirsi-Mari Kallio (University of Turku)P
Aki Lehtivuori (University of Turku)
Janne Tienari (Hanken School of Economics)
Susan Merilainen (affiliation not provided)
Tomi Kallio (University of Vaasa)
2. How does the accounting research community think about open science?
Joachim Gassen (Humboldt University of Berlin)P
Jacqueline Klug (WHU - Otto Beisheim School of Management)
Victor van Pelt (WHU - Otto Beisheim School of Management)
3. The affectivity of accounting and control practices and its role in changing organizations: an ethnographic
study
Paola Trevisan (Copenhagen Business School)P
Christian Huber (Copenhagen Business School)
Thursday, May 28, 09:00-10:30
IC PSD04 room RB 212
. . . . . . . . . . . . . . . . . . . . . . chaired by: Nick Rowbottom (University of Birmingham)
1. “Who are you?”: silence and melancholia as a psychic operation of power in diverse accounting spaces
Tassiani dos Santos (Durham University)
Nick McGuigan (Monash University)P
Iago Lopes (Federal University of Rio de Janeiro)
Discussant: Tra Thu Tham (Hanken School of Economics)
2. IMPACT, SHE WROTE - genres of narrative reporting in the cultural sector
Angela Nativio (Ca’ Foscari University of Venice)P
Discussant: Nick McGuigan (Monash University)
3. From market fact to translation effect: re-theorizing the greenium through actor-network theory
Tra Tham (Hanken School of Economics)P
Othmar Lehner (Hanken School of Economics)
Theresia Harrer (EDHEC Business School)
Discussant: Angela Nativio (Ca’ Foscari University of Venice)","[Category]:Interdisciplinary / Critical;[Name]:Waiters, old pals, beggars, and bribers: the economic and social lives of sell-side analysts in China;[Author_1]:Dane Pflueger;[Uni_1]:Warwick University;[Author_2]:Han Wu;[Uni_2]:HEC Paris;[Author_3]:Han Wu;[Uni_3]:SKEMA Business School  
[Category]:Interdisciplinary / Critical;[Name]:Bank shareholder equity between prudential regulation and financial management;[Author_1]:Maria Elena Olante;[Uni_1]:Università Cattolica del Sacro Cuore;[Author_2]:Yuri Biondi;[Uni_2]:CNRS;[Author_3]:Davide Arrighi;[Uni_3]:Università Cattolica del Sacro Cuore  
[Category]:Interdisciplinary / Critical;[Name]:How top managers’ vocabularies of motive shape accountability processes: the case of integrated reporting;[Author_1]:Sabrina Roszak;[Uni_1]:SKEMA Business School;[Author_2]:Aziza Laguecir;[Uni_2]:EDHEC Business School;[Author_3]:Mouna Hazgui;[Uni_3]:HEC Montréal  
[Category]:Interdisciplinary / Critical;[Name]:Combining academic work and care responsibilities in the shadow of performance management;[Author_1]:Kirsi-Mari Kallio;[Uni_1]:University of Turku;[Author_2]:Aki Lehtivuori;[Uni_2]:University of Turku;[Author_3]:Janne Tienari;[Uni_3]:Hanken School of Economics;[Author_4]:Susan Merilainen;[Uni_4]:affiliation not provided;[Author_5]:Tomi Kallio;[Uni_5]:University of Vaasa  
[Category]:Interdisciplinary / Critical;[Name]:How does the accounting research community think about open science?;[Author_1]:Joachim Gassen;[Uni_1]:Humboldt University of Berlin;[Author_2]:Jacqueline Klug;[Uni_2]:WHU - Otto Beisheim School of Management;[Author_3]:Victor van Pelt;[Uni_3]:WHU - Otto Beisheim School of Management  
[Category]:Interdisciplinary / Critical;[Name]:The affectivity of accounting and control practices and its role in changing organizations: an ethnographic study;[Author_1]:Paola Trevisan;[Uni_1]:Copenhagen Business School;[Author_2]:Christian Huber;[Uni_2]:Copenhagen Business School  
[Category]:Interdisciplinary / Critical;[Name]:""Who are you?"" silence and melancholia as a psychic operation of power in diverse accounting spaces;[Author_1]:Tassiani dos Santos;[Uni_1]:Durham University;[Author_2]:Nick McGuigan;[Uni_2]:Monash University;[Author_3]:Iago Lopes;[Uni_3]:Federal University of Rio de Janeiro  
[Category]:Interdisciplinary / Critical;[Name]:IMPACT, SHE WROTE - genres of narrative reporting in the cultural sector;[Author_1]:Angela Nativio;[Uni_1]:Ca’ Foscari University of Venice  
[Category]:Interdisciplinary / Critical;[Name]:From market fact to translation effect: re-theorizing the greenium through actor-network theory;[Author_1]:Tra Tham;[Uni_1]:Hanken School of Economics;[Author_2]:Othmar Lehner;[Uni_2]:Hanken School of Economics;[Author_3]:Theresia Harrer;[Uni_3]:EDHEC Business School"
63,63.0,"64
Interdisciplinary / Critical
Thursday, May 28, 11:00-12:30
IC PS03 room RB 109
. . . . . . . . . . . . . . . . . . . . . . chaired by: Victoria Honsel (Copenhagen Business School)
1. The illusion of duty: how the audit profession let users down
Cynthia Courtois (Laval University)
Pier-Luc Lajoie (University of Quebec in Trois-Rivières)P
Angélique Malo (University of Quebec in Trois-Rivières)
2. The interplay of cognition and emotion when interpreting accounting information: an ethnographic study
of financial due diligence
Hanna Heeg (University of Passau)P
Christoph Pelger (University of Passau)
3. Auditors’ going concern decisions: insights from practice
Dominic Detzen (Vrije Universiteit Amsterdam)P
Marshall Geiger (University of Richmond)
Anna Gold (Vrije Universiteit Amsterdam)
Philip Wallage (University of Amsterdam)
IC PS06 room RB 206
. . . . . . . . . . . . . . . . . . . . . . . . . . . . . . . . . . . chaired by: Perla Mardini (Zayed University)
1. The myth of normal: a feminist account of cumulative trauma in women accountants’ careers
Alessandro Ghio (ESCP Business School)
Carly Moulang (Monash University)P
2. Activism in accounting academia: identity work in liminality
Juliette Senn (MBS School of Business)
Alessandro Ghio (ESCP Business School)P
3. Closed worlds, open practices: understanding accountability in Italian juvenile detention centres
Lorenzo Pratici (University of Parma)P
Anwar Halari (Open University)
Isabella Mozzoni (University of Parma)
Thursday, May 28, 11:00-12:30
IC PS01 room RB 212
. . . . . . . . . . . . . . . . . . . . . . . . . . . chaired by: Alessandro Ghio (ESCP Business School)
1. Family firms and CO2 emissions: unpacking the role of market volatility and risk aversion
Rodrigo Basco (American University of Sharjah)
Thomas Bassetti (University of Padova)
Andrea Caccialanza (University of Bologna)P
Lorenzo dal Maso (University of Bologna)
2. The construction of financial value: crafting synergy estimates in acquisitions
Luc Paugam (HEC Paris)P
Herve Stolowy (HEC Paris)
Yike Wang (HEC Paris)
Christof Binder (Markables AG)
3. Optimism or strategy? Positive communication in corporate disclosures
Karol Klimczak (Lodz University of Technology)P
Dominika Hadro (Wrocław University of Economics And Business)
Marcel Meyer (University of Navarra)
Tohid Zeinali (Lodz University of Technology)","[Category]:Interdisciplinary / Critical;[Name]:The illusion of duty: how the audit profession let users down;[Author_1]:Cynthia Courtois;[Uni_1]:Laval University;[Author_2]:Pier-Luc Lajoie;[Uni_2]:University of Quebec in Trois-Rivières;[Author_3]:Angélique Malo;[Uni_3]:University of Quebec in Trois-Rivières  
[Category]:Interdisciplinary / Critical;[Name]:The interplay of cognition and emotion when interpreting accounting information: an ethnographic study of financial due diligence;[Author_1]:Hanna Heeg;[Uni_1]:University of Passau;[Author_2]:Christoph Pelger;[Uni_2]:University of Passau  
[Category]:Interdisciplinary / Critical;[Name]:Auditors’ going concern decisions: insights from practice;[Author_1]:Dominic Detzen;[Uni_1]:Vrije Universiteit Amsterdam;[Author_2]:Marshall Geiger;[Uni_2]:University of Richmond;[Author_3]:Anna Gold;[Uni_3]:Vrije Universiteit Amsterdam;[Author_4]:Philip Wallage;[Uni_4]:University of Amsterdam  
[Category]:Interdisciplinary / Critical;[Name]:The myth of normal: a feminist account of cumulative trauma in women accountants’ careers;[Author_1]:Alessandro Ghio;[Uni_1]:ESCP Business School;[Author_2]:Carly Moulang;[Uni_2]:Monash University  
[Category]:Interdisciplinary / Critical;[Name]:Activism in accounting academia: identity work in liminality;[Author_1]:Juliette Senn;[Uni_1]:MBS School of Business;[Author_2]:Alessandro Ghio;[Uni_2]:ESCP Business School  
[Category]:Interdisciplinary / Critical;[Name]:Closed worlds, open practices: understanding accountability in Italian juvenile detention centres;[Author_1]:Lorenzo Pratici;[Uni_1]:University of Parma;[Author_2]:Anwar Halari;[Uni_2]:Open University;[Author_3]:Isabella Mozzoni;[Uni_3]:University of Parma  
[Category]:Interdisciplinary / Critical;[Name]:Family firms and CO2 emissions: unpacking the role of market volatility and risk aversion;[Author_1]:Rodrigo Basco;[Uni_1]:American University of Sharjah;[Author_2]:Thomas Bassetti;[Uni_2]:University of Padova;[Author_3]:Andrea Caccialanza;[Uni_3]:University of Bologna;[Author_4]:Lorenzo dal Maso;[Uni_4]:University of Bologna  
[Category]:Interdisciplinary / Critical;[Name]:The construction of financial value: crafting synergy estimates in acquisitions;[Author_1]:Luc Paugam;[Uni_1]:HEC Paris;[Author_2]:Herve Stolowy;[Uni_2]:HEC Paris;[Author_3]:Yike Wang;[Uni_3]:HEC Paris;[Author_4]:Christof Binder;[Uni_4]:Markables AG  
[Category]:Interdisciplinary / Critical;[Name]:Optimism or strategy? Positive communication in corporate disclosures;[Author_1]:Karol Klimczak;[Uni_1]:Lodz University of Technology;[Author_2]:Dominika Hadro;[Uni_2]:Wrocław University of Economics And Business;[Author_3]:Marcel Meyer;[Uni_3]:University of Navarra;[Author_4]:Tohid Zeinali;[Uni_4]:Lodz University of Technology"
64,64.0,"Interdisciplinary / Critical
Thursday, May 28, 14:00-15:30
65
IC PS05 room RB 206
. . . . . . . . . . . . . . . . . . . . . . . . . . . . chaired by: Silvana Revellino (University of Salerno)
1. Competing frames in a crisis: a media house’s financial distress
Mattias Sandgren (Jönköping University)
Andreas Jansson (Jönköping International Business School)P
2. The medium is the message: analysing the implications of machine-readable corporate reporting
Nick Rowbottom (University of Birmingham)P
Indrit Troshani (Adelaide University)
3. From “likes” to value: sustainability accounting in agri-tourism farms through social media
Kriselda Gura (Epoka University)
Servet Gura (University of Tirana)
Suman Lodh (Kingston University)P
Monomita Nandy (Brunel University)
Thursday, May 28, 14:00-15:30
IC PSD05 room RB 212
. . . . . . . . . . . . . . . . . . . . . chaired by: Ericka Costa (Università degli Studi di Trento)
1. On the dynamics of accountability in a hyperreal setting: the narrative battle over star citizen
Herve Stolowy (HEC Paris)P
Yves Gendron (affiliation not provided)
Alexandre Madelaine (Erasmus University Rotterdam)
Luc Paugam (HEC Paris)
Discussant: Thomas Valtteri Taussi (Aalto University)
2. Performing risk appetite: framing and overflowing of acceptable risk
Thomas Taussi (Aalto University)P
Jari Huikku (Aalto University)
Discussant: Tobias Scheytt (Helmut-Schmidt-University)
3. Accounting research and vulnerability: some foundational reflections
Tobias Scheytt (Helmut Schmidt University - University of the Federal Armed Forces Hamburg)P
Nadine Gerhardt-Huber (Helmut Schmidt University - University of the Federal Armed Forces Ham-
burg)
Nathalie Iloga Balep (Helmut Schmidt University - University of the Federal Armed Forces Hamburg)
Jaromir Junne (Helmut Schmidt University - University of the Federal Armed Forces Hamburg)
Discussant: Herve Stolowy (HEC Paris)
IC PSD07 room RB 206
. . . . . . . . . . . . . . . . . . . . . . . . . . . . . . chaired by: Lisa Jack (University of Portsmouth)
1. Withstanding global accounting profession capacity building: the case of the Egyptian accounting profes-
sion
Perla Mardini (Zayed University)P
Brendan O’Dwyer (Amsterdam Business School)
Christopher Humphrey (University of Manchester)
Discussant: Lisa R Baudot (HEC Paris)
2. Accountants’ attitudes toward psychosocial influences on financial reporting – a qualitative study
Ewa Wanda Maruszewska (University of Economics in Katowice)P
Dominika Korzeniowska (University of Lodz)
Elżbieta Jaworska (West Pomeranian University of Technology)
Nelli Artienwicz (University of Gdansk)
Discussant: Perla Mardini (Zayed University)","[Category]:Interdisciplinary / Critical;[Name]:Competing frames in a crisis: a media house’s financial distress;[Author_1]:Mattias Sandgren;[Uni_1]:Jönköping University;[Author_2]:Andreas Jansson;[Uni_2]:Jönköping International Business School;[Author_3]:;[Uni_3]:;[Author_4]:;[Uni_4]:;[Author_5]:;[Uni_5]:  
[Category]:Interdisciplinary / Critical;[Name]:The medium is the message: analysing the implications of machine-readable corporate reporting;[Author_1]:Nick Rowbottom;[Uni_1]:University of Birmingham;[Author_2]:Indrit Troshani;[Uni_2]:Adelaide University;[Author_3]:;[Uni_3]:;[Author_4]:;[Uni_4]:;[Author_5]:;[Uni_5]:  
[Category]:Interdisciplinary / Critical;[Name]:From “likes” to value: sustainability accounting in agri-tourism farms through social media;[Author_1]:Kriselda Gura;[Uni_1]:Epoka University;[Author_2]:Servet Gura;[Uni_2]:University of Tirana;[Author_3]:Suman Lodh;[Uni_3]:Kingston University;[Author_4]:Monomita Nandy;[Uni_4]:Brunel University;[Author_5]:;[Uni_5]:  
[Category]:Interdisciplinary / Critical;[Name]:On the dynamics of accountability in a hyperreal setting: the narrative battle over star citizen;[Author_1]:Herve Stolowy;[Uni_1]:HEC Paris;[Author_2]:Yves Gendron;[Uni_2]:;[Author_3]:Alexandre Madelaine;[Uni_3]:Erasmus University Rotterdam;[Author_4]:Luc Paugam;[Uni_4]:HEC Paris;[Author_5]:;[Uni_5]:  
[Category]:Interdisciplinary / Critical;[Name]:Performing risk appetite: framing and overflowing of acceptable risk;[Author_1]:Thomas Taussi;[Uni_1]:Aalto University;[Author_2]:Jari Huikku;[Uni_2]:Aalto University;[Author_3]:;[Uni_3]:;[Author_4]:;[Uni_4]:;[Author_5]:;[Uni_5]:  
[Category]:Interdisciplinary / Critical;[Name]:Accounting research and vulnerability: some foundational reflections;[Author_1]:Tobias Scheytt;[Uni_1]:Helmut Schmidt University - University of the Federal Armed Forces Hamburg;[Author_2]:Nadine Gerhardt-Huber;[Uni_2]:Helmut Schmidt University - University of the Federal Armed Forces Hamburg;[Author_3]:Nathalie Iloga Balep;[Uni_3]:Helmut Schmidt University - University of the Federal Armed Forces Hamburg;[Author_4]:Jaromir Junne;[Uni_4]:Helmut Schmidt University - University of the Federal Armed Forces Hamburg;[Author_5]:;[Uni_5]:  
[Category]:Interdisciplinary / Critical;[Name]:Withstanding global accounting profession capacity building: the case of the Egyptian accounting profession;[Author_1]:Perla Mardini;[Uni_1]:Zayed University;[Author_2]:Brendan O’Dwyer;[Uni_2]:Amsterdam Business School;[Author_3]:Christopher Humphrey;[Uni_3]:University of Manchester;[Author_4]:;[Uni_4]:;[Author_5]:;[Uni_5]:  
[Category]:Interdisciplinary / Critical;[Name]:Accountants’ attitudes toward psychosocial influences on financial reporting – a qualitative study;[Author_1]:Ewa Wanda Maruszewska;[Uni_1]:University of Economics in Katowice;[Author_2]:Dominika Korzeniowska;[Uni_2]:University of Lodz;[Author_3]:Elżbieta Jaworska;[Uni_3]:West Pomeranian University of Technology;[Author_4]:Nelli Artienwicz;[Uni_4]:University of Gdansk;[Author_5]:;[Uni_5]:"
65,65.0,"66
Interdisciplinary / Critical
Thursday, May 28, 16:00-17:30
3. Narrating the pinnacles of accountancy: oral histories from retired professionals
Lisa Baudot (HEC Paris)P
Alessandro Ghio (ESCP Business School)
Dana Wallace (University of Central Florida)
Discussant: Ewa Wanda Wanda Maruszewska (University of Economics in Katowice)
Thursday, May 28, 16:00-17:30
IC PS04 room RB 206
. . . . . . . . . . . . . . . . . . . . . . . . . . . . chaired by: Louise Gorman (Trinity College Dublin)
1. Calculation as part of the self? Professional identity positioning of marketers
Linda Hintsteiner (University of Innsbruck)P
2. “Simply because they are not like us”: accounting and the construction of oppression
Jenni Laaksonen (Tampere University)P
Eija Vinnari (Tampere University)
3. Power in action: control in accounting through a Foucauldian lens
Ryoko Yamada (Aalto University)P
Friday, May 29, 09:00-10:30
IC PSD02 room RB 206
. . . . . . . . . . . . . . . . . . . . chaired by: Dominic Detzen (Vrije Universiteit Amsterdam)
1. How practices shape standard-setting - endogenization in the IFRS accounting for extractive activities
Kjell Ove Røsok (NHH Norwegian School of Economics)P
Christoph Pelger (University of Passau)
Discussant: Christopher Flanagan (University of Glasgow)
2. Making sense of hybrid working in accounting professional service firms
Christopher Flanagan (University of Glasgow)P
Yvonne Joyce (University of Glasgow)
Discussant: Kjell Ove Røsok (NHH Norwegian School of Economics)
Friday, May 29, 11:00-12:30
IC PSD01 room RB 206
. . . . . . . . . . . . . . . . . . . . . . . . . . . . . . . chaired by: Dane Pflueger (Warwick University)
1. Corporate opinion leaders and reluctant auditors – ethnographic insights into the implementation of
accounting standards
Leonie Daum (University of Innsbruck)P
Christoph Pelger (University of Passau)
Discussant: Othmar Manfred Lehner (Hanken School of Economics)
2. The interstitial dynamics of the audit expectation gap
Othmar Lehner (Hanken School of Economics)P
Tra Tham (Hanken School of Economics)
Christoph Eisl (University of Applied Sciences Upper Austria)
Stefan Fink (University of Applied Sciences Upper Austria)
Discussant: Simone Hasse Stavnsbo (Copenhagen Business School)
3. Career tactics: women’s networking groups in auditing
Simone Stavnsbo (Copenhagen Business School)P
Discussant: Leonie Daum (University of Innsbruck)","[Category]:Interdisciplinary / Critical;[Name]:Narrating the pinnacles of accountancy: oral histories from retired professionals;[Author_1]:Lisa Baudot;[Uni_1]:HEC Paris;[Author_2]:Alessandro Ghio;[Uni_2]:ESCP Business School;[Author_3]:Dana Wallace;[Uni_3]:University of Central Florida  
[Category]:Interdisciplinary / Critical;[Name]:Calculation as part of the self? Professional identity positioning of marketers;[Author_1]:Linda Hintsteiner;[Uni_1]:University of Innsbruck  
[Category]:Interdisciplinary / Critical;[Name]:""Simply because they are not like us"": accounting and the construction of oppression;[Author_1]:Jenni Laaksonen;[Uni_1]:Tampere University;[Author_2]:Eija Vinnari;[Uni_2]:Tampere University  
[Category]:Interdisciplinary / Critical;[Name]:Power in action: control in accounting through a Foucauldian lens;[Author_1]:Ryoko Yamada;[Uni_1]:Aalto University  
[Category]:Interdisciplinary / Critical;[Name]:How practices shape standard-setting - endogenization in the IFRS accounting for extractive activities;[Author_1]:Kjell Ove Røsok;[Uni_1]:NHH Norwegian School of Economics;[Author_2]:Christoph Pelger;[Uni_2]:University of Passau  
[Category]:Interdisciplinary / Critical;[Name]:Making sense of hybrid working in accounting professional service firms;[Author_1]:Christopher Flanagan;[Uni_1]:University of Glasgow;[Author_2]:Yvonne Joyce;[Uni_2]:University of Glasgow  
[Category]:Interdisciplinary / Critical;[Name]:Corporate opinion leaders and reluctant auditors – ethnographic insights into the implementation of accounting standards;[Author_1]:Leonie Daum;[Uni_1]:University of Innsbruck;[Author_2]:Christoph Pelger;[Uni_2]:University of Passau  
[Category]:Interdisciplinary / Critical;[Name]:The interstitial dynamics of the audit expectation gap;[Author_1]:Othmar Lehner;[Uni_1]:Hanken School of Economics;[Author_2]:Tra Tham;[Uni_2]:Hanken School of Economics;[Author_3]:Christoph Eisl;[Uni_3]:University of Applied Sciences Upper Austria;[Author_4]:Stefan Fink;[Uni_4]:University of Applied Sciences Upper Austria  
[Category]:Interdisciplinary / Critical;[Name]:Career tactics: women’s networking groups in auditing;[Author_1]:Simone Stavnsbo;[Uni_1]:Copenhagen Business School"
66,66.0,"Interdisciplinary / Critical
Friday, May 29, 14:00-15:30
67
Friday, May 29, 14:00-15:30
IC PSD06 room RB 206
. . . . . . . . . . . . . . . . . . . . . . . . . . . . chaired by: Kirsi-Mari Kallio (University of Turku)
1. Between embracing and resisting. non-accounting specialists’ responses to sustainability accounting
integration
Vera Linke (WHU - Otto Beisheim School of Management)P
Lukas Loehlein (WHU - Otto Beisheim School of Management)
Discussant: Katrin von der Lancken (WHU - Otto Beisheim School of Management)
2. Calculative capture. How a net zero project is caught in revising the numbers
Katrin von der Lancken (WHU - Otto Beisheim School of Management)P
Vera Linke (WHU - Otto Beisheim School of Management)
Utz Schaeffer (WHU - Otto Beisheim School of Management)
Discussant: Fangfei Jiang (University of Bristol)
3. The disclosure dilemma: a supply chain perspective on the consequences of SEC investigation secrecy
Fangfei Jiang (University of Bristol)P
Discussant: Vera Linke (WHU - Otto Beisheim School of Management)","[Category]:Interdisciplinary / Critical;[Name]:Between embracing and resisting. non-accounting specialists’ responses to sustainability accounting integration;[Author_1]:Vera Linke;[Uni_1]:WHU - Otto Beisheim School of Management;[Author_2]:Lukas Loehlein;[Uni_2]:WHU - Otto Beisheim School of Management  
[Category]:Interdisciplinary / Critical;[Name]:Calculative capture. How a net zero project is caught in revising the numbers;[Author_1]:Katrin von der Lancken;[Uni_1]:WHU - Otto Beisheim School of Management;[Author_2]:Vera Linke;[Uni_2]:WHU - Otto Beisheim School of Management;[Author_3]:Utz Schaeffer;[Uni_3]:WHU - Otto Beisheim School of Management  
[Category]:Interdisciplinary / Critical;[Name]:The disclosure dilemma: a supply chain perspective on the consequences of SEC investigation secrecy;[Author_1]:Fangfei Jiang;[Uni_1]:University of Bristol"
67,67.0,"68
Accounting and Information Systems
Wednesday, May 27, 15:00-16:30
IS – Accounting and Information Systems
Wednesday, May 27, 15:00-16:30
IS PSD01 room SB 302
. . . . . . . . . . . . . . . . . . . . . . . . chaired by: Sung Hwan Chai (University of Manchester)
1. The spillover effect of supplier data breach incidents along the supply chain
Wenhong Ding (NEOMA Business School)P
Wei Guan (IDRAC International School of Management, Lyon)
Zhenyang Shi (BI Norwegian Business School)
Sri Talluri (Michigan State University)
Tobias Schoenherr (Michigan State University)
Discussant: Petroula Glachtsiou (Erasmus University Rotterdam)
2. The value and impact of data assets on supply chain, innovation, firm reputation, and debt financing cost
Li Wang (University of Akron)P
Discussant: Wenhong Ding (NEOMA Business School)
3. Calibration and uncertainty quantification in bankruptcy risk modeling
Hendrik von der Lippe (Ruhr University Bochum)
Luis Voskuhl (Ruhr University Bochum)
Petroula Glachtsiou (Erasmus University Rotterdam)P
Discussant: Ana Mickovic (University of Amsterdam)
Wednesday, May 27, 17:00-18:30
IS PS03 room SB 302
. . . . . . . . . . . . . . . . . . . . . . . . chaired by: Marc Eulerich (University of Duisburg-Essen)
1. Management system standards and control in SMEs: a systematic literature review and integrated research
framework
Mattias Sandgren (Jönköping University)P
Anders Melander (Jönköping International Business School)
Fredrika Askenmalm (Jönköping International Business School)
Emilia Florin Samuelsson (Jönköping University)
Timur Uman (Jönköping University)
2. Sustainability performance in the digital era: unpacking the roles of IT governance, IT absorptive capacity,
and big data analytics with green knowledge management as a moderator
Syaiful Ali (Universitas Gadjah Mada)P
Husna Karimah (Gadjah Mada University)
Fauziah Abdunnafi (Gadjah Mada University)
Thursday, May 28, 09:00-10:30
IS PS02 room SB 302
. . . . . . . . . . . . . . . . . chaired by: Glen L Gray (California State University, Northridge)
1. Algorithmic control and reciprocal (un)accountability of employer-worker relationships
Marisa Agostini (Ca’ Foscari University of Venice)P
Daria Arkhipova (Ca’ Foscari University of Venice)
2. Accounting for crime: detecting mafia-connected firms using machine learning
Francesco Ambrosini (University of Padova)P
Antonio Parbonetti (University of Padova)
Michele Fabrizi (University of Padova)","[Category]:Accounting and Information Systems;[Name]:The spillover effect of supplier data breach incidents along the supply chain;[Author_1]:Wenhong Ding;[Uni_1]:NEOMA Business School;[Author_2]:Wei Guan;[Uni_2]:IDRAC International School of Management, Lyon;[Author_3]:Zhenyang Shi;[Uni_3]:BI Norwegian Business School;[Author_4]:Sri Talluri;[Uni_4]:Michigan State University;[Author_5]:Tobias Schoenherr;[Uni_5]:Michigan State University  
[Category]:Accounting and Information Systems;[Name]:The value and impact of data assets on supply chain, innovation, firm reputation, and debt financing cost;[Author_1]:Li Wang;[Uni_1]:University of Akron;[Author_2]:;[Uni_2]:;[Author_3]:;[Uni_3]:;[Author_4]:;[Uni_4]:;[Author_5]:;[Uni_5]:  
[Category]:Accounting and Information Systems;[Name]:Calibration and uncertainty quantification in bankruptcy risk modeling;[Author_1]:Hendrik von der Lippe;[Uni_1]:Ruhr University Bochum;[Author_2]:Luis Voskuhl;[Uni_2]:Ruhr University Bochum;[Author_3]:Petroula Glachtsiou;[Uni_3]:Erasmus University Rotterdam;[Author_4]:;[Uni_4]:;[Author_5]:;[Uni_5]:  
[Category]:Accounting and Information Systems;[Name]:Management system standards and control in SMEs: a systematic literature review and integrated research framework;[Author_1]:Mattias Sandgren;[Uni_1]:Jönköping University;[Author_2]:Anders Melander;[Uni_2]:Jönköping International Business School;[Author_3]:Fredrika Askenmalm;[Uni_3]:Jönköping International Business School;[Author_4]:Emilia Florin Samuelsson;[Uni_4]:Jönköping University;[Author_5]:Timur Uman;[Uni_5]:Jönköping University  
[Category]:Accounting and Information Systems;[Name]:Sustainability performance in the digital era: unpacking the roles of IT governance, IT absorptive capacity, and big data analytics with green knowledge management as a moderator;[Author_1]:Syaiful Ali;[Uni_1]:Universitas Gadjah Mada;[Author_2]:Husna Karimah;[Uni_2]:Gadjah Mada University;[Author_3]:Fauziah Abdunnafi;[Uni_3]:Gadjah Mada University;[Author_4]:;[Uni_4]:;[Author_5]:;[Uni_5]:  
[Category]:Accounting and Information Systems;[Name]:Algorithmic control and reciprocal (un)accountability of employer-worker relationships;[Author_1]:Marisa Agostini;[Uni_1]:Ca’ Foscari University of Venice;[Author_2]:Daria Arkhipova;[Uni_2]:Ca’ Foscari University of Venice;[Author_3]:;[Uni_3]:;[Author_4]:;[Uni_4]:;[Author_5]:;[Uni_5]:  
[Category]:Accounting and Information Systems;[Name]:Accounting for crime: detecting mafia-connected firms using machine learning;[Author_1]:Francesco Ambrosini;[Uni_1]:University of Padova;[Author_2]:Antonio Parbonetti;[Uni_2]:University of Padova;[Author_3]:Michele Fabrizi;[Uni_3]:University of Padova;[Author_4]:;[Uni_4]:;[Author_5]:;[Uni_5]:"
68,68.0,"Accounting and Information Systems
Thursday, May 28, 11:00-12:30
69
3. Can machines read your face? A video analytics framework for measuring empathy via emotional mimicry
in video recordings
Jingran Zhao (The Hong Kong Polytechnic University)P
Li Cui (The Hong Kong Polytechnic University)
Ka Chung Ng (The Hong Kong Polytechnic University)
Zhoudao Lu (The Hong Kong Polytechnic University)
Thursday, May 28, 11:00-12:30
IS PSD02 room SB 302
. . . . . . . . . . . . . . . . . . . . . . . . . . chaired by: Ana Mickovic (University of Amsterdam)
1. Crypto and cocaine: how do criminals behave after large drug seizures?
Andrea Bafundi (University of Padova)P
Michele Fabrizi (University of Padova)
Marco Ghitti (University of Padova)
Antonio Parbonetti (University of Padova)
Discussant: Mee Hyun Kim (American University of Sharjah)
2. AI-supported automation in accounting and tax consulting practice: development and evaluation of local
privacy-compliant prototypes
Johannes Lässer (Vienna University of Economics and Business)P
Markus Isack (Vienna University of Economics and Business)
Discussant: Maciej Andrzej Tuszkiewicz (University of Economics in Katowice)
3. Coercive pressure and technology anxiety in the digital transformation of accounting: evidence from
mandatory e-invoicing
Maciej Tuszkiewicz (University of Economics in Katowice)P
Olga Grzybek (University of Economics in Katowice)
Ewa Wanda Maruszewska (University of Economics in Katowice)
Discussant: Johannes Oswald Lässer (Vienna University of Economics and Business)
Thursday, May 28, 14:00-15:30
IS PS01 room SB 302
. . . . . . . . . . . . . . . . . . . . . . . . . chaired by: Sergeja Slapnicar (University of Queensland)
1. Shaping the future of accounting: the role of strategic adaptability in AI-driven analytics (AIDA)-enabled
digital transformation
Benjamin Lee (Singapore Management University)P
Gary Pan (Singapore Management University)
Venky Shankararaman (Singapore Management University)
2. Understanding the impact of generative AI on professional judgment
Sung Hwan Chai (University of Manchester)P
Brian Nicholson (University of Manchester)
Leonid Sokolovskyy (University of Manchester)
George Salijeni (Aston Business School)
3. The value of man in AI + man: field evidence from small business lending
Xia Chen (Singapore Management University)
Qiang Cheng (Singapore Management University)
Guanqun Dou (Fudan University)
Shuai Shao (Zhejiang University)P","[Category]:Accounting and Information Systems;[Name]:Can machines read your face? A video analytics framework for measuring empathy via emotional mimicry in video recordings;[Author_1]:Jingran Zhao;[Uni_1]:The Hong Kong Polytechnic University;[Author_2]:Li Cui;[Uni_2]:The Hong Kong Polytechnic University;[Author_3]:Ka Chung Ng;[Uni_3]:The Hong Kong Polytechnic University;[Author_4]:Zhoudao Lu;[Uni_4]:The Hong Kong Polytechnic University  
[Category]:Accounting and Information Systems;[Name]:Crypto and cocaine: how do criminals behave after large drug seizures?;[Author_1]:Andrea Bafundi;[Uni_1]:University of Padova;[Author_2]:Michele Fabrizi;[Uni_2]:University of Padova;[Author_3]:Marco Ghitti;[Uni_3]:University of Padova;[Author_4]:Antonio Parbonetti;[Uni_4]:University of Padova  
[Category]:Accounting and Information Systems;[Name]:AI-supported automation in accounting and tax consulting practice: development and evaluation of local privacy-compliant prototypes;[Author_1]:Johannes Lässer;[Uni_1]:Vienna University of Economics and Business;[Author_2]:Markus Isack;[Uni_2]:Vienna University of Economics and Business  
[Category]:Accounting and Information Systems;[Name]:Coercive pressure and technology anxiety in the digital transformation of accounting: evidence from mandatory e-invoicing;[Author_1]:Maciej Tuszkiewicz;[Uni_1]:University of Economics in Katowice;[Author_2]:Olga Grzybek;[Uni_2]:University of Economics in Katowice;[Author_3]:Ewa Wanda Maruszewska;[Uni_3]:University of Economics in Katowice  
[Category]:Accounting and Information Systems;[Name]:Shaping the future of accounting: the role of strategic adaptability in AI-driven analytics (AIDA)-enabled digital transformation;[Author_1]:Benjamin Lee;[Uni_1]:Singapore Management University;[Author_2]:Gary Pan;[Uni_2]:Singapore Management University;[Author_3]:Venky Shankararaman;[Uni_3]:Singapore Management University  
[Category]:Accounting and Information Systems;[Name]:Understanding the impact of generative AI on professional judgment;[Author_1]:Sung Hwan Chai;[Uni_1]:University of Manchester;[Author_2]:Brian Nicholson;[Uni_2]:University of Manchester;[Author_3]:Leonid Sokolovskyy;[Uni_3]:University of Manchester;[Author_4]:George Salijeni;[Uni_4]:Aston Business School  
[Category]:Accounting and Information Systems;[Name]:The value of man in AI + man: field evidence from small business lending;[Author_1]:Xia Chen;[Uni_1]:Singapore Management University;[Author_2]:Qiang Cheng;[Uni_2]:Singapore Management University;[Author_3]:Guanqun Dou;[Uni_3]:Fudan University;[Author_4]:Shuai Shao;[Uni_4]:Zhejiang University"
69,69.0,"70
Management Accounting
Wednesday, May 27, 15:00-16:30
MA – Management Accounting
Wednesday, May 27, 15:00-16:30
MA PSD04 room RB 213
. . . . . . . . . . . . . . . . . . . . . . . . . chaired by: Anil Kshatriya (ESSEC Business School)
1. Prompting away the fixation: how the use of generative AI reduces fixation
Victor van Pelt (WHU - Otto Beisheim School of Management)P
Dennis D. Fehrenbacher (affiliation not provided)
Discussant: Xin Xu (Sun Yat-Sen University)
2. Confirmation bias in discretionary performance evaluations: the role of performance summaries
Victor Maas (University of Amsterdam)P
Niluh Narsa (Airlangga University)
Discussant: Victor van Pelt (WHU - Otto Beisheim School of Management)
3. Mitigation or exacerbation? The effects of public peer review on subjective performance evaluation bias
Xin Xu (Sun Yat-Sen University)P
Xian Huang (University of Science and Technology of China)
Yufei Liu (Xiamen University)
Yutong Zhang (Xiamen University)
Discussant: Victor Maas (University of Amsterdam)
MA PSD13 room SB 304
. . . . . . . . . . chaired by: Thiago Tomaz Luiz (Federal University of Santa Catarina)
1. Examining the effects of technology implementation on accountants’ perceptions of productivity
Clarence Goh (Singapore Management University)P
Discussant: Januário Jose Monteiro (University of East Anglia)
2. Stimulating pro-environmental behavior using management control: survey evidence from a city govern-
ment
Berend van der Kolk (Vrije Universiteit Amsterdam)P
Eelke Wiersma (Vrije Universiteit Amsterdam)
Willemijn Odekerken (Gemeente Haarlem)
Discussant: Clarence Goh (Singapore Management University)
3. Customer sentiment, sustainability management controls and AI augmentation: implications for corporate
social responsibility and firm performance
Januário Monteiro (University of East Anglia)P
Rogério Lunkes (Federal University of Santa Catarina)
Mauricio Codesso (Northeastern University)
Discussant: Berend van der Kolk (Vrije Universiteit Amsterdam)
MA PS02 room SB 303
. . . . . . . . . . . . . . . . . . . . . . . . . . . . . . . . . . chaired by: Ulf Schiller (University of Basel)
1. Negotiated wholesale prices and strategic allocation of bargaining power
Toshiaki Wakabayashi (Waseda University)P
Michael Kopel (University of Graz)
2. Incentive design with biased reviewers and compensation committee
Takahiro Morimitsu (Meiji University)P
Taichi Kimura (Keio University)
3. Performance targets as screening devices
Hikaru Mitsuhashi (Nagoya City Universtion)P
Taichi Kimura (Keio University)","[Category]:Management Accounting;[Name]:Prompting away the fixation: how the use of generative AI reduces fixation;[Author_1]:Victor van Pelt;[Uni_1]:WHU - Otto Beisheim School of Management;[Author_2]:Dennis D. Fehrenbacher;[Uni_2]:affiliation not provided  
[Category]:Management Accounting;[Name]:Confirmation bias in discretionary performance evaluations: the role of performance summaries;[Author_1]:Victor Maas;[Uni_1]:University of Amsterdam;[Author_2]:Niluh Narsa;[Uni_2]:Airlangga University  
[Category]:Management Accounting;[Name]:Mitigation or exacerbation? The effects of public peer review on subjective performance evaluation bias;[Author_1]:Xin Xu;[Uni_1]:Sun Yat-Sen University;[Author_2]:Xian Huang;[Uni_2]:University of Science and Technology of China;[Author_3]:Yufei Liu;[Uni_3]:Xiamen University;[Author_4]:Yutong Zhang;[Uni_4]:Xiamen University  
[Category]:Management Accounting;[Name]:Examining the effects of technology implementation on accountants’ perceptions of productivity;[Author_1]:Clarence Goh;[Uni_1]:Singapore Management University  
[Category]:Management Accounting;[Name]:Stimulating pro-environmental behavior using management control: survey evidence from a city government;[Author_1]:Berend van der Kolk;[Uni_1]:Vrije Universiteit Amsterdam;[Author_2]:Eelke Wiersma;[Uni_2]:Vrije Universiteit Amsterdam;[Author_3]:Willemijn Odekerken;[Uni_3]:Gemeente Haarlem  
[Category]:Management Accounting;[Name]:Customer sentiment, sustainability management controls and AI augmentation: implications for corporate social responsibility and firm performance;[Author_1]:Januário Monteiro;[Uni_1]:University of East Anglia;[Author_2]:Rogério Lunkes;[Uni_2]:Federal University of Santa Catarina;[Author_3]:Mauricio Codesso;[Uni_3]:Northeastern University  
[Category]:Management Accounting;[Name]:Negotiated wholesale prices and strategic allocation of bargaining power;[Author_1]:Toshiaki Wakabayashi;[Uni_1]:Waseda University;[Author_2]:Michael Kopel;[Uni_2]:University of Graz  
[Category]:Management Accounting;[Name]:Incentive design with biased reviewers and compensation committee;[Author_1]:Takahiro Morimitsu;[Uni_1]:Meiji University;[Author_2]:Taichi Kimura;[Uni_2]:Keio University  
[Category]:Management Accounting;[Name]:Performance targets as screening devices;[Author_1]:Hikaru Mitsuhashi;[Uni_1]:Nagoya City University;[Author_2]:Taichi Kimura;[Uni_2]:Keio University"
70,70.0,"Management Accounting
Wednesday, May 27, 17:00-18:30
71
MA PS12 room SB 305
. . . . . . . . . . . . . . . . . . . . . . chaired by: Cristiana Parisi (Copenhagen Business School)
1. Accountants who surf the digital technology wave: sensemaking and sensegiving
Sharon Cotter (University of Galway)P
Breda Sweeney (University of Galway)
Patricia Martyn (University of Galway)
2. More voices, more value(s): exploring the potential and challenges of diversity in the finance function
Ariela Caglio (Bocconi University)
Angelo Ditillo (Bocconi University)P
Anna Missaglia (Bocconi University)
3. Boundary expansion as an epistemic transition: prescriptive and interpretive modes of knowledge work in
the accounting profession
Yan Li (Takushoku University)P
Masafumi Fujino (Nihon University)
Wednesday, May 27, 17:00-18:30
MA PSD01 room RB 213
. . . . . . . . . . . . . . . . . chaired by: Emrah Ekici (University of Wisconsin Eau Claire)
1. Investment efficiency and short-run and long-run contracting
Samuel Pereira (University of Porto)P
Discussant: Katrin Weiskirchner-Merten (Vienna University of Economics and Business)
2. The fixed-cost fallacy: why cost structure is not a reliable measure of operating leverage
Gianluca F. Delfino (Stockholm School of Economics)P
Discussant: Yves Levant (Université Côte d’Azur)
3. The effect of cost stickiness on the marginal value of cash: the role of financial constraints and economic
cycles
Yves Levant (SKEMA Business School)P
Reda Sefsaf (University of Lille)
Discussant: Mark Anderson (University of Calgary)
MA PSD09 room SB 304
. . . . . . . . . . . . . . . . . . . . . chaired by: Li-Yu Chen (National Sun Yat-sen University)
1. The value of information doesn’t keep well: internal information quality and competitive advantage
Hari Ramasubramanian (Frankfurt School of Finance & Management)P
Discussant: Leonhard Grabe (University of Cologne)
2. Managerial response to regulatory intensity: organizational slack and implications for operating efficiency
Somnath Das (University of Illinois Chicago)
Sandip Dhole (Monash University)P
Li Liu (Deakin University)
Discussant: Hari Ramasubramanian (Frankfurt School of Finance & Management)
3. Learning from errors - evidence from the field
Leonhard Grabe (University of Cologne)P
Discussant: Sandip Dhole (Monash University)
MA PS03 room SB 303
. . . . . . . . . . . . . . . . . . . . chaired by: Ute Vanini (Kiel University of Applied Sciences)
1. Compensation incentives and the effect of chief sustainability officers
Jonathan Black (University of Melbourne)
Tongqing Ding (University of Melbourne)
Bjørn Jørgensen (Copenhagen Business School)
Naomi Soderstrom (University of Melbourne)P","[Category]:Management Accounting;[Name]:Accountants who surf the digital technology wave: sensemaking and sensegiving;[Author_1]:Sharon Cotter;[Uni_1]:University of Galway;[Author_2]:Breda Sweeney;[Uni_2]:University of Galway;[Author_3]:Patricia Martyn;[Uni_3]:University of Galway;[Author_4]:;[Uni_4]:;[Author_5]:;[Uni_5]:  
[Category]:Management Accounting;[Name]:More voices, more value(s): exploring the potential and challenges of diversity in the finance function;[Author_1]:Ariela Caglio;[Uni_1]:Bocconi University;[Author_2]:Angelo Ditillo;[Uni_2]:Bocconi University;[Author_3]:Anna Missaglia;[Uni_3]:Bocconi University;[Author_4]:;[Uni_4]:;[Author_5]:;[Uni_5]:  
[Category]:Management Accounting;[Name]:Boundary expansion as an epistemic transition: prescriptive and interpretive modes of knowledge work in the accounting profession;[Author_1]:Yan Li;[Uni_1]:Takushoku University;[Author_2]:Masafumi Fujino;[Uni_2]:Nihon University;[Author_3]:;[Uni_3]:;[Author_4]:;[Uni_4]:;[Author_5]:;[Uni_5]:  
[Category]:Management Accounting;[Name]:Investment efficiency and short-run and long-run contracting;[Author_1]:Samuel Pereira;[Uni_1]:University of Porto;[Author_2]:;[Uni_2]:;[Author_3]:;[Uni_3]:;[Author_4]:;[Uni_4]:;[Author_5]:;[Uni_5]:  
[Category]:Management Accounting;[Name]:The fixed-cost fallacy: why cost structure is not a reliable measure of operating leverage;[Author_1]:Gianluca F. Delfino;[Uni_1]:Stockholm School of Economics;[Author_2]:;[Uni_2]:;[Author_3]:;[Uni_3]:;[Author_4]:;[Uni_4]:;[Author_5]:;[Uni_5]:  
[Category]:Management Accounting;[Name]:The effect of cost stickiness on the marginal value of cash: the role of financial constraints and economic cycles;[Author_1]:Yves Levant;[Uni_1]:SKEMA Business School;[Author_2]:Reda Sefsaf;[Uni_2]:University of Lille;[Author_3]:;[Uni_3]:;[Author_4]:;[Uni_4]:;[Author_5]:;[Uni_5]:  
[Category]:Management Accounting;[Name]:The value of information doesn’t keep well: internal information quality and competitive advantage;[Author_1]:Hari Ramasubramanian;[Uni_1]:Frankfurt School of Finance & Management;[Author_2]:;[Uni_2]:;[Author_3]:;[Uni_3]:;[Author_4]:;[Uni_4]:;[Author_5]:;[Uni_5]:  
[Category]:Management Accounting;[Name]:Managerial response to regulatory intensity: organizational slack and implications for operating efficiency;[Author_1]:Somnath Das;[Uni_1]:University of Illinois Chicago;[Author_2]:Sandip Dhole;[Uni_2]:Monash University;[Author_3]:Li Liu;[Uni_3]:Deakin University;[Author_4]:;[Uni_4]:;[Author_5]:;[Uni_5]:  
[Category]:Management Accounting;[Name]:Learning from errors - evidence from the field;[Author_1]:Leonhard Grabe;[Uni_1]:University of Cologne;[Author_2]:;[Uni_2]:;[Author_3]:;[Uni_3]:;[Author_4]:;[Uni_4]:;[Author_5]:;[Uni_5]:  
[Category]:Management Accounting;[Name]:Compensation incentives and the effect of chief sustainability officers;[Author_1]:Jonathan Black;[Uni_1]:University of Melbourne;[Author_2]:Tongqing Ding;[Uni_2]:University of Melbourne;[Author_3]:Bjørn Jørgensen;[Uni_3]:Copenhagen Business School;[Author_4]:Naomi Soderstrom;[Uni_4]:University of Melbourne;[Author_5]:;[Uni_5]:"
71,71.0,"72
Management Accounting
Thursday, May 28, 09:00-10:30
2. CEO birthplace and employee satisfaction within hierarchies
Jan Roessner (LMU Munich)P
3. The interaction effect of relative performance feedback and task interdependency in group settings
Laura Gomez-Ruiz (Universidad Pablo de Olavide)P
Maria J. Sanchez-Exposito (Universidad Pablo de Olavide)
Carlos Eduardo Jijena (Universidad Privada Boliviana)
MA PS08 room SB 305
. . . . . . . . . . . . . . . . . . . . . . . . . . . . . . . . . . chaired by: Xin Xu (Sun Yat-Sen University)
1. The effect of work location policies and peer norms on employees’ misreporting
Lufi Mursita (University of Western Australia)P
Vincent Chong (University of Western Australia)
Stijn Masschelein (University of Western Australia)
Isabel Wang (The Australian National University)
2. The effect of working time flexibility in teams on subjective performance evaluation – the case of reduced
working time
Jonas Fries (Friedrich-Alexander-Universität Erlangen-Nürnberg)P
Ivo Schedlinsky (LMU Munich)
Friedrich Sommer (Friedrich-Alexander-Universität Erlangen-Nürnberg)
3. Supervisor discretion and employee working from home
Sander van Triest (University of Amsterdam)P
Thursday, May 28, 09:00-10:30
MA PSD03 room SB 304
. . . . . . . . . chaired by: Alisa Gabrielle Brink (Virginia Commonwealth University)
1. Signaling purpose
Marina Talantceva (University of Cologne)P
Dirk Sliwka (University of Cologne)
Timo Vogelsang (Frankfurt School of Finance & Management)
Discussant: Steven Smith (Brigham Young University)
2. How peer evaluation-based bonus pool allocations influence employees’ rating behaviors
Daphni Lehmann (Erasmus University Rotterdam)P
Marcel van Rinsum (Erasmus University Rotterdam)
Evelien Reusen (Erasmus University Rotterdam)
Erik Peek (Erasmus University Rotterdam)
Discussant: Marina Talantceva (University of Cologne)
3. Noise effects on effort and performance: the influence of incentives and implicit targets
Steven Smith (Brigham Young University)P
Tyler Thomas (University of Waterloo)
Discussant: Daphni Lehmann (Erasmus University Rotterdam)
MA PS11 room SB 303
. . . . . . . . . . . . . . . . . . . . . chaired by: Henri C. Dekker (Vrije Universiteit Amsterdam)
1. Self-focused ethical climate and knowledge hoarding: the compensating role of performance measurement
in enabling organizational learning
Flavia Schmid (University of St.Gallen)P
2. When management controls and auditors’ purpose collide: the mitigating effect of professional identity
Rosemarijn de Bruin (University of Groningen)P
Lucia Bellora-Bienengräber (University of Duisburg-Essen)
Paula Dirks (University of Groningen)
Sally Widener (Clemson University)","[Category]:Management Accounting;[Name]:The interaction effect of relative performance feedback and task interdependency in group settings;[Author_1]:Laura Gomez-Ruiz;[Uni_1]:Universidad Pablo de Olavide;[Author_2]:Maria J. Sanchez-Exposito;[Uni_2]:Universidad Pablo de Olavide;[Author_3]:Carlos Eduardo Jijena;[Uni_3]:Universidad Privada Boliviana  
[Category]:Management Accounting;[Name]:The effect of work location policies and peer norms on employees’ misreporting;[Author_1]:Lufi Mursita;[Uni_1]:University of Western Australia;[Author_2]:Vincent Chong;[Uni_2]:University of Western Australia;[Author_3]:Stijn Masschelein;[Uni_3]:University of Western Australia;[Author_4]:Isabel Wang;[Uni_4]:The Australian National University  
[Category]:Management Accounting;[Name]:The effect of working time flexibility in teams on subjective performance evaluation – the case of reduced working time;[Author_1]:Jonas Fries;[Uni_1]:Friedrich-Alexander-Universität Erlangen-Nürnberg;[Author_2]:Ivo Schedlinsky;[Uni_2]:LMU Munich;[Author_3]:Friedrich Sommer;[Uni_3]:Friedrich-Alexander-Universität Erlangen-Nürnberg  
[Category]:Management Accounting;[Name]:Supervisor discretion and employee working from home;[Author_1]:Sander van Triest;[Uni_1]:University of Amsterdam  
[Category]:Management Accounting;[Name]:Signaling purpose;[Author_1]:Marina Talantceva;[Uni_1]:University of Cologne;[Author_2]:Dirk Sliwka;[Uni_2]:University of Cologne;[Author_3]:Timo Vogelsang;[Uni_3]:Frankfurt School of Finance & Management  
[Category]:Management Accounting;[Name]:How peer evaluation-based bonus pool allocations influence employees’ rating behaviors;[Author_1]:Daphni Lehmann;[Uni_1]:Erasmus University Rotterdam;[Author_2]:Marcel van Rinsum;[Uni_2]:Erasmus University Rotterdam;[Author_3]:Evelien Reusen;[Uni_3]:Erasmus University Rotterdam;[Author_4]:Erik Peek;[Uni_4]:Erasmus University Rotterdam  
[Category]:Management Accounting;[Name]:Noise effects on effort and performance: the influence of incentives and implicit targets;[Author_1]:Steven Smith;[Uni_1]:Brigham Young University;[Author_2]:Tyler Thomas;[Uni_2]:University of Waterloo  
[Category]:Management Accounting;[Name]:Self-focused ethical climate and knowledge hoarding: the compensating role of performance measurement in enabling organizational learning;[Author_1]:Flavia Schmid;[Uni_1]:University of St.Gallen  
[Category]:Management Accounting;[Name]:When management controls and auditors’ purpose collide: the mitigating effect of professional identity;[Author_1]:Rosemarijn de Bruin;[Uni_1]:University of Groningen;[Author_2]:Lucia Bellora-Bienengräber;[Uni_2]:University of Duisburg-Essen;[Author_3]:Paula Dirks;[Uni_3]:University of Groningen;[Author_4]:Sally Widener;[Uni_4]:Clemson University"
72,72.0,"Management Accounting
Thursday, May 28, 11:00-12:30
73
3. Does an open performance information policy curb or foster gossip in the workplace? The role of output-
based performance appraisal
Sabra Khajehnejad (KU Leuven)P
Marte Abts (Erasmus University Rotterdam)
MA PS16 room SB 305
. . . . . . . . . . . . . . . . . . . . . . . . . . . . . . . chaired by: Masafumi Fujino (Nihon University)
1. Career patterns as evidence of how management controllers successfully construct their identity
Paul d’Argenlieu (affiliation not provided)
Marie Redon (IESEG School of Management)P
2. Revisiting capital budgeting in family firms: a systematic review and conceptual integration
Lilia Gutierrez (Instituto Tecnológico y de Estudios Superiores de Monterrey)P
Miguel Gil (Jönköping University)
Timur Uman (Jönköping University)
3. Uncovering the skills and competency requirements for accounting professionals
Virpi Ala-Heikkila (University of Vaasa)P
Mika Ylinen (University of Vaasa)
Mikko Ranta (University of Vaasa)
Marko Jarvenpaa (University of Vaasa)
Kip Krumwiede (Virginia Commonwealth University)
Thursday, May 28, 11:00-12:30
MA PSD15 room SB 304
. . . . . . . . . . . . . . . . . . . . . . chaired by: Amalie Ringgaard (University College Cork)
1. From infrastructure to accounting gadgets: how the spread of cost management tools on flight decks entices
pilots to efficient flying through body and play
David Crvelin (University of Birmingham)P
Victoria Honsel (Universität St Gallen)
Discussant: Peter Skaerbaek (Copenhagen Business School)
2. When traces count: governing consequentiality in mixed visibility regimes
Leona Wiegmann (ESCP Business School)P
Aldonio Ferreira (Monash University)
Discussant: David Crvelin (University of Birmingham)
3. Reconfiguring large-scale infrastructure project success: project accounting as a mutable infrastructure
of concern
Peter Skaerbaek (Copenhagen Business School)P
Tim Themsen (Copenhagen Business School)
Kjell Tryggestad (University of Inland Norway)
Discussant: Leona Wiegmann (ESCP Business School)
MA PS10 room SB 303
. . . . . . . . chaired by: Utz Schaeffer (WHU - Otto Beisheim School of Management)
1. The dark side of creative engagement and job complexity: a moderated mediation model linking informal
controls to agility performance in startups
Thiago Tomaz Luiz (Federal University of Santa Catarina)P
Ilse Beuren (Federal University of Santa Catarina)","[Category]:Management Accounting;[Name]:Does an open performance information policy curb or foster gossip in the workplace? The role of output-based performance appraisal;[Author_1]:Sabra Khajehnejad;[Uni_1]:KU Leuven;[Author_2]:Marte Abts;[Uni_2]:Erasmus University Rotterdam  
[Category]:Management Accounting;[Name]:Career patterns as evidence of how management controllers successfully construct their identity;[Author_1]:Paul d’Argenlieu;[Uni_1]:;[Author_2]:Marie Redon;[Uni_2]:IESEG School of Management  
[Category]:Management Accounting;[Name]:Revisiting capital budgeting in family firms: a systematic review and conceptual integration;[Author_1]:Lilia Gutierrez;[Uni_1]:Instituto Tecnológico y de Estudios Superiores de Monterrey;[Author_2]:Miguel Gil;[Uni_2]:Jönköping University;[Author_3]:Timur Uman;[Uni_3]:Jönköping University  
[Category]:Management Accounting;[Name]:Uncovering the skills and competency requirements for accounting professionals;[Author_1]:Virpi Ala-Heikkila;[Uni_1]:University of Vaasa;[Author_2]:Mika Ylinen;[Uni_2]:University of Vaasa;[Author_3]:Mikko Ranta;[Uni_3]:University of Vaasa;[Author_4]:Marko Jarvenpaa;[Uni_4]:University of Vaasa;[Author_5]:Kip Krumwiede;[Uni_5]:Virginia Commonwealth University  
[Category]:Management Accounting;[Name]:From infrastructure to accounting gadgets: how the spread of cost management tools on flight decks entices pilots to efficient flying through body and play;[Author_1]:David Crvelin;[Uni_1]:University of Birmingham;[Author_2]:Victoria Honsel;[Uni_2]:Universität St Gallen  
[Category]:Management Accounting;[Name]:When traces count: governing consequentiality in mixed visibility regimes;[Author_1]:Leona Wiegmann;[Uni_1]:ESCP Business School;[Author_2]:Aldonio Ferreira;[Uni_2]:Monash University  
[Category]:Management Accounting;[Name]:Reconfiguring large-scale infrastructure project success: project accounting as a mutable infrastructure of concern;[Author_1]:Peter Skaerbaek;[Uni_1]:Copenhagen Business School;[Author_2]:Tim Themsen;[Uni_2]:Copenhagen Business School;[Author_3]:Kjell Tryggestad;[Uni_3]:University of Inland Norway  
[Category]:Management Accounting;[Name]:The dark side of creative engagement and job complexity: a moderated mediation model linking informal controls to agility performance in startups;[Author_1]:Thiago Tomaz Luiz;[Uni_1]:Federal University of Santa Catarina;[Author_2]:Ilse Beuren;[Uni_2]:Federal University of Santa Catarina"
73,73.0,"74
Management Accounting
Thursday, May 28, 14:00-15:30
2. How management control systems shape B2B digital performance? The mediating role of data-driven
decision making
Celliane Ferraz Pazetto (CUNEF Universidad)P
Silvana Meurer (Universidade Federal de Santa Catarina)
Thiago Tomaz Luiz (Federal University of Santa Catarina)
Ilse Beuren (Federal University of Santa Catarina)
3. Performance measurement systems use, social performance and economic performance: relations and
mediating effect
Adel Beldi (IESEG School of Management)P
Kerim Karmeni (Rabat Business School – UIR)
MA PS13 room SB 305
. . . . . . . . . . . . . . . chaired by: Olga Nicole Ermann (BI Norwegian Business School)
1. The autopoiesis of control: management control systems as communication in complex healthcare environ-
ments
Pingli Li (University of Southampton)P
Xuegang Cui (Beijing Normal University)
Erik Strauss (ESCP Business School)
2. Developing financial sustainability in public research infrastructure: an action research perspective from
SUS-MIRRI.IT
Edoardo Borlatto (Università degli Studi di Torino)
Edoardo Crocco (University of Turin)P
Elisa Truant (University of Turin)
Valeria Prigione (Università degli Studi di Torino)
Giovanna Varese (Università degli Studi di Torino)
3. Translating global conservation goals: a multi-level analysis
Sofia Yasmin (University of Manchester)
Chaudhry Ghafran (Durham University)P
Sven Modell (Alliance Manchester Business School)
Thursday, May 28, 14:00-15:30
MA PSD10 room SB 304
. . . . . . . . . . . . . . . . . . . . . . chaired by: Sander van Triest (University of Amsterdam)
1. Discretion over bonus timing
Saskia Opitz (WHU - Otto Beisheim School of Management)P
Timo Vogelsang (Frankfurt School of Finance & Management)
Dirk Sliwka (University of Cologne)
Sidney Block (University of Cologne)
Discussant: Alexander van Slooten (University of Duisburg-Essen)
2. What do resumes tell us about accounting rookie job candidates’ research potential?
Bin Ke (National University of Singapore)
Zhen Long (Zhongnan University of Economics and Law)P
Discussant: Saskia Opitz (WHU - Otto Beisheim School of Management)
3. Board knowledge breadth and performance metric variety in CEO bonus contracts
Paula Dirks (University of Groningen)
Sebastian Firk (University of Duisburg-Essen)
Melissa Martin (University of Illinois Chicago)
Alexander van Slooten (University of Duisburg-Essen)P
Discussant: Zhen Long (Zhongnan University of Economics and Law)","[Category]:Management Accounting;[Name]:How management control systems shape B2B digital performance? The mediating role of data-driven decision making;[Author_1]:Celliane Ferraz Pazetto;[Uni_1]:CUNEF Universidad;[Author_2]:Silvana Meurer;[Uni_2]:Universidade Federal de Santa Catarina;[Author_3]:Thiago Tomaz Luiz;[Uni_3]:Federal University of Santa Catarina;[Author_4]:Ilse Beuren;[Uni_4]:Federal University of Santa Catarina  
[Category]:Management Accounting;[Name]:Performance measurement systems use, social performance and economic performance: relations and mediating effect;[Author_1]:Adel Beldi;[Uni_1]:IESEG School of Management;[Author_2]:Kerim Karmeni;[Uni_2]:Rabat Business School – UIR  
[Category]:Management Accounting;[Name]:The autopoiesis of control: management control systems as communication in complex healthcare environments;[Author_1]:Pingli Li;[Uni_1]:University of Southampton;[Author_2]:Xuegang Cui;[Uni_2]:Beijing Normal University;[Author_3]:Erik Strauss;[Uni_3]:ESCP Business School  
[Category]:Management Accounting;[Name]:Developing financial sustainability in public research infrastructure: an action research perspective from SUS-MIRRI.IT;[Author_1]:Edoardo Borlatto;[Uni_1]:Università degli Studi di Torino;[Author_2]:Edoardo Crocco;[Uni_2]:University of Turin;[Author_3]:Elisa Truant;[Uni_3]:University of Turin;[Author_4]:Valeria Prigione;[Uni_4]:Università degli Studi di Torino;[Author_5]:Giovanna Varese;[Uni_5]:Università degli Studi di Torino  
[Category]:Management Accounting;[Name]:Translating global conservation goals: a multi-level analysis;[Author_1]:Sofia Yasmin;[Uni_1]:University of Manchester;[Author_2]:Chaudhry Ghafran;[Uni_2]:Durham University;[Author_3]:Sven Modell;[Uni_3]:Alliance Manchester Business School  
[Category]:Management Accounting;[Name]:Discretion over bonus timing;[Author_1]:Saskia Opitz;[Uni_1]:WHU - Otto Beisheim School of Management;[Author_2]:Timo Vogelsang;[Uni_2]:Frankfurt School of Finance & Management;[Author_3]:Dirk Sliwka;[Uni_3]:University of Cologne;[Author_4]:Sidney Block;[Uni_4]:University of Cologne  
[Category]:Management Accounting;[Name]:What do resumes tell us about accounting rookie job candidates’ research potential?;[Author_1]:Bin Ke;[Uni_1]:National University of Singapore;[Author_2]:Zhen Long;[Uni_2]:Zhongnan University of Economics and Law  
[Category]:Management Accounting;[Name]:Board knowledge breadth and performance metric variety in CEO bonus contracts;[Author_1]:Paula Dirks;[Uni_1]:University of Groningen;[Author_2]:Sebastian Firk;[Uni_2]:University of Duisburg-Essen;[Author_3]:Melissa Martin;[Uni_3]:University of Illinois Chicago;[Author_4]:Alexander van Slooten;[Uni_4]:University of Duisburg-Essen"
74,74.0,"Management Accounting
Thursday, May 28, 16:00-17:30
75
MA PSD11 room SB 303
. . . . . . . . . . . . . . . . . . . . . . . . . . chaired by: Markus Wabnegg (University of Krems)
1. Coordination incentive design and information exchange between sales and production functions
Clara Xiaoling Chen (University of Illinois Urbana-Champaign)P
Lan Guo (Wilfrid Laurier University)
Yuming Hu (Jinan University)
Nan Jiang (Pompeu Fabra University)
Discussant: Henri C. Dekker (Vrije Universiteit Amsterdam)
2. Do performance targets enhance supplier performance? Evidence on complementary and substitutive
effects of trust and behavior control
Henri Dekker (Vrije Universiteit Amsterdam)
Takaharu Kawai (Doshisha University)P
Junya Sakaguchi (Kansai University)
Discussant: Clara Xiaoling Chen (University of Illinois Urbana-Champaign)
3. Management control configurations for organizational adaptability
Philipp Sekol (WHU - Otto Beisheim School of Management)P
Utz Schaeffer (WHU - Otto Beisheim School of Management)
Daniel Schaupp (Vienna University of Economics and Business)
Discussant: Takaharu Kawai (Doshisha University)
MA PS09 room SB 305
. . chaired by: Sofia Lourenço (ISEG Lisbon School of Economics & Management)
1. Screening precommitment, candidate quality, and time-to-hire: an experimental investigation
Anil Kshatriya (ESSEC Business School)P
Adam Presslee (University of Waterloo)
Ala Mokhtar (McMaster University)
2. Personality traits, self-selection and incentives
Erika Bognar (Goethe University Frankfurt)P
Anna Rohlfing-Bastian (Goethe-University Frankfurt)
Sara Bormann (Goethe-University Frankfurt)
Michael Kosfeld (Goethe University Frankfurt)
3. Does operating risk information shape project selection, and does it stick? Experimental evidence
Anisa Shyti (Stern at NYU Abu Dhabi)P
Gianluca F. Delfino (Stockholm School of Economics)
Thursday, May 28, 16:00-17:30
MA PSD02 room SB 302
. . . . . . . . . . . . . . . . . . . . . . . . . . . . chaired by: Pingli Li (University of Southampton)
1. “Why bother with new technologies?” Exploring the gap between analytics’ promises and realities in
management accountants’ forecasting
Patrice Landagaray (IESEG School of Management)P
Claire Ciampi (affiliation not provided)
Discussant: Ivo Hristov (University of L’Aquila)
2. From compliance to control: integrating sustainability reporting requirements into sustainability control
systems
Ivo Hristov (University of L’Aquila)P
Matteo Cristofaro (University of Rome Tor Vergata)
Lorenzo Coronella (University of Rome Tor Vergata)
Discussant: Joao Pedro Oliveira (University of Porto)","[Category]:Management Accounting;[Name]:Coordination incentive design and information exchange between sales and production functions;[Author_1]:Clara Xiaoling Chen;[Uni_1]:University of Illinois Urbana-Champaign;[Author_2]:Lan Guo;[Uni_2]:Wilfrid Laurier University;[Author_3]:Yuming Hu;[Uni_3]:Jinan University;[Author_4]:Nan Jiang;[Uni_4]:Pompeu Fabra University  
[Category]:Management Accounting;[Name]:Do performance targets enhance supplier performance? Evidence on complementary and substitutive effects of trust and behavior control;[Author_1]:Henri Dekker;[Uni_1]:Vrije Universiteit Amsterdam;[Author_2]:Takaharu Kawai;[Uni_2]:Doshisha University;[Author_3]:Junya Sakaguchi;[Uni_3]:Kansai University  
[Category]:Management Accounting;[Name]:Management control configurations for organizational adaptability;[Author_1]:Philipp Sekol;[Uni_1]:WHU - Otto Beisheim School of Management;[Author_2]:Utz Schaeffer;[Uni_2]:WHU - Otto Beisheim School of Management;[Author_3]:Daniel Schaupp;[Uni_3]:Vienna University of Economics and Business  
[Category]:Management Accounting;[Name]:Screening precommitment, candidate quality, and time-to-hire: an experimental investigation;[Author_1]:Anil Kshatriya;[Uni_1]:ESSEC Business School;[Author_2]:Adam Presslee;[Uni_2]:University of Waterloo;[Author_3]:Ala Mokhtar;[Uni_3]:McMaster University  
[Category]:Management Accounting;[Name]:Personality traits, self-selection and incentives;[Author_1]:Erika Bognar;[Uni_1]:Goethe University Frankfurt;[Author_2]:Anna Rohlfing-Bastian;[Uni_2]:Goethe-University Frankfurt;[Author_3]:Sara Bormann;[Uni_3]:Goethe-University Frankfurt;[Author_4]:Michael Kosfeld;[Uni_4]:Goethe University Frankfurt  
[Category]:Management Accounting;[Name]:Does operating risk information shape project selection, and does it stick? Experimental evidence;[Author_1]:Anisa Shyti;[Uni_1]:Stern at NYU Abu Dhabi;[Author_2]:Gianluca F. Delfino;[Uni_2]:Stockholm School of Economics  
[Category]:Management Accounting;[Name]:""Why bother with new technologies?"" Exploring the gap between analytics’ promises and realities in management accountants’ forecasting;[Author_1]:Patrice Landagaray;[Uni_1]:IESEG School of Management;[Author_2]:Claire Ciampi;[Uni_2]:affiliation not provided  
[Category]:Management Accounting;[Name]:From compliance to control: integrating sustainability reporting requirements into sustainability control systems;[Author_1]:Ivo Hristov;[Uni_1]:University of L’Aquila;[Author_2]:Matteo Cristofaro;[Uni_2]:University of Rome Tor Vergata;[Author_3]:Lorenzo Coronella;[Uni_3]:University of Rome Tor Vergata"
75,75.0,"76
Management Accounting
Thursday, May 28, 16:00-17:30
3. A never-settled integration: business intelligence, management control, and the work behind the dashboard
Paulo Ribeiro (affiliation not provided)
Joao Oliveira (University of Porto)P
Pedro Campos (University of Porto)
Discussant: Patrice Landagaray (IESEG School of Management)
MA PSD14 room SB 304
. . . . . . . . . . . . . . . . . . . . . . . . . . . chaired by: Patricia Martyn (University of Galway)
1. Living with net-zero tensions: how performance measurement and management systems mediate sustain-
ability paradoxes in the energy sector
Siamak Soudani (ESCP Business School)P
Eleni Chatzivgeri (University of Edinburgh)
Discussant: Amalie Ringgaard (University College Cork)
2. Reframing performance: how Russian SMEs reconstitute PMMS under sanctions- induced institutional
disruption
Michael Axenrod (ESCP Business School)P
Siamak Soudani (ESCP Business School)
Discussant: Siamak Nejadhosseini Soudani (ESCP Business School)
3. Social sustainability and the compromise between collectivity and individuality: a management control
perspective
Amalie Ringgaard (University College Cork)P
Per Nikolaj Bukh (Aalborg University)
Michelle Carr (University College Cork)
Discussant: Michael Axenrod (ESCP Business School)
MA PSD16 room SB 303
. . . . . . . . . . . . . . . . . . . . . . . . . . . . . . chaired by: Carly Moulang (Monash University)
1. Organizational commitment and information sharing in the social construction of budgetary participation
Cristina Hillen (Universidade Federal de Santa Catarina / Universidade Estadual do Paraná)
Carlos Eduardo Lavarda (Federal University of Santa Catarina)P
Discussant: Jens van Mele (IESEG School of Management)
2. New work patterns under algorithmic management control: diverging perspectives on the approach of
control-evidence from standardized retail chains
Gary(Guanlin) Wang (University of Bristol)P
Yasheng Chen (Xiamen University)
Chunyao Yang (Xiamen University)
Discussant: Carlos Eduardo Facin Lavarda (Federal University of Santa Catarina)
3. How strategic orientation shapes network controls: insights from plural form franchising
Martine Cools (KU Leuven)
Alexandra van den Abbeele (KU Leuven)
Jens van Mele (IESEG School of Management)P
Discussant: Gary (Guanlin) Wang (University of Bristol)
MA PS14 room SB 305
. . . . . . . . . . . . . . . . . . . . . . . . . . . . . . . . . . . chaired by: Teemu Malmi (Aalto University)
1. Artificial intelligence for sustainability performance management: an integrative framework
Robert Faber (Vrije Universiteit Amsterdam)P
Bert Steens (Vrije Universiteit Amsterdam)
Henri Dekker (Vrije Universiteit Amsterdam)","[Category]:Management Accounting;[Name]:A never-settled integration: business intelligence, management control, and the work behind the dashboard;[Author_1]:Paulo Ribeiro;[Uni_1]:;[Author_2]:Joao Oliveira;[Uni_2]:University of Porto;[Author_3]:Pedro Campos;[Uni_3]:University of Porto;[Author_4]:;[Uni_4]:;[Author_5]:;[Uni_5]:  
[Category]:Management Accounting;[Name]:Living with net-zero tensions: how performance measurement and management systems mediate sustainability paradoxes in the energy sector;[Author_1]:Siamak Soudani;[Uni_1]:ESCP Business School;[Author_2]:Eleni Chatzivgeri;[Uni_2]:University of Edinburgh;[Author_3]:;[Uni_3]:;[Author_4]:;[Uni_4]:;[Author_5]:;[Uni_5]:  
[Category]:Management Accounting;[Name]:Reframing performance: how Russian SMEs reconstitute PMMS under sanctions-induced institutional disruption;[Author_1]:Michael Axenrod;[Uni_1]:ESCP Business School;[Author_2]:Siamak Soudani;[Uni_2]:ESCP Business School;[Author_3]:;[Uni_3]:;[Author_4]:;[Uni_4]:;[Author_5]:;[Uni_5]:  
[Category]:Management Accounting;[Name]:Social sustainability and the compromise between collectivity and individuality: a management control perspective;[Author_1]:Amalie Ringgaard;[Uni_1]:University College Cork;[Author_2]:Per Nikolaj Bukh;[Uni_2]:Aalborg University;[Author_3]:Michelle Carr;[Uni_3]:University College Cork;[Author_4]:;[Uni_4]:;[Author_5]:;[Uni_5]:  
[Category]:Management Accounting;[Name]:Organizational commitment and information sharing in the social construction of budgetary participation;[Author_1]:Cristina Hillen;[Uni_1]:Universidade Federal de Santa Catarina / Universidade Estadual do Paraná;[Author_2]:Carlos Eduardo Lavarda;[Uni_2]:Federal University of Santa Catarina;[Author_3]:;[Uni_3]:;[Author_4]:;[Uni_4]:;[Author_5]:;[Uni_5]:  
[Category]:Management Accounting;[Name]:New work patterns under algorithmic management control: diverging perspectives on the approach of control-evidence from standardized retail chains;[Author_1]:Gary(Guanlin) Wang;[Uni_1]:University of Bristol;[Author_2]:Yasheng Chen;[Uni_2]:Xiamen University;[Author_3]:Chunyao Yang;[Uni_3]:Xiamen University;[Author_4]:;[Uni_4]:;[Author_5]:;[Uni_5]:  
[Category]:Management Accounting;[Name]:How strategic orientation shapes network controls: insights from plural form franchising;[Author_1]:Martine Cools;[Uni_1]:KU Leuven;[Author_2]:Alexandra van den Abbeele;[Uni_2]:KU Leuven;[Author_3]:Jens van Mele;[Uni_3]:IESEG School of Management;[Author_4]:;[Uni_4]:;[Author_5]:;[Uni_5]:  
[Category]:Management Accounting;[Name]:Artificial intelligence for sustainability performance management: an integrative framework;[Author_1]:Robert Faber;[Uni_1]:Vrije Universiteit Amsterdam;[Author_2]:Bert Steens;[Uni_2]:Vrije Universiteit Amsterdam;[Author_3]:Henri Dekker;[Uni_3]:Vrije Universiteit Amsterdam;[Author_4]:;[Uni_4]:;[Author_5]:;[Uni_5]:"
76,76.0,"Management Accounting
Friday, May 29, 09:00-10:30
77
2. Integrating sustainability control in retail: an architecture-context fit perspective
Timur Uman (Jönköping University)P
Miguel Gil (Jönköping University)
Mart Ots (Jönköping International Business School)
3. Challenges for sustainability-related accounting and ESRS: management control systems and reporting
Tuija Virtanen (University of Helsinki)P
Minna Suutari (Aalto University)
Friday, May 29, 09:00-10:30
MA PSD06 room SB 302
. . . . . . . . . . . . . . . . . . . . . . . . . . chaired by: Ivo D Tafkov (Georgia State University)
1. Can speculative design help managers identify more risks?
Dominic Santschi (University of St.Gallen)P
Patrick Wilhelm (Zurich University of The Arts)
Dennis D. Fehrenbacher (affiliation not provided)
Tobias Kowatsch (University of Zurich)
Discussant: Dieter Smeulders (University of Bern)
2. Not all wrongs are equal: performance, pay appropriateness, and the decision to blow the whistle
Michael Kolodziej (European University Viadrina)P
Matthias Sohn (University of Rostock)
Kai Bauch (University of Kaiserslautern-Landau)
Discussant: Dominic Santschi (University of St.Gallen)
3. Visual shortcuts or focal points? How risk maps and responsibility framing steer ESG risk response
Joanna van Meerbeeck (KU Leuven)
Eddy C Ardinael (Tilburg University)
Sabra Khajehnejad (KU Leuven)
Dieter Smeulders (Nyenrode Business University)P
Alexandra van den Abbeele (KU Leuven)
Discussant: Michael Kolodziej (European University Viadrina)
MA PS07 room SB 304
. . . . . . . . . . . . . . . . . . . . . . . . . chaired by: Nicola dalla Via (Free University of Bozen)
1. Do managers obey the corporate values? Experimental evidence from managerial reporting
Philipp Richter (Dresden University of Technology)P
Peter Schaefer (Technical University of Munich)
Dominik Weise (Technical University Munich)
2. An exploratory study of demand-driven feedback systems in creative contexts
Cardin Masselink (Tilburg University)P
Bart Dierynck (Tilburg University)
3. The power of perspective: the effect of performance reporting frames on solving collective action problems
Siman Li (Lingnan University)P
MA PS15 room SB 303
. . . . . . . . . . . . . . . . . chaired by: Patrice Landagaray (IESEG School of Management)
1. Management control system as a system: the case of the amoeba management system at Kyocera Corpora-
tion
Reinaldo Guerreiro (University of Sao Paulo)P
Paschoal Russo (Faculdade Fipecafi)
Juliana Amaral (Faculdade Fipecafi)","[Category]:Management Accounting;[Name]:Integrating sustainability control in retail: an architecture-context fit perspective;[Author_1]:Timur Uman;[Uni_1]:Jönköping University;[Author_2]:Miguel Gil;[Uni_2]:Jönköping University;[Author_3]:Mart Ots;[Uni_3]:Jönköping International Business School  
[Category]:Management Accounting;[Name]:Challenges for sustainability-related accounting and ESRS: management control systems and reporting;[Author_1]:Tuija Virtanen;[Uni_1]:University of Helsinki;[Author_2]:Minna Suutari;[Uni_2]:Aalto University  
[Category]:Management Accounting;[Name]:Can speculative design help managers identify more risks?;[Author_1]:Dominic Santschi;[Uni_1]:University of St.Gallen;[Author_2]:Patrick Wilhelm;[Uni_2]:Zurich University of The Arts;[Author_3]:Dennis D. Fehrenbacher;[Uni_3]:affiliation not provided;[Author_4]:Tobias Kowatsch;[Uni_4]:University of Zurich  
[Category]:Management Accounting;[Name]:Not all wrongs are equal: performance, pay appropriateness, and the decision to blow the whistle;[Author_1]:Michael Kolodziej;[Uni_1]:European University Viadrina;[Author_2]:Matthias Sohn;[Uni_2]:University of Rostock;[Author_3]:Kai Bauch;[Uni_3]:University of Kaiserslautern-Landau  
[Category]:Management Accounting;[Name]:Visual shortcuts or focal points? How risk maps and responsibility framing steer ESG risk response;[Author_1]:Joanna van Meerbeeck;[Uni_1]:KU Leuven;[Author_2]:Eddy C Ardinael;[Uni_2]:Tilburg University;[Author_3]:Sabra Khajehnejad;[Uni_3]:KU Leuven;[Author_4]:Dieter Smeulders;[Uni_4]:Nyenrode Business University;[Author_5]:Alexandra van den Abbeele;[Uni_5]:KU Leuven  
[Category]:Management Accounting;[Name]:Do managers obey the corporate values? Experimental evidence from managerial reporting;[Author_1]:Philipp Richter;[Uni_1]:Dresden University of Technology;[Author_2]:Peter Schaefer;[Uni_2]:Technical University of Munich;[Author_3]:Dominik Weise;[Uni_3]:Technical University Munich  
[Category]:Management Accounting;[Name]:An exploratory study of demand-driven feedback systems in creative contexts;[Author_1]:Cardin Masselink;[Uni_1]:Tilburg University;[Author_2]:Bart Dierynck;[Uni_2]:Tilburg University  
[Category]:Management Accounting;[Name]:The power of perspective: the effect of performance reporting frames on solving collective action problems;[Author_1]:Siman Li;[Uni_1]:Lingnan University  
[Category]:Management Accounting;[Name]:Management control system as a system: the case of the amoeba management system at Kyocera Corporation;[Author_1]:Reinaldo Guerreiro;[Uni_1]:University of Sao Paulo;[Author_2]:Paschoal Russo;[Uni_2]:Faculdade Fipecafi;[Author_3]:Juliana Amaral;[Uni_3]:Faculdade Fipecafi"
77,77.0,"78
Management Accounting
Friday, May 29, 11:00-12:30
2. Dissemination of management controls across hierarchies
Kai Moßmann (LMU Munich)P
Christian Hofmann (LMU Munich)
3. Personnel controls and learning in a hybrid work setting: insights from BIG 4 accountancy firms
Michelle Carr (University College Cork)P
Friday, May 29, 11:00-12:30
MA PSD05 room SB 302
. . . . . . . . . . . . . . . . chaired by: Laura Gomez-Ruiz (Universidad Pablo de Olavide)
1. (Smart)watch your attention - a field experiment on health monitoring and productivity
Yutong Chen (Frankfurt School of Finance & Management)P
Timo Vogelsang (Frankfurt School of Finance & Management)
Yaxuan Chen (Cornell Universiry)
Discussant: Markus Wabnegg (University of Krems)
2. Too much of a good thing: when does greater performance measurement frequency lead to less learning?
Ivo Tafkov (Georgia State University)P
Jongwoon (Willie) Choi (University of Wisconsin-Madison)
Gary Hecht (University of Illinois Urbana-Champaign)
Discussant: Yutong Chen (Frankfurt School of Finance & Management)
3. The effects of mandatory and voluntary relative performance information on employee performance in
skill development – a field experiment
Philip Autenrieth (Ulm University)
Christoph Feichter (Vienna University of Economics and Business)
Jonas Haas (Ulm University)
Mischa Seiter (Ulm University)
Markus Wabnegg (University of Krems)P
Discussant: Ivo D Tafkov (Georgia State University)
MA PSD07 room SB 304
. . . . . . . . . . . . . . . . . . . . . . . . . . . chaired by: Mark Anderson (University of Calgary)
1. The role of team characteristics and business fundamentals in identifying high-growth entrepreneurial
companies: a machine learning approach
Yi Jiang (Harbin Institute of Technology (Shenzhen))
Bin Ke (National University of Singapore)P
Zhen Long (Zhongnan University of Economics and Law)
Hongye Lyu (NUS (Chongqing) Research Institute)
Discussant: Jan C. Hennig (University of Groningen)
2. The effect of female leader team on staff turnover: the moderating role of ESG performance
Yu-Chun Lin (National Changhua University of Education)P
Discussant: Bin Ke (National University of Singapore)
3. Corporate cultural diversity and long-term performance: the role of employee ownership
Karel Vanherle (Vlerick Business School)
Sebastian Firk (University of Duisburg-Essen)
Aleksandra Klein (University of Sustainability Vienna – Charlotte Fresenius Private University)
Jan Hennig (University of Groningen)P
Alexandra van den Abbeele (KU Leuven)
Discussant: Yu-Chun Lin (National Changhua University of Education)","[Category]:Management Accounting;[Name]:Dissemination of management controls across hierarchies;[Author_1]:Kai Moßmann;[Uni_1]:LMU Munich;[Author_2]:Christian Hofmann;[Uni_2]:LMU Munich  
[Category]:Management Accounting;[Name]:Personnel controls and learning in a hybrid work setting: insights from BIG 4 accountancy firms;[Author_1]:Michelle Carr;[Uni_1]:University College Cork  
[Category]:Management Accounting;[Name]:(Smart)watch your attention - a field experiment on health monitoring and productivity;[Author_1]:Yutong Chen;[Uni_1]:Frankfurt School of Finance & Management;[Author_2]:Timo Vogelsang;[Uni_2]:Frankfurt School of Finance & Management;[Author_3]:Yaxuan Chen;[Uni_3]:Cornell University  
[Category]:Management Accounting;[Name]:Too much of a good thing: when does greater performance measurement frequency lead to less learning?;[Author_1]:Ivo Tafkov;[Uni_1]:Georgia State University;[Author_2]:Jongwoon (Willie) Choi;[Uni_2]:University of Wisconsin-Madison;[Author_3]:Gary Hecht;[Uni_3]:University of Illinois Urbana-Champaign  
[Category]:Management Accounting;[Name]:The effects of mandatory and voluntary relative performance information on employee performance in skill development – a field experiment;[Author_1]:Philip Autenrieth;[Uni_1]:Ulm University;[Author_2]:Christoph Feichter;[Uni_2]:Vienna University of Economics and Business;[Author_3]:Jonas Haas;[Uni_3]:Ulm University;[Author_4]:Mischa Seiter;[Uni_4]:Ulm University;[Author_5]:Markus Wabnegg;[Uni_5]:University of Krems  
[Category]:Management Accounting;[Name]:The role of team characteristics and business fundamentals in identifying high-growth entrepreneurial companies: a machine learning approach;[Author_1]:Yi Jiang;[Uni_1]:Harbin Institute of Technology (Shenzhen);[Author_2]:Bin Ke;[Uni_2]:National University of Singapore;[Author_3]:Zhen Long;[Uni_3]:Zhongnan University of Economics and Law;[Author_4]:Hongye Lyu;[Uni_4]:NUS (Chongqing) Research Institute  
[Category]:Management Accounting;[Name]:The effect of female leader team on staff turnover: the moderating role of ESG performance;[Author_1]:Yu-Chun Lin;[Uni_1]:National Changhua University of Education  
[Category]:Management Accounting;[Name]:Corporate cultural diversity and long-term performance: the role of employee ownership;[Author_1]:Karel Vanherle;[Uni_1]:Vlerick Business School;[Author_2]:Sebastian Firk;[Uni_2]:University of Duisburg-Essen;[Author_3]:Aleksandra Klein;[Uni_3]:University of Sustainability Vienna – Charlotte Fresenius Private University;[Author_4]:Jan Hennig;[Uni_4]:University of Groningen;[Author_5]:Alexandra van den Abbeele;[Uni_5]:KU Leuven"
78,78.0,"Management Accounting
Friday, May 29, 14:00-15:30
79
MA PS04 room SB 303
chaired by: Hari Ramasubramanian (Frankfurt School of Finance & Management)
1. Corporate culture and cost stickiness
Cheol Lee (Wayne State University)P
Sohyung Kim (Brock University)
Chansog Kim (Stony Brook University)
2. Human capital metrics in CEO compensation: effects on pay equity, employee productivity, and firm value
Jia-Wen Liang (National Chengchi University)P
3. Organizational identification and managerial myopia: evidence from R&D investment
Jongyu Paula Hao (California State University, Long Beach)P
Eileen Chia-Ling Lee (National Chengchi University)
Lu Zhu (California State University, Long Beach)
Friday, May 29, 14:00-15:30
MA PSD08 room SB 302
. . . . . . . . . . . . . . . . chaired by: Januário Jose Monteiro (University of East Anglia)
1. Navigating through the storm – physical climate risk and cost structure
Andre Hoppe (KU Leuven)P
Chenlin Guo (KU Leuven)
Discussant: Lucia Bellora-Bienengräber (University of Duisburg-Essen)
2. Market orientation and asymmetric cost management: evidence from linguistic cues
Kenneth Zheng (University of Wyoming)P
Weiwei Wang (Weber State University)
Rajib Hasan (University of Houston)
Discussant: Andre Hoppe (KU Leuven)
3. Quiet quitting: when coercive management control practices meet employees’ suppression of emotions
and breach the psychological contract
Rosemarijn de Bruin (University of Groningen)
Lucia Bellora-Bienengräber (University of Duisburg-Essen)P
Paula Dirks (University of Groningen)
Sally Widener (Clemson University)
Discussant: Kenneth Zheng (University of Wyoming)
MA PS01 room SB 304
. . . . chaired by: Katrin Weiskirchner-Merten (Vienna University of Economics and
Business)
1. Intertemporal dynamics of cost asymmetry
Eti Einhorn (Tel Aviv University)
Efrat Shust (Open University of Israel)P
2. The principles of NPM in a governmentality hybrid. Evidence from Greek hospitals
Vasileios Milios (Edinburgh Napier University)P
3. Know when to compare: the role of social comparison orientation
Evelyn Intan (Goethe University Frankfurt)P
MA PS05 room SB 303
. . . . . . . . . . . . . . . . . . . . . . . . . . . . . . . . chaired by: Angelo Ditillo (Bocconi University)
1. Visualization of surgical costs using FL-TDABC and comparative analysis across hospital functions: an
empirical examination incorporating uncertainty in medical processes
Hirooki Yoshihara (Hiroshima University)P
Jaewook Kim (Hiroshima University)","[Category]:Management Accounting;[Name]:Corporate culture and cost stickiness;[Author_1]:Cheol Lee;[Uni_1]:Wayne State University;[Author_2]:Sohyung Kim;[Uni_2]:Brock University;[Author_3]:Chansog Kim;[Uni_3]:Stony Brook University  
[Category]:Management Accounting;[Name]:Human capital metrics in CEO compensation: effects on pay equity, employee productivity, and firm value;[Author_1]:Jia-Wen Liang;[Uni_1]:National Chengchi University  
[Category]:Management Accounting;[Name]:Organizational identification and managerial myopia: evidence from R&D investment;[Author_1]:Jongyu Paula Hao;[Uni_1]:California State University, Long Beach;[Author_2]:Eileen Chia-Ling Lee;[Uni_2]:National Chengchi University;[Author_3]:Lu Zhu;[Uni_3]:California State University, Long Beach  
[Category]:Management Accounting;[Name]:Navigating through the storm – physical climate risk and cost structure;[Author_1]:Andre Hoppe;[Uni_1]:KU Leuven;[Author_2]:Chenlin Guo;[Uni_2]:KU Leuven  
[Category]:Management Accounting;[Name]:Market orientation and asymmetric cost management: evidence from linguistic cues;[Author_1]:Kenneth Zheng;[Uni_1]:University of Wyoming;[Author_2]:Weiwei Wang;[Uni_2]:Weber State University;[Author_3]:Rajib Hasan;[Uni_3]:University of Houston  
[Category]:Management Accounting;[Name]:Quiet quitting: when coercive management control practices meet employees’ suppression of emotions and breach the psychological contract;[Author_1]:Rosemarijn de Bruin;[Uni_1]:University of Groningen;[Author_2]:Lucia Bellora-Bienengräber;[Uni_2]:University of Duisburg-Essen;[Author_3]:Paula Dirks;[Uni_3]:University of Groningen;[Author_4]:Sally Widener;[Uni_4]:Clemson University  
[Category]:Management Accounting;[Name]:Intertemporal dynamics of cost asymmetry;[Author_1]:Eti Einhorn;[Uni_1]:Tel Aviv University;[Author_2]:Efrat Shust;[Uni_2]:Open University of Israel  
[Category]:Management Accounting;[Name]:The principles of NPM in a governmentality hybrid. Evidence from Greek hospitals;[Author_1]:Vasileios Milios;[Uni_1]:Edinburgh Napier University  
[Category]:Management Accounting;[Name]:Know when to compare: the role of social comparison orientation;[Author_1]:Evelyn Intan;[Uni_1]:Goethe University Frankfurt  
[Category]:Management Accounting;[Name]:Visualization of surgical costs using FL-TDABC and comparative analysis across hospital functions: an empirical examination incorporating uncertainty in medical processes;[Author_1]:Hirooki Yoshihara;[Uni_1]:Hiroshima University;[Author_2]:Jaewook Kim;[Uni_2]:Hiroshima University"
79,79.0,"80
Management Accounting
Friday, May 29, 14:00-15:30
2. No way to bounce back: how did Ukrainian SMEs stay resilient during the war?
Valeriia Melnyk (Free University of Bozen)P
Olga Nicole Ermann (Nord University Business School)
Carolyn Cordery (Victoria University of Wellington)
3. Online anger, offline costs: how consumer complaints create labor cost stickiness
Haowen Tian (Northwestern Polytechnical University)P
Huili Zhi (Northwestern Polytechnical University)
Wenlan Xie (The University of Sydney)","[Category]:Management Accounting;[Name]:No way to bounce back: how did Ukrainian SMEs stay resilient during the war?;[Author_1]:Valeriia Melnyk;[Uni_1]:Free University of Bozen;[Author_2]:Olga Nicole Ermann;[Uni_2]:Nord University Business School;[Author_3]:Carolyn Cordery;[Uni_3]:Victoria University of Wellington;[Author_4]:;[Uni_4]:;[Author_5]:;[Uni_5]:  
[Category]:Management Accounting;[Name]:Online anger, offline costs: how consumer complaints create labor cost stickiness;[Author_1]:Haowen Tian;[Uni_1]:Northwestern Polytechnical University;[Author_2]:Huili Zhi;[Uni_2]:Northwestern Polytechnical University;[Author_3]:Wenlan Xie;[Uni_3]:The University of Sydney;[Author_4]:;[Uni_4]:;[Author_5]:;[Uni_5]:"
80,80.0,"Public Sector Accounting & Not-For-Profit Accounting
Thursday, May 28, 11:00-12:30
81
PSNP – Public Sector Accounting & Not-For-Profit Accounting
Thursday, May 28, 11:00-12:30
PSNP PSD03 room RB 109
. . . . . . . . . . . . . . . . . . . . . chaired by: Sampson Kwabena Senahey (IE University)
1. Public value accounting: a systematic literature review and an ecosystem framework for analysis
Tie Cui (University of Edinburgh)
Yinuo Pan (University of Strathclyde)P
Discussant: Roland Almqvist (Stockholm Business School)
2. Detecting corruption risk: the effectiveness of anti-corruption measures
Diletta Vito (University of Pisa)P
Giuseppe d’Onza (University of Pisa)
Romina Rakipi (West Virginia University)
Daniele Tammaro (University of Pisa)
Discussant: Yinuo Pan (University of Strathclyde Business School)
3. Stabilizing the unstable: budgeting social equity as a calculative practice in public sector allocation
Roland Almqvist (Stockholm Business School)P
Discussant: Lynn Bradley (University of Glasgow)
Thursday, May 28, 14:00-15:30
PSNP PSD01 room RB 109
. . . . . . . . . . . . . . . . . . . . . . . . . . chaired by: Lynn Bradley (University of Glasgow)
1. The impact of government target-based revenue manipulation on firms
Ningzhong Li (University of Texas at Dallas)P
Discussant: Jan-Hendrik Meier (Kiel University of Applied Sciences)
2. Financial condition determinants: a cross-country analysis of local governments in Italy and Portugal
Filippo di Lucia (University of Palermo)P
Susana Jorge (University of Coimbra)
Sebastiano Torcivia (University of Palermo)
Discussant: Nieves Carrera (IE University)
3. With a little help of the state: supervision logic, institutional entrepreneurship and organizational transfor-
mation in a financial NGO
Nieves Carrera (IE University)P
Sampson Kwabena Senahey (IE University)
Marco Trombetta (IE University)
Discussant: Sarah Russo (University of Manchester)
Thursday, May 28, 16:00-17:30
PSNP PS01 room RB 109
. . . . . . . . . . . . . . . . . . . chaired by: Roland Almqvist (Stockholm Business School)
1. Managing sustainability integration in the public sector: insights from the German federal administration
Miriam Maske (European University Viadrina)P
Matthias Sohn (University of Rostock)
Philipp Herrmann (University of the Bundeswehr Munich)
Bernhard Hirsch (Munich University of The Federal Armed Forces)
David Lindermüller (Bundeswehr University Munich)
2. Gender-responsive budgeting: mobilising knowledge for public value creation
Chiara Oppi (University of Bergamo)P
Giovanna Galizzi (University of Bergamo)","[Category]:Public Sector Accounting & Not-For-Profit Accounting;[Name]:Public value accounting: a systematic literature review and an ecosystem framework for analysis;[Author_1]:Tie Cui;[Uni_1]:University of Edinburgh;[Author_2]:Yinuo Pan;[Uni_2]:University of Strathclyde  
[Category]:Public Sector Accounting & Not-For-Profit Accounting;[Name]:Detecting corruption risk: the effectiveness of anti-corruption measures;[Author_1]:Diletta Vito;[Uni_1]:University of Pisa;[Author_2]:Giuseppe d’Onza;[Uni_2]:University of Pisa;[Author_3]:Romina Rakipi;[Uni_3]:West Virginia University;[Author_4]:Daniele Tammaro;[Uni_4]:University of Pisa  
[Category]:Public Sector Accounting & Not-For-Profit Accounting;[Name]:Stabilizing the unstable: budgeting social equity as a calculative practice in public sector allocation;[Author_1]:Roland Almqvist;[Uni_1]:Stockholm Business School  
[Category]:Public Sector Accounting & Not-For-Profit Accounting;[Name]:The impact of government target-based revenue manipulation on firms;[Author_1]:Ningzhong Li;[Uni_1]:University of Texas at Dallas  
[Category]:Public Sector Accounting & Not-For-Profit Accounting;[Name]:Financial condition determinants: a cross-country analysis of local governments in Italy and Portugal;[Author_1]:Filippo di Lucia;[Uni_1]:University of Palermo;[Author_2]:Susana Jorge;[Uni_2]:University of Coimbra;[Author_3]:Sebastiano Torcivia;[Uni_3]:University of Palermo  
[Category]:Public Sector Accounting & Not-For-Profit Accounting;[Name]:With a little help of the state: supervision logic, institutional entrepreneurship and organizational transformation in a financial NGO;[Author_1]:Nieves Carrera;[Uni_1]:IE University;[Author_2]:Sampson Kwabena Senahey;[Uni_2]:IE University;[Author_3]:Marco Trombetta;[Uni_3]:IE University  
[Category]:Public Sector Accounting & Not-For-Profit Accounting;[Name]:Managing sustainability integration in the public sector: insights from the German federal administration;[Author_1]:Miriam Maske;[Uni_1]:European University Viadrina;[Author_2]:Matthias Sohn;[Uni_2]:University of Rostock;[Author_3]:Philipp Herrmann;[Uni_3]:University of the Bundeswehr Munich;[Author_4]:Bernhard Hirsch;[Uni_4]:Munich University of The Federal Armed Forces;[Author_5]:David Lindermüller;[Uni_5]:Bundeswehr University Munich  
[Category]:Public Sector Accounting & Not-For-Profit Accounting;[Name]:Gender-responsive budgeting: mobilising knowledge for public value creation;[Author_1]:Chiara Oppi;[Uni_1]:University of Bergamo;[Author_2]:Giovanna Galizzi;[Uni_2]:University of Bergamo"
81,81.0,"82
Public Sector Accounting & Not-For-Profit Accounting
Friday, May 29, 09:00-10:30
3. Value for money as an ethical practice: integrity and accountability in NHS business case decision-making
Dennis de Widt (Cardiff University)P
Friday, May 29, 09:00-10:30
PSNP PSD02 room RB 109
. . . . . . . . . . . . . . . . . . . . . . chaired by: Torbjorn Tagesson (Linkoping University)
1. Heritage assets recognition and disclosure: impact on citizens’ perceptions
Eugenio Anessi Pessina (Università Cattolica del Sacro Cuore)P
Fabio Calò (Università Cattolica del Sacro Cuore)
Cecilia Langella (Università Cattolica del Sacro Cuore)
Discussant: Susana Jorge (University of Coimbra)
2. Does public accounting transparency lower sovereign borrowing costs?
Jan-Hendrik Meier (Kiel University of Applied Sciences)P
Tetiana Paientko (HTW Berlin - University of Applied Sciences)
Discussant: Peter Skaerbaek (Copenhagen Business School)
3. The usefulness of financial reporting information in decision-making: determinant factors in Portuguese
municipalities
Susana Jorge (University of Coimbra)P
Joana Caetano (Instituto Politécnico de Bragança)
Sónia Nogueira (Instituto Politécnico de Bragança)
Discussant: Eugenio Anessi Pessina (Università Cattolica del Sacro Cuore)
Friday, May 29, 11:00-12:30
PSNP PS03 room RB 109
. . . . . . . . . . . . . . . . . . . . . . . . . . . . chaired by: Susana Jorge (University of Coimbra)
1. Charity, performance and emotion: in giving, we receive
Mariannunziata Liguori (Durham University)P
Noel Hyndman (Queen’s University Belfast)
2. Municipality size and asymmetric cost behaviour: empirical evidence from Finland
Pasi Leppänen (University of Eastern Finland)P
Hannu Ojala (University of Eastern Finland)
Jani Saastamoinen (University of Eastern Finland)
Antti Rautiainen (University of Jyväskylä)
Henri Hahtela (Aalto University)
3. Shifting perceptions of expectations: the role of controllers in Finnish municipalities
Jukka Pellinen (University of Jyväskylä)
Kari Sippola (University of Jyväskylä)P
Anniina Kinnunen (University of Jyväskylä)
Tiina Jylhä (University of Jyväskylä)
Friday, May 29, 14:00-15:30
PSNP PS02 room RB 109
. . . . . chaired by: Eugenio Anessi Pessina (Università Cattolica del Sacro Cuore)
1. Disclosure policies of nonprofit organizations competing for donations
Nicole Rauch (University of Graz)P
Michael Kopel (University of Graz)
2. Signalling trust: the interplay of accountability, digitalisation, and informal reputation in NGOs
Sviesa Leitoniene (Kaunas University of Technology)P
Halina Waniak-Michalak (University of Lodz)
Ivana Perica (University of Split)","[Category]:Public Sector Accounting & Not-For-Profit Accounting;[Name]:Value for money as an ethical practice: integrity and accountability in NHS business case decision-making;[Author_1]:Dennis de Widt;[Uni_1]:Cardiff University;[Author_2]:;[Uni_2]:;[Author_3]:;[Uni_3]:;[Author_4]:;[Uni_4]:;[Author_5]:;[Uni_5]:  
[Category]:Public Sector Accounting & Not-For-Profit Accounting;[Name]:Heritage assets recognition and disclosure: impact on citizens’ perceptions;[Author_1]:Eugenio Anessi Pessina;[Uni_1]:Università Cattolica del Sacro Cuore;[Author_2]:Fabio Calò;[Uni_2]:Università Cattolica del Sacro Cuore;[Author_3]:Cecilia Langella;[Uni_3]:Università Cattolica del Sacro Cuore;[Author_4]:;[Uni_4]:;[Author_5]:;[Uni_5]:  
[Category]:Public Sector Accounting & Not-For-Profit Accounting;[Name]:Does public accounting transparency lower sovereign borrowing costs?;[Author_1]:Jan-Hendrik Meier;[Uni_1]:Kiel University of Applied Sciences;[Author_2]:Tetiana Paientko;[Uni_2]:HTW Berlin - University of Applied Sciences;[Author_3]:;[Uni_3]:;[Author_4]:;[Uni_4]:;[Author_5]:;[Uni_5]:  
[Category]:Public Sector Accounting & Not-For-Profit Accounting;[Name]:The usefulness of financial reporting information in decision-making: determinant factors in Portuguese municipalities;[Author_1]:Susana Jorge;[Uni_1]:University of Coimbra;[Author_2]:Joana Caetano;[Uni_2]:Instituto Politécnico de Bragança;[Author_3]:Sónia Nogueira;[Uni_3]:Instituto Politécnico de Bragança;[Author_4]:;[Uni_4]:;[Author_5]:;[Uni_5]:  
[Category]:Public Sector Accounting & Not-For-Profit Accounting;[Name]:Charity, performance and emotion: in giving, we receive;[Author_1]:Mariannunziata Liguori;[Uni_1]:Durham University;[Author_2]:Noel Hyndman;[Uni_2]:Queen’s University Belfast;[Author_3]:;[Uni_3]:;[Author_4]:;[Uni_4]:;[Author_5]:;[Uni_5]:  
[Category]:Public Sector Accounting & Not-For-Profit Accounting;[Name]:Municipality size and asymmetric cost behaviour: empirical evidence from Finland;[Author_1]:Pasi Leppänen;[Uni_1]:University of Eastern Finland;[Author_2]:Hannu Ojala;[Uni_2]:University of Eastern Finland;[Author_3]:Jani Saastamoinen;[Uni_3]:University of Eastern Finland;[Author_4]:Antti Rautiainen;[Uni_4]:University of Jyväskylä;[Author_5]:Henri Hahtela;[Uni_5]:Aalto University  
[Category]:Public Sector Accounting & Not-For-Profit Accounting;[Name]:Shifting perceptions of expectations: the role of controllers in Finnish municipalities;[Author_1]:Jukka Pellinen;[Uni_1]:University of Jyväskylä;[Author_2]:Kari Sippola;[Uni_2]:University of Jyväskylä;[Author_3]:Anniina Kinnunen;[Uni_3]:University of Jyväskylä;[Author_4]:Tiina Jylhä;[Uni_4]:University of Jyväskylä;[Author_5]:;[Uni_5]:  
[Category]:Public Sector Accounting & Not-For-Profit Accounting;[Name]:Disclosure policies of nonprofit organizations competing for donations;[Author_1]:Nicole Rauch;[Uni_1]:University of Graz;[Author_2]:Michael Kopel;[Uni_2]:University of Graz;[Author_3]:;[Uni_3]:;[Author_4]:;[Uni_4]:;[Author_5]:;[Uni_5]:  
[Category]:Public Sector Accounting & Not-For-Profit Accounting;[Name]:Signalling trust: the interplay of accountability, digitalisation, and informal reputation in NGOs;[Author_1]:Sviesa Leitoniene;[Uni_1]:Kaunas University of Technology;[Author_2]:Halina Waniak-Michalak;[Uni_2]:University of Lodz;[Author_3]:Ivana Perica;[Uni_3]:University of Split;[Author_4]:;[Uni_4]:;[Author_5]:;[Uni_5]:"
82,82.0,"Public Sector Accounting & Not-For-Profit Accounting
Friday, May 29, 14:00-15:30
83
3. Understanding corporate philanthropy: factors influencing donation decisions
Filomena Antunes Bras (University of Minho)P
Cleide Carneiro (University of Minho)",[Category]:Public Sector Accounting & Not-For-Profit Accounting;[Name]:Understanding corporate philanthropy: factors influencing donation decisions;[Author_1]:Filomena Antunes Bras;[Uni_1]:University of Minho;[Author_2]:Cleide Carneiro;[Uni_2]:University of Minho;
83,83.0,"84
SEE – Social and Environmental Accounting
Wednesday, May 27, 15:00-16:30
SEE – Social and Environmental Accounting & Ethical Issues in Accounting
Wednesday, May 27, 15:00-16:30
SEE PSD29 room RB 210
. . . . . . . . . . . . . . . . . . . . . . . . . . . . . chaired by: Simone Pizzi (University of Salento)
1. Scenarios for CSRD scope amendments: advancing reporting scope while reducing further burden
Andreas Rasche (Copenhagen Business School)
Theodor Cojoianu (University College Dublin)
Andreas G. F. Hoepner (School of Business-University College Dublin)
Fabiola Schneider (University College Dublin)P
Discussant: Begoña Giner (University of Valencia)
2. Determinants of corporate opinions on the SEC’s proposal for climate-related disclosure requirements:
an LLM-facilitated analysis of comment letters
Benita Gullkvist (University of Vaasa)P
Jie Bao (Rutgers Business School)
Discussant: Marvin Nipper (Friedrich-Alexander-Universität Erlangen-Nürnberg)
3. Polycentric legitimacy and the localisation of global sustainability standards
Arawela Sovala (Hanken School of Economics)P
Othmar Lehner (Hanken School of Economics)
Discussant: Aonan Sistine Sun (University of Western Australia)
SEE PS01 room SB 309
. . . . . . . . . . . . . . . . . . . . . . . chaired by: Andrea Caccialanza (University of Bologna)
1. Seeming or being: the abnormal tone of CEO letters in ESG reports
Lars-Eric Brüske (University of Hamburg)P
Nicole Ratzinger-Sakel (University of Hamburg)
Florian Habermann (University College Dublin)
2. Assessing corporate sustainability with large language models: evidence from Europe
Kerstin Forster (LMU Munich)
Lucas Keil (University of Cologne)P
Victor Wagner (LMU Munich)
Maximilian A. Müller (University of Cologne)
Thorsten Sellhorn (LMU Munich)
Stefan Feuerriegel (LMU Munich)
3. Greenwashing detection through decoupling analysis: evidence from Japanese firms
Chenchen Su (Musashino University)P
SEE PS02 room SB 408
. . . . . . . . . . . . . . . . . . . . . . . . . . chaired by: Tinghua Duan (EDHEC Business School)
1. Firm-level climate change exposure and downside and upside risks: evidence from earnings conference
calls
Millicent Chang (University of Wollongong)P
Vina Khan (University of Wollongong)
Searat Ali (University of Wollongong)
2. Shifts in climate-related disclosures: the role of natural disasters in 10-K filings
Dominik Jobst (Vienna University of Economics and Business)
Katrin Hummel (Vienna University of Economics and Business)P
3. Janus-faced AI disclosure: how conference call enthusiasm masks workforce setbacks
Diego Ravenda (TBS Education)P
Joao Cotter Salvado (Catolica Lisbon School of Business And Economics)","[Category]:Social and Environmental Accounting;[Name]:Scenarios for CSRD scope amendments: advancing reporting scope while reducing further burden;[Author_1]:Andreas Rasche;[Uni_1]:Copenhagen Business School;[Author_2]:Theodor Cojoianu;[Uni_2]:University College Dublin;[Author_3]:Andreas G. F. Hoepner;[Uni_3]:School of Business-University College Dublin;[Author_4]:Fabiola Schneider;[Uni_4]:University College Dublin  
[Category]:Social and Environmental Accounting;[Name]:Determinants of corporate opinions on the SEC’s proposal for climate-related disclosure requirements: an LLM-facilitated analysis of comment letters;[Author_1]:Benita Gullkvist;[Uni_1]:University of Vaasa;[Author_2]:Jie Bao;[Uni_2]:Rutgers Business School  
[Category]:Social and Environmental Accounting;[Name]:Polycentric legitimacy and the localisation of global sustainability standards;[Author_1]:Arawela Sovala;[Uni_1]:Hanken School of Economics;[Author_2]:Othmar Lehner;[Uni_2]:Hanken School of Economics  
[Category]:Social and Environmental Accounting;[Name]:Seeming or being: the abnormal tone of CEO letters in ESG reports;[Author_1]:Lars-Eric Brüske;[Uni_1]:University of Hamburg;[Author_2]:Nicole Ratzinger-Sakel;[Uni_2]:University of Hamburg;[Author_3]:Florian Habermann;[Uni_3]:University College Dublin  
[Category]:Social and Environmental Accounting;[Name]:Assessing corporate sustainability with large language models: evidence from Europe;[Author_1]:Kerstin Forster;[Uni_1]:LMU Munich;[Author_2]:Lucas Keil;[Uni_2]:University of Cologne;[Author_3]:Victor Wagner;[Uni_3]:LMU Munich;[Author_4]:Maximilian A. Müller;[Uni_4]:University of Cologne;[Author_5]:Thorsten Sellhorn;[Uni_5]:LMU Munich;[Author_6]:Stefan Feuerriegel;[Uni_6]:LMU Munich  
[Category]:Social and Environmental Accounting;[Name]:Greenwashing detection through decoupling analysis: evidence from Japanese firms;[Author_1]:Chenchen Su;[Uni_1]:Musashino University  
[Category]:Social and Environmental Accounting;[Name]:Firm-level climate change exposure and downside and upside risks: evidence from earnings conference calls;[Author_1]:Millicent Chang;[Uni_1]:University of Wollongong;[Author_2]:Vina Khan;[Uni_2]:University of Wollongong;[Author_3]:Searat Ali;[Uni_3]:University of Wollongong  
[Category]:Social and Environmental Accounting;[Name]:Shifts in climate-related disclosures: the role of natural disasters in 10-K filings;[Author_1]:Dominik Jobst;[Uni_1]:Vienna University of Economics and Business;[Author_2]:Katrin Hummel;[Uni_2]:Vienna University of Economics and Business  
[Category]:Social and Environmental Accounting;[Name]:Janus-faced AI disclosure: how conference call enthusiasm masks workforce setbacks;[Author_1]:Diego Ravenda;[Uni_1]:TBS Education;[Author_2]:Joao Cotter Salvado;[Uni_2]:Catolica Lisbon School of Business And Economics"
84,84.0,"SEE – Social and Environmental Accounting
Wednesday, May 27, 15:00-16:30
85
SEE PS07 room SB 409
. . . . . . . . . . . . . . . . . . . . . chaired by: Paul A Griffin (University of California, Davis)
1. Talk more, learn more: learning by firms from mandatory climate risk disclosure
Jiang Cheng (Lingnan University)
Jia Guo (The Hong Kong Polytechnic University)P
Jeffrey Ng (The University of Hong Kong)
Tjomme Rusticus (The Hong Kong Polytechnic University)
2. Carbon emission disclosure, IPO price formation, and aftermarket performance
Cheng-Yi Shiu (National Chengchi University)P
Hung‑Neng Lai (National Central University)
3. Carbon emissions and firm valuations: evidence from financial analysts
Changqiu Yu (University of Manitoba)P
SEE PS16 room SB 411
. . . . . . . . . . . . . . . . . chaired by: David Park (The Chinese University of Hong Kong)
1. Corporate life cycle and its impact on voluntary CSR reporting: evidence from Europe
Anna Gröner (University of Bamberg)P
Aaron Kasischke (University of Bamberg)
Brigitte Eierle (University of Bamberg)
2. Internationalization and voluntary sustainability assurance: evidence from firm life cycle and economic
policy uncertainty
Li-Kai Liao (National Yunlin University of Science and Technology)P
Ya-Chi Chang (Tamkang University)
Che-Yuan Wang (Department of Accountancy & Graduate Institute of Finance National Cheng Kung
University, Taiwan)
3. CSR reporting of private firms
Paula Stanka (Ruhr University Bochum)P
Matthias Nienaber (Ruhr University Bochum)
SEE PS19 room SB 412
. . . . . . . . . . . . . . . . . . . . . . . . . . chaired by: Sophia Pfanner (University of Innsbruck)
1. Management control and sustainability reporting - navigating compliance and performance under CSRD
Peter Beusch (The University of Gothenburg)P
Lana Sabelfeld (The University of Gothenburg)
Marita Blomkvist (The University of Gothenburg)
Jeaneth Johansson (Luleå University of Technology)
2. A practice reorganization: implementing the CSRD in France
Marion Ligonie (IESEG School of Management)P
Marie Redon (IESEG School of Management)
3. Usefulness or burden? Anticipated effects of ESRS sustainability reporting in the Italian agri-food sector
Gaetano Rago (University of Salerno)P
Valerio Antonelli (University of Salerno)
Raffaele d’Alessio (University of Salerno)
Emanuela Mattia Cafaro (University of Salerno)
SEE PS23 room SB 308
. . . . . . . . . . . . . . . . . . . . . . . . . . . . . . . . . . . . . . chaired by: Lucas C Lee (IE University)
1. Carbon tax haven trap: rethinking reporting and accountability
Quentin Arnaud (Université Toulouse Capitole)
Bastien David (Université Toulouse Capitole)
Jonathan Maurice (Université Toulouse Capitole)P","[Category]:Social and Environmental Accounting;[Name]:Talk more, learn more: learning by firms from mandatory climate risk disclosure;[Author_1]:Jiang Cheng;[Uni_1]:Lingnan University;[Author_2]:Jia Guo;[Uni_2]:The Hong Kong Polytechnic University;[Author_3]:Jeffrey Ng;[Uni_3]:The University of Hong Kong;[Author_4]:Tjomme Rusticus;[Uni_4]:The Hong Kong Polytechnic University  
[Category]:Social and Environmental Accounting;[Name]:Carbon emission disclosure, IPO price formation, and aftermarket performance;[Author_1]:Cheng-Yi Shiu;[Uni_1]:National Chengchi University;[Author_2]:Hung‑Neng Lai;[Uni_2]:National Central University  
[Category]:Social and Environmental Accounting;[Name]:Carbon emissions and firm valuations: evidence from financial analysts;[Author_1]:Changqiu Yu;[Uni_1]:University of Manitoba  
[Category]:Social and Environmental Accounting;[Name]:Corporate life cycle and its impact on voluntary CSR reporting: evidence from Europe;[Author_1]:Anna Gröner;[Uni_1]:University of Bamberg;[Author_2]:Aaron Kasischke;[Uni_2]:University of Bamberg;[Author_3]:Brigitte Eierle;[Uni_3]:University of Bamberg  
[Category]:Social and Environmental Accounting;[Name]:Internationalization and voluntary sustainability assurance: evidence from firm life cycle and economic policy uncertainty;[Author_1]:Li-Kai Liao;[Uni_1]:National Yunlin University of Science and Technology;[Author_2]:Ya-Chi Chang;[Uni_2]:Tamkang University;[Author_3]:Che-Yuan Wang;[Uni_3]:Department of Accountancy & Graduate Institute of Finance National Cheng Kung University, Taiwan  
[Category]:Social and Environmental Accounting;[Name]:CSR reporting of private firms;[Author_1]:Paula Stanka;[Uni_1]:Ruhr University Bochum;[Author_2]:Matthias Nienaber;[Uni_2]:Ruhr University Bochum  
[Category]:Social and Environmental Accounting;[Name]:Management control and sustainability reporting - navigating compliance and performance under CSRD;[Author_1]:Peter Beusch;[Uni_1]:The University of Gothenburg;[Author_2]:Lana Sabelfeld;[Uni_2]:The University of Gothenburg;[Author_3]:Marita Blomkvist;[Uni_3]:The University of Gothenburg;[Author_4]:Jeaneth Johansson;[Uni_4]:Luleå University of Technology  
[Category]:Social and Environmental Accounting;[Name]:A practice reorganization: implementing the CSRD in France;[Author_1]:Marion Ligonie;[Uni_1]:IESEG School of Management;[Author_2]:Marie Redon;[Uni_2]:IESEG School of Management  
[Category]:Social and Environmental Accounting;[Name]:Usefulness or burden? Anticipated effects of ESRS sustainability reporting in the Italian agri-food sector;[Author_1]:Gaetano Rago;[Uni_1]:University of Salerno;[Author_2]:Valerio Antonelli;[Uni_2]:University of Salerno;[Author_3]:Raffaele d’Alessio;[Uni_3]:University of Salerno;[Author_4]:Emanuela Mattia Cafaro;[Uni_4]:University of Salerno  
[Category]:Social and Environmental Accounting;[Name]:Carbon tax haven trap: rethinking reporting and accountability;[Author_1]:Quentin Arnaud;[Uni_1]:Université Toulouse Capitole;[Author_2]:Bastien David;[Uni_2]:Université Toulouse Capitole;[Author_3]:Jonathan Maurice;[Uni_3]:Université Toulouse Capitole"
85,85.0,"86
SEE – Social and Environmental Accounting
Wednesday, May 27, 17:00-18:30
2. Do tournament incentives curb corporate waste? Stakeholder versus short-termism perspectives
Mohamed Khalifa (University of Nottingham)
Tantawy Moussa (University of Westminster)P
Mahmoud Elmarzouky (University of St Andrews)
Reem Shaker (Mansoura University)
3. Tax incentives and corporate ESG performance: the role of green intellectual capital and organizational
slack
Fan Zhang (Northwestern Polytechnical University)P
Xiaoxiao Zhao (Northwestern Polytechnical University)
Jieyi Pan (Northwestern Polytechnical University)
Congcong Fan (Northwestern Polytechnical University)
Wednesday, May 27, 17:00-18:30
SEE PSD01 room RB 210
. . . . . . . . . . . . . . . chaired by: Carla Antonini (Autonomous University of Madrid)
1. Diversity, interrupted? Diversity hushing and political pressure
Lucas Lee (IE University)P
Namisha Bhattarai (Pennsylvania State University)
Tendai Masaya (Pennsylvania State University)
Discussant: Svenja Dube (Baruch College)
2. Carbon risk reduction and just transition: evidence from pay equity under U.S. policy shifts
Yuan-Ju Chen (National Cheng Kung University)P
Discussant: Frank Schiemann (University of Bamberg)
3. Political ideology and professional judgement: evidence from financial analysts’ reactions to firms’ negative
ESG incidents
Bingyi Qin (Shenzhen University)P
Stephen Teng Sun (City University of Hong Kong)
Zheng Wang (City University of Hong Kong)
Franco Wong (University of Toronto)
Discussant: Daniela Zipperer (University of Mannheim)
SEE PSD03 room SB 309
. . . . . . . . . . . . . . . . . . . . . . . . chaired by: René Orij (Nyenrode Business University)
1. The relevance to investors of greenhouse gas methane emissions
Estelle Sun (Boston University)P
Paul Griffin (University of California, Davis)
Michael Guo (Boston University)
Discussant: Stephanie Mittelbach-Hoermanseder (University of Innsbruck)
2. Anticipatory pricing under climate transition risk: evidence from U.S. airlines
Simon Birk (UniBW Munich)
Ariela Caglio (Bocconi University)
al-Habbyel Yusoph (Bocconi University)P
Discussant: Annalisa Prencipe (Bocconi University)
3. Capital market reactions to environmental sustainability: a managerial framing perspective
Joern Hoppmann (Carl von Ossietzky University of Oldenburg)
Kerstin Lopatta (University of Hamburg)
Thomas Tammen (University of Hamburg)P
Sebastian Tideman-Frappart (Syracuse University)
Discussant: Robert Raney (IESE Business School)","[Category]:Social and Environmental Accounting;[Name]:Do tournament incentives curb corporate waste? Stakeholder versus short-termism perspectives;[Author_1]:Mohamed Khalifa;[Uni_1]:University of Nottingham;[Author_2]:Tantawy Moussa;[Uni_2]:University of Westminster;[Author_3]:Mahmoud Elmarzouky;[Uni_3]:University of St Andrews;[Author_4]:Reem Shaker;[Uni_4]:Mansoura University  
[Category]:Social and Environmental Accounting;[Name]:Tax incentives and corporate ESG performance: the role of green intellectual capital and organizational slack;[Author_1]:Fan Zhang;[Uni_1]:Northwestern Polytechnical University;[Author_2]:Xiaoxiao Zhao;[Uni_2]:Northwestern Polytechnical University;[Author_3]:Jieyi Pan;[Uni_3]:Northwestern Polytechnical University;[Author_4]:Congcong Fan;[Uni_4]:Northwestern Polytechnical University  
[Category]:Social and Environmental Accounting;[Name]:Diversity, interrupted? Diversity hushing and political pressure;[Author_1]:Lucas Lee;[Uni_1]:IE University;[Author_2]:Namisha Bhattarai;[Uni_2]:Pennsylvania State University;[Author_3]:Tendai Masaya;[Uni_3]:Pennsylvania State University  
[Category]:Social and Environmental Accounting;[Name]:Carbon risk reduction and just transition: evidence from pay equity under U.S. policy shifts;[Author_1]:Yuan-Ju Chen;[Uni_1]:National Cheng Kung University  
[Category]:Social and Environmental Accounting;[Name]:Political ideology and professional judgement: evidence from financial analysts’ reactions to firms’ negative ESG incidents;[Author_1]:Bingyi Qin;[Uni_1]:Shenzhen University;[Author_2]:Stephen Teng Sun;[Uni_2]:City University of Hong Kong;[Author_3]:Zheng Wang;[Uni_3]:City University of Hong Kong;[Author_4]:Franco Wong;[Uni_4]:University of Toronto  
[Category]:Social and Environmental Accounting;[Name]:The relevance to investors of greenhouse gas methane emissions;[Author_1]:Estelle Sun;[Uni_1]:Boston University;[Author_2]:Paul Griffin;[Uni_2]:University of California, Davis;[Author_3]:Michael Guo;[Uni_3]:Boston University  
[Category]:Social and Environmental Accounting;[Name]:Anticipatory pricing under climate transition risk: evidence from U.S. airlines;[Author_1]:Simon Birk;[Uni_1]:UniBW Munich;[Author_2]:Ariela Caglio;[Uni_2]:Bocconi University;[Author_3]:al-Habbyel Yusoph;[Uni_3]:Bocconi University  
[Category]:Social and Environmental Accounting;[Name]:Capital market reactions to environmental sustainability: a managerial framing perspective;[Author_1]:Joern Hoppmann;[Uni_1]:Carl von Ossietzky University of Oldenburg;[Author_2]:Kerstin Lopatta;[Uni_2]:University of Hamburg;[Author_3]:Thomas Tammen;[Uni_3]:University of Hamburg;[Author_4]:Sebastian Tideman-Frappart;[Uni_4]:Syracuse University"
86,86.0,"SEE – Social and Environmental Accounting
Wednesday, May 27, 17:00-18:30
87
SEE PSD05 room SB 408
. . . . . . . . . . . . . . . . . . . . . chaired by: Tantawy Moussa (University of Westminster)
1. Navigating reputational risk: strategic carbon disclosure in response to peer firms’ carbon incidents
Ying Mao (Lingnan University)P
Ke Wang (University of Alberta)
Lingmin Xie (Shenzhen University)
Yaping Zheng (University of Alberta)
Discussant: Walid Ben-Amar (University of Doha for Science and Technology)
2. When the press falls silent: the impact of local newspaper closures on corporate greenwashing
Zilu Shan (University of Bristol)
Shuo Wang (University of Edinburgh)P
Fangming Xu (University of Bristol)
Mengyao Yu (The University of Bristol)
Discussant: Ying Mao (Lingnan University)
3. Does corporate culture influence selective disclosure? Evidence from carbon greenwashing
Walid Ben-Amar (University of Doha for Science and Technology)P
Khadija Almaghrabi (King Abdulaziz University)
Ziyu Kong (Chinese University of Hong Kong, Shenzhen)
Discussant: Shuo Wang (University of Edinburgh)
SEE PSD16 room SB 409
. . . . . . . . . . . . . . . . . . . . . . . . chaired by: Julia Morley (University College London)
1. Climate commitment and climate talents
Jing-Chi Chen (University of Memphis)
Joanna Golden (University of Memphis)P
Xiaotao Kelvin Liu (Northeastern University)
Discussant: Xin Chang (Nanyang Technological University)
2. Green innovation and non-GAAP disclosure
Bing Lu (University of Bristol)P
Tuan Ho (University of Bristol)
Trang Nguyen (University of Bristol)
Discussant: Joanna Golden (University of Memphis)
3. Carbon pricing and global supply chain networks
Xin Chang (Nanyang Technological University)P
Lulu Di (Southwestern University of Finance and Economics)
Yuhang He (Nanyang Technological University/Nanyang Business School)
Shuoge Qian (Singapore University of Social Sciences)
Discussant: Bing Lu (University of Bristol)
SEE PSD25 room SB 411
. . . . . . . . . . . . . . . . . chaired by: Pawel Zieniuk (Krakow University of Economics)
1. Climate transition planning and corporate climate impact: international evidence
Aonan Sun (University of Western Australia)P
Yuan Shan (University of Western Australia)
Lyndie Bayne (University of Western Australia)
Discussant: Bianca Beyer (Aalto University)
2. From pledges to performance: satellite verification and AI analysis of the science based targets initiative
Chih Fang (Morgan State University)
Kang Cheng (Morgan State University)
Hwei Wang (University of Maryland Eastern Shore)P
Tai Wang (University of Maryland College Park)
Discussant: Chengzhu Lisa Sun (The Hong Kong Polytechnic University)","[Category]:Social and Environmental Accounting;[Name]:Navigating reputational risk: strategic carbon disclosure in response to peer firms’ carbon incidents;[Author_1]:Ying Mao;[Uni_1]:Lingnan University;[Author_2]:Ke Wang;[Uni_2]:University of Alberta;[Author_3]:Lingmin Xie;[Uni_3]:Shenzhen University;[Author_4]:Yaping Zheng;[Uni_4]:University of Alberta  
[Category]:Social and Environmental Accounting;[Name]:When the press falls silent: the impact of local newspaper closures on corporate greenwashing;[Author_1]:Zilu Shan;[Uni_1]:University of Bristol;[Author_2]:Shuo Wang;[Uni_2]:University of Edinburgh;[Author_3]:Fangming Xu;[Uni_3]:University of Bristol;[Author_4]:Mengyao Yu;[Uni_4]:The University of Bristol  
[Category]:Social and Environmental Accounting;[Name]:Does corporate culture influence selective disclosure? Evidence from carbon greenwashing;[Author_1]:Walid Ben-Amar;[Uni_1]:University of Doha for Science and Technology;[Author_2]:Khadija Almaghrabi;[Uni_2]:King Abdulaziz University;[Author_3]:Ziyu Kong;[Uni_3]:Chinese University of Hong Kong, Shenzhen  
[Category]:Social and Environmental Accounting;[Name]:Climate commitment and climate talents;[Author_1]:Jing-Chi Chen;[Uni_1]:University of Memphis;[Author_2]:Joanna Golden;[Uni_2]:University of Memphis;[Author_3]:Xiaotao Kelvin Liu;[Uni_3]:Northeastern University  
[Category]:Social and Environmental Accounting;[Name]:Green innovation and non-GAAP disclosure;[Author_1]:Bing Lu;[Uni_1]:University of Bristol;[Author_2]:Tuan Ho;[Uni_2]:University of Bristol;[Author_3]:Trang Nguyen;[Uni_3]:University of Bristol  
[Category]:Social and Environmental Accounting;[Name]:Carbon pricing and global supply chain networks;[Author_1]:Xin Chang;[Uni_1]:Nanyang Technological University;[Author_2]:Lulu Di;[Uni_2]:Southwestern University of Finance and Economics;[Author_3]:Yuhang He;[Uni_3]:Nanyang Technological University/Nanyang Business School;[Author_4]:Shuoge Qian;[Uni_4]:Singapore University of Social Sciences  
[Category]:Social and Environmental Accounting;[Name]:Climate transition planning and corporate climate impact: international evidence;[Author_1]:Aonan Sun;[Uni_1]:University of Western Australia;[Author_2]:Yuan Shan;[Uni_2]:University of Western Australia;[Author_3]:Lyndie Bayne;[Uni_3]:University of Western Australia  
[Category]:Social and Environmental Accounting;[Name]:From pledges to performance: satellite verification and AI analysis of the science based targets initiative;[Author_1]:Chih Fang;[Uni_1]:Morgan State University;[Author_2]:Kang Cheng;[Uni_2]:Morgan State University;[Author_3]:Hwei Wang;[Uni_3]:University of Maryland Eastern Shore;[Author_4]:Tai Wang;[Uni_4]:University of Maryland College Park"
87,87.0,"88
SEE – Social and Environmental Accounting
Thursday, May 28, 09:00-10:30
3. Beyond greenwashing: environmental commitments and gas flaring in the African oil sector
Samuel Chang (University of Chicago Booth School of Business)
Hans Christensen (University of Chicago Booth School of Business)P
Andrew McKinley (Northwestern University Pritzker School of Law)
Discussant: Rong Zhao (University of Calgary)
SEE PS10 room SB 412
. . . . . . . . . . . . . . . . . . . . chaired by: Nina Andrea Limberg (University of Innsbruck)
1. Bonuses, bosses, and buttoned-up on misconduct: the effect of ESG incentives and leadership involvement
on whistleblowing intention - evidence from Chinese executives
Ruiwen Liu (Freie Universität Berlin)P
2. The drivers of ESG disclosure quality: critical determinants and their impact
Mojtaba Mortezaee (Paris 1 Sorbonne University)P
Elisabeth Albertini (affiliation not provided)
3. Cheers or checks? What motivates employees to blow the whistle
Tim Schwertner (European University Viadrina)P
Matthias Sohn (University of Rostock)
SEE PS28 room SB 308
. . . . . . . . . . . . . . . . . . . chaired by: Jennifer Yin (University of Texas at San Antonio)
1. The moderating role of intangible resource disclosure on the association between research and development
and firm profitability
Lars Fischer (University of Münster)P
Henrich Habe (University of Münster)
Lea Hagemeier (University of Cologne)
2. Changing impact of diversity, equity, and inclusion policies and activities on corporate value
Benjamin Foster (University of Louisville)P
Xudong Fu (University of Louisville)
Andrew Manikas (University of Louisvlle)
Shaunn Mattingly (Boise State University)
3. The unintended consequence of labor market transparency: evidence from industrial pollution
Zhenyang Shi (BI Norwegian Business School)P
Xiaolu Zhou (The Chinese University of Hong Kong)
Thursday, May 28, 09:00-10:30
SEE PSD17 room RB 210
. . . . . . . . . . chaired by: Karol Marek Klimczak (Lodz University of Technology)
1. Exploring the role of stakeholder engagement in shaping materiality assessments for sustainability reports
Shan Lu (University of Bristol)P
Stuart Cooper (University of Bristol)
Giovanna Michelon (University of Padova)
Discussant: Nicolas García-Torea (Universidad de Burgos)
2. Regulatory retrenchment and risk amplification: a critical analysis of the CSRD
Gregory Wegmann (University of Burgundy)P
Kanitsorn Terdpaopong (Rangsit University, Faculty of Accountancy)
Discussant: Shan Lu (University of Bristol)
3. Characterizing sustainability reporting assurance in the transition to the CSRD: evidence from Spain
Nicolas García-Torea (Universidad de Burgos)
Enrique Mesa-Pérez (Universidad Pablo de Olavide)P
Orencio Vázquez-Oteo (UNED)
Discussant: Gregory Wegmann (University of Burgundy)","[Category]:Social and Environmental Accounting;[Name]:Beyond greenwashing: environmental commitments and gas flaring in the African oil sector;[Author_1]:Samuel Chang;[Uni_1]:University of Chicago Booth School of Business;[Author_2]:Hans Christensen;[Uni_2]:University of Chicago Booth School of Business;[Author_3]:Andrew McKinley;[Uni_3]:Northwestern University Pritzker School of Law  
[Category]:Social and Environmental Accounting;[Name]:Bonuses, bosses, and buttoned-up on misconduct: the effect of ESG incentives and leadership involvement on whistleblowing intention - evidence from Chinese executives;[Author_1]:Ruiwen Liu;[Uni_1]:Freie Universität Berlin  
[Category]:Social and Environmental Accounting;[Name]:The drivers of ESG disclosure quality: critical determinants and their impact;[Author_1]:Mojtaba Mortezaee;[Uni_1]:Paris 1 Sorbonne University;[Author_2]:Elisabeth Albertini;[Uni_2]:affiliation not provided  
[Category]:Social and Environmental Accounting;[Name]:Cheers or checks? What motivates employees to blow the whistle;[Author_1]:Tim Schwertner;[Uni_1]:European University Viadrina;[Author_2]:Matthias Sohn;[Uni_2]:University of Rostock  
[Category]:Social and Environmental Accounting;[Name]:The moderating role of intangible resource disclosure on the association between research and development and firm profitability;[Author_1]:Lars Fischer;[Uni_1]:University of Münster;[Author_2]:Henrich Habe;[Uni_2]:University of Münster;[Author_3]:Lea Hagemeier;[Uni_3]:University of Cologne  
[Category]:Social and Environmental Accounting;[Name]:Changing impact of diversity, equity, and inclusion policies and activities on corporate value;[Author_1]:Benjamin Foster;[Uni_1]:University of Louisville;[Author_2]:Xudong Fu;[Uni_2]:University of Louisville;[Author_3]:Andrew Manikas;[Uni_3]:University of Louisvlle;[Author_4]:Shaunn Mattingly;[Uni_4]:Boise State University  
[Category]:Social and Environmental Accounting;[Name]:The unintended consequence of labor market transparency: evidence from industrial pollution;[Author_1]:Zhenyang Shi;[Uni_1]:BI Norwegian Business School;[Author_2]:Xiaolu Zhou;[Uni_2]:The Chinese University of Hong Kong  
[Category]:Social and Environmental Accounting;[Name]:Exploring the role of stakeholder engagement in shaping materiality assessments for sustainability reports;[Author_1]:Shan Lu;[Uni_1]:University of Bristol;[Author_2]:Stuart Cooper;[Uni_2]:University of Bristol;[Author_3]:Giovanna Michelon;[Uni_3]:University of Padova  
[Category]:Social and Environmental Accounting;[Name]:Regulatory retrenchment and risk amplification: a critical analysis of the CSRD;[Author_1]:Gregory Wegmann;[Uni_1]:University of Burgundy;[Author_2]:Kanitsorn Terdpaopong;[Uni_2]:Rangsit University, Faculty of Accountancy  
[Category]:Social and Environmental Accounting;[Name]:Characterizing sustainability reporting assurance in the transition to the CSRD: evidence from Spain;[Author_1]:Nicolas García-Torea;[Uni_1]:Universidad de Burgos;[Author_2]:Enrique Mesa-Pérez;[Uni_2]:Universidad Pablo de Olavide;[Author_3]:Orencio Vázquez-Oteo;[Uni_3]:UNED"
88,88.0,"SEE – Social and Environmental Accounting
Thursday, May 28, 09:00-10:30
89
SEE PSD23 room SB 309
. . . . . . . . . . . . . . . . . . . . . . . . . . . chaired by: Yusuf Ag (University of Southampton)
1. From reports to digital narratives: sustainability communication in international higher education
Tettamanzi Patrizia (Università Carlo Cattaneo - LIUC)
Valentina Minutiello (Università Carlo Cattaneo - LIUC)
Luca Baschieri (Università Carlo Cattaneo - LIUC)P
Discussant: Argyro Panaretou (Lancaster University)
2. Impact of ECAM disclosures on ESG performance
Susan McCracken (McMaster University)P
Ismat Jahan (McMaster University)
Discussant: Tettamanzi Patrizia (Università Carlo Cattaneo - LIUC)
3. Why banks go green: exploring the incentives behind sustainability-linked loan issuance
Argyro Panaretou (Lancaster University)P
Sam Rawsthorne (Lancaster University)
Discussant: Susan A McCracken (McMaster University)
SEE PSD30 room SB 408
. . . . . . . . . . . . . . . . . . . . . . . . . . . . . . . . . chaired by: Lien Duong (Curtin University)
1. The market value of pay gaps: evidence from EEO-1 disclosures
Yanting (Crystal) Shi (HEC Paris)P
April Klein (NYU Stern School of Business)
Ferdinand Bratek (New York University)
Discussant: Meifen Qian (Zhejiang University)
2. Gender pay gap disclosure mandate and women in innovation
Lucas Lee (IE University)
Lu Tong (Southwestern University of Finance and Economics)
Fengzhi Zhu (University of Glasgow)P
Discussant: Yanting (Crystal) Shi (HEC Paris)
3. How girls help girls in mutual fund investment?
Meifen Qian (Zhejiang University)P
Discussant: Jonathan Sangwook Nam (The Hong Kong Polytechnic University)
SEE PSD31 room SB 409
. . . . . . . . . . . . . . . . . . . . . . . . . . . chaired by: Laura Ferraro (University of Calabria)
1. Translating sustainability reporting in a hybrid organisation: institutional logics, accountability, and
organisational resilience
Benedetta Fergnani (University of Salento)P
Enrico Bracci (University of Ferrara)
Discussant: Antonello Callimaci (University of Quebec in Montreal)
2. Constructing CSR reality in audit firms: a pragmatic constructivism analysis of motivations, quality impact,
and reputation management across UK and Chinese contexts
Lana Liu (Newcastle University)P
Di Min (Newcastle University)
Discussant: Benedetta Fergnani (University of Salento)
3. Indigenous activism against TC energy: successful for whom?
Antonello Callimaci (University of Quebec in Montreal)P
Anne Marie Gosselin (University of Quebec in Montreal)
Discussant: Lana Liu (Newcastle University)
SEE PS13 room SB 411
. . . . . . . chaired by: Larelle (Ellie) Chapple (Queensland University of Technology)
1. ESG performance and earnings management: a legal origin perspective
Claus Holm (Aarhus University)P","[Category]:Social and Environmental Accounting;[Name]:From reports to digital narratives: sustainability communication in international higher education;[Author_1]:Tettamanzi Patrizia;[Uni_1]:Università Carlo Cattaneo - LIUC;[Author_2]:Valentina Minutiello;[Uni_2]:Università Carlo Cattaneo - LIUC;[Author_3]:Luca Baschieri;[Uni_3]:Università Carlo Cattaneo - LIUC  
[Category]:Social and Environmental Accounting;[Name]:Impact of ECAM disclosures on ESG performance;[Author_1]:Susan McCracken;[Uni_1]:McMaster University;[Author_2]:Ismat Jahan;[Uni_2]:McMaster University  
[Category]:Social and Environmental Accounting;[Name]:Why banks go green: exploring the incentives behind sustainability-linked loan issuance;[Author_1]:Argyro Panaretou;[Uni_1]:Lancaster University;[Author_2]:Sam Rawsthorne;[Uni_2]:Lancaster University  
[Category]:Social and Environmental Accounting;[Name]:The market value of pay gaps: evidence from EEO-1 disclosures;[Author_1]:Yanting (Crystal) Shi;[Uni_1]:HEC Paris;[Author_2]:April Klein;[Uni_2]:NYU Stern School of Business;[Author_3]:Ferdinand Bratek;[Uni_3]:New York University  
[Category]:Social and Environmental Accounting;[Name]:Gender pay gap disclosure mandate and women in innovation;[Author_1]:Lucas Lee;[Uni_1]:IE University;[Author_2]:Lu Tong;[Uni_2]:Southwestern University of Finance and Economics;[Author_3]:Fengzhi Zhu;[Uni_3]:University of Glasgow  
[Category]:Social and Environmental Accounting;[Name]:How girls help girls in mutual fund investment?;[Author_1]:Meifen Qian;[Uni_1]:Zhejiang University  
[Category]:Social and Environmental Accounting;[Name]:Translating sustainability reporting in a hybrid organisation: institutional logics, accountability, and organisational resilience;[Author_1]:Benedetta Fergnani;[Uni_1]:University of Salento;[Author_2]:Enrico Bracci;[Uni_2]:University of Ferrara  
[Category]:Social and Environmental Accounting;[Name]:Constructing CSR reality in audit firms: a pragmatic constructivism analysis of motivations, quality impact, and reputation management across UK and Chinese contexts;[Author_1]:Lana Liu;[Uni_1]:Newcastle University;[Author_2]:Di Min;[Uni_2]:Newcastle University  
[Category]:Social and Environmental Accounting;[Name]:Indigenous activism against TC energy: successful for whom?;[Author_1]:Antonello Callimaci;[Uni_1]:University of Quebec in Montreal;[Author_2]:Anne Marie Gosselin;[Uni_2]:University of Quebec in Montreal  
[Category]:Social and Environmental Accounting;[Name]:ESG performance and earnings management: a legal origin perspective;[Author_1]:Claus Holm;[Uni_1]:Aarhus University"
89,89.0,"90
SEE – Social and Environmental Accounting
Thursday, May 28, 09:00-10:30
2. How do CEO attributes affect ESG reporting quality?
Chih-Wei Peng (National Changhua University of Education)P
Yao-Ying Liu (National Changhua University of Education)
Ruei-Nian Lin (Auditor, Ernst & Young Cpa Firms)
3. Mandatory ESG reporting and managerial opportunism: international evidence
Francesco Scarpa (Ca’ Foscari University of Venice)P
Marco Fasan (Ca’ Foscari University of Venice)
Cláudio Soerger Zaro (Universidade Estadual de Mato Grosso do Sul)
Elise Soerger Zaro (Universidade Federal da Grande Dourados)
Paulo Henrique Hoeckel (Federal University of Grande Dourados)
SEE PS21 room SB 412
. . . . . . . . . . . . . . . . . . . . chaired by: Te-Kuan Lee (Chung Yuan Christian University)
1. Public firms and regulatory challenges: implications for cross-country shareholder-stakeholder conflicts
Anthony Le (University of Chicago)
Lisa Liu (affiliation not provided)
Sonakshi Agrawal (Columbia University)P
2. Too much of a good thing? Government-mandated accounting supervision and corporate sustainable
performance in China
Hui Liu (Northwestern Polytechnical University)
Yaxin Song (Northwestern Polytechnical University)
Jiaqi Ning (Northwestern Polytechnical University)P
3. The impact of U.S.-China trade war on environmental and sustainability disclosures
Lin-Hui Yu (National Taiwan University)P
Yanming Cao (Macquarie University)
Jengfang Chen (Macquarie University)
Meiting Lu (Macquarie University)
SEE PS25 room SB 308
. . . . . . . . . . . . . . . . . . . . chaired by: Tim Schwertner (European University Viadrina)
1. How intelligent decision-support systems and manager instructions shape accountants’ unethical decision-
making
Meng Bai (Xi’an Jiaotong University)P
Yuhui Jiang (Xi’an Jiaotong University)
Junqin Sun (Lanzhou University)
Junrui Zhang (School of Management, Xi’an Jiaotong University)
2. The substance of voice: how quality and encouragement in whistleblowing channels shape ESG perfor-
mance
José Borba (Universidade Federal de Santa Catarina-Brazil)
Lauren Venturini (UFSC - Federal University of Santa Catarina)
Denize Ferreira (Federal University of Santa Catarina)P
3. Navigating ESG reporting in a tech-driven world: insights from academics and practitioners
Davide Calandra (University of Turin)
Michele Oppioli (University of Pavia)P
Silvana Secinaro (University of Turin)
David Wang (DePaul University)","[Category]:Social and Environmental Accounting;[Name]:How do CEO attributes affect ESG reporting quality?;[Author_1]:Chih-Wei Peng;[Uni_1]:National Changhua University of Education;[Author_2]:Yao-Ying Liu;[Uni_2]:National Changhua University of Education;[Author_3]:Ruei-Nian Lin;[Uni_3]:Ernst & Young Cpa Firms  
[Category]:Social and Environmental Accounting;[Name]:Mandatory ESG reporting and managerial opportunism: international evidence;[Author_1]:Francesco Scarpa;[Uni_1]:Ca’ Foscari University of Venice;[Author_2]:Marco Fasan;[Uni_2]:Ca’ Foscari University of Venice;[Author_3]:Cláudio Soerger Zaro;[Uni_3]:Universidade Estadual de Mato Grosso do Sul;[Author_4]:Elise Soerger Zaro;[Uni_4]:Universidade Federal da Grande Dourados;[Author_5]:Paulo Henrique Hoeckel;[Uni_5]:Federal University of Grande Dourados  
[Category]:Social and Environmental Accounting;[Name]:Public firms and regulatory challenges: implications for cross-country shareholder-stakeholder conflicts;[Author_1]:Anthony Le;[Uni_1]:University of Chicago;[Author_2]:Lisa Liu;[Uni_2]:affiliation not provided;[Author_3]:Sonakshi Agrawal;[Uni_3]:Columbia University  
[Category]:Social and Environmental Accounting;[Name]:Too much of a good thing? Government-mandated accounting supervision and corporate sustainable performance in China;[Author_1]:Hui Liu;[Uni_1]:Northwestern Polytechnical University;[Author_2]:Yaxin Song;[Uni_2]:Northwestern Polytechnical University;[Author_3]:Jiaqi Ning;[Uni_3]:Northwestern Polytechnical University  
[Category]:Social and Environmental Accounting;[Name]:The impact of U.S.-China trade war on environmental and sustainability disclosures;[Author_1]:Lin-Hui Yu;[Uni_1]:National Taiwan University;[Author_2]:Yanming Cao;[Uni_2]:Macquarie University;[Author_3]:Jengfang Chen;[Uni_3]:Macquarie University;[Author_4]:Meiting Lu;[Uni_4]:Macquarie University  
[Category]:Social and Environmental Accounting;[Name]:How intelligent decision-support systems and manager instructions shape accountants’ unethical decision-making;[Author_1]:Meng Bai;[Uni_1]:Xi’an Jiaotong University;[Author_2]:Yuhui Jiang;[Uni_2]:Xi’an Jiaotong University;[Author_3]:Junqin Sun;[Uni_3]:Lanzhou University;[Author_4]:Junrui Zhang;[Uni_4]:School of Management, Xi’an Jiaotong University  
[Category]:Social and Environmental Accounting;[Name]:The substance of voice: how quality and encouragement in whistleblowing channels shape ESG performance;[Author_1]:José Borba;[Uni_1]:Universidade Federal de Santa Catarina-Brazil;[Author_2]:Lauren Venturini;[Uni_2]:UFSC - Federal University of Santa Catarina;[Author_3]:Denize Ferreira;[Uni_3]:Federal University of Santa Catarina  
[Category]:Social and Environmental Accounting;[Name]:Navigating ESG reporting in a tech-driven world: insights from academics and practitioners;[Author_1]:Davide Calandra;[Uni_1]:University of Turin;[Author_2]:Michele Oppioli;[Uni_2]:University of Pavia;[Author_3]:Silvana Secinaro;[Uni_3]:University of Turin;[Author_4]:David Wang;[Uni_4]:DePaul University"
90,90.0,"SEE – Social and Environmental Accounting
Thursday, May 28, 11:00-12:30
91
Thursday, May 28, 11:00-12:30
SEE PSD07 room RB 210
. . . . . . . . . . . . . . chaired by: Francesco Scarpa (Ca’ Foscari University of Venice)
1. Credibility-enhancing requirements for non-financial information and real effects in supply chains
Nadine Georgiou (University of Innsbruck)
Max Goettsche (Catholic University of Eichstatt-Ingolstadt)P
Florian Habermann (University College Dublin)
Stephan Küster (Freie Universität Berlin)
Discussant: Bjarne Brié (Tilburg University)
2. The role of environmental and social clauses in supply contracts
Hui Tan (University of Bristol)P
Xi Li (The London School of Economics And Political Science)
Yun Lou (Singapore Management University)
Discussant: Max Goettsche (Catholic University of Eichstatt-Ingolstadt)
3. Climate disclosure in buyer-supplier relationships: a story of alignment
Bjarne Brié (Tilburg University)P
Angelo Ditillo (Bocconi University)
Kristof Stouthuysen (Vlerick Business School)
Discussant: Hui Mme Tan (University of Bristol)
SEE PSD28 room SB 309
. . . . . . . . . . . . . . . . . . . . . . . chaired by: Giuseppe Nicolò (Babeș-Bolyai University)
1. Estimating and understanding corporate GHG emissions from financial statements
Angel Oganesian (Vlerick Business School)P
Kristof Stouthuysen (Vlerick Business School)
Robert Boute (affiliation not provided)
Discussant: Gunther Glenk (University of Mannheim)
2. Quantifying feature attribution in sustainability scores: a shap-based approach to enhance transparency
and actionability of ESG ratings
Chia-Ming Sun (National Yunlin University of Science and Technology)P
Chu-Chiang Cho (National Yunlin University of Science and Technology)
Discussant: Angel Oganesian (Vlerick Business School)
3. Decarbonizing distributed operations: cost estimates for vehicle fleets
Gunther Glenk (University of Mannheim)P
Stefan Reichelstein (University of Mannheim)
Katrin Gschwind (University of Mannheim)
Discussant: Chia-Ming Sun (National Yunlin University of Science and Technology)
SEE PS12 room SB 408
. . . . . . . . . . . . . . . . . . . . . . . . . . . . . chaired by: Michaela Rankin (Monash University)
1. Shareholder style diversity and ESG “doing more than saying” strategy
Zaixin Chen (Loughborough University)P
Frank Hong Liu (Loughborough University)
Chaowei Wang (Loughborough University)
Pengfei Gao (Swansea University)
2. Walking the talk or playing the game? How different corporate culture shapes climate change performance
Xue Emma Chen (Durham University)P
3. Does firm-level political risk curb corporate greenwashing?
Safa Gaaya (École de Management Léonard de Vinci)P
Moez Essid (École de Management Léonard de Vinci)
Sabrine Ayed (University of Doha for Science and Technology)","[Category]:Social and Environmental Accounting;[Name]:Credibility-enhancing requirements for non-financial information and real effects in supply chains;[Author_1]:Nadine Georgiou;[Uni_1]:University of Innsbruck;[Author_2]:Max Goettsche;[Uni_2]:Catholic University of Eichstatt-Ingolstadt;[Author_3]:Florian Habermann;[Uni_3]:University College Dublin;[Author_4]:Stephan Küster;[Uni_4]:Freie Universität Berlin;[Author_5]:;[Uni_5]:  
[Category]:Social and Environmental Accounting;[Name]:The role of environmental and social clauses in supply contracts;[Author_1]:Hui Tan;[Uni_1]:University of Bristol;[Author_2]:Xi Li;[Uni_2]:The London School of Economics And Political Science;[Author_3]:Yun Lou;[Uni_3]:Singapore Management University;[Author_4]:;[Uni_4]:  
[Category]:Social and Environmental Accounting;[Name]:Climate disclosure in buyer-supplier relationships: a story of alignment;[Author_1]:Bjarne Brié;[Uni_1]:Tilburg University;[Author_2]:Angelo Ditillo;[Uni_2]:Bocconi University;[Author_3]:Kristof Stouthuysen;[Uni_3]:Vlerick Business School;[Author_4]:;[Uni_4]:  
[Category]:Social and Environmental Accounting;[Name]:Estimating and understanding corporate GHG emissions from financial statements;[Author_1]:Angel Oganesian;[Uni_1]:Vlerick Business School;[Author_2]:Kristof Stouthuysen;[Uni_2]:Vlerick Business School;[Author_3]:Robert Boute;[Uni_3]:;[Author_4]:;[Uni_4]:  
[Category]:Social and Environmental Accounting;[Name]:Quantifying feature attribution in sustainability scores: a shap-based approach to enhance transparency and actionability of ESG ratings;[Author_1]:Chia-Ming Sun;[Uni_1]:National Yunlin University of Science and Technology;[Author_2]:Chu-Chiang Cho;[Uni_2]:National Yunlin University of Science and Technology;[Author_3]:;[Uni_3]:  
[Category]:Social and Environmental Accounting;[Name]:Decarbonizing distributed operations: cost estimates for vehicle fleets;[Author_1]:Gunther Glenk;[Uni_1]:University of Mannheim;[Author_2]:Stefan Reichelstein;[Uni_2]:University of Mannheim;[Author_3]:Katrin Gschwind;[Uni_3]:University of Mannheim;[Author_4]:;[Uni_4]:  
[Category]:Social and Environmental Accounting;[Name]:Shareholder style diversity and ESG “doing more than saying” strategy;[Author_1]:Zaixin Chen;[Uni_1]:Loughborough University;[Author_2]:Frank Hong Liu;[Uni_2]:Loughborough University;[Author_3]:Chaowei Wang;[Uni_3]:Loughborough University;[Author_4]:Pengfei Gao;[Uni_4]:Swansea University;[Author_5]:;[Uni_5]:  
[Category]:Social and Environmental Accounting;[Name]:Walking the talk or playing the game? How different corporate culture shapes climate change performance;[Author_1]:Xue Emma Chen;[Uni_1]:Durham University;[Author_2]:;[Uni_2]:  
[Category]:Social and Environmental Accounting;[Name]:Does firm-level political risk curb corporate greenwashing?;[Author_1]:Safa Gaaya;[Uni_1]:École de Management Léonard de Vinci;[Author_2]:Moez Essid;[Uni_2]:École de Management Léonard de Vinci;[Author_3]:Sabrine Ayed;[Uni_3]:University of Doha for Science and Technology;[Author_4]:;[Uni_4]:"
91,91.0,"92
SEE – Social and Environmental Accounting
Thursday, May 28, 11:00-12:30
SEE PS18 room SB 409
. . . . . . . . . . . . . . . . . . . . . . . . . . . chaired by: Francesco Marengo (University of Turin)
1. Integrating environmental sustainability into strategic capital allocation: a levers of control perspective
Janice Klaiber (University of St.Gallen)P
Judith Stroehle (University of St.Gallen)
2. A mechanism-based framework for operationalising integrated thinking: insights from organisational
practice
Warren Maroun (Leeds University Business School)P
Dusan Ecim (University of the Witwatersrand)
Alan Duboisée de Ricquebourg (Leeds University Business School)
3. The pursuit of ‘net zero’: designing management control systems to navigate dynamic paradoxical tensions
during ‘wicked’ times
Steve Sutton (NHH Norwegian School of Economics)P
Finn Kinserdal (NHH Norwegian School of Economics)
Vicky Arnold (NHH Norwegian School of Economics)
SEE PS20 room SB 411
. . . . . . . . . . . . . . . . . . . . . . . . . chaired by: Frank Schiemann (University of Bamberg)
1. Stakeholder engagement and corporate human rights performance: evidence from South Africa
Doaa Aly (University of Gloucestershire)P
Ibrahim Yousef (Petra University)
Tamer Darwish (affiliation not provided)
2. Strategic philanthropy in hard times: donation stickiness and political resource acquisition
Yanan Cao (Shanghai University of International Business and Economics)P
3. Politics of sustainability reporting: evidence from NGO involvement
Cathrin Hausmann (LMU Munich)P
Ann-Kristin Großkopf (University of Amsterdam)
Simone Euler (Humboldt University of Berlin)
SEE PS27 room SB 412
. . . . . . . . . . . . . . . . . chaired by: Josef Baumüller (Vienna University of Technology)
1. A transactional carbon accounting framework for carbon stocks, flows, and mitigation pathways
Sabrina Kang (National Chengchi University)P
Wuchun Chi (National Chengchi University)
2. Clarifying error typologies and mechanisms in carbon accounting: lessons from cost system design
literature
Matthias Meyer (Hamburg University of Technology)
Stella Rauscher (Hamburg University of Technology)P
3. The emergence of biodiversity as an accounting object: building a calculative infrastructure through
ecological sciences
Eva-Maria Öhlinger (Johannes Kepler University Linz)P
Othmar Lehner (Hanken School of Economics)
Dorothea Greiling (Linz Johannes Kepler University)
SEE PS32 room SB 308
. . . . . . . . . . . . . . . . . . . chaired by: Marion Ligonie (IESEG School of Management)
1. From targeted transparency to internal controls – evidence from a climate reporting mandate
Katrin Hummel (Vienna University of Economics and Business)P
Emira Jasari (University of Zurich)
2. The creation of (non)qualculative spaces in valuation processes: transforming ecosystems into net present
value
Niina Ylönen (Tampere University)P","[Category]:Social and Environmental Accounting;[Name]:Integrating environmental sustainability into strategic capital allocation: a levers of control perspective;[Author_1]:Janice Klaiber;[Uni_1]:University of St.Gallen;[Author_2]:Judith Stroehle;[Uni_2]:University of St.Gallen  
[Category]:Social and Environmental Accounting;[Name]:A mechanism-based framework for operationalising integrated thinking: insights from organisational practice;[Author_1]:Warren Maroun;[Uni_1]:Leeds University Business School;[Author_2]:Dusan Ecim;[Uni_2]:University of the Witwatersrand;[Author_3]:Alan Duboisée de Ricquebourg;[Uni_3]:Leeds University Business School  
[Category]:Social and Environmental Accounting;[Name]:The pursuit of ‘net zero’: designing management control systems to navigate dynamic paradoxical tensions during ‘wicked’ times;[Author_1]:Steve Sutton;[Uni_1]:NHH Norwegian School of Economics;[Author_2]:Finn Kinserdal;[Uni_2]:NHH Norwegian School of Economics;[Author_3]:Vicky Arnold;[Uni_3]:NHH Norwegian School of Economics  
[Category]:Social and Environmental Accounting;[Name]:Stakeholder engagement and corporate human rights performance: evidence from South Africa;[Author_1]:Doaa Aly;[Uni_1]:University of Gloucestershire;[Author_2]:Ibrahim Yousef;[Uni_2]:Petra University;[Author_3]:Tamer Darwish;[Uni_3]:  
[Category]:Social and Environmental Accounting;[Name]:Strategic philanthropy in hard times: donation stickiness and political resource acquisition;[Author_1]:Yanan Cao;[Uni_1]:Shanghai University of International Business and Economics  
[Category]:Social and Environmental Accounting;[Name]:Politics of sustainability reporting: evidence from NGO involvement;[Author_1]:Cathrin Hausmann;[Uni_1]:LMU Munich;[Author_2]:Ann-Kristin Großkopf;[Uni_2]:University of Amsterdam;[Author_3]:Simone Euler;[Uni_3]:Humboldt University of Berlin  
[Category]:Social and Environmental Accounting;[Name]:A transactional carbon accounting framework for carbon stocks, flows, and mitigation pathways;[Author_1]:Sabrina Kang;[Uni_1]:National Chengchi University;[Author_2]:Wuchun Chi;[Uni_2]:National Chengchi University  
[Category]:Social and Environmental Accounting;[Name]:Clarifying error typologies and mechanisms in carbon accounting: lessons from cost system design literature;[Author_1]:Matthias Meyer;[Uni_1]:Hamburg University of Technology;[Author_2]:Stella Rauscher;[Uni_2]:Hamburg University of Technology  
[Category]:Social and Environmental Accounting;[Name]:The emergence of biodiversity as an accounting object: building a calculative infrastructure through ecological sciences;[Author_1]:Eva-Maria Öhlinger;[Uni_1]:Johannes Kepler University Linz;[Author_2]:Othmar Lehner;[Uni_2]:Hanken School of Economics;[Author_3]:Dorothea Greiling;[Uni_3]:Linz Johannes Kepler University  
[Category]:Social and Environmental Accounting;[Name]:From targeted transparency to internal controls – evidence from a climate reporting mandate;[Author_1]:Katrin Hummel;[Uni_1]:Vienna University of Economics and Business;[Author_2]:Emira Jasari;[Uni_2]:University of Zurich  
[Category]:Social and Environmental Accounting;[Name]:The creation of (non)qualculative spaces in valuation processes: transforming ecosystems into net present value;[Author_1]:Niina Ylönen;[Uni_1]:Tampere University"
92,92.0,"SEE – Social and Environmental Accounting
Thursday, May 28, 14:00-15:30
93
3. ESG and firm performance: a deep dive into community banks
Andrea Faulkner (University of Texas at San Antonio)
Harrison Liu (University of Texas at San Antonio)
Jennifer Yin (University of Texas at San Antonio)P
Thursday, May 28, 14:00-15:30
SEE PSD04 room RB 210
. . . . . . . . . . chaired by: Anne Marie Gosselin (University of Quebec in Montreal)
1. Shifting the spotlight: do firms change their advertising strategies after ESG reputational-damaging
events?
Yin Wang (Singapore Management University)P
Tinghua Duan (EDHEC Business School)
Weikai Li (City University of Hong Kong)
Rencheng Wang (Singapore Management University)
Discussant: Claudia Imperatore (Bocconi University)
2. Disclosure in the face of peer scandals? Evidence from the Volkswagen emissions scandal
Jonathan Berkovitch (Luiss University)
Saverio Bozzolan (Luiss University)
Claudia Imperatore (Bocconi University)P
Discussant: Yun Fan (University of Oklahoma)
3. Climate news coverage and carbon emission reporting
Yun Fan (University of Oklahoma)P
Discussant: Yin Wang (Singapore Management University)
SEE PSD10 room SB 309
. . . . . . . . . . . . . . . . . . . . . . . . . . . . . . . chaired by: Shan Zhou (University of Sydney)
1. Boardroom diversity as a catalyst for water-energy disclosure quality: evidence from Latin American
capital markets
Ivette Nuñez (Universidad de Piura)P
Maria Garcia Benau (University of Valencia)
Nicolas Gambetta (Universidad ORT Uruguay)
Discussant: Maria Antonia Garcia Benau (University of Valencia)
2. ESG controversies, geopolitical risk & cost of capital: the moderating role of gender diversity
Stefano Zambon (University of Ferrara)P
Discussant: Ivette Nuñez (Universidad de Piura)
3. Do diverse boards accelerate the corporate energy transition? Insights from emerging markets
Maria A. Garcia-Benau (University of Valencia)P
Ivette Nuñez (Universidad de Piura)
Nicolas Gambetta (Universidad ORT Uruguay)
Discussant: Stefano Zambon (University of Ferrara)
SEE PSD14 room SB 408
. . . . . . . . . . . . . . . . . chaired by: Mercedes Luque-Vílchez (University of Córdoba)
1. Evidence based sustainability standard setting: barriers to research uptake and academic participation
Jan Michalak (University of Lodz)P
Gunnar Rimmel (Aalborg University)
Discussant: Karina Bauernhofer (Vienna University of Economics and Business)
2. Constructing users of sustainability reporting – the case of the IFRS sustainability disclosure standards
Franziska Sterl (University of Passau)P
Christoph Pelger (University of Passau)
Discussant: Jan Michalak (University of Lodz)","[Category]:Social and Environmental Accounting;[Name]:ESG and firm performance: a deep dive into community banks;[Author_1]:Andrea Faulkner;[Uni_1]:University of Texas at San Antonio;[Author_2]:Harrison Liu;[Uni_2]:University of Texas at San Antonio;[Author_3]:Jennifer Yin;[Uni_3]:University of Texas at San Antonio  
[Category]:Social and Environmental Accounting;[Name]:Shifting the spotlight: do firms change their advertising strategies after ESG reputational-damaging events?;[Author_1]:Yin Wang;[Uni_1]:Singapore Management University;[Author_2]:Tinghua Duan;[Uni_2]:EDHEC Business School;[Author_3]:Weikai Li;[Uni_3]:City University of Hong Kong;[Author_4]:Rencheng Wang;[Uni_4]:Singapore Management University  
[Category]:Social and Environmental Accounting;[Name]:Disclosure in the face of peer scandals? Evidence from the Volkswagen emissions scandal;[Author_1]:Jonathan Berkovitch;[Uni_1]:Luiss University;[Author_2]:Saverio Bozzolan;[Uni_2]:Luiss University;[Author_3]:Claudia Imperatore;[Uni_3]:Bocconi University  
[Category]:Social and Environmental Accounting;[Name]:Climate news coverage and carbon emission reporting;[Author_1]:Yun Fan;[Uni_1]:University of Oklahoma  
[Category]:Social and Environmental Accounting;[Name]:Boardroom diversity as a catalyst for water-energy disclosure quality: evidence from Latin American capital markets;[Author_1]:Ivette Nuñez;[Uni_1]:Universidad de Piura;[Author_2]:Maria Garcia Benau;[Uni_2]:University of Valencia;[Author_3]:Nicolas Gambetta;[Uni_3]:Universidad ORT Uruguay  
[Category]:Social and Environmental Accounting;[Name]:ESG controversies, geopolitical risk & cost of capital: the moderating role of gender diversity;[Author_1]:Stefano Zambon;[Uni_1]:University of Ferrara  
[Category]:Social and Environmental Accounting;[Name]:Do diverse boards accelerate the corporate energy transition? Insights from emerging markets;[Author_1]:Maria A. Garcia-Benau;[Uni_1]:University of Valencia;[Author_2]:Ivette Nuñez;[Uni_2]:Universidad de Piura;[Author_3]:Nicolas Gambetta;[Uni_3]:Universidad ORT Uruguay  
[Category]:Social and Environmental Accounting;[Name]:Evidence based sustainability standard setting: barriers to research uptake and academic participation;[Author_1]:Jan Michalak;[Uni_1]:University of Lodz;[Author_2]:Gunnar Rimmel;[Uni_2]:Aalborg University  
[Category]:Social and Environmental Accounting;[Name]:Constructing users of sustainability reporting – the case of the IFRS sustainability disclosure standards;[Author_1]:Franziska Sterl;[Uni_1]:University of Passau;[Author_2]:Christoph Pelger;[Uni_2]:University of Passau"
93,93.0,"94
SEE – Social and Environmental Accounting
Thursday, May 28, 14:00-15:30
3. Mandating sustainability reporting: firms’ information sets and real effects
Katrin Hummel (Vienna University of Economics and Business)
Karina Bauernhofer (Vienna University of Economics and Business)P
Discussant: Franziska Sterl (University of Passau)
SEE PSD20 room SB 409
. . . . . . . . . . . . . . . . . . . . chaired by: Katherine Leanne Christ (Adelaide University)
1. Supply and demand for ESG assurance effort
Christian Ott (EM Strasbourg Business School)P
Géraldine Broye (EM Strasbourg Business School)
Maretno Harjoto (Pepperdine University Graziadio School of Business)
Nohad Nasrallah (Excelia Business School)
Discussant: Xiang-Yu Huang (National Taiwan University)
2. Unearthing the lower-tier suppliers: evidence from conflict minerals disclosure
Liu Zheng (City University of Hong Kong)P
Jin Kyung Choi (City University of Hong Kong)
Yaoying Ma (City University of Hong Kong)
Discussant: Christian Ott (EM Strasbourg Business School)
3. Assessing supply-chain influences on corporate ESG performance
Xiang-Yu Huang (National Taiwan University)P
Chi-Chun Liu (National Taiwan University)
Nian-zu Yeh (Tamkang University)
Discussant: Liu Zheng (City University of Hong Kong)
SEE PSD27 room SB 411
. . . . . . . . . . . . . . . . . . . chaired by: Irene Marie Herremans (University of Calgary)
1. When institutions push and pull: understanding the development of sustainability control systems within
family businesses
Elisa Ballesio (University of Turin)
Cécile Fremaux (Université Côte d’Azur)P
Aude DeVille (affiliation not provided)
Francesca Culasso (University of Turin)
Discussant: Shekerta Aliu (Johannes Kepler University Linz)
2. Accounting for circularity: the role of digital ledger technologies across organizational boundaries
Cristiana Parisi (Copenhagen Business School)P
Juliana Hsuan (affiliation not provided)
Discussant: Cécile Fremaux (Université Côte d’Azur)
3. Biodiversity management practices of Austrian and New Zealand electric utilities
Shekerta Aliu (Johannes Kepler University Linz)P
Albert Traxler (Johannes Kepler University Linz)
Nives Botica Redmayne (Massey University, Palmerston North)
Dorothea Greiling (Linz Johannes Kepler University)
Discussant: Cristiana Parisi (Copenhagen Business School)
SEE PS09 room SB 412
. . . . . . . . . . . . . . . . . . . . . . . . . . chaired by: Chih Chi Fang (Morgan State University)
1. The impact of ESG disclosures on retail investor decisions: exploring the influence of risk, information
framing, and presentation format
Sohee Kim (Missouri State University)
Nirmalee Raddatz (University of Memphi)
Mee Hyun Kim (American University of Sharjah)P
Jeonghoon Oh (Rutgers University)","[Category]:Social and Environmental Accounting;[Name]:Mandating sustainability reporting: firms’ information sets and real effects;[Author_1]:Katrin Hummel;[Uni_1]:Vienna University of Economics and Business;[Author_2]:Karina Bauernhofer;[Uni_2]:Vienna University of Economics and Business;[Author_3]:;[Uni_3]:;[Author_4]:;[Uni_4]:;[Author_5]:;[Uni_5]:  
[Category]:Social and Environmental Accounting;[Name]:Supply and demand for ESG assurance effort;[Author_1]:Christian Ott;[Uni_1]:EM Strasbourg Business School;[Author_2]:Géraldine Broye;[Uni_2]:EM Strasbourg Business School;[Author_3]:Maretno Harjoto;[Uni_3]:Pepperdine University Graziadio School of Business;[Author_4]:Nohad Nasrallah;[Uni_4]:Excelia Business School;[Author_5]:;[Uni_5]:  
[Category]:Social and Environmental Accounting;[Name]:Unearthing the lower-tier suppliers: evidence from conflict minerals disclosure;[Author_1]:Liu Zheng;[Uni_1]:City University of Hong Kong;[Author_2]:Jin Kyung Choi;[Uni_2]:City University of Hong Kong;[Author_3]:Yaoying Ma;[Uni_3]:City University of Hong Kong;[Author_4]:;[Uni_4]:;[Author_5]:;[Uni_5]:  
[Category]:Social and Environmental Accounting;[Name]:Assessing supply-chain influences on corporate ESG performance;[Author_1]:Xiang-Yu Huang;[Uni_1]:National Taiwan University;[Author_2]:Chi-Chun Liu;[Uni_2]:National Taiwan University;[Author_3]:Nian-zu Yeh;[Uni_3]:Tamkang University;[Author_4]:;[Uni_4]:;[Author_5]:;[Uni_5]:  
[Category]:Social and Environmental Accounting;[Name]:When institutions push and pull: understanding the development of sustainability control systems within family businesses;[Author_1]:Elisa Ballesio;[Uni_1]:University of Turin;[Author_2]:Cécile Fremaux;[Uni_2]:Université Côte d’Azur;[Author_3]:Aude DeVille;[Uni_3]:affiliation not provided;[Author_4]:Francesca Culasso;[Uni_4]:University of Turin;[Author_5]:;[Uni_5]:  
[Category]:Social and Environmental Accounting;[Name]:Accounting for circularity: the role of digital ledger technologies across organizational boundaries;[Author_1]:Cristiana Parisi;[Uni_1]:Copenhagen Business School;[Author_2]:Juliana Hsuan;[Uni_2]:affiliation not provided;[Author_3]:;[Uni_3]:;[Author_4]:;[Uni_4]:;[Author_5]:;[Uni_5]:  
[Category]:Social and Environmental Accounting;[Name]:Biodiversity management practices of Austrian and New Zealand electric utilities;[Author_1]:Shekerta Aliu;[Uni_1]:Johannes Kepler University Linz;[Author_2]:Albert Traxler;[Uni_2]:Johannes Kepler University Linz;[Author_3]:Nives Botica Redmayne;[Uni_3]:Massey University, Palmerston North;[Author_4]:Dorothea Greiling;[Uni_4]:Linz Johannes Kepler University;[Author_5]:;[Uni_5]:  
[Category]:Social and Environmental Accounting;[Name]:The impact of ESG disclosures on retail investor decisions: exploring the influence of risk, information framing, and presentation format;[Author_1]:Sohee Kim;[Uni_1]:Missouri State University;[Author_2]:Nirmalee Raddatz;[Uni_2]:University of Memphi;[Author_3]:Mee Hyun Kim;[Uni_3]:American University of Sharjah;[Author_4]:Jeonghoon Oh;[Uni_4]:Rutgers University;[Author_5]:;[Uni_5]:"
94,94.0,"SEE – Social and Environmental Accounting
Thursday, May 28, 16:00-17:30
95
2. Credible threats in regulated disclosures: Blackrock’s 2020 proxy voting policy revision and portfolio-wide
greenhouse gas emissions
Jangwon Suh (The City University of New York)P
Qianyun Huang (The City University of New York)
Eric Rosano (The City University of New York)
Sangwan Kim (University of Massachusetts-Boston)
3. Responsible investors and portfolio firms’ climate disclosures – international evidence from the PRI
Carl Philipp Wolff (University of Münster)P
SEE PS15 room SB 308
. . . . . . . . . . . . . chaired by: Emma García-Meca (Technical University of Cartagena)
1. Green handcuffs or invisible push? How China’s new environmental protection law shapes corporate
leverage manipulation
Pan Wang (Taizhou University)
Pengfei Gao (Swansea University)P
Yuqi Zhang (Trinity College Dublin)
Miao Wang (Zhengzhou University)
Feng Chao (Chongqing University)
2. From compliance to transformation: how net-zero climate law reshaped firm-level emissions in Taiwan
Kui-Ying Lin (National Yunlin University of Science and Technology)P
3. Local government debt capacity and pollution: evidence from municipal bond rating recalibration
Zhiyi Yang (Jinan University)P
Xiaolu Zhou (The Chinese University of Hong Kong)
Thursday, May 28, 16:00-17:30
SEE PSD08 room RB 210
. . . . . . . . . . . . . . . . . . . . . . . . . chaired by: David Monciardini (University of Turin)
1. Environmental accounting without nature: a critical visual analysis
Francesco Marengo (University of Turin)P
Raimondo Grassadonia (University of Turin)
Laura Corazza (University of Torino)
Discussant: Carla Antonini (Autonomous University of Madrid)
2. When sustainability accounting innovative solutions fail to fit real life problems: lessons from the 2024-
2025 French farmers’ crisis
Stéphane Trebucq (University of Bordeaux)P
Roza Sagitova (University of Portsmouth)
Discussant: Francesco Marengo (University of Turin)
3. Accounting mediation and sustainability. the case of modern slavery statements
Carla Antonini (Autonomous University of Madrid)P
Antonio Mateo-Marquez (University of Seville)
Carlos Larrinaga (Universidad de Burgos)
Enrique Mesa-Pérez (Universidad Pablo de Olavide)
Conny Beck (University of Sydney)
Discussant: Stéphane Trebucq (University of Bordeaux)
SEE PSD18 room SB 309
. . . . . . . . . . . . . . . . . . chaired by: Shekerta Aliu (Johannes Kepler University Linz)
1. LGBTQ+-supportive corporate policies and dividend payouts
Zezeng Li (Queen Mary University of London)P
Discussant: Kasra Hosseini (Erasmus University Rotterdam)","[Category]:Social and Environmental Accounting;[Name]:Credible threats in regulated disclosures: Blackrock’s 2020 proxy voting policy revision and portfolio-wide greenhouse gas emissions;[Author_1]:Jangwon Suh;[Uni_1]:The City University of New York;[Author_2]:Qianyun Huang;[Uni_2]:The City University of New York;[Author_3]:Eric Rosano;[Uni_3]:The City University of New York;[Author_4]:Sangwan Kim;[Uni_4]:University of Massachusetts-Boston  
[Category]:Social and Environmental Accounting;[Name]:Responsible investors and portfolio firms’ climate disclosures – international evidence from the PRI;[Author_1]:Carl Philipp Wolff;[Uni_1]:University of Münster  
[Category]:Social and Environmental Accounting;[Name]:Green handcuffs or invisible push? How China’s new environmental protection law shapes corporate leverage manipulation;[Author_1]:Pan Wang;[Uni_1]:Taizhou University;[Author_2]:Pengfei Gao;[Uni_2]:Swansea University;[Author_3]:Yuqi Zhang;[Uni_3]:Trinity College Dublin;[Author_4]:Miao Wang;[Uni_4]:Zhengzhou University;[Author_5]:Feng Chao;[Uni_5]:Chongqing University  
[Category]:Social and Environmental Accounting;[Name]:From compliance to transformation: how net-zero climate law reshaped firm-level emissions in Taiwan;[Author_1]:Kui-Ying Lin;[Uni_1]:National Yunlin University of Science and Technology  
[Category]:Social and Environmental Accounting;[Name]:Local government debt capacity and pollution: evidence from municipal bond rating recalibration;[Author_1]:Zhiyi Yang;[Uni_1]:Jinan University;[Author_2]:Xiaolu Zhou;[Uni_2]:The Chinese University of Hong Kong  
[Category]:Social and Environmental Accounting;[Name]:Environmental accounting without nature: a critical visual analysis;[Author_1]:Francesco Marengo;[Uni_1]:University of Turin;[Author_2]:Raimondo Grassadonia;[Uni_2]:University of Turin;[Author_3]:Laura Corazza;[Uni_3]:University of Torino  
[Category]:Social and Environmental Accounting;[Name]:When sustainability accounting innovative solutions fail to fit real life problems: lessons from the 2024-2025 French farmers’ crisis;[Author_1]:Stéphane Trebucq;[Uni_1]:University of Bordeaux;[Author_2]:Roza Sagitova;[Uni_2]:University of Portsmouth  
[Category]:Social and Environmental Accounting;[Name]:Accounting mediation and sustainability. the case of modern slavery statements;[Author_1]:Carla Antonini;[Uni_1]:Autonomous University of Madrid;[Author_2]:Antonio Mateo-Marquez;[Uni_2]:University of Seville;[Author_3]:Carlos Larrinaga;[Uni_3]:Universidad de Burgos;[Author_4]:Enrique Mesa-Pérez;[Uni_4]:Universidad Pablo de Olavide;[Author_5]:Conny Beck;[Uni_5]:University of Sydney  
[Category]:Social and Environmental Accounting;[Name]:LGBTQ+-supportive corporate policies and dividend payouts;[Author_1]:Zezeng Li;[Uni_1]:Queen Mary University of London"
95,95.0,"96
SEE – Social and Environmental Accounting
Thursday, May 28, 16:00-17:30
2. Value my care, safeguard your fare: CEO inside debt holdings and wage theft
Emmanuel Obiri-Yeboah (The Hong Kong Polytechnic University)P
Discussant: Zezeng Li (Queen Mary University of London)
3. ESG metrics in executive compensation: a multitasking approach
Kasra Hosseini (Erasmus University Rotterdam)P
Discussant: Emmanuel Obiri-Yeboah (The Hong Kong Polytechnic University)
SEE PSD21 room SB 408
. . . . . . . . . . . . . . . . . . . . . . . . . . . chaired by: Robert Raney (IESE Business School)
1. The use of visuals in sustainability reporting
Amir Amel-Zadeh (University of Oxford)
Tami Dinh (University of St.Gallen)
Andreas Seebeck (Constructor University)
Robin Wolter (University of St.Gallen)P
Discussant: Chih-Hsien Liao (National Taiwan University)
2. The use of metaphors to explore the hybridisation of sustainability and accounting in multi-capital
accounting
Eugenie Faure (Nantes Université)P
Discussant: Robin Wolter (University of St.Gallen)
SEE PS06 room SB 409
. . . . . . . . . . . . . . . . . . . . . . . . . . . . . chaired by: June Cao (University of Southampton)
1. Regulatory influence on corporate social responsibility: evidence from China’s targeted poverty alleviation
campaign
Limei Che (Oslo Metropolitan University)P
2. The dynamics of corporate social responsibility (CSR) and corporate political activity (CPA) practices: a
study on Chinese firms’ participation in a national poverty alleviation campaign
Wei Shen (University of Glasgow)P
3. Green needs trust: state-initiated social credit policy and corporate green investment in China
Lulu Ye (Northwestern Polytechnical University)
Hui Liu (Northwestern Polytechnical University)P
Congcong Fan (Northwestern Polytechnical University)
Ming Jia (Northwestern Polytechnical University)
SEE PS11 room SB 411
. . . . . . . . . . . . . . . . . . . . . . . . . . . chaired by: Md Enamul Hasan (University of Vaasa)
1. The relation between responsible ownership and executive ESG compensation
Henrich Habe (University of Münster)P
2. When directors act for themselves: evidence on ESG value relevance
Feng-Yi Lin (National Taipei University of Technology)P
Shaio Yan Huang (National Chung Cheng University)
Szu-Yin (Jennifer) Wu (School of Management University at Buffalo)
Teng-Shih Wang (Providence University)
3. Reciprocal governance failure and corporate decarbonization: evidence from CEO–board backscratching
and competing trust-repair channels
Kai Wang (National Yang Ming Chiao Tung University)P
Tsung-Kang Chen (National Yang Ming Chiao Tung University)
Yun Hao (National Yang Ming Chiao Tung University)","[Category]:Social and Environmental Accounting;[Name]:Value my care, safeguard your fare: CEO inside debt holdings and wage theft;[Author_1]:Emmanuel Obiri-Yeboah;[Uni_1]:The Hong Kong Polytechnic University  
[Category]:Social and Environmental Accounting;[Name]:ESG metrics in executive compensation: a multitasking approach;[Author_1]:Kasra Hosseini;[Uni_1]:Erasmus University Rotterdam  
[Category]:Social and Environmental Accounting;[Name]:The use of visuals in sustainability reporting;[Author_1]:Amir Amel-Zadeh;[Uni_1]:University of Oxford;[Author_2]:Tami Dinh;[Uni_2]:University of St.Gallen;[Author_3]:Andreas Seebeck;[Uni_3]:Constructor University;[Author_4]:Robin Wolter;[Uni_4]:University of St.Gallen  
[Category]:Social and Environmental Accounting;[Name]:The use of metaphors to explore the hybridisation of sustainability and accounting in multi-capital accounting;[Author_1]:Eugenie Faure;[Uni_1]:Nantes Université  
[Category]:Social and Environmental Accounting;[Name]:Regulatory influence on corporate social responsibility: evidence from China’s targeted poverty alleviation campaign;[Author_1]:Limei Che;[Uni_1]:Oslo Metropolitan University  
[Category]:Social and Environmental Accounting;[Name]:The dynamics of corporate social responsibility (CSR) and corporate political activity (CPA) practices: a study on Chinese firms’ participation in a national poverty alleviation campaign;[Author_1]:Wei Shen;[Uni_1]:University of Glasgow  
[Category]:Social and Environmental Accounting;[Name]:Green needs trust: state-initiated social credit policy and corporate green investment in China;[Author_1]:Lulu Ye;[Uni_1]:Northwestern Polytechnical University;[Author_2]:Hui Liu;[Uni_2]:Northwestern Polytechnical University;[Author_3]:Congcong Fan;[Uni_3]:Northwestern Polytechnical University;[Author_4]:Ming Jia;[Uni_4]:Northwestern Polytechnical University  
[Category]:Social and Environmental Accounting;[Name]:The relation between responsible ownership and executive ESG compensation;[Author_1]:Henrich Habe;[Uni_1]:University of Münster  
[Category]:Social and Environmental Accounting;[Name]:When directors act for themselves: evidence on ESG value relevance;[Author_1]:Feng-Yi Lin;[Uni_1]:National Taipei University of Technology;[Author_2]:Shaio Yan Huang;[Uni_2]:National Chung Cheng University;[Author_3]:Szu-Yin (Jennifer) Wu;[Uni_3]:School of Management University at Buffalo;[Author_4]:Teng-Shih Wang;[Uni_4]:Providence University  
[Category]:Social and Environmental Accounting;[Name]:Reciprocal governance failure and corporate decarbonization: evidence from CEO–board backscratching and competing trust-repair channels;[Author_1]:Kai Wang;[Uni_1]:National Yang Ming Chiao Tung University;[Author_2]:Tsung-Kang Chen;[Uni_2]:National Yang Ming Chiao Tung University;[Author_3]:Yun Hao;[Uni_3]:National Yang Ming Chiao Tung University"
96,96.0,"SEE – Social and Environmental Accounting
Friday, May 29, 09:00-10:30
97
SEE PS26 room SB 412
. . . . . . . . . . . . . . . . . . . . . . . . . . . . . . . . . chaired by: Jan Michalak (University of Lodz)
1. From knowledge to impact: university innovation centers as drivers of SDG-aligned entrepreneurship
Nicolas Gambetta (Universidad ORT Uruguay)P
Eliana Compiani (Finning)
Dellanira González (Axionlog)
Enrique Topolansky (Universidad ORT Uruguay)
2. Transparency in sustainability reporting: does it worth the cost?
Eugenia Parodi (University of Pavia)P
3. Accounting and reporting the sharing economy in a circular regional context
Sabina Scarpellini (University of Zaragoza)P
Alfonso Aranda-Uson (University of Zaragoza)
SEE PS29 room SB 308
. . . . . . . . . . . . . . . . . . . . . . . . . . . . . . . chaired by: Erekle Pirveli (Caucasus University)
1. The role of personality in shaping managerial engagement with artificial intelligence in accounting research
Alice Pennesi (Università Politecnica delle Marche)P
Francesca di Donato (Universita’ Telematica San Raffaele Roma)
Sara Trucco (Università degli Studi Internazionali di Roma)
2. Assessing social influence and tipping points in honesty: a modified Becker-Degroot-Marschak method
Christian Stindt (Hamburg University of Technology)P
Matthias Meyer (Hamburg University of Technology)
Friday, May 29, 09:00-10:30
SEE PSD02 room RB 210
. . . . . . . . . . . . . . . . . . . . . . . . . chaired by: Karel Hrazdil (Simon Fraser University)
1. Unmasking ESG ratings: the black box severity index and its policy implications
Zeina Mohamed (University of Ferrara)P
Discussant: Laura Girella (University of Modena and Reggio Emilia)
2. Artificial intelligence and the voluntary disclosure of Scope 3 carbon emissions
Tobias Steindl (University of Regensburg)P
Shira Cohen (San Diego State University)
Stephan Küster (Freie Universität Berlin)
Lea Mirlach (University of Regensburg)
Discussant: Zeina Samy Mohamed (University of Ferrara)
3. Measuring what matters: constructing an ESG controversy index using AI applications
Laura Girella (University of Modena and Reggio Emilia)P
Discussant: Tobias Steindl (University of Regensburg)
SEE PSD15 room SB 309
. . . . . . . chaired by: Chih-Wei Peng (National Changhua University of Education)
1. ESG halo
Yifei Xia (Wenzhou-Kean University)P
Youran Zhang (Wenzhou-Kean University)
Discussant: Sofiya Pugachyova (University of Neuchatel)
2. The disciplining effect of AI-powered tax administration system on ESG decoupling
Yanlei Zhang (Copenhagen Business School)P
Discussant: Yifei Xia (Wenzhou-Kean University)
3. Box-ticking for a better ESG score?
Sofiya Pugachyova (University of Neuchatel)P
Discussant: Yanlei Zhang (Copenhagen Business School)","[Category]:Social and Environmental Accounting;[Name]:From knowledge to impact: university innovation centers as drivers of SDG-aligned entrepreneurship;[Author_1]:Nicolas Gambetta;[Uni_1]:Universidad ORT Uruguay;[Author_2]:Eliana Compiani;[Uni_2]:Finning;[Author_3]:Dellanira González;[Uni_3]:Axionlog;[Author_4]:Enrique Topolansky;[Uni_4]:Universidad ORT Uruguay  
[Category]:Social and Environmental Accounting;[Name]:Transparency in sustainability reporting: does it worth the cost?;[Author_1]:Eugenia Parodi;[Uni_1]:University of Pavia  
[Category]:Social and Environmental Accounting;[Name]:Accounting and reporting the sharing economy in a circular regional context;[Author_1]:Sabina Scarpellini;[Uni_1]:University of Zaragoza;[Author_2]:Alfonso Aranda-Uson;[Uni_2]:University of Zaragoza  
[Category]:Social and Environmental Accounting;[Name]:The role of personality in shaping managerial engagement with artificial intelligence in accounting research;[Author_1]:Alice Pennesi;[Uni_1]:Università Politecnica delle Marche;[Author_2]:Francesca di Donato;[Uni_2]:Universita’ Telematica San Raffaele Roma;[Author_3]:Sara Trucco;[Uni_3]:Università degli Studi Internazionali di Roma  
[Category]:Social and Environmental Accounting;[Name]:Assessing social influence and tipping points in honesty: a modified Becker-Degroot-Marschak method;[Author_1]:Christian Stindt;[Uni_1]:Hamburg University of Technology;[Author_2]:Matthias Meyer;[Uni_2]:Hamburg University of Technology  
[Category]:Social and Environmental Accounting;[Name]:Unmasking ESG ratings: the black box severity index and its policy implications;[Author_1]:Zeina Mohamed;[Uni_1]:University of Ferrara;[Author_2]:Laura Girella;[Uni_2]:University of Modena and Reggio Emilia (Discussant)  
[Category]:Social and Environmental Accounting;[Name]:Artificial intelligence and the voluntary disclosure of Scope 3 carbon emissions;[Author_1]:Tobias Steindl;[Uni_1]:University of Regensburg;[Author_2]:Shira Cohen;[Uni_2]:San Diego State University;[Author_3]:Stephan Küster;[Uni_3]:Freie Universität Berlin;[Author_4]:Lea Mirlach;[Uni_4]:University of Regensburg;[Author_5]:Zeina Samy Mohamed;[Uni_5]:University of Ferrara (Discussant)  
[Category]:Social and Environmental Accounting;[Name]:Measuring what matters: constructing an ESG controversy index using AI applications;[Author_1]:Laura Girella;[Uni_1]:University of Modena and Reggio Emilia;[Author_2]:Tobias Steindl;[Uni_2]:University of Regensburg (Discussant)  
[Category]:Social and Environmental Accounting;[Name]:ESG halo;[Author_1]:Yifei Xia;[Uni_1]:Wenzhou-Kean University;[Author_2]:Youran Zhang;[Uni_2]:Wenzhou-Kean University;[Author_3]:Sofiya Pugachyova;[Uni_3]:University of Neuchatel (Discussant)  
[Category]:Social and Environmental Accounting;[Name]:The disciplining effect of AI-powered tax administration system on ESG decoupling;[Author_1]:Yanlei Zhang;[Uni_1]:Copenhagen Business School;[Author_2]:Yifei Xia;[Uni_2]:Wenzhou-Kean University (Discussant)  
[Category]:Social and Environmental Accounting;[Name]:Box-ticking for a better ESG score?;[Author_1]:Sofiya Pugachyova;[Uni_1]:University of Neuchatel;[Author_2]:Yanlei Zhang;[Uni_2]:Copenhagen Business School (Discussant)"
97,97.0,"98
SEE – Social and Environmental Accounting
Friday, May 29, 09:00-10:30
SEE PSD24 room SB 408
. . . . . . . . . . . . . . . . . . . . . chaired by: Peter Beusch (The University of Gothenburg)
1. Interpreting double materiality: sensemaking and sensegiving in social and environmental accounting
(SEA)
Sarah Kapplmüller (Johannes Kepler University Linz)P
Philumena Bauer (Johannes Kepler University Linz)
Dorothea Greiling (Linz Johannes Kepler University)
Othmar Lehner (Hanken School of Economics)
Discussant: Mariella Colantoni (University of Verona)
2. From compliance to institutionalization: a maturity model for sustainability materiality analysis based on
stakeholder engagement in a public sector organization
Koen Corstjens (Nyenrode Business University)P
René Orij (Nyenrode Business University)
Reinald Minnaar (Nyenrode Business University)
Discussant: Sarah Beatrice Kapplmüller (Johannes Kepler University Linz)
3. From ambiguity to action: organisational sensemaking in double materiality assessment
Mariella Colantoni (University of Verona)P
Alessandro Lai (University of Verona)
Riccardo Stacchezzini (University of Verona)
Discussant: René Orij (Nyenrode Business University)
SEE PSD26 room SB 409
. . . . . . . . . . . . . . . . . . . . . . . . . . . . . . . . . chaired by: Ying Mao (Lingnan University)
1. Breaking the code: a profile of disciplinary offenses in Quebec’s accounting professionthis study presents
a cluster-based profiling of ethical violations among chartered professional accountants (CPA)
Sylvie Côté (University of Quebec in Montreal)
Anne Marie Gosselin (University of Quebec in Montreal)P
Annie LeCompte (University of Quebec in Montreal)
Karine Phaneuf (University of Quebec in Montreal)
Patrick Coulombe (University of Quebec in Montreal)
Discussant: Dina El Mahdy (Morgan State University)
2. From theory to practice: examining the role of capability in misreporting behavior
Xiaojun Xu (Doshisha University)P
Discussant: Anne Marie Gosselin (University of Quebec in Montreal)
3. Audit turnover and corporate greenwashing: are auditors bearing the blame?
Dina El Mahdy (Morgan State University)P
Sandra Cereola (Saint Anselm College)
Sebahattin Demirkan (Ozyegin University)
Discussant: Xiaojun Xu (Doshisha University)
SEE PS14 room SB 411
. . . . . . . . . . . . . . . . . . . . . . . . chaired by: Stéphane Trebucq (University of Bordeaux)
1. Sustainability-forward-looking disclosure and stock liquidity: a European investigation
Imen Derouiche (University of Luxembourg)P
Anke Anke Müßig (University of Luxembourg)
Mélanie Luxembourger (University of Luxembourg)
2. ESG practices and corporate bankruptcy risk: insights from ESG disclosures
Yousry Ahmed (Newcastle University)
Mohamed Elsayed (Queen’s University Belfast)P
Ibrahim Elmghaamez (Coventry Business School, Coventry University)","[Category]:Social and Environmental Accounting;[Name]:Interpreting double materiality: sensemaking and sensegiving in social and environmental accounting (SEA);[Author_1]:Sarah Kapplmüller;[Uni_1]:Johannes Kepler University Linz;[Author_2]:Philumena Bauer;[Uni_2]:Johannes Kepler University Linz;[Author_3]:Dorothea Greiling;[Uni_3]:Linz Johannes Kepler University;[Author_4]:Othmar Lehner;[Uni_4]:Hanken School of Economics  
[Category]:Social and Environmental Accounting;[Name]:From compliance to institutionalization: a maturity model for sustainability materiality analysis based on stakeholder engagement in a public sector organization;[Author_1]:Koen Corstjens;[Uni_1]:Nyenrode Business University;[Author_2]:René Orij;[Uni_2]:Nyenrode Business University;[Author_3]:Reinald Minnaar;[Uni_3]:Nyenrode Business University  
[Category]:Social and Environmental Accounting;[Name]:From ambiguity to action: organisational sensemaking in double materiality assessment;[Author_1]:Mariella Colantoni;[Uni_1]:University of Verona;[Author_2]:Alessandro Lai;[Uni_2]:University of Verona;[Author_3]:Riccardo Stacchezzini;[Uni_3]:University of Verona  
[Category]:Social and Environmental Accounting;[Name]:Breaking the code: a profile of disciplinary offenses in Quebec’s accounting professionthis study presents a cluster-based profiling of ethical violations among chartered professional accountants (CPA);[Author_1]:Sylvie Côté;[Uni_1]:University of Quebec in Montreal;[Author_2]:Anne Marie Gosselin;[Uni_2]:University of Quebec in Montreal;[Author_3]:Annie LeCompte;[Uni_3]:University of Quebec in Montreal;[Author_4]:Karine Phaneuf;[Uni_4]:University of Quebec in Montreal;[Author_5]:Patrick Coulombe;[Uni_5]:University of Quebec in Montreal  
[Category]:Social and Environmental Accounting;[Name]:From theory to practice: examining the role of capability in misreporting behavior;[Author_1]:Xiaojun Xu;[Uni_1]:Doshisha University  
[Category]:Social and Environmental Accounting;[Name]:Audit turnover and corporate greenwashing: are auditors bearing the blame?;[Author_1]:Dina El Mahdy;[Uni_1]:Morgan State University;[Author_2]:Sandra Cereola;[Uni_2]:Saint Anselm College;[Author_3]:Sebahattin Demirkan;[Uni_3]:Ozyegin University  
[Category]:Social and Environmental Accounting;[Name]:Sustainability-forward-looking disclosure and stock liquidity: a European investigation;[Author_1]:Imen Derouiche;[Uni_1]:University of Luxembourg;[Author_2]:Anke Müßig;[Uni_2]:University of Luxembourg;[Author_3]:Mélanie Luxembourger;[Uni_3]:University of Luxembourg  
[Category]:Social and Environmental Accounting;[Name]:ESG practices and corporate bankruptcy risk: insights from ESG disclosures;[Author_1]:Yousry Ahmed;[Uni_1]:Newcastle University;[Author_2]:Mohamed Elsayed;[Uni_2]:Queen’s University Belfast;[Author_3]:Ibrahim Elmghaamez;[Uni_3]:Coventry Business School, Coventry University"
98,98.0,"SEE – Social and Environmental Accounting
Friday, May 29, 11:00-12:30
99
3. Economic policy uncertainty and voluntary ESG disclosure: the role of analyst coverage
Bukyung Kim (Korea University Business School)P
Jinbae Kim (Korea University)
SEE PS17 room SB 412
. . . . . . . . . . . . . . . . . . . chaired by: Kevin Gauch (Technical University of Darmstadt)
1. From TCFD to CSRD: exploring the influence of voluntary disclosures on mandatory sustainability
reporting
Joanna Krasodomska (Krakow University of Economics)P
Justyna Godawska (AGH University of Krakow)
Bartosz Rymkiewicz (AGH University of Krakow)
2. Digital sustainability reporting and ESG judgment – a cognitive load perspective
Duc Hung Tran (Aachen University of Applied Sciences)P
3. The double materiality assessment process in the practice of Polish listed companies – scope and determi-
nants of disclosures
Pawel Zieniuk (Krakow University of Economics)P
Małgorzata Macuda (Poznań University of Economics and Business)
Katarzyna Kobiela-Pionnier (Warsaw School of Economics)
SEE PS24 room SB 308
. . . . . . . . . . . . . . . . . . . . . . chaired by: Fabiola Schneider (University College Dublin)
1. Cost behavior of organic versus conventional farms
Josep Argiles-Bosch (University of Barcelona)P
Josep García-Blandón (Institut Químic de Sarrià)
Diego Ravenda (TBS Education)
2. Cost-benefit trade-off of sustainability: evidence from the impact of B-Corp certifications on sales perfor-
mance using signaling theory
Laura Ferraro (University of Calabria)P
Devendra Kale (University of Rhode Island)
Franco Rubino (University of Calabria)
Roberta Costanzo (University of Calabria)
Danilo Ceraso (University of Calabria)
3. Accounting for the circular economy: corporate strategies and policy implications
David Monciardini (University of Turin)P
Laura Rocca (University of Brescia)
Friday, May 29, 11:00-12:30
SEE PSD06 room RB 210
. . . . . . . . . . . . . . . . . . . . . . . . chaired by: Dina El Mahdy (Morgan State University)
1. Green public procurement: international evidence
Giulia Sargiacomo (University of Toronto)P
Ole-Kristian Hope (University of Toronto)
Sasan Saiy (University of Waterloo)
Muhammad Azim (University of Waterloo)
Discussant: Hans B. Christensen (University of Chicago Booth School of Business)
2. Green transition through government contracting: evidence from the 2014 EU public procurement reform
Shiheng Wang (The Hong Kong University of Science and Technology)P
Xin Chen (Hong Kong University of Science And Technology)
Mingyi Hung (The Hong Kong University of Science and Technology)
Discussant: Fabiola Schneider (University College Dublin)","[Category]:Social and Environmental Accounting;[Name]:Economic policy uncertainty and voluntary ESG disclosure: the role of analyst coverage;[Author_1]:Bukyung Kim;[Uni_1]:Korea University Business School;[Author_2]:Jinbae Kim;[Uni_2]:Korea University  
[Category]:Social and Environmental Accounting;[Name]:From TCFD to CSRD: exploring the influence of voluntary disclosures on mandatory sustainability reporting;[Author_1]:Joanna Krasodomska;[Uni_1]:Krakow University of Economics;[Author_2]:Justyna Godawska;[Uni_2]:AGH University of Krakow;[Author_3]:Bartosz Rymkiewicz;[Uni_3]:AGH University of Krakow  
[Category]:Social and Environmental Accounting;[Name]:Digital sustainability reporting and ESG judgment – a cognitive load perspective;[Author_1]:Duc Hung Tran;[Uni_1]:Aachen University of Applied Sciences  
[Category]:Social and Environmental Accounting;[Name]:The double materiality assessment process in the practice of Polish listed companies – scope and determinants of disclosures;[Author_1]:Pawel Zieniuk;[Uni_1]:Krakow University of Economics;[Author_2]:Małgorzata Macuda;[Uni_2]:Poznań University of Economics and Business;[Author_3]:Katarzyna Kobiela-Pionnier;[Uni_3]:Warsaw School of Economics  
[Category]:Social and Environmental Accounting;[Name]:Cost behavior of organic versus conventional farms;[Author_1]:Josep Argiles-Bosch;[Uni_1]:University of Barcelona;[Author_2]:Josep García-Blandón;[Uni_2]:Institut Químic de Sarrià;[Author_3]:Diego Ravenda;[Uni_3]:TBS Education  
[Category]:Social and Environmental Accounting;[Name]:Cost-benefit trade-off of sustainability: evidence from the impact of B-Corp certifications on sales performance using signaling theory;[Author_1]:Laura Ferraro;[Uni_1]:University of Calabria;[Author_2]:Devendra Kale;[Uni_2]:University of Rhode Island;[Author_3]:Franco Rubino;[Uni_3]:University of Calabria;[Author_4]:Roberta Costanzo;[Uni_4]:University of Calabria;[Author_5]:Danilo Ceraso;[Uni_5]:University of Calabria  
[Category]:Social and Environmental Accounting;[Name]:Accounting for the circular economy: corporate strategies and policy implications;[Author_1]:David Monciardini;[Uni_1]:University of Turin;[Author_2]:Laura Rocca;[Uni_2]:University of Brescia  
[Category]:Social and Environmental Accounting;[Name]:Green public procurement: international evidence;[Author_1]:Giulia Sargiacomo;[Uni_1]:University of Toronto;[Author_2]:Ole-Kristian Hope;[Uni_2]:University of Toronto;[Author_3]:Sasan Saiy;[Uni_3]:University of Waterloo;[Author_4]:Muhammad Azim;[Uni_4]:University of Waterloo  
[Category]:Social and Environmental Accounting;[Name]:Green transition through government contracting: evidence from the 2014 EU public procurement reform;[Author_1]:Shiheng Wang;[Uni_1]:The Hong Kong University of Science and Technology;[Author_2]:Xin Chen;[Uni_2]:Hong Kong University of Science And Technology;[Author_3]:Mingyi Hung;[Uni_3]:The Hong Kong University of Science and Technology"
99,99.0,"100
SEE – Social and Environmental Accounting
Friday, May 29, 11:00-12:30
3. The green power of government procurement: evidence from the mandatory net zero commitment from
suppliers
Chengzhu Sun (The Hong Kong Polytechnic University)P
Cheng Zeng (The Hong Kong Polytechnic University)
Yi Xiang (The Hong Kong Polytechnic University)
Discussant: Thomas Tammen (University of Hamburg)
SEE PSD09 room SB 309
. . chaired by: Walid Ben-Amar (University of Doha for Science and Technology)
1. The impact of registration system reform on the ESG performance of enterprises: evidence from China
Wenwen Wang (Xi’an Jiaotong University)P
Fei Yan (Xi’an Jiaotong University)
Baolei Qi (Xi’an Jiaotong University)
Discussant: Yuzhu Lu (Lingnan University)
2. How does ancient culture affect corporate ESG?
Zilan Yang (IE University)P
Tai-Yuan Chen (The Hong Kong University of Science and Technology)
Deli Yang (Chinese University of Hong Kong, Shenzhen)
Discussant: Wenwen Wang (Xi’an Jiaotong University)
3. National culture and ESG priorities
Yuzhu Lu (Lingnan University)P
Liang Shao (Radford University)
Yue Zhang (Lingnan University)
Discussant: Zilan Yang (IE University)
SEE PSD12 room SB 408
. . . . . . . . . . . . . . . . . . . . . . . . chaired by: Tobias Steindl (University of Regensburg)
1. Climate-related financial impact disclosures: global evidence on determinants, characteristics, and
consequences
Jurian Hendrikse (IESEG School of Management)P
Elizabeth Demers (University of Waterloo)
Bjarne Brié (Tilburg University)
Discussant: Sonakshi Agrawal (Columbia University)
2. The reporting of greenhouse gas emissions: market-based Scope 2 emissions and renewable energy
instruments
Svenja Dube (Baruch College)P
Discussant: Yue Li (University of Toronto)
3. Regulating across borders: how sustainability reporting readiness shapes firms’ response to cross-border
carbon pricing
Robert Raney (IESE Business School)P
Ellen En (IESE Business School)
Discussant: Aneesh Raghunandan (Yale University)
SEE PSD13 room SB 409
. . . . . . . . . . . . . . . . chaired by: Sebastian Tideman-Frappart (Syracuse University)
1. The spillover effect of anticipated proposed regulations on corporate social responsibility performance
Karel Hrazdil (Simon Fraser University)P
Jiyuan Li (Chongqing University of Technology)
Xin Li (Trinity Western University)
Weiji Zhang (Beijing Normal University-Hong Kong Baptist University)
Discussant: Viviana Ecca (University of Cagliari)","[Category]:Social and Environmental Accounting;[Name]:The green power of government procurement: evidence from the mandatory net zero commitment from suppliers;[Author_1]:Chengzhu Sun;[Uni_1]:The Hong Kong Polytechnic University;[Author_2]:Cheng Zeng;[Uni_2]:The Hong Kong Polytechnic University;[Author_3]:Yi Xiang;[Uni_3]:The Hong Kong Polytechnic University  
[Category]:Social and Environmental Accounting;[Name]:The impact of registration system reform on the ESG performance of enterprises: evidence from China;[Author_1]:Wenwen Wang;[Uni_1]:Xi’an Jiaotong University;[Author_2]:Fei Yan;[Uni_2]:Xi’an Jiaotong University;[Author_3]:Baolei Qi;[Uni_3]:Xi’an Jiaotong University  
[Category]:Social and Environmental Accounting;[Name]:How does ancient culture affect corporate ESG?;[Author_1]:Zilan Yang;[Uni_1]:IE University;[Author_2]:Tai-Yuan Chen;[Uni_2]:The Hong Kong University of Science and Technology;[Author_3]:Deli Yang;[Uni_3]:Chinese University of Hong Kong, Shenzhen  
[Category]:Social and Environmental Accounting;[Name]:National culture and ESG priorities;[Author_1]:Yuzhu Lu;[Uni_1]:Lingnan University;[Author_2]:Liang Shao;[Uni_2]:Radford University;[Author_3]:Yue Zhang;[Uni_3]:Lingnan University  
[Category]:Social and Environmental Accounting;[Name]:Climate-related financial impact disclosures: global evidence on determinants, characteristics, and consequences;[Author_1]:Jurian Hendrikse;[Uni_1]:IESEG School of Management;[Author_2]:Elizabeth Demers;[Uni_2]:University of Waterloo;[Author_3]:Bjarne Brié;[Uni_3]:Tilburg University  
[Category]:Social and Environmental Accounting;[Name]:The reporting of greenhouse gas emissions: market-based Scope 2 emissions and renewable energy instruments;[Author_1]:Svenja Dube;[Uni_1]:Baruch College  
[Category]:Social and Environmental Accounting;[Name]:Regulating across borders: how sustainability reporting readiness shapes firms’ response to cross-border carbon pricing;[Author_1]:Robert Raney;[Uni_1]:IESE Business School;[Author_2]:Ellen En;[Uni_2]:IESE Business School  
[Category]:Social and Environmental Accounting;[Name]:The spillover effect of anticipated proposed regulations on corporate social responsibility performance;[Author_1]:Karel Hrazdil;[Uni_1]:Simon Fraser University;[Author_2]:Jiyuan Li;[Uni_2]:Chongqing University of Technology;[Author_3]:Xin Li;[Uni_3]:Trinity Western University;[Author_4]:Weiji Zhang;[Uni_4]:Beijing Normal University-Hong Kong Baptist University"
100,100.0,"SEE – Social and Environmental Accounting
Friday, May 29, 11:00-12:30
101
2. Comparable sustainability performance information and firms’ voluntary sustainability disclosures –
evidence from expanded sustainability rating coverage
Maximilian Tiemeyer (University of Münster)P
Discussant: Karel Hrazdil (Simon Fraser University)
3. Peer influence and sustainability investment efficiency: the spillover effects of peers’ investments
Viviana Ecca (University of Cagliari)P
Alessandro Mura (University of Cagliari)
Discussant: Maximilian Tiemeyer (University of Münster)
SEE PSD22 room SB 411
. . . . . . . . . . . . . . . . . . . . . . . . . . . . . chaired by: Ronita Ram (University of Reading)
1. Managing environmental risks through enterprise risk management: a stakeholder-integrated approach
Amama Shaukat (IBA Karachi)
Omar al-Bastaki (GPIC)
Grzegorz Trojanowski (University of Exeter)P
Discussant: Josef Baumüller (Vienna University of Technology)
2. Multiple materialities: exploring the interconnectedness of financial and sustainability accountings
Peijing Yang (The University of Sydney)
John Roberts (University of Sydney)P
Tanya Fiedler (The University of New South Wales)
Discussant: Grzegorz Trojanowski (University of Exeter)
3. Activity-based standard GHG-accounting: integrating GHG emissions into sustainability management
control systems
Josef Baumüller (Vienna University of Technology)P
Walter Schwaiger (Vienna University of Technology)
Discussant: John Roberts (University of Sydney)
SEE PS22 room SB 412
. . . . . . . . . . . . . . . . . . . . . . . . . . chaired by: Gunther Glenk (University of Mannheim)
1. Do climate risks drive integrated climate governance? Evidence from STOXX 600
Quentin Arnaud (Université Toulouse Capitole)P
2. Financially material sustainability events, heterogeneous beliefs, and greenwashing
Akihiro Noda (Shiga University)P
3. The creditworthiness of corporate environmental disclosures: the influence of public climate sentiment
and self-greenwashing
Dengjun Zhang (University of Stavanger)P
SEE PS30 room SB 308
. . . . . . . . . . . . . . . . . . . . . . . . . . . . . . . . . chaired by: Pranav Yadav (Tilburg University)
1. Sustainability reporting quality evolution: an analysis of Italian banks
Eugenia Parodi (University of Pavia)
Valentina Beretta (University of Pavia)P
Maria Chiara Demartini (University of Pavia)
Francesco Sotti (University of Pavia)
2. Turning sustainability reporting into financial performance: the case of Spanish cooperative banks
Francisca Castilla Polo (University of Jaén)P
Purificación Parrado-Martínez (University of Jaén)
María Comino Jurado (University of Jaén)
3. Exploring the influence of ESG performance on EU taxonomy disclosures
Lorena Vasquez Arango (University of Valencia)P
Laura Sierra Garcia (Universidad Pablo de Olavide)
Maria Garcia Benau (University of Valencia)","[Category]:Social and Environmental Accounting;[Name]:Comparable sustainability performance information and firms’ voluntary sustainability disclosures – evidence from expanded sustainability rating coverage;[Author_1]:Maximilian Tiemeyer;[Uni_1]:University of Münster;[Author_2]:;[Uni_2]:;[Author_3]:;[Uni_3]:;[Author_4]:;[Uni_4]:;[Author_5]:;[Uni_5]:  
[Category]:Social and Environmental Accounting;[Name]:Peer influence and sustainability investment efficiency: the spillover effects of peers’ investments;[Author_1]:Viviana Ecca;[Uni_1]:University of Cagliari;[Author_2]:Alessandro Mura;[Uni_2]:University of Cagliari;[Author_3]:;[Uni_3]:;[Author_4]:;[Uni_4]:;[Author_5]:;[Uni_5]:  
[Category]:Social and Environmental Accounting;[Name]:Managing environmental risks through enterprise risk management: a stakeholder-integrated approach;[Author_1]:Amama Shaukat;[Uni_1]:IBA Karachi;[Author_2]:Omar al-Bastaki;[Uni_2]:GPIC;[Author_3]:Grzegorz Trojanowski;[Uni_3]:University of Exeter;[Author_4]:;[Uni_4]:;[Author_5]:;[Uni_5]:  
[Category]:Social and Environmental Accounting;[Name]:Multiple materialities: exploring the interconnectedness of financial and sustainability accountings;[Author_1]:Peijing Yang;[Uni_1]:The University of Sydney;[Author_2]:John Roberts;[Uni_2]:University of Sydney;[Author_3]:Tanya Fiedler;[Uni_3]:The University of New South Wales;[Author_4]:;[Uni_4]:;[Author_5]:;[Uni_5]:  
[Category]:Social and Environmental Accounting;[Name]:Activity-based standard GHG-accounting: integrating GHG emissions into sustainability management control systems;[Author_1]:Josef Baumüller;[Uni_1]:Vienna University of Technology;[Author_2]:Walter Schwaiger;[Uni_2]:Vienna University of Technology;[Author_3]:;[Uni_3]:;[Author_4]:;[Uni_4]:;[Author_5]:;[Uni_5]:  
[Category]:Social and Environmental Accounting;[Name]:Do climate risks drive integrated climate governance? Evidence from STOXX 600;[Author_1]:Quentin Arnaud;[Uni_1]:Université Toulouse Capitole;[Author_2]:;[Uni_2]:;[Author_3]:;[Uni_3]:;[Author_4]:;[Uni_4]:;[Author_5]:;[Uni_5]:  
[Category]:Social and Environmental Accounting;[Name]:Financially material sustainability events, heterogeneous beliefs, and greenwashing;[Author_1]:Akihiro Noda;[Uni_1]:Shiga University;[Author_2]:;[Uni_2]:;[Author_3]:;[Uni_3]:;[Author_4]:;[Uni_4]:;[Author_5]:;[Uni_5]:  
[Category]:Social and Environmental Accounting;[Name]:The creditworthiness of corporate environmental disclosures: the influence of public climate sentiment and self-greenwashing;[Author_1]:Dengjun Zhang;[Uni_1]:University of Stavanger;[Author_2]:;[Uni_2]:;[Author_3]:;[Uni_3]:;[Author_4]:;[Uni_4]:;[Author_5]:;[Uni_5]:  
[Category]:Social and Environmental Accounting;[Name]:Sustainability reporting quality evolution: an analysis of Italian banks;[Author_1]:Eugenia Parodi;[Uni_1]:University of Pavia;[Author_2]:Valentina Beretta;[Uni_2]:University of Pavia;[Author_3]:Maria Chiara Demartini;[Uni_3]:University of Pavia;[Author_4]:Francesco Sotti;[Uni_4]:University of Pavia;[Author_5]:;[Uni_5]:  
[Category]:Social and Environmental Accounting;[Name]:Turning sustainability reporting into financial performance: the case of Spanish cooperative banks;[Author_1]:Francisca Castilla Polo;[Uni_1]:University of Jaén;[Author_2]:Purificación Parrado-Martínez;[Uni_2]:University of Jaén;[Author_3]:María Comino Jurado;[Uni_3]:University of Jaén;[Author_4]:;[Uni_4]:;[Author_5]:;[Uni_5]:  
[Category]:Social and Environmental Accounting;[Name]:Exploring the influence of ESG performance on EU taxonomy disclosures;[Author_1]:Lorena Vasquez Arango;[Uni_1]:University of Valencia;[Author_2]:Laura Sierra Garcia;[Uni_2]:Universidad Pablo de Olavide;[Author_3]:Maria Garcia Benau;[Uni_3]:University of Valencia;[Author_4]:;[Uni_4]:;[Author_5]:;[Uni_5]:"
101,101.0,"102
SEE – Social and Environmental Accounting
Friday, May 29, 14:00-15:30
Friday, May 29, 14:00-15:30
SEE PSD11 room RB 210
. . . . . . . . chaired by: Max Goettsche (Catholic University of Eichstatt-Ingolstadt)
1. Green talk, real obstacles: experimental evidence on environmental communication, implementation
challenges, and decoupling
Yuhan Liu (University of Mannheim)P
Discussant: Kevin Gauch (Technical University of Darmstadt)
2. When the president speaks: the impact of an anti-DEI executive order on stakeholders perceptions
Kevin Gauch (Technical University of Darmstadt)P
Jochen Theis (University of Southern Denmark)
Rebekka Ballering (Technical University of Darmstadt)
Discussant: Dominik Katzer (University of Würzburg)
3. Materiality disclosure and consumer preferences
Dominik Katzer (University of Würzburg)P
Benedikt Franke (University of Würzburg)
Lucas Stich (University of Würzburg)
Discussant: Yuhan Liu (University of Mannheim)
SEE PSD19 room SB 309
. . . . . . . . . . . . . . . . . . . . chaired by: Nicolas García-Torea (Universidad de Burgos)
1. Extreme weather and indigenous peoples: impacts on business activity
Martien Lubberink (Victoria University of Wellington)P
Paul Griffin (University of California, Davis)
Tom Stannard (University of Otago)
Discussant: Paul A Griffin (University of California, Davis)
2. Ethical accountability and the governance of the green transition
Ewelina Zarzycka (University of Lodz)P
Dorota Dobija (Kozminski University)
Grygorii Kravchenko (Kozminski University)
Łukasz Kozłowski (Kozminski University)
Discussant: Martien Lubberink (Victoria University of Wellington)
3. Does biodiversity improve business productivity? Evidence from a spatial analysis
Paul Griffin (University of California, Davis)P
Martien Lubberink (Victoria University of Wellington)
Discussant: Ewelina Zarzycka (University of Lodz)
SEE PS03 room SB 408
. . . . . . . . . . . . . . chaired by: Tettamanzi Patrizia (Università Carlo Cattaneo - LIUC)
1. Talking the talk, skipping the walk: how board co-option constrains CSR decoupling?
Moez Essid (École de Management Léonard de Vinci)P
Lakhal Faten (Léonard de Vinci Pôle Universitaire)
Hind Naouar (LAREMFiQ, Institut Des Hautes Etudes Commerciales, University of Sousse)
2. Governing corporate social responsibility (CSR) decoupling: the examination between board gender
diversity (BGD) and CSR decoupling in luxury fashion industry
Christina Ionela Neokleous (Aston University)P
3. Understanding CSR decoupling: board attributes as key drivers and gender diversity as a moderator
Maria Consuelo Pucheta-Martinez (Universitat Jaume I)
Isabel Gallego-Álvarez (Universidad de Salamanca)
Inmaculada Bel-Oms (University of Valencia)P","[Category]:Social and Environmental Accounting;[Name]:Green talk, real obstacles: experimental evidence on environmental communication, implementation challenges, and decoupling;[Author_1]:Yuhan Liu;[Uni_1]:University of Mannheim;[Author_2]:;[Uni_2]:;[Author_3]:;[Uni_3]:;[Author_4]:;[Uni_4]:;[Author_5]:;[Uni_5]:  
[Category]:Social and Environmental Accounting;[Name]:When the president speaks: the impact of an anti-DEI executive order on stakeholders perceptions;[Author_1]:Kevin Gauch;[Uni_1]:Technical University of Darmstadt;[Author_2]:Jochen Theis;[Uni_2]:University of Southern Denmark;[Author_3]:Rebekka Ballering;[Uni_3]:Technical University of Darmstadt;[Author_4]:;[Uni_4]:;[Author_5]:;[Uni_5]:  
[Category]:Social and Environmental Accounting;[Name]:Materiality disclosure and consumer preferences;[Author_1]:Dominik Katzer;[Uni_1]:University of Würzburg;[Author_2]:Benedikt Franke;[Uni_2]:University of Würzburg;[Author_3]:Lucas Stich;[Uni_3]:University of Würzburg;[Author_4]:;[Uni_4]:;[Author_5]:;[Uni_5]:  
[Category]:Social and Environmental Accounting;[Name]:Extreme weather and indigenous peoples: impacts on business activity;[Author_1]:Martien Lubberink;[Uni_1]:Victoria University of Wellington;[Author_2]:Paul Griffin;[Uni_2]:University of California, Davis;[Author_3]:Tom Stannard;[Uni_3]:University of Otago;[Author_4]:;[Uni_4]:;[Author_5]:;[Uni_5]:  
[Category]:Social and Environmental Accounting;[Name]:Ethical accountability and the governance of the green transition;[Author_1]:Ewelina Zarzycka;[Uni_1]:University of Lodz;[Author_2]:Dorota Dobija;[Uni_2]:Kozminski University;[Author_3]:Grygorii Kravchenko;[Uni_3]:Kozminski University;[Author_4]:Łukasz Kozłowski;[Uni_4]:Kozminski University;[Author_5]:;[Uni_5]:  
[Category]:Social and Environmental Accounting;[Name]:Does biodiversity improve business productivity? Evidence from a spatial analysis;[Author_1]:Paul Griffin;[Uni_1]:University of California, Davis;[Author_2]:Martien Lubberink;[Uni_2]:Victoria University of Wellington;[Author_3]:;[Uni_3]:;[Author_4]:;[Uni_4]:;[Author_5]:;[Uni_5]:  
[Category]:Social and Environmental Accounting;[Name]:Talking the talk, skipping the walk: how board co-option constrains CSR decoupling?;[Author_1]:Moez Essid;[Uni_1]:École de Management Léonard de Vinci;[Author_2]:Lakhal Faten;[Uni_2]:Léonard de Vinci Pôle Universitaire;[Author_3]:Hind Naouar;[Uni_3]:LAREMFiQ, Institut Des Hautes Etudes Commerciales, University of Sousse;[Author_4]:;[Uni_4]:;[Author_5]:;[Uni_5]:  
[Category]:Social and Environmental Accounting;[Name]:Governing corporate social responsibility (CSR) decoupling: the examination between board gender diversity (BGD) and CSR decoupling in luxury fashion industry;[Author_1]:Christina Ionela Neokleous;[Uni_1]:Aston University;[Author_2]:;[Uni_2]:;[Author_3]:;[Uni_3]:;[Author_4]:;[Uni_4]:;[Author_5]:;[Uni_5]:  
[Category]:Social and Environmental Accounting;[Name]:Understanding CSR decoupling: board attributes as key drivers and gender diversity as a moderator;[Author_1]:Maria Consuelo Pucheta-Martinez;[Uni_1]:Universitat Jaume I;[Author_2]:Isabel Gallego-Álvarez;[Uni_2]:Universidad de Salamanca;[Author_3]:Inmaculada Bel-Oms;[Uni_3]:University of Valencia;[Author_4]:;[Uni_4]:;[Author_5]:;[Uni_5]:"
102,102.0,"SEE – Social and Environmental Accounting
Friday, May 29, 14:00-15:30
103
SEE PS04 room SB 409
. . . chaired by: Jonathan Sangwook Nam (The Hong Kong Polytechnic University)
1. Biodiversity conservation and tax avoidance
Wenfu Ding (Xi’an Jiaotong University)
Lingzhi Wang (Xi’an Jiaotong University)
Sirui Wu (Xi’an Jiaotong University)P
2. Executive incentives behind biodiversity reporting
Kehan Tong (University of Glasgow)
Yu-Lin Hsu (University of Glasgow)P
Khaldoon Albitar (University of Glasgow)
3. Signaling nature: how patient capital drives biodiversity disclosure
Zhaoying Lu (Loughborough University)P
Zaixin Chen (Loughborough University)
Pengfei Gao (Swansea University)
Hongfang Chen (China Europe International Business School)
SEE PS05 room SB 411
. . . . . . . . . . . . chaired by: Joanna Krasodomska (Krakow University of Economics)
1. Do ESG controversies matter for corporate earnings management?
James Juichia Lin (National Yang Ming Chiao Tung University)
Te-Kuan Lee (Chung Yuan Christian University)P
Cheng-Ju Wu (National Yang Ming Chiao Tung University)
2. Mors tua vita mea? The stock market effect of ESG violations on competitors
Annalisa Prencipe (Bocconi University)P
Ariela Caglio (Bocconi University)
Carlo d’Augusta (Bocconi University)
3. Signaling under scrutiny: how ESG disclosure influences shareholder value in the face of controversies
Christian Schoendeling (RWTH Aachen University)P
Carolin Krieweth (RWTH Aachen University)
Malte Brettel (RWTH Aachen University)
SEE PS08 room SB 412
. . . . . . . . . . . . . . . . . . . . . . . . . . . . chaired by: Hendrik Vollmer (Warwick University)
1. Peer effects and sustainability supply chain management
Wenjiao Cao (Erasmus University Rotterdam)
Fatemeh Taghimolla (Erasmus University Rotterdam)P
2. Much ado about due diligence? Capital market reactions to the German supply chain act
Karolin Schulte (TU Dortmund University)P
Max Pflitsch (TU Dortmund University)
Christiane Pott (TU Dortmund University)
3. Does supply chain shortening benefit carbon transparency? Evidence from corporate reshoring
Erik Wang (Lingnan University)P
SEE PS31 room SB 308
. . . . . . . . . . . . . . . . . . . . . . . chaired by: Maria Chiara Demartini (University of Pavia)
1. The effect of firms’ ESG commitment on tail risk: a nonlinear approach through generalized additive
models
Julen Galarza (University of Zaragoza)P
Eduardo Ortas (Universidad de Zaragoza)
Jose M. Moneva (University of Zaragoza)","[Category]:Social and Environmental Accounting;[Name]:Biodiversity conservation and tax avoidance;[Author_1]:Wenfu Ding;[Uni_1]:Xi’an Jiaotong University;[Author_2]:Lingzhi Wang;[Uni_2]:Xi’an Jiaotong University;[Author_3]:Sirui Wu;[Uni_3]:Xi’an Jiaotong University;[Author_4]:;[Uni_4]:;[Author_5]:;[Uni_5]:  
[Category]:Social and Environmental Accounting;[Name]:Executive incentives behind biodiversity reporting;[Author_1]:Kehan Tong;[Uni_1]:University of Glasgow;[Author_2]:Yu-Lin Hsu;[Uni_2]:University of Glasgow;[Author_3]:Khaldoon Albitar;[Uni_3]:University of Glasgow;[Author_4]:;[Uni_4]:;[Author_5]:;[Uni_5]:  
[Category]:Social and Environmental Accounting;[Name]:Signaling nature: how patient capital drives biodiversity disclosure;[Author_1]:Zhaoying Lu;[Uni_1]:Loughborough University;[Author_2]:Zaixin Chen;[Uni_2]:Loughborough University;[Author_3]:Pengfei Gao;[Uni_3]:Swansea University;[Author_4]:Hongfang Chen;[Uni_4]:China Europe International Business School;[Author_5]:;[Uni_5]:  
[Category]:Social and Environmental Accounting;[Name]:Do ESG controversies matter for corporate earnings management?;[Author_1]:James Juichia Lin;[Uni_1]:National Yang Ming Chiao Tung University;[Author_2]:Te-Kuan Lee;[Uni_2]:Chung Yuan Christian University;[Author_3]:Cheng-Ju Wu;[Uni_3]:National Yang Ming Chiao Tung University;[Author_4]:;[Uni_4]:;[Author_5]:;[Uni_5]:  
[Category]:Social and Environmental Accounting;[Name]:Mors tua vita mea? The stock market effect of ESG violations on competitors;[Author_1]:Annalisa Prencipe;[Uni_1]:Bocconi University;[Author_2]:Ariela Caglio;[Uni_2]:Bocconi University;[Author_3]:Carlo d’Augusta;[Uni_3]:Bocconi University;[Author_4]:;[Uni_4]:;[Author_5]:;[Uni_5]:  
[Category]:Social and Environmental Accounting;[Name]:Signaling under scrutiny: how ESG disclosure influences shareholder value in the face of controversies;[Author_1]:Christian Schoendeling;[Uni_1]:RWTH Aachen University;[Author_2]:Carolin Krieweth;[Uni_2]:RWTH Aachen University;[Author_3]:Malte Brettel;[Uni_3]:RWTH Aachen University;[Author_4]:;[Uni_4]:;[Author_5]:;[Uni_5]:  
[Category]:Social and Environmental Accounting;[Name]:Peer effects and sustainability supply chain management;[Author_1]:Wenjiao Cao;[Uni_1]:Erasmus University Rotterdam;[Author_2]:Fatemeh Taghimolla;[Uni_2]:Erasmus University Rotterdam;[Author_3]:;[Uni_3]:;[Author_4]:;[Uni_4]:;[Author_5]:;[Uni_5]:  
[Category]:Social and Environmental Accounting;[Name]:Much ado about due diligence? Capital market reactions to the German supply chain act;[Author_1]:Karolin Schulte;[Uni_1]:TU Dortmund University;[Author_2]:Max Pflitsch;[Uni_2]:TU Dortmund University;[Author_3]:Christiane Pott;[Uni_3]:TU Dortmund University;[Author_4]:;[Uni_4]:;[Author_5]:;[Uni_5]:  
[Category]:Social and Environmental Accounting;[Name]:Does supply chain shortening benefit carbon transparency? Evidence from corporate reshoring;[Author_1]:Erik Wang;[Uni_1]:Lingnan University;[Author_2]:;[Uni_2]:;[Author_3]:;[Uni_3]:;[Author_4]:;[Uni_4]:;[Author_5]:;[Uni_5]:  
[Category]:Social and Environmental Accounting;[Name]:The effect of firms’ ESG commitment on tail risk: a nonlinear approach through generalized additive models;[Author_1]:Julen Galarza;[Uni_1]:University of Zaragoza;[Author_2]:Eduardo Ortas;[Uni_2]:Universidad de Zaragoza;[Author_3]:Jose M. Moneva;[Uni_3]:University of Zaragoza;[Author_4]:;[Uni_4]:;[Author_5]:;[Uni_5]:"
103,103.0,"104
SEE – Social and Environmental Accounting
Friday, May 29, 14:00-15:30
2. The price of deregulation: stock market responses to the omnibus package
Simone Pizzi (University of Salento)P
Andrea Venturelli (University of Salento)
Fabio Caputo (University of Salento)
3. Profit, purpose, and the price of change: evidence from benefit corporation transitions
Mouhcine Tallaki (University of Ferrara)
Enrico Bracci (University of Ferrara)P
Riccardo Ievoli (University of Ferrara)
Vincenzo Riso (University of Verona)","[Category]:Social and Environmental Accounting;[Name]:The price of deregulation: stock market responses to the omnibus package;[Author_1]:Simone Pizzi;[Uni_1]:University of Salento;[Author_2]:Andrea Venturelli;[Uni_2]:University of Salento;[Author_3]:Fabio Caputo;[Uni_3]:University of Salento;[Author_4]:;[Uni_4]:;[Author_5]:;[Uni_5]:  
[Category]:Social and Environmental Accounting;[Name]:Profit, purpose, and the price of change: evidence from benefit corporation transitions;[Author_1]:Mouhcine Tallaki;[Uni_1]:University of Ferrara;[Author_2]:Enrico Bracci;[Uni_2]:University of Ferrara;[Author_3]:Riccardo Ievoli;[Uni_3]:University of Ferrara;[Author_4]:Vincenzo Riso;[Uni_4]:University of Verona;[Author_5]:;[Uni_5]:"
104,104.0,"Taxation
Wednesday, May 27, 15:00-16:30
105
TX – Taxation
Wednesday, May 27, 15:00-16:30
TX PSD04 room SB 211
. . . . . . . . . . . . . . . . . . . . . . . . . . chaired by: Amy Hageman (Kansas State University)
1. Preferences for taxing wealth and income
Yuri Piper (Paderborn University)P
Ralf Maiterth (Humboldt University of Berlin)
Cornelius Schneider (University of Mannheim)
Discussant: Davud Rostam-Afschar (University of Mannheim)
2. Local policy misperceptions and investment: experimental evidence from firm decision makers
Sebastian Blesse (Leipzig University)
Florian Buhlmann (Zew Mannheim)
Philipp Heil (HEC Paris)
Davud Rostam-Afschar (University of Mannheim)P
Discussant: Maik Sattelmaier (University of Mannheim)
3. Profit tax uncertainty and firm behavior: experimental evidence on expectations and plans
Philipp Dörrenberg (University of Mannheim)
Fabian Eble (University of Mannheim)
Davud Rostam-Afschar (University of Mannheim)
Maik Sattelmaier (University of Mannheim)P
Johannes Voget (University of Mannheim)
Discussant: Yuri Piper (Paderborn University)
Wednesday, May 27, 17:00-18:30
TX PS04 room SB 112
. . . . . . . chaired by: Sebastian Eichfelder (Otto von Guericke University Magdeburg)
1. Carbon pricing policies and executive compensation tied to ESG performance
Weimian Ai (Singapore Management University)P
David Samuel (Singapore Management University)
Liandong Zhang (Singapore Management University)
2. Beyond carbon: the effects of environmental taxes on firms’ biodiversity footprint
Arthur Stenzel (University of St.Gallen)P
Spyridon Gkikopoulos (University of Manchester)
Vlad Porumb (Manchester Business School)
George Voulgaris (University of Manchester)
3. Villain or victim? Tax subsidies, environmental performance, and the ESG perception paradox
Marufa Akhter (Vienna University of Economics and Business)P
Md Enamul Hasan (University of Vaasa)
TX PS07 room SB 211
. . . . . . . . . . . . . . . . . . . . . . . . . . . chaired by: Kim Alina Schulz (Paderborn University)
1. Corporate websites - a channel of tax disclosure?
Stefan Buchinger (University of Göttingen)P
Vanessa Flagmeier (University of Göttingen)
2. Corporate tax residency disclosure
Rodney Brown (Unsw Business School, University of New South Wales)
Victoria Clout (The University of New South Wales)
Kerrie Sadiq (Queensland University of Technology)
Ashesha Weerasinghe (Queensland University of Technology)P","[Category]:Taxation;[Name]:Preferences for taxing wealth and income;[Author_1]:Yuri Piper;[Uni_1]:Paderborn University;[Author_2]:Ralf Maiterth;[Uni_2]:Humboldt University of Berlin;[Author_3]:Cornelius Schneider;[Uni_3]:University of Mannheim;[Author_4]:Davud Rostam-Afschar;[Uni_4]:University of Mannheim  
[Category]:Taxation;[Name]:Local policy misperceptions and investment: experimental evidence from firm decision makers;[Author_1]:Sebastian Blesse;[Uni_1]:Leipzig University;[Author_2]:Florian Buhlmann;[Uni_2]:Zew Mannheim;[Author_3]:Philipp Heil;[Uni_3]:HEC Paris;[Author_4]:Davud Rostam-Afschar;[Uni_4]:University of Mannheim;[Author_5]:Maik Sattelmaier;[Uni_5]:University of Mannheim  
[Category]:Taxation;[Name]:Profit tax uncertainty and firm behavior: experimental evidence on expectations and plans;[Author_1]:Philipp Dörrenberg;[Uni_1]:University of Mannheim;[Author_2]:Fabian Eble;[Uni_2]:University of Mannheim;[Author_3]:Davud Rostam-Afschar;[Uni_3]:University of Mannheim;[Author_4]:Maik Sattelmaier;[Uni_4]:University of Mannheim;[Author_5]:Johannes Voget;[Uni_5]:University of Mannheim  
[Category]:Taxation;[Name]:Carbon pricing policies and executive compensation tied to ESG performance;[Author_1]:Weimian Ai;[Uni_1]:Singapore Management University;[Author_2]:David Samuel;[Uni_2]:Singapore Management University;[Author_3]:Liandong Zhang;[Uni_3]:Singapore Management University  
[Category]:Taxation;[Name]:Beyond carbon: the effects of environmental taxes on firms’ biodiversity footprint;[Author_1]:Arthur Stenzel;[Uni_1]:University of St.Gallen;[Author_2]:Spyridon Gkikopoulos;[Uni_2]:University of Manchester;[Author_3]:Vlad Porumb;[Uni_3]:Manchester Business School;[Author_4]:George Voulgaris;[Uni_4]:University of Manchester  
[Category]:Taxation;[Name]:Villain or victim? Tax subsidies, environmental performance, and the ESG perception paradox;[Author_1]:Marufa Akhter;[Uni_1]:Vienna University of Economics and Business;[Author_2]:Md Enamul Hasan;[Uni_2]:University of Vaasa  
[Category]:Taxation;[Name]:Corporate websites - a channel of tax disclosure?;[Author_1]:Stefan Buchinger;[Uni_1]:University of Göttingen;[Author_2]:Vanessa Flagmeier;[Uni_2]:University of Göttingen  
[Category]:Taxation;[Name]:Corporate tax residency disclosure;[Author_1]:Rodney Brown;[Uni_1]:Unsw Business School, University of New South Wales;[Author_2]:Victoria Clout;[Uni_2]:The University of New South Wales;[Author_3]:Kerrie Sadiq;[Uni_3]:Queensland University of Technology;[Author_4]:Ashesha Weerasinghe;[Uni_4]:Queensland University of Technology"
105,105.0,"106
Taxation
Thursday, May 28, 09:00-10:30
3. Climate beliefs and attitudes and corporate tax savings
Lei Zhang (Xi’an Jiaotong-Liverpool University)P
Kiridaran Kanagaretnam (Schulich School of Business)
Thursday, May 28, 09:00-10:30
TX PS01 room SB 112
. . . . . . . . . . . . . . . . . . . . . . . . . . . . . . . . chaired by: Susan Albring (Syracuse University)
1. What doesn’t kill us makes us stronger? Corporate taxation and total factor productivity growth
Sebastian Eichfelder (Otto von Guericke University Magdeburg)
Hang Nguyen (Otto von Guericke University Magdeburg)P
Kelly Wentland (George Mason School of Business)
2. R&D capitalization and tax avoidance in the U.S.
Kaixuan Zhang (University of Calgary)P
Hussein Warsame (University of Calgary)
3. The effects of fiscal policy on the banking sector: evidence from deferred tax assets
Daphne Armstrong (University of Michigan)P
John Gallemore (University of North Carolina)
Heather Graham (University of Michigan)
TX PS09 room SB 211
. . . . . . . . . . . . . . . . . . chaired by: Qiang Wu (The Hong Kong Polytechnic University)
1. Tax department heterogeneity: does workforce composition shape tax planning and tax risk?
Harald Amberger (Vienna University of Economics and Business)
Henning Giese (Paderborn University)
Kim Alina Schulz (Paderborn University)P
2. Doing good, paying less? Employee welfare and corporate tax avoidance
Dean Hanlon (Royal Melbourne Institute of Technology)P
3. Employer influence on ethical sensitivity: how do early-career tax professionals perceive aggressive tax
avoidance?
Kenny Dekoster (Ghent University)P
Isabelle Verleyen (Ghent University)
Annelies Roggeman (Ghent University)
Thursday, May 28, 11:00-12:30
TX PS11 room SB 112
. . . . . . . . . . . . . . . . . . . . . . . . . . . chaired by: Pasi Syrjä (University of Eastern Finland)
1. IPO, book-tax relationships and tax avoidance: evidence from China
Weiyin Zhang (The Hang Seng University of Hong Kong)P
K. Hung Chan (Saint Francis University)
Phyllis Lai Lan Mo (The Hang Seng University of Hong Kong)
2. How (not) to tax sunshine: investment responses to tax compliance costs on non-commercial rooftop
photovoltaic systems
Drahomir Klimsa (European University Viadrina)
Sofie Luitz (University of Augsburg)P
Robert Ullmann (University of Augsburg)
3. Hidden in the data: how data assets expand firms’ tax avoidance space
Weina Zhao (Xi’an Jiaotong University)P
Xiaolin Xue (Xi’an Jiaotong University)
Junrui Zhang (School of Management, Xi’an Jiaotong University)","[Category]:Taxation;[Name]:Climate beliefs and attitudes and corporate tax savings;[Author_1]:Lei Zhang;[Uni_1]:Xi’an Jiaotong-Liverpool University;[Author_2]:Kiridaran Kanagaretnam;[Uni_2]:Schulich School of Business  
[Category]:Taxation;[Name]:What doesn’t kill us makes us stronger? Corporate taxation and total factor productivity growth;[Author_1]:Sebastian Eichfelder;[Uni_1]:Otto von Guericke University Magdeburg;[Author_2]:Hang Nguyen;[Uni_2]:Otto von Guericke University Magdeburg;[Author_3]:Kelly Wentland;[Uni_3]:George Mason School of Business  
[Category]:Taxation;[Name]:R&D capitalization and tax avoidance in the U.S.;[Author_1]:Kaixuan Zhang;[Uni_1]:University of Calgary;[Author_2]:Hussein Warsame;[Uni_2]:University of Calgary  
[Category]:Taxation;[Name]:The effects of fiscal policy on the banking sector: evidence from deferred tax assets;[Author_1]:Daphne Armstrong;[Uni_1]:University of Michigan;[Author_2]:John Gallemore;[Uni_2]:University of North Carolina;[Author_3]:Heather Graham;[Uni_3]:University of Michigan  
[Category]:Taxation;[Name]:Tax department heterogeneity: does workforce composition shape tax planning and tax risk?;[Author_1]:Harald Amberger;[Uni_1]:Vienna University of Economics and Business;[Author_2]:Henning Giese;[Uni_2]:Paderborn University;[Author_3]:Kim Alina Schulz;[Uni_3]:Paderborn University  
[Category]:Taxation;[Name]:Doing good, paying less? Employee welfare and corporate tax avoidance;[Author_1]:Dean Hanlon;[Uni_1]:Royal Melbourne Institute of Technology  
[Category]:Taxation;[Name]:Employer influence on ethical sensitivity: how do early-career tax professionals perceive aggressive tax avoidance?;[Author_1]:Kenny Dekoster;[Uni_1]:Ghent University;[Author_2]:Isabelle Verleyen;[Uni_2]:Ghent University;[Author_3]:Annelies Roggeman;[Uni_3]:Ghent University  
[Category]:Taxation;[Name]:IPO, book-tax relationships and tax avoidance: evidence from China;[Author_1]:Weiyin Zhang;[Uni_1]:The Hang Seng University of Hong Kong;[Author_2]:K. Hung Chan;[Uni_2]:Saint Francis University;[Author_3]:Phyllis Lai Lan Mo;[Uni_3]:The Hang Seng University of Hong Kong  
[Category]:Taxation;[Name]:How (not) to tax sunshine: investment responses to tax compliance costs on non-commercial rooftop photovoltaic systems;[Author_1]:Drahomir Klimsa;[Uni_1]:European University Viadrina;[Author_2]:Sofie Luitz;[Uni_2]:University of Augsburg;[Author_3]:Robert Ullmann;[Uni_3]:University of Augsburg  
[Category]:Taxation;[Name]:Hidden in the data: how data assets expand firms’ tax avoidance space;[Author_1]:Weina Zhao;[Uni_1]:Xi’an Jiaotong University;[Author_2]:Xiaolin Xue;[Uni_2]:Xi’an Jiaotong University;[Author_3]:Junrui Zhang;[Uni_3]:School of Management, Xi’an Jiaotong University"
106,106.0,"Taxation
Thursday, May 28, 14:00-15:30
107
TX PS12 room SB 211
. . . . . . . . . . . . . . . . . . . . . . . . . . chaired by: Luca Menicacci (Free University of Bozen)
1. CFOs in the boardroom: the influence of insider directorship on corporate tax planning
Khaled Abdulsalam (Kuwait University)P
2. Tax authority leadership team diversity and corporate tax compliance
Jian Chu (Nanjing University)
Zhongwen Fan (City University of Hong Kong)P
Ningzhong Li (University of Texas at Dallas)
3. Technology-enabled enforcement
Botir Kobilov (University of Texas at Dallas)P
Thursday, May 28, 14:00-15:30
TX PSD02 room SB 112
. . . . . . . . . . . . . . . . . . . . . . . . . . . . chaired by: Henning Giese (Paderborn University)
1. Tax avoidance and digital tax transparency
Hussein Warsame (University of Calgary)P
Rahat Jafri (MacEwan University)
Mark Anderson (University of Calgary)
Michael Wright (University of Calgary)
Discussant: Xinyan Wu (University of Mannheim)
2. Tax cuts and loan loss provision timeliness: evidence from the 2017 Tax Cuts and Jobs Act
Travis Chow (The University of Hong Kong)P
Linzhi Huang (The University of Hong Kong)
Yanju Liu (Hong Kong Baptist University)
Jeffrey Ng (The University of Hong Kong)
Discussant: Hussein A Warsame (University of Calgary)
3. The impact of public country-by-country reporting on multinationals’ reporting decisions
Xinyan Wu (University of Mannheim)P
Dirk Simons (University of Mannheim)
Sebastian Kronenberger (University of Mannheim)
Regina Ortmann (Paderborn University)
Discussant: Travis Chow (The University of Hong Kong)
TX PS06 room SB 211
. . . . . . . . . . . . . . . . . . . . . . chaired by: Dirk Schindler (Erasmus University Rotterdam)
1. The damocles’ sword of deferred tax credits: evidence from the first activation in the European banking
system
Eleftherios Aggelopoulos (University of Patras)
Lucas Papazissimou (University of Patras)P
Athanasios Tsagkanos (University of Patras)
Vasilios Sogiakas (Hellenic Open University)
Antionios Georgopoulos (University of Patras)
2. Cross-border transactions and corporate tax behavior: evidence from the European Union
Constantinos Chalevas (Athens University of Economics and Business)P
3. The effect of the global minimum taxation on forward-looking effective tax rate measures
Hannah Kranawetter (Vienna University of Economics and Business)P
Matthias Petutschnig (Vienna University of Economics and Business)","[Category]:Taxation;[Name]:CFOs in the boardroom: the influence of insider directorship on corporate tax planning;[Author_1]:Khaled Abdulsalam;[Uni_1]:Kuwait University;[Author_2]:;[Uni_2]:;[Author_3]:;[Uni_3]:;[Author_4]:;[Uni_4]:;[Author_5]:;[Uni_5]:  
[Category]:Taxation;[Name]:Tax authority leadership team diversity and corporate tax compliance;[Author_1]:Jian Chu;[Uni_1]:Nanjing University;[Author_2]:Zhongwen Fan;[Uni_2]:City University of Hong Kong;[Author_3]:Ningzhong Li;[Uni_3]:University of Texas at Dallas;[Author_4]:;[Uni_4]:;[Author_5]:;[Uni_5]:  
[Category]:Taxation;[Name]:Technology-enabled enforcement;[Author_1]:Botir Kobilov;[Uni_1]:University of Texas at Dallas;[Author_2]:;[Uni_2]:;[Author_3]:;[Uni_3]:;[Author_4]:;[Uni_4]:;[Author_5]:;[Uni_5]:  
[Category]:Taxation;[Name]:Tax avoidance and digital tax transparency;[Author_1]:Hussein Warsame;[Uni_1]:University of Calgary;[Author_2]:Rahat Jafri;[Uni_2]:MacEwan University;[Author_3]:Mark Anderson;[Uni_3]:University of Calgary;[Author_4]:Michael Wright;[Uni_4]:University of Calgary;[Author_5]:;[Uni_5]:  
[Category]:Taxation;[Name]:Tax cuts and loan loss provision timeliness: evidence from the 2017 Tax Cuts and Jobs Act;[Author_1]:Travis Chow;[Uni_1]:The University of Hong Kong;[Author_2]:Linzhi Huang;[Uni_2]:The University of Hong Kong;[Author_3]:Yanju Liu;[Uni_3]:Hong Kong Baptist University;[Author_4]:Jeffrey Ng;[Uni_4]:The University of Hong Kong;[Author_5]:;[Uni_5]:  
[Category]:Taxation;[Name]:The impact of public country-by-country reporting on multinationals’ reporting decisions;[Author_1]:Xinyan Wu;[Uni_1]:University of Mannheim;[Author_2]:Dirk Simons;[Uni_2]:University of Mannheim;[Author_3]:Sebastian Kronenberger;[Uni_3]:University of Mannheim;[Author_4]:Regina Ortmann;[Uni_4]:Paderborn University;[Author_5]:;[Uni_5]:  
[Category]:Taxation;[Name]:The damocles’ sword of deferred tax credits: evidence from the first activation in the European banking system;[Author_1]:Eleftherios Aggelopoulos;[Uni_1]:University of Patras;[Author_2]:Lucas Papazissimou;[Uni_2]:University of Patras;[Author_3]:Athanasios Tsagkanos;[Uni_3]:University of Patras;[Author_4]:Vasilios Sogiakas;[Uni_4]:Hellenic Open University;[Author_5]:Antionios Georgopoulos;[Uni_5]:University of Patras  
[Category]:Taxation;[Name]:Cross-border transactions and corporate tax behavior: evidence from the European Union;[Author_1]:Constantinos Chalevas;[Uni_1]:Athens University of Economics and Business;[Author_2]:;[Uni_2]:;[Author_3]:;[Uni_3]:;[Author_4]:;[Uni_4]:;[Author_5]:;[Uni_5]:  
[Category]:Taxation;[Name]:The effect of the global minimum taxation on forward-looking effective tax rate measures;[Author_1]:Hannah Kranawetter;[Uni_1]:Vienna University of Economics and Business;[Author_2]:Matthias Petutschnig;[Uni_2]:Vienna University of Economics and Business;[Author_3]:;[Uni_3]:;[Author_4]:;[Uni_4]:;[Author_5]:;[Uni_5]:"
107,107.0,"108
Taxation
Thursday, May 28, 16:00-17:30
Thursday, May 28, 16:00-17:30
TX PSD01 room RB 212
. . . . . . . . . . . . . . . . . . . . . . . . . . . . . . . . chaired by: Cinthia Valle Ruiz (IE University)
1. Does the intensity of tax risk factor disclosure reduce inefficient labor investment?
Jason Chen (Central Connecticut State University)P
Shihui Fan (Central Connecticut State University)
Discussant: Nathan Goldman (North Carolina State University)
2. The effects of personal income taxes on organization performance: evidence from name, image, and
likeness compensation rules
Nathan Goldman (North Carolina State University)P
Martin Jacob (IESE Business School)
Discussant: Sebastian Eichfelder (Otto von Guericke University Magdeburg)
3. Do higher corporate taxes reduce wages or working hours?
Sebastian Eichfelder (Otto von Guericke University Magdeburg)P
Hang Nguyen (Otto von Guericke University Magdeburg)
Kelly Wentland (George Mason School of Business)
Discussant: Jason Chen (Central Connecticut State University)
TX PS03 room SB 112
. . . . . . . . . . . . . . . . . . . . . . . . . chaired by: Michael John Marin (University of Toronto)
1. Profit shifting and real investment activity
Tobias Hahn (University of Tübingen)
Dirk Schindler (Erasmus University Rotterdam)P
Wamser Georg (University of Tübingen)
2. Within-country profit-shifting: from treat to threat?
Lukas Ortner (Catholic University of Eichstatt-Ingolstadt)P
Reinald Koch (Catholic University of Eichstatt-Ingolstadt)
Dominika Langenmayr (Catholic University of Eichstatt-Ingolstadt)
3. Do foreign multinationals avoid taxation in Germany? Evidence from unconsolidated financial statements
Aaron Martini (Humboldt University of Berlin)P
Ralf Maiterth (Humboldt University of Berlin)
Ulf Bruggemann (Humboldt University of Berlin)
TX PS10 room SB 211
. . . . . . . . chaired by: Johannes Lorenz (Carl von Ossietzky University of Oldenburg)
1. Real effects of the enforcement of anti-avoidance regulation
Rebecca Reineke (Hannover University)
Katrin Weiskirchner-Merten (Vienna University of Economics and Business)P
Stefan Wielenberg (University of Hannover)
2. Tax alignment and controllability: optimal performance evaluation in multinational firms
Yutaro Murakami (Keio University)P
Toshiaki Wakabayashi (Waseda University)
3. Residual earnings tax
Froystein Gjesdal (NHH Norwegian School of Economics)P","[Category]:Taxation;[Name]:Does the intensity of tax risk factor disclosure reduce inefficient labor investment?;[Author_1]:Jason Chen;[Uni_1]:Central Connecticut State University;[Author_2]:Shihui Fan;[Uni_2]:Central Connecticut State University  
[Category]:Taxation;[Name]:The effects of personal income taxes on organization performance: evidence from name, image, and likeness compensation rules;[Author_1]:Nathan Goldman;[Uni_1]:North Carolina State University;[Author_2]:Martin Jacob;[Uni_2]:IESE Business School  
[Category]:Taxation;[Name]:Do higher corporate taxes reduce wages or working hours?;[Author_1]:Sebastian Eichfelder;[Uni_1]:Otto von Guericke University Magdeburg;[Author_2]:Hang Nguyen;[Uni_2]:Otto von Guericke University Magdeburg;[Author_3]:Kelly Wentland;[Uni_3]:George Mason School of Business  
[Category]:Taxation;[Name]:Profit shifting and real investment activity;[Author_1]:Tobias Hahn;[Uni_1]:University of Tübingen;[Author_2]:Dirk Schindler;[Uni_2]:Erasmus University Rotterdam;[Author_3]:Wamser Georg;[Uni_3]:University of Tübingen  
[Category]:Taxation;[Name]:Within-country profit-shifting: from treat to threat?;[Author_1]:Lukas Ortner;[Uni_1]:Catholic University of Eichstatt-Ingolstadt;[Author_2]:Reinald Koch;[Uni_2]:Catholic University of Eichstatt-Ingolstadt;[Author_3]:Dominika Langenmayr;[Uni_3]:Catholic University of Eichstatt-Ingolstadt  
[Category]:Taxation;[Name]:Do foreign multinationals avoid taxation in Germany? Evidence from unconsolidated financial statements;[Author_1]:Aaron Martini;[Uni_1]:Humboldt University of Berlin;[Author_2]:Ralf Maiterth;[Uni_2]:Humboldt University of Berlin;[Author_3]:Ulf Bruggemann;[Uni_3]:Humboldt University of Berlin  
[Category]:Taxation;[Name]:Real effects of the enforcement of anti-avoidance regulation;[Author_1]:Rebecca Reineke;[Uni_1]:Hannover University;[Author_2]:Katrin Weiskirchner-Merten;[Uni_2]:Vienna University of Economics and Business;[Author_3]:Stefan Wielenberg;[Uni_3]:University of Hannover  
[Category]:Taxation;[Name]:Tax alignment and controllability: optimal performance evaluation in multinational firms;[Author_1]:Yutaro Murakami;[Uni_1]:Keio University;[Author_2]:Toshiaki Wakabayashi;[Uni_2]:Waseda University  
[Category]:Taxation;[Name]:Residual earnings tax;[Author_1]:Froystein Gjesdal;[Uni_1]:NHH Norwegian School of Economics"
108,108.0,"Taxation
Friday, May 29, 09:00-10:30
109
Friday, May 29, 09:00-10:30
TX PSD03 room RB 212
. . . . . . . . . . . . . . . . . . . . . . . . . . . . . . . chaired by: David Harris (Syracuse University)
1. The macroeconomic information content of corporate estimated tax payments
Erin Henry (University of Arkansas)P
George Plesko (University of Connecticut)
Dillon Walker (University of Arkansas)
Discussant: Saskia Kohlhase (Erasmus University Rotterdam)
2. Macroeconomic risk, ceos’ capital gains tax liabilities and corporate hedging
Sohaib Ahmed (Hanken School of Economics)P
Mansoor Afzali (Hanken School of Economics)
Discussant: Erin Henry (University of Arkansas)
3. Government political ideology, corporate tax policy, and effective corporate tax burdens
Saskia Kohlhase (Erasmus University Rotterdam)
Erik Peek (Erasmus University Rotterdam)P
Discussant: Sohaib Ahmed (Hanken School of Economics)
TX PSD07 room SB 112
. . . . . . . . . . . . . . . . . . . . . . . chaired by: Hussein A Warsame (University of Calgary)
1. Regulatory spillovers in audit markets: evidence from expanded tax transaction reporting
Alexander Edwards (University of Toronto)
Ben Ma (University of Toronto)
Michael Marin (University of Toronto)P
Discussant: Stephen J. Lusch (University of Kentucky)
2. How and when do accountants matter? Evidence from foreign audits and random allocation of tax experts
Kevin Munch (Kent State University)
Eashwar Nagaraj (University of Florida)
Marvin Nipper (Friedrich-Alexander-Universität Erlangen-Nürnberg)P
Discussant: Kalliopi Chatzi (University of Greenwich)
3. The effect of voluntary private tax audits on tax aggressiveness and tax audit fees
Kalliopi Chatzi (University of Greenwich)P
Emmanouil Dedoulis (affiliation not provided)
Stergios Leventis (International Hellenic University)
Discussant: Michael John Marin (University of Toronto)
TX PS02 room SB 211
. . . . . . . . . . . . . . . . . . . . . . . . . . . . chaired by: Noemi Pecoraro (University of Bologna)
1. Asymmetric timeliness of tax disclosure - evidence from large language models
Muriel Rey (University of Augsburg)P
Robert Ullmann (University of Augsburg)
Sophia Wörle (University of Augsburg)
2. The architecture of double tax relief: unravelling textual patterns in country-specific method articles
Markus Diller (Uni Passau)
Patrick Katzlmayr (University of Passau)
Lucas Putz (University of Passau)P
3. Driving value creation through artificial intelligence adoption: lessons from tax administration data and
outcomes
Devan Mescall (University of Saskatchewan)P
Preetika Joshi (McGill University)
Peng Wang (McGill University)","[Category]:Taxation;[Name]:The macroeconomic information content of corporate estimated tax payments;[Author_1]:Erin Henry;[Uni_1]:University of Arkansas;[Author_2]:George Plesko;[Uni_2]:University of Connecticut;[Author_3]:Dillon Walker;[Uni_3]:University of Arkansas  
[Category]:Taxation;[Name]:Macroeconomic risk, ceos’ capital gains tax liabilities and corporate hedging;[Author_1]:Sohaib Ahmed;[Uni_1]:Hanken School of Economics;[Author_2]:Mansoor Afzali;[Uni_2]:Hanken School of Economics  
[Category]:Taxation;[Name]:Government political ideology, corporate tax policy, and effective corporate tax burdens;[Author_1]:Saskia Kohlhase;[Uni_1]:Erasmus University Rotterdam;[Author_2]:Erik Peek;[Uni_2]:Erasmus University Rotterdam  
[Category]:Taxation;[Name]:Regulatory spillovers in audit markets: evidence from expanded tax transaction reporting;[Author_1]:Alexander Edwards;[Uni_1]:University of Toronto;[Author_2]:Ben Ma;[Uni_2]:University of Toronto;[Author_3]:Michael Marin;[Uni_3]:University of Toronto  
[Category]:Taxation;[Name]:How and when do accountants matter? Evidence from foreign audits and random allocation of tax experts;[Author_1]:Kevin Munch;[Uni_1]:Kent State University;[Author_2]:Eashwar Nagaraj;[Uni_2]:University of Florida;[Author_3]:Marvin Nipper;[Uni_3]:Friedrich-Alexander-Universität Erlangen-Nürnberg  
[Category]:Taxation;[Name]:The effect of voluntary private tax audits on tax aggressiveness and tax audit fees;[Author_1]:Kalliopi Chatzi;[Uni_1]:University of Greenwich;[Author_2]:Emmanouil Dedoulis;[Uni_2]:affiliation not provided;[Author_3]:Stergios Leventis;[Uni_3]:International Hellenic University  
[Category]:Taxation;[Name]:Asymmetric timeliness of tax disclosure - evidence from large language models;[Author_1]:Muriel Rey;[Uni_1]:University of Augsburg;[Author_2]:Robert Ullmann;[Uni_2]:University of Augsburg;[Author_3]:Sophia Wörle;[Uni_3]:University of Augsburg  
[Category]:Taxation;[Name]:The architecture of double tax relief: unravelling textual patterns in country-specific method articles;[Author_1]:Markus Diller;[Uni_1]:Uni Passau;[Author_2]:Patrick Katzlmayr;[Uni_2]:University of Passau;[Author_3]:Lucas Putz;[Uni_3]:University of Passau  
[Category]:Taxation;[Name]:Driving value creation through artificial intelligence adoption: lessons from tax administration data and outcomes;[Author_1]:Devan Mescall;[Uni_1]:University of Saskatchewan;[Author_2]:Preetika Joshi;[Uni_2]:McGill University;[Author_3]:Peng Wang;[Uni_3]:McGill University"
109,109.0,"110
Taxation
Friday, May 29, 11:00-12:30
Friday, May 29, 11:00-12:30
TX PSD05 room RB 212
. . . . . . . . . . . . . . . . . . chaired by: Saskia Kohlhase (Erasmus University Rotterdam)
1. Environmental-unfriendly tax avoidance
Zhimin Chen (Nanyang Business School)
Martin Jacob (IESE Business School)P
Xiang Zheng (Nanyang Technological University)
Discussant: Marius Weiß (Friedrich-Alexander-Universität Erlangen-Nürnberg)
2. Carbon pricing and cross-border innovation spillovers
Cinthia Valle Ruiz (IE University)P
Martin Jacob (IESE Business School)
Christof Beuselinck (IESEG School of Management)
Discussant: Martin Jacob (IESE Business School)
3. Personal income taxes and corporate pollution
Michael Mayberry (University of Florida)
Marvin Nipper (Friedrich-Alexander-Universität Erlangen-Nürnberg)
Marius Weiß (Friedrich-Alexander-Universität Erlangen-Nürnberg)P
Discussant: Cinthia Valle Ruiz (IE University)
TX PSD06 room SB 112
. . . . . . . . . . . . . . . . . . . . . . . . . chaired by: Tobias Bornemann (Paderborn University)
1. (Mis)measurement of income shifting
Stefanie Pendl (Vienna University of Economics and Business)P
Harald Amberger (Vienna University of Economics and Business)
Ruby Doeleman (Vienna University of Economics and Business)
Discussant: Johannes Julius Gaul (University of Mannheim)
2. The effect of global anti-tax avoidance efforts on sub-national profit shifting
Johannes Gaul (University of Mannheim)P
Inga Schulz (Universität Mannheim)
Discussant: Stefanie Pendl (Vienna University of Economics and Business)
Friday, May 29, 14:00-15:30
TX PS05 room RB 212
. . . . . . . . . . . . . . . . . . . . . . . . chaired by: Panagiotis Karavitis (University of Glasgow)
1. Investor-level taxation and firm leverage
Ann Marie Tabelon Olsen (BI Norwegian Business School)P
2. The effects of deregulation of the UK’s office for tax simplification: interview evidence
Kevin McMeeking (University of Bristol)P
3. Dividend tax incentives and cost behavior in private SMEs
Henrik Hoglund (Hanken School of Economics)P
TX PS08 room SB 112
. . . . . . . . . . . . . . . . . . . chaired by: Jason Chen (Central Connecticut State University)
1. Growing taxpayer frustration: investigating the effects on compliance behavior and the preparer market
Amy Hageman (Kansas State University)P
Cass Hausserman (Portland State University)
Mary Marshall (Portland State University)
Kelli Saunders (University of South Dakota)","[Category]:Taxation;[Name]:Environmental-unfriendly tax avoidance;[Author_1]:Zhimin Chen;[Uni_1]:Nanyang Business School;[Author_2]:Martin Jacob;[Uni_2]:IESE Business School;[Author_3]:Xiang Zheng;[Uni_3]:Nanyang Technological University  
[Category]:Taxation;[Name]:Carbon pricing and cross-border innovation spillovers;[Author_1]:Cinthia Valle Ruiz;[Uni_1]:IE University;[Author_2]:Martin Jacob;[Uni_2]:IESE Business School;[Author_3]:Christof Beuselinck;[Uni_3]:IESEG School of Management  
[Category]:Taxation;[Name]:Personal income taxes and corporate pollution;[Author_1]:Michael Mayberry;[Uni_1]:University of Florida;[Author_2]:Marvin Nipper;[Uni_2]:Friedrich-Alexander-Universität Erlangen-Nürnberg;[Author_3]:Marius Weiß;[Uni_3]:Friedrich-Alexander-Universität Erlangen-Nürnberg  
[Category]:Taxation;[Name]:(Mis)measurement of income shifting;[Author_1]:Stefanie Pendl;[Uni_1]:Vienna University of Economics and Business;[Author_2]:Harald Amberger;[Uni_2]:Vienna University of Economics and Business;[Author_3]:Ruby Doeleman;[Uni_3]:Vienna University of Economics and Business  
[Category]:Taxation;[Name]:The effect of global anti-tax avoidance efforts on sub-national profit shifting;[Author_1]:Johannes Gaul;[Uni_1]:University of Mannheim;[Author_2]:Inga Schulz;[Uni_2]:Universität Mannheim  
[Category]:Taxation;[Name]:Investor-level taxation and firm leverage;[Author_1]:Ann Marie Tabelon Olsen;[Uni_1]:BI Norwegian Business School  
[Category]:Taxation;[Name]:The effects of deregulation of the UK’s office for tax simplification: interview evidence;[Author_1]:Kevin McMeeking;[Uni_1]:University of Bristol  
[Category]:Taxation;[Name]:Dividend tax incentives and cost behavior in private SMEs;[Author_1]:Henrik Hoglund;[Uni_1]:Hanken School of Economics  
[Category]:Taxation;[Name]:Growing taxpayer frustration: investigating the effects on compliance behavior and the preparer market;[Author_1]:Amy Hageman;[Uni_1]:Kansas State University;[Author_2]:Cass Hausserman;[Uni_2]:Portland State University;[Author_3]:Mary Marshall;[Uni_3]:Portland State University;[Author_4]:Kelli Saunders;[Uni_4]:University of South Dakota"
110,110.0,"Taxation
Friday, May 29, 14:00-15:30
111
2. Tax advisory firms and reputational costs: client purchases of auditor-provided tax services after a tax
scandal
Kenny Dekoster (Ghent University)
Inga Hardeck (University of Duisburg-Essen)
Beatrice Renges (University of Duisburg-Essen)P
Isabelle Verleyen (Ghent University)
3. Tax administration compliance burdens: global measurement and evidence
Jesse Marangoni (Tilburg University)P","[Category]:Taxation;[Name]:Tax advisory firms and reputational costs: client purchases of auditor-provided tax services after a tax scandal;[Author_1]:Kenny Dekoster;[Uni_1]:Ghent University;[Author_2]:Inga Hardeck;[Uni_2]:University of Duisburg-Essen;[Author_3]:Beatrice Renges;[Uni_3]:University of Duisburg-Essen;[Author_4]:Isabelle Verleyen;[Uni_4]:Ghent University;[Author_5]:;[Uni_5]:  
[Category]:Taxation;[Name]:Tax administration compliance burdens: global measurement and evidence;[Author_1]:Jesse Marangoni;[Uni_1]:Tilburg University;[Author_2]:;[Uni_2]:;[Author_3]:;[Uni_3]:;[Author_4]:;[Uni_4]:;[Author_5]:;[Uni_5]:"
