,x,y,year,topic,category,authors
0,8.526848,9.177974,2026,"Accounting scandals, auditor ratification, and institutional investors: evidence from the Wirecard scandal in Germany",Auditing,Tessa Kunkel
1,9.151311,8.945426,2026,Media framing and the transformation of the UK audit regulator after Carillion,Auditing,"Alan Duboisee de Ricquebourg, Warren Maroun, Dannielle Cerbone, Wayne van Zijl"
2,6.206341,6.7859674,2026,Navigating credibility in unregulated assurance markets,Auditing,Conor Clune
3,9.408384,9.374101,2026,Do assigned audit partners perform higher quality audits than self-selected auditors?,Auditing,"Jan Bouwens, Olof Bik, Tjibbe Bosman"
4,9.39856,9.165123,2026,Local-office-unaffiliated engagement quality reviewers and audit quality: evidence from China,Auditing,"Weiyan Hu, Xuejiao Liu, Wenqi Pei, Baohua Xin"
5,9.422728,9.355976,2026,Political contributions by audit engagement partners surrounding the implementation of mandatory partner name disclosure in the US,Auditing,Lianghui Wang
6,8.252359,9.268399,2026,Critical audit matters and debt pricing: unveiling the moderating effect of corporate governance,Auditing,"Atm Karim, Tianhui Lu, Mohamed Elsayed"
7,4.884707,10.523849,2026,An examination of the impact of sanction on KAM disclosure: evidence from Taiwan,Auditing,"Shu-Ling Yeh, Ai-Ru Yen, Hsiao-Lun Lin, Anxuan Xie"
8,8.557057,9.004357,2026,Educational distance between CEO and auditors: evidence from key audit matters and audit pricing in China,Auditing,"Zhenyuan Qian, Xiaogang Bi, Chen Bu"
9,8.909864,9.333034,2026,Auditing in times of crisis: evidence from the COVID-19 pandemic,Auditing,Gilad Livne
10,8.154865,9.289448,2026,Auditor resignation and internal control opinions in financially distressed firms,Auditing,"Emrah Ekici, Onur Oz"
11,9.1078825,9.214065,2026,Internal control audit deficiency rates and the quality of internal control audit opinions,Auditing,Al Ghosh
12,5.7886586,8.573259,2026,Opportunistic CSR assurance and implied cost of equity,Auditing,"Yusuf Ag, Sardar Ahmad, Charlie Cai"
13,8.735371,9.275543,2026,Short-selling threats and equity incentives to audit committees: evidence from Reg SHO,Auditing,"Simon Fung, Janus Jian Zhang, Zhenyu Zhang, Stephen Zhou"
14,9.226698,8.8697405,2026,"When the dead still hire: zombie firms, audit signals, and employment outcomes",Auditing,"Fatemeh Anbarloo, Wenxia Ge, Tiemei (Sarah) Li"
15,8.063568,9.031133,2026,Residency beyond borders: executives’ foreign ties and audit pricing,Auditing,"Chen Bu, Ziyu Liu"
16,8.729595,9.28554,2026,Determinants of voluntary audit following reduced obligations: the case of SMEs in France after the “PACTE” law,Auditing,"Aymen Abbadi, Hélène de Brébisson"
17,8.657337,9.082391,2026,Monitoring the auditor: evidence from institutional investors’ votes,Auditing,"Luciana Orozco, Silvina Rubio"
18,8.803775,9.229164,2026,"When auditors talk, do retail investors listen? Evidence from expanded audit",Auditing,"Lin Wang, Donghui Wu, Jianyu Zhao, Yifan Hou"
19,9.095197,8.882996,2026,When does audit quality pay off? Institutional development and the shift from signaling to compliance in auditor choice,Auditing,Marit Kringlen
20,8.524784,8.105448,2026,Auditors and AI: understanding identity threats and the process of normalization,Auditing,"Arina Hranovska, Martijn van der Steen, Lucia Bellora-Bienengräber, Sebastian Firk, Ann Tank"
21,8.156469,8.133431,2026,Availability of AI tools and their effect on the auditing process,Auditing,"Barbara Schöndube-Pirchegger, Jens Robert Schöndube"
22,8.192763,8.363495,2026,Can AI reduce audit quality? Cross-domain knowledge transfer and the cost of specialization,Auditing,"Yujing Gong, Yanxiong Gong, Rui Sun"
23,9.083738,9.385617,2026,Do all BIG 4 auditors deliver the same quality in Europe? Testing knowledge spillover vs self-interest threat in the NAFs–KAMs relationship,Auditing,"Anojan Vickneswaran, Ferdinand Gul"
24,7.1435976,9.091427,2026,How large language models affect audit quality: causal evidence from a randomized field experiment,Auditing,"Markus Jezierski, Sascha Kaltenpoth, Oliver Müller, Barbara E. Weißenberger"
25,9.2364025,9.126911,2026,Do administrative staff matter for audit quality?,Auditing,"Feng Chen, Song Chen, Ting-Chiao Huang, Linda Myers"
26,8.880656,9.163353,2026,Does auditor rotation deliver a fresh look? Evidence from the content and specificity of KAM disclosures,Auditing,"Yussu Hsiao, Wuchun Chi, Yu-Tzu Chang, Anxuan Xie"
27,4.7747974,4.3858924,2026,Negative environmental and climate news and environmental and climate-related critical audit matters,Auditing,"Wuchun Chi, Cheng-Yu Hsieh, Sabrina Kang, Shu-Hsien Lin"
28,9.339958,9.243684,2026,Key audit matters and their specific audit procedures – what audit reports tell us about audit quality at the account and entity level,Auditing,"Annalena Kaakschlief, Christoph Teucher, Nicole Ratzinger-Sakel"
29,9.394964,8.840642,2026,Media coverage and job entry in the audit profession,Auditing,"Janik Wecks, Johannes Voshaar, Jochen Zimmermann"
30,9.057395,8.435862,2026,"Does having accountant parents matter for auditors’ career choices, career advancement, and audit quality",Auditing,"Tobias Svanström, Limei Che, Oscar Stålnacke"
31,9.177029,9.30268,2026,Do internally promoted auditors outperform externally hired ones?,Auditing,"Guoling Bu, Jun Chen, Christian Peters"
32,9.10877,9.135857,2026,Can rainmakers in accounting firm be both revenue stars and audit quality champions?,Auditing,"Ye Ji Lee, Younghan Lee"
33,9.324869,8.950663,2026,Where proxies meet practice: qualitative insights into audit quality measurement,Auditing,"Markus Mottinger, Alexander Hofer"
34,9.232085,9.095285,2026,Do mandated checklists enhance audit quality? Evidence from a natural experiment,Auditing,"Gopal Krishnan, Nagarjun S, Bhavya Singhvi"
35,9.204966,8.962631,2026,Auditing on the information superhighway: mobile internet and local audit market competition,Auditing,"Erdong Wang, Jiexuan Wang, Keyuan Zhang, Yiwen Chen"
36,7.96746,9.205535,2026,Economic consequences of country-by-country reporting: evidence from audit fees,Auditing,"Justin Chircop, Shaohua He, Jiancheng (Duncan) Liu"
37,9.252105,9.2889595,2026,"Non-compete agreement enforceability, audit effectiveness, and efficiency",Auditing,"Pradeep Sapkota, Md Nazmul Islam, Sarfraz Khan"
38,6.774236,6.770932,2026,Assessing blockchain adoption in accounting and auditing in Sweden,Auditing,Gabriela Ariciu
39,8.140162,8.131789,2026,The impact of artificial intelligence on audit task outcomes,Auditing,Annika Bonrath
40,9.402598,8.772488,2026,Audit offices’ cybersecurity experience and industry range,Auditing,"Christelle Alkhoury, Javad Rajabalizadeh"
41,9.515481,9.224273,2026,Hop on a Zoom? Do client incivility and virtual work modalities impact auditors’ perceptions of organizational support?,Auditing,Sarah McCoy
42,8.210298,8.029114,2026,Small seems plausible: effects of magnitude appearance on auditors’ causal and skeptical judgments of AI-detected correlations,Auditing,"Tracie Majors, Sebastian Stirnkorb, Isaac Yamoah"
43,8.2988825,8.189378,2026,Quantum cognition and ethical pathways in AI governance: an examination of chief audit executives’ reporting standards and decision-making dynamics,Auditing,"Waymond Rodgers, Salem Al Fayi"
44,9.236129,9.240313,2026,Trust under scrutiny: audit partner-CFO trust and audit quality,Auditing,Ole-Kristian Hope
45,9.147607,8.956834,2026,FRC quality inspections and materiality judgment,Auditing,"Omar de Ines Anton, Stavriana Hadjigavriel, Arpine Maghakyan"
46,7.9719934,9.350771,2026,Cross-border audit regulation and debt structure concentration: evidence from PCAOB international inspections,Auditing,"Yiye Liu, Yangxin Yu, Xindong Zhu, Simon Fung"
47,9.136599,9.308967,2026,"Audit committee, internal audit function and audit quality: emerging market perspective",Auditing,"Oksana Kim, Byron Pike"
48,8.614625,9.28728,2026,No glory in prevention? The case of the audit association of German private banks,Auditing,"Fabian Müller, Barbara E. Weißenberger"
49,9.146193,8.93831,2026,The power of knowledge: soft governance and audit quality,Auditing,"Youdi Zhu, Fang Zhang"
50,8.992525,8.922517,2026,Secrecy culture and the communicative value of key audit matters: evidence from Europe,Auditing,"Lay Huay Yeap, Pamela Kent, Natalie Elms, Daifei (Troy) Yao"
51,8.866924,8.961738,2026,Auditor reputation trap,Auditing,Sebastian Kronenberger
52,9.4126,9.304784,2026,How audit partners shape key audit matters (KAMs)?,Auditing,"Yu-Tzu Chang, Wuchun Chi"
53,9.003148,8.490143,2026,Being a professional accountant: individual auditors’ propriety legitimacy judgements under intense audit oversight,Auditing,"Sanjay Bissessur, Gerjanne Beltman, Isabelle van Dijk, Sanne Gaspersz"
54,9.328131,8.635124,2026,"Human capital development in auditing: a qualitative study of learning mechanisms, challenges, and differences across audit firms",Auditing,"Lobke Weijers, Bart Dierynck, Claudia Marangoni, Christian Peters"
55,9.412892,8.830462,2026,Audit teams: a systematic review and integrative framework,Auditing,"Bryan Malki, Timur Uman, Miguel Gil"
56,2.4212263,10.237075,2026,ESG assurance and the timeliness of ESG reporting: evidence from Taiwan,Auditing,"Feng-Yi Lin, Szu-Yin (Jennifer) Wu, Teng-Shih Wang"
57,9.077035,8.230902,2026,Sustainability expertise in the audit profession: evidence from error restatements,Auditing,"Janine Maniora, Kajatheepan Navanathan"
58,6.21669,5.449512,2026,The impact of sustainability assurance and the choice of assurance provider on narrative sustainability disclosure: evidence from the European Union’s Non-Financial Reporting Directive,Auditing,"Aaron Kasischke, Brigitte Eierle"
59,2.3608904,10.120015,2026,ESG assurance and anti-ESG laws: evidence from state-level laws,Auditing,"Siqi Fan, Matthew Hinton"
60,4.5174427,4.2520604,2026,Auditors’ response to corporate climate lobbying,Auditing,"Dimitrios Gounopoulos, Ole-Kristian Hope, Vlad-Andrei Porumb, Mingran Zhang"
61,9.229113,7.122772,2026,Relative age and career outcomes: evidence from the accounting profession,Auditing,"Huan Ke, Janus Jian Zhang, Byron Song, Di Guo"
62,9.322174,8.546198,2026,Generation Z in the Swedish audit profession: generational differences in work values and implications for retention,Auditing,"Nellie Gertsson, Elin Smith, Elina Holm, Adam Turesson"
63,8.142297,8.225205,2026,Assessing the efficiency and effectiveness of AI adoption in auditing and advisory practices: an empirical investigation,Auditing,"Mohamed Hegazy, Karim Hegazy, Mohamed el-Deeb, Yasser Halim"
64,8.958949,9.048321,2026,"The economics of audit quality: reputation capital, liability, and market demand",Auditing,"Marcel Steller, Erich Pummerer"
65,9.452264,9.362605,2026,Political partisanship of audit engagement partners and audit outcomes: evidence from the U.S.,Auditing,"Corvin Kintzel, Sven Hartlieb, Stephan Küster"
66,8.978515,8.80102,2026,Do family firms pay less for audits? Evidence from Japan,Auditing,Yue Yang
67,9.518128,9.275898,2026,Client third-party specialists and audit engagement,Auditing,Zeping Pan
68,8.591583,9.288633,2026,Government customer base and audit pricing,Auditing,"Yifan Jia, Shuqing Luo"
69,8.757949,9.281631,2026,Public support and private assurance: how anticipated government subsidies affect voluntary audit choices?,Auditing,"Chen Chen, Feng Chen, Ting-Chiao Huang, Jiancheng (Duncan) Liu"
70,8.540713,9.350175,2026,Audit regulation for financially constrained firms,Auditing,Negin Attar-Niggeman
71,9.544842,9.336943,2026,Synergy between audit and non-audit services,Auditing,"Qiang Guo, Joseph Gerakos, Christopher Koch, Aiyong Zhu"
72,9.211979,8.853941,2026,Fostering audit quality through social learning from errors,Auditing,"Diane Breesch, Menno Craninckx, Therese Grohnert, Linde Kerckhofs, Marie-Laure Vandenhaute"
73,7.753833,9.290988,2026,The spillover effects of SEC monitoring on auditor disclosures,Auditing,"Jun Nguyen, Nhan Ha"
74,8.777167,9.240194,2026,Effects of the EU audit reform on the revenue composition of audit firms,Auditing,"Christian Bernard, Ulf Bruggemann"
75,8.188028,9.2661,2026,Economic policy uncertainty and audit market dynamics: international evidence,Auditing,"Belen Gill de Albornoz, Araceli Mora, Sha Yang"
76,9.075358,9.367457,2026,"Strategic responses to resource dependence: how GNF, ANAF, and TNAF auditors navigate PCAOB remediation",Auditing,"Kenneth Bills, John Keyser, Marietta Peytcheva, Aleksandra Zimmerman"
77,9.540104,9.354518,2026,What does non-audit business mean to auditors and their clients? Evidence from examining Ernst & Young’s split events,Auditing,"Zhifeng Yang, Muzhi Wang, Jeffrey Pittman"
78,8.18068,8.757488,2026,Detecting structural breaks and anomalies in audit fees using foundational time-series forecasting AI,Auditing,"Markus Isack, Markus Mottinger"
79,8.733221,9.280822,2026,Can the number of auditors in a market be positively associated with auditors’ pricing power?,Auditing,Ling Chu
80,9.012655,9.360224,2026,Who benefits from the audit failure of a BIG 4 firm?,Auditing,Alain Schatt
81,8.629624,9.319602,2026,Do auditors price the risk related to a restated statement of cash flows?,Auditing,"Angela Pettinicchio, Mara Cameran, Davide Arrighi"
82,6.102545,7.5158534,2026,"Regulatory spillovers, board interlocks, and audit fees: evidence from comment letters",Auditing,"Beibei Yu, Marco Maria Mattei, Eleonora Monaco, Giovanni Cardillo"
83,7.6887507,9.117587,2026,Audit delay during regulatory relief of reporting deadline: evidence from Hong Kong,Auditing,"Belinda Yau, Jing Xue, Rubin Hao"
84,8.977443,8.956998,2026,The impact of the Lithuanian national audit office’s performance audits on the creation of public value: auditees’ perspectives,Auditing,"Asta Šalienė, Daiva Tamulevičienė"
85,8.948925,8.686516,2026,Audit in the dark: auditor responses to risk in the absence of authoritative guidance,Auditing,"Nhan Ha, Jun Nguyen, Beatriz Garcia Osma, W. Robert Knechel"
86,6.4672294,5.6176686,2026,Assurers’ perceptions of fraud risk in sustainability reporting,Auditing,"Laura Becker, Janine Maniora, Gregory Trompeter"
87,8.166653,8.060175,2026,Using artificial intelligence for fraud risk assessment: evidence from novice and experienced auditors,Auditing,"Marc Eulerich, David Wood, Scott Emett, Brant Christensen"
88,2.222514,9.844226,2026,The cost of sustainability assurance – European evidence on the determinants of ESG assurance fees,Auditing,"Nicolas Frenzel, Sven Hörner"
89,6.270286,5.4832754,2026,"Not mandatory but material: sustainability disclosure, reporting location, and auditor response around the world",Auditing,"June Cao, Zijie Huang, Ari Kristanto"
90,5.151032,5.0417643,2026,Green or gray auditors - who are the chosen ones for sustainability audits?,Auditing,"Lena Schäfer, Benedikt Downar, Christopher Koch"
91,4.298166,8.958341,2026,The effectiveness of the UK’s viability statement in providing early warning signs of corporate distress,Auditing,"Ruizhe Wang, Nurul Alam, Stewart Jones, Shan Zhou"
92,6.9929647,9.736652,2026,Cyber security risk disclosure and audit fees: evidence from machine learning-based risk measures,Auditing,"Atul Rai, Al Ghosh, Arun Upadhyay"
93,4.955252,7.089587,2026,Geopolitical risk in the supply chain and audit implications,Auditing,"Mukesh Garg, John Campbell, Aldonio Ferreira, Mehdi Khedmati, Farhan Permana"
94,2.524081,8.040888,2026,The influence of gender diversity in auditor-audit committee interaction on audit report timeliness,Auditing,"Faradillah Amalia Rivai, Li-Jen He, Ching Yen Li"
95,9.33712,8.4314165,2026,Enhancing talent by considering psychological safety in firm quality management systems: the effects of performance feedback on junior auditor help-seeking behavior,Auditing,"Regan Schmidt, Cameron Dubé, Brielle Perlett"
96,2.6581619,8.056432,2026,The impact of board gender diversity on audit pricing: the case of Greek local governments,Auditing,"Sandra Cohen, Stergios Leventis, Ioanna Malkogianni"
97,6.159285,7.835534,2026,The roles of impairment analysis timing and auditor oversight in recording goodwill impairment losses,Auditing,"Lauren Cunningham, Tamara Lambert, Marcy Shepardson"
98,8.507411,9.245257,2026,Government agency exposure and audit fees: business risk or external monitoring?,Auditing,"Chen Liu, Arpine Maghakyan"
99,8.477899,9.383602,2026,Non-audit services prohibition and fair value measurements: evidence from European Union banks,Auditing,"Giulio Greco, Velia Cenciarelli, Alessandro Gabrielli"
100,9.097431,8.402421,2026,Auditor personal values and professional scepticism - a qualitative study,Auditing,"Christo Karunananthan, Nithi Mohan, Prabanga Thoradeniya"
101,8.918983,8.816463,2026,"Roses given, fragrance in hand: clients’ charitable contributions in auditors’ hometowns and audit opinions",Auditing,"Kwok Tong Samuel Cheung, Egor Evdokimov"
102,9.5236845,9.369473,2026,Do audit partners affect clients’ tax reporting?,Auditing,"Alisha Blush, William Buslepp, Kenneth Reichelt"
103,8.233807,8.786142,2026,Impact of enterprise intelligent upgrading on audit fees: evidence from China,Auditing,"Aolin Leng, Yue Zhang, Ming Jia"
104,4.7830443,5.2987657,2026,Effects of nonfinancial audits of IPOs on green investment and audit quality,Auditing,"Emanuel Lederer, Kerstin Trummer"
105,8.171781,9.279919,2026,"SEC comment letters, auditor turnover and information asymmetry. Evidence from the banking industry",Auditing,"Davide Arrighi, Angela Pettinicchio, Mara Cameran"
106,7.656966,9.477953,2026,Safeguarding national security information: evidence from PCAOB international inspections and government procurement,Auditing,"Xiao Zhang, Jeffrey Ng, Jiawei Lu"
107,9.222327,8.688198,2026,Understanding audit firm culture through the lens of the competing values framework,Auditing,"Ann Vanstraelen, Murray Barrick, Olof Bik, Jere Francis, Lena Pieper"
108,9.08091,7.10936,2026,The role of cultural context in shaping moral judgment: a comparative study of accounting students in Croatia and Slovenia,Accounting Education,"Maja Zaman Groff, Tina Vuko, Ivana Perica, Marko Čular, Mina Ličen"
109,6.67815,8.421437,2026,Re-thinking the role of corporate reporting: supporting students in the transition,Accounting Education,"Doug Stuart, Atinuke Chineme, Wenyu Zhou, Irene Herremans"
110,3.1484368,6.3352923,2026,Making a choice among tax incentives,Accounting Education,"Wei Chern Koh, Tommy Yee"
111,9.28855,7.0349083,2026,Occupational licensing and labor market exit: evidence from continuing education requirements for accountants,Accounting Education,Parth Shah
112,9.232898,6.8005033,2026,"Examining the links between achievement goals, students’ approaches to learning, and learning outcomes in accounting studies",Accounting Education,"Hannu Ojala, Heta Tuominen, Markku Niemivirta, Jari Huikku"
113,9.119865,7.255909,2026,What drives accounting career attractiveness? An analysis of individual characteristics,Accounting Education,"Sofia Lourenço, Iryna Alves"
114,4.745223,4.1009173,2026,Climate awareness through active learning for young people and students (CATALYST),Accounting Education,"Elaine Doyle, Mary Curtin, Erin King"
115,9.212194,6.774776,2026,Wiki-based collaborative learning in accounting education: impact on academic performance and student perceptions,Accounting Education,"Lukas Schmidt, Andreas Seebeck, Johannes Voshaar"
116,6.969878,9.100582,2026,Testing the legitimacy of board examinations in the age of large language models: a stress test,Accounting Education,"Michelle Coetzee, Gideon Els, Nicolaas Strydom"
117,9.106105,6.692958,2026,Digitalization in managerial accounting education: evidence from German higher education,Accounting Education,"Janina Matern, Christian Beer"
118,9.245371,6.9183145,2026,Transforming professional accounting education: a social closure perspective,Accounting Education,"Karlien Dempsey, Karin Barac"
119,4.9679666,4.156971,2026,"Refining prompts, not delegating tasks: AI enhanced learning in climate accounting",Accounting Education,Ozlem Arikan
120,6.921051,5.0678887,2026,Visual representations of sustainability frameworks. Their roles in education for sustainability accounting,Accounting Education,"Katherine Christ, Roger Burritt, Stefan Schaltegger"
121,6.803315,4.969885,2026,Evolving sustainability integration in management accounting education: evidence from German universities,Accounting Education,"Ute Vanini, Janina Matern"
122,9.2592535,6.7672873,2026,From encounter to action: exploring walking as a pedagogy form with postgraduate accounting students in Scotland,Accounting Education,Yanru Zou
123,9.2228155,6.71361,2026,A new approach in teaching bookkeeping (NABO) to improve performance for secondary school students: an instructional design based on cognitive load theory,Accounting Education,"Jens Verhofstadt, Patricia Everaert, Evelien Opdecam"
124,7.896422,6.6401005,2026,Inner feedback in computational problem solving: which comparators support critical thinking?,Accounting Education,"Suzanne McCallum, David Nicol"
125,9.301942,6.9563665,2026,The impact of Chat GPT’s advice on professional judgment related with accounting and the role of accounting education,Accounting Education,"Satoshi Sugahara, Keita Kano"
126,9.226046,6.735559,2026,Is it good to play? Exploring the voluntary use of a mobile game application in learning accounting,Accounting Education,"Hebattallah Aboulmaaty, Nermeen Shehata"
127,9.165953,6.728112,2026,Engaging Generation Z in introductory accounting: survey evidence on learner-generated digital media and the talent pipeline,Accounting Education,"Monica Kabutey, Sudha Krishnan, Ping Lin, Jiarui (Iris) Zhang"
128,4.5024037,4.622835,2026,Third-party provision of carbon emission data and ESG ratings: evidence from climate TRACE,Financial Analysis,"Igor Kadach, Minjae Koo, Grace Li, Meiling Zhao"
129,5.272359,5.335562,2026,"Signaling the green light – green M&As, environmental materiality, and investor reactions",Financial Analysis,"Jan Bauer, Yannik Gehrke, Jan Hennig, Michael Wolff"
130,5.3517694,5.410727,2026,Lighting the green: the role of green bond sections in the European market,Financial Analysis,"Maryna Gulenko, Pia Stoczek"
131,4.8747582,8.970026,2026,Analysts’ capital expenditure forecasts and bank debt contracting,Financial Analysis,"Kristian Allee, Seraina Anagnostopoulou, Kamran Malikov"
132,5.5079417,8.424177,2026,The dynamic real effects of loan-loss provisioning methods on lending,Financial Analysis,Xiao Liu
133,5.533554,8.148875,2026,Social connectedness and the cost of bank loans,Financial Analysis,"Christofer Adrian, Cameron Truong, Qinfang Li, Hui Guo"
134,5.371542,7.7970896,2026,Are disclosed merger synergies realized?,Financial Analysis,"Roberto Vincenzi, Xuanheng Huang"
135,4.9696207,8.190063,2026,The role of earnings quality in addressing the acquisition premium puzzle for private equity funds,Financial Analysis,"Jung Yeun (June) Kim, Nan Zhou, Linna Shi"
136,4.9754934,9.40619,2026,Business model change and cash flow forecast accuracy,Financial Analysis,Stephan Kaiser
137,4.642494,8.872293,2026,What do reorganization plans reveal about post-bankruptcy outcomes?,Financial Analysis,"Wolfgang Breuer, Andreas Knetsch, Katharina Mersmann"
138,8.180036,8.914747,2026,"Dirty hands, clean slates? Public corruption and the fate of bankrupt firms",Financial Analysis,"Andreas Charitou, Nikolaos Kalyvas, Dimitrios Ntounis"
139,5.1727767,8.29658,2026,Political lobbying and debt contracting: consequences of borrowers and lenders lobbying the same legislator,Financial Analysis,"Derrald Stice, Junqiang Ke, Zhiming Ma, Lufei Ruan, Yunxiao Xu"
140,7.6433787,8.151713,2026,Generative AI for analysts,Financial Analysis,"Qian Zhang, Jian Xue, Wu Zhu"
141,4.42888,9.820239,2026,Sell-side analysts’ rating systems,Financial Analysis,"Tzachi Zach, Rong Wang, Leonardo Madureira, Ohad Kadan"
142,4.2282543,9.804542,2026,Chasing ‘star analyst’: the strategic shift in optimism,Financial Analysis,"Yuqi Han, Chi Zhang, Chi Zhang"
143,7.2230225,8.270587,2026,Information processing uncertainty and information rigidity,Financial Analysis,Yawen Qiu
144,8.747218,9.298309,2026,Industry externalities of activist short-selling: auditor propensity to issue going concern opinions,Financial Analysis,Matteo Merlo
145,5.289254,8.688916,2026,Short interest and earnings predictability,Financial Analysis,"Chunchi Wu, Shu-Ling Wu, Wenhan Yang"
146,2.7583222,9.98171,2026,Retail investors’ asymmetric reaction to ESG controversies,Financial Analysis,"Isabel van de Graaf, Kris Boudt, Marie-Laure Vandenhaute"
147,5.026918,7.422074,2026,Quantitative research on main street: evidence from seeking alpha,Financial Analysis,"Stanimir Markov, Jame Russell, Yuling Guo"
148,5.537192,9.4326315,2026,Stock screeners and managers’ voluntary disclosure: evidence from retail dividend investors,Financial Analysis,Adriano Salerno
149,4.1960564,7.242587,2026,The power of focus: how inventor-base concentration drives firm performance?,Financial Analysis,Jin Wang
150,5.21387,5.4938173,2026,Do analysts value green innovation? – evidence from the U.S. patent ”lottery”,Financial Analysis,Yujing Ma
151,5.2636633,5.446618,2026,Capital market reactions to green versus brown similar technological innovation potential in takeovers,Financial Analysis,"Maximilian Golsong, Friedrich Sommer"
152,4.755866,9.23631,2026,Forecasting long run earnings growth for global asset allocation,Financial Analysis,"Yingtong Dai, Richard Harris, Isaac Randall, Yi Zhang"
153,4.3119173,7.356839,2026,Disagreement and dispersion: the role of implied cost of capital uncertainty in market returns,Financial Analysis,"Jan Klose, Brian von Knoblauch"
154,5.2426972,7.268363,2026,Internal controls and newly public firms,Financial Analysis,"Narayanan Venkatraman, Al Ghosh"
155,5.0659823,8.962897,2026,The information value of US-listed foreign firms’ earnings announcements,Financial Analysis,"Elizabeth Demers, Stella Chen"
156,4.2093687,8.814356,2026,Compare the impact of Chinese and western values on corporate financial distress—evidence from Chinese list company,Financial Analysis,"Jingwen Fan, Aolin Leng"
157,3.4736485,8.247232,2026,Ideology meets politics: how expected presidential election outcomes influence insider trading by liberal top managers?,Financial Analysis,"Bo Gao, Ling Lin Harris"
158,5.7520227,9.713047,2026,The effect of intraindustry information transfers on product market competition and voluntary disclosure,Financial Analysis,"Margalit Samuel, Shai Levi, Versano Tsahi"
159,3.6934743,8.023839,2026,The changing influence of industry membership on corporate profitability,Financial Analysis,"Dimitris Kanelis, Benjamin Noordermeer, Erik Peek, Patrick Vorst"
160,3.6868985,7.0534825,2026,"Industrial productivity, investment, and corporate performance expectations",Financial Analysis,Olga Chara Pavlopoulou
161,4.5690193,9.816503,2026,Contrast effects and analyst forecasts,Financial Analysis,"Hangyuan Shi, Michael (Minye) Tang"
162,5.606014,5.7772946,2026,Spillover effects of the EU sustainable finance disclosure regulation (SFDR) on U.S. open-end funds,Financial Analysis,"April Klein, Qishen Fu, Ziqing Wang"
163,4.5647826,6.179273,2026,The establishment of environmental courts and corporate dividend policy: a cross-country study,Financial Analysis,"Yuxiang Zhong, Yuan Huang, Yueying Yuan"
164,4.3683233,8.390494,2026,Who speaks when the future is uncertain? The role of ownership,Financial Analysis,"Lucia Pierini, Gianfranco Siciliano, Suresh Radhakrishnan, Belén Villalonga"
165,5.274793,9.00728,2026,Do stock index revisions impact credit markets? Evidence from the US corporate bond and CDS markets,Financial Analysis,"Kai Chen, Ranjini Jha, Madhu Kalimipalli"
166,4.6772156,8.278964,2026,The effect of share repurchase regulations on earnings management: international evidence,Financial Analysis,Ni-Yun Chen
167,6.6831026,9.33841,2026,Formal and informal language in earnings conference calls,Financial Analysis,"Mengyang Guo, Kin Lo"
168,3.8378408,9.027765,2026,Earnings-call Q&A dynamics and market consequences in analyst–CEO interactions,Financial Analysis,"Javad Rajabalizadeh, Hannu Schadewitz"
169,4.9639053,9.309836,2026,"Strategic communication of bad news: AI-measured tone, disclosure channels, and investor reactions to earnings downgrades",Financial Analysis,"Han Donker, Yurim Lee, John Nofsinger, Laurel Orr"
170,4.847421,9.139096,2026,The virtual pivot: adaptive investor relations in the face of disruption,Financial Analysis,"Nayana Reiter, Andrea Down, Aida Wahid"
171,5.127868,8.410591,2026,The private information in public debt contracts,Financial Analysis,"Isabella Brancaccio, Francesco Grossetti, Paul Demere"
172,3.9323044,5.761525,2026,Tax receivable agreements: implications for post-IPO firm behavior,Financial Analysis,Derin Yilmazatilla
173,3.9913197,5.7252216,2026,Benevolent blunder: the (unintended) financial effects of IPO hasty investment,Financial Analysis,Siyang Tian
174,3.9482927,5.6031246,2026,Is the whole greater than the sum of its parts? Underpricing and long-run IPO performance,Financial Analysis,"Andreas Charitou, Irene Karamanou, Gerald Lobo, George Loizides"
175,5.233261,6.364993,2026,"The price of a toast: social norms, fiduciary duty, and M&A premium decisions in China",Financial Analysis,Yugang Chen
176,4.5432677,6.441929,2026,Dividend signaling and local religiosity: the role of risk attitudes,Financial Analysis,"Carmen Aranda, David Echeverry, Luiz Kabbach, Andrés Mesa Toro"
177,5.0447025,9.484207,2026,The impact of regulatory change on hedge fund performance,Financial Analysis,Fan Yang
178,4.40246,9.725935,2026,"Familiar partners, better forecasts? Analyst forecasts in repeated co-patent partnerships",Financial Analysis,"Caroline Lee, Yuqi Han, Zhongnan Xiang"
179,4.9098835,7.478468,2026,Beyond innovation: the impact of industry-university collaboration on firms’ cost of equity in China,Financial Analysis,"Wenxin Liu, Wei Sun, Huili Zhang, Jigao Zhu"
180,4.1760664,7.754071,2026,Innovation culture and the corporate life cycle: evidence from U.S. tech firms,Financial Analysis,"Victorya Maria Gomes, Robson Farias, Suliani Rover"
181,5.2155013,6.1309795,2026,Trade credit and SME productivity: evidence from China,Financial Analysis,Kerui Zhai
182,6.222704,9.698813,2026,Dissemination of information by small caps,Financial Analysis,"Dennis Böing, Urska Kosi"
183,5.0122957,7.287442,2026,Supply chain common institutional ownership and suppliers’ cost stickiness: evidence from China,Financial Analysis,"Chen Hua, Jian Huang, Yumin Li, Lei Zhu"
184,5.3806744,9.332439,2026,Index investing and disclosure: evidence from investor events,Financial Analysis,Lars Knorren
185,3.569386,7.0817437,2026,Stock trading by U.S. individual investors: evidence from administrative tax data,Financial Analysis,"Edward Maydew, Armstrong Daphne, Jeffrey Hoopes"
186,5.1678624,9.235034,2026,3. Limited attention and retail investor participation: insights from same-day earnings announcements,Financial Analysis,"Ying Lu, Junrui Zhang"
187,5.170432,9.686441,2026,1. When whispers hold weight: the credibility of bad vs. good rumors,Financial Analysis,"Lei Chen, Xinlu Wang, Bohui Zhang"
188,5.1477,9.733592,2026,2. Tone dissonance across corporate disclosures and future business strategies,Financial Analysis,"Shuo Feng, Bharat Sarath"
189,3.976697,9.001055,2026,"3. The sound of disclosure: CEO vocal emotions, bad news hoarding, and stock price crash risk",Financial Analysis,"Tien-Shih Hsieh, Zhihong Wang, Jeong-Bon Kim"
190,4.533419,9.8058195,2026,1. As a role model: does government endorsement affect analyst forecast accuracy?,Financial Analysis,"Junmin Hu, Wang Fangjun"
191,5.1020675,7.0502224,2026,2. U.S. sanctions and firm offshore activities: a firm-country analysis,Financial Analysis,"Ling Tuo, Weiwei Wang, Joseph Zhang"
192,4.9092712,8.206813,2026,"3. Government debt, government ownership, and corporate cash dividends",Financial Analysis,"Jing Lin, Yuetong Lu, Mingshan Zhou, Yunbi An"
193,5.81372,6.8571835,2026,1. Supplier disclosures and customer performance,Financial Analysis,"Pietro Bianchi Fedrigoni, Jake Krupa, Dhananjay Nanda"
194,3.5363328,8.194971,2026,2. Corporate culture and insider trading profitability,Financial Analysis,"Mabel D Costa, Ahsan Habib, Terry Harris, Dinithi Ranasinghe, Eric Tan"
195,5.637142,6.911002,2026,3. Suppliers’ innovation activity and customers’ operating efficiency,Financial Analysis,"Yi-Hsing Liao, Teng-Sheng Sang"
196,3.9982495,5.2126765,2026,"When capital crosses borders, so does knowledge",Financial Analysis,"Mengfan Liu, Zheng Wang, Ray Zhang, Roni Michaely"
197,4.8745437,8.545357,2026,Attributes of earnings adjusted for intangibles capitalization,Financial Analysis,Aneel Iqbal
198,3.9227383,5.348856,2026,Populism and cross-border M&A,Financial Analysis,"Wenjie Ding, Tuan Ho, Fangming Xu, Yunwen Zhou"
199,5.1621633,9.965121,2026,Social media as a catalyst for market reactions: the impact of information facilitators in China,Financial Analysis,"Fangzhuo Hou, Albert Tsang, Shuo Yan"
200,5.2164297,9.944074,2026,Bridging divisions: third places and corporate information democratization,Financial Analysis,"Young Jun Cho, Shuai Xu, Holly Yang"
201,4.912987,9.8480425,2026,The role of social media analyst opinions in share repurchase decisions,Financial Analysis,"Yirong Han, Chris Brooks, Liyi Zheng"
202,5.559661,9.239819,2026,How informative are value-at-risk disclosures for banks’ trading portfolio risk?,Financial Analysis,"Hailey Ballew, Gerald Lobo"
203,5.053047,8.385804,2026,"Business strategy, debt maturity, and debt covenants",Financial Analysis,"Changjiang Wang, Kexin Yu"
204,5.386469,8.618002,2026,Credit supply and lenders’ monitoring of borrowers’ conservative reporting: evidence from two recent credit booms,Financial Analysis,"Yan Li, Yutao Li, Gerald Lobo"
205,5.038044,9.151045,2026,Sentiment management: ai-based evidence from earnings guidance,Financial Analysis,"Jonathan Berkovitch, Doron Israeli, Ron Kasznik"
206,7.5260587,8.22873,2026,How artificial intelligence mitigates information asymmetry and optimizes capital structure,Financial Analysis,"Kaitong Wu, Ming Tu, Adrian C H Lei"
207,7.717334,8.178217,2026,AI adoption and stock price efficiency,Financial Analysis,Shengmin Hung
208,5.2598023,6.3004403,2026,Optimizing Altman Z-Score forecasting: evidence from China’s 2024 FDI liberalization in healthcare,Financial Analysis,"Wen-Jye Hung, Yamin Wang, Pei-Gi Shu, Yan Wang"
209,4.7098823,8.635184,2026,Bankruptcy prediction using machine learning models: firm complexity information perspective,Financial Analysis,"Yun Hao, Tsung-Kang Chen, Yi Jie Tseng, Chih-Hsuan Chen"
210,4.3059945,9.156006,2026,From monitoring to exit: analysts’ strategic reactions to corporate bankruptcy in Europe and the United States,Financial Analysis,"Diana Vazquez Espinosa, Franck Missonier-Piera"
211,2.761597,9.878263,2026,Valuation effect of ESG: market sentiment or growth potential?,Financial Analysis,"Xuerui Fang, Argyro Panaretou, Hui Xu, George Wang"
212,5.3041544,7.4955893,2026,Public firm presence and rounded offers in M&A,Financial Analysis,"Xinyi Rao, Guojin Gong, Shuqing Luo"
213,5.6728253,7.822139,2026,Bank mergers and workplace safety: the ethical consequences of financial consolidation,Financial Analysis,"Fangming Xu, Qimeng Zhang, Liyi Zheng"
214,4.1688814,9.767761,2026,Unlocking analysts’ risk insights,Financial Analysis,"Hongping Tan, Mark Bradshaw, Ziwei Qiao, Changqiu Yu"
215,6.9253216,9.758145,2026,Discretionary cybersecurity-related disclosures and investors’ assessment of a firm’s systematic risk,Financial Analysis,Christof Neunsinger
216,4.6874046,9.510508,2026,Financial analyst timeliness after corporate earnings announcements as a forecast quality signal,Financial Analysis,Nikolaos Floropoulos
217,4.6459727,9.682786,2026,The EPS growth illusion: how analysts’ share count forecasts shape valuation perceptions,Financial Analysis,"Dieter Hess, Nathalie Zährl"
218,4.2212577,9.83833,2026,When a consultant becomes an analyst,Financial Analysis,"Jiaxuan Chen, Ming Liu, Renzhe Zhang"
219,4.269592,9.764894,2026,The causal effect of star rankings on analysts’ behavior: evidence from institutional investor’s industry sector changes,Financial Analysis,"Jing Xue, Rubin Hao, Angie Wang, Marcus Kirk"
220,2.779075,10.073685,2026,Attention to ESG matters: how information processing costs influence firm’s ESG investment,Financial Analysis,Pranav Yadav
221,4.303572,7.357263,2026,Transaction costs and the divergence between financial and real market volatilities,Financial Analysis,"Minxing Zhu, Zongyuan Li"
222,5.81308,6.934642,2026,Cost information design by a supplier,Financial Analysis,"Ulf Schiller, Nico Sütterle"
223,7.6472006,6.801866,2026,Under pressure: the influence of the working environment on herd behavior,Financial Analysis,"Louis Mangeney, Peter Fiechter, Annelies Renders"
224,7.7092857,7.2276964,2026,Hiring frictions and cost behavior: evidence from salary history bans,Financial Analysis,"Zhangfan Cao, Xiaoqian Li, Jeffrey Pittman, Cheng Zeng"
225,5.0717244,8.326872,2026,Labor leverage and debt contract provisions,Financial Analysis,David Weinbaum
226,6.370667,9.497658,2026,Adversarial stress tests of text-based disclosure measures: evidence from fraud detection,Financial Analysis,"Ana Mickovic, Indranil Bhattacharya"
227,5.8356857,9.702213,2026,LLMs as research assistants: the risk of topic-overclassification and effective mitigation strategies in financial disclosure research,Financial Analysis,"Anne d’Arcy, Christian Haas, Nicolaus Wallner"
228,8.750111,7.5633726,2026,Is qualitative management guidance on business outlook informative? Evidence from a novel dataset,Financial Analysis,Lin Si
229,3.946216,4.7470083,2026,Enhancing spare debt capacity via efficient carbon management,Financial Analysis,"Paula Castro, Borja Amor-Tapia, Maria T. Tascon"
230,4.606606,4.0539975,2026,From climate disaster to discipline: bank monitoring and climate disaster covenants,Financial Analysis,Clara Zhe Wang
231,4.487816,3.9723558,2026,When the storm hits: climate–risk management in the insurance industry,Financial Analysis,"Udi Lewkowicz, Dan Weiss"
232,5.4783807,9.854,2026,Strategic disclosure when beliefs diverge,Financial Reporting,Yasmin Kuhlmann
233,6.6661367,7.476872,2026,Public information and market coordination: the role of accounting reports,Financial Reporting,"Mingxuan Ma, Hui Chen"
234,6.4955087,8.850332,2026,Compliance and avoidance under threshold-based financial reporting regulation: decomposing regulatory costs and information benefits,Financial Reporting,"Lisa Liu, Yu Cao"
235,5.8431287,8.880727,2026,Beyond financial statements: the value of external assurance of nonfinancial disclosure,Financial Reporting,Manyun Tang
236,6.738578,6.770997,2026,Breaking barriers: how blockchain improves firms’ access to credit?,Financial Reporting,Thinh Nguyen
237,6.8047333,7.3185096,2026,Information sharing in global accounting networks,Financial Reporting,Samuel Chang
238,3.6096141,8.872319,2026,Speaking clearly under pressure: how career concerns shape CEO conference call complexity,Financial Reporting,Marwa Soliman
239,6.717446,8.758094,2026,Breaking the language barrier: how English reporting facilitates innovation,Financial Reporting,"Audrey Wenhsin Hsu, Yi-Chieh Lee, Sophia H.T. Liu"
240,5.673391,9.606673,2026,R&D stickiness shaping narrative R&D disclosures,Financial Reporting,"Sofie van der Meulen, Oveis Madadian"
241,7.649967,9.222749,2026,SEC oversight of foreign firms cross-listed in the U.S.: evidence from comment letters,Financial Reporting,Jihun Bae
242,7.2534633,9.36021,2026,The effect of restricting SEC administrative proceedings on firm value,Financial Reporting,"Cai Chen, Svenja Dube, Hye Seung (Grace) Lee"
243,4.7561946,7.472083,2026,The transparency trap: input visibility and the suppression of corporate innovation,Financial Reporting,"Tao Ma, Guochang Zhang"
244,4.2230644,9.740412,2026,The bright side of analysts for innovation: evidence from social connection,Financial Reporting,"Yi Wu, Jinghan Lu, Yenjung Tseng, Yangxin Yu"
245,4.5673313,9.810431,2026,Who to listen to and when? Management and analyst forecasts,Financial Reporting,"Ron Shalev, Daniel Cohen, Yiwen Li"
246,4.1996617,9.840138,2026,The impact of mandatory iXBRL adoption on analyst behaviour,Financial Reporting,"Fatema Alyafei, Yu-Lin Hsu, Fengzhi Zhu"
247,3.5767202,8.562947,2026,CEO-employee political alignment and financial reporting outcomes,Financial Reporting,Sang Woo Sohn
248,4.027935,7.7754755,2026,Local creative culture and corporate overinvestment,Financial Reporting,"Solomon Opare, Arfian Zudana, Mabel D Costa"
249,4.9822893,7.8709006,2026,"Lobbying, public contracts, and accounting complexity: implications for transparency and regulation",Financial Reporting,"Larelle (Ellie) Chapple, Sohanur Rahman, Mumtaheena Anwar, Md. Nurul Kabir"
250,6.1329,9.453652,2026,Mandatory pay disclosures in job postings,Financial Reporting,"Edith Leung, Jeroen Koenraadt, Nico Lehmann, Stephanie van der Veen"
251,4.948659,8.549233,2026,My word is my bond: the use of management forecasts in setting covenant thresholds,Financial Reporting,"Zhaoyang Gu, Chunmei Zhu"
252,5.4309483,5.5656233,2026,Theme washing in the ETF space,Financial Reporting,"Gerald Ward, Xiaoxue He, George Wang"
253,6.2648573,8.748642,2026,Financial statement readability and internal control,Financial Reporting,"David Harris, Ying Zhang"
254,3.750989,8.574373,2026,Dynamics of CEOs’ product market orientation: evidence from earnings conference calls,Financial Reporting,"Pratik Goel, Oveis Madadian"
255,5.476742,8.772656,2026,Non-financial disclosure mandates and private lending,Financial Reporting,Zhehao Jia
256,3.0002651,5.227673,2026,The biodiversity impact of corporate divestitures,Financial Reporting,"Simona Rusanescu, Ole-Kristian Hope, Vlad-Andrei Porumb, Dushyantkumar Vyas"
257,6.282173,5.2686305,2026,From cheap talk to costly signals: accounting measurement and the use of sustainability-linked loans,Financial Reporting,Mingyang Liu
258,4.1680293,6.8482027,2026,Unintended consequences of market deregulation: a perspective from corporate leverage manipulation,Financial Reporting,"Fei Yan, Zeyu Sun, Baolei Qi"
259,7.13732,8.175155,2026,Accrue or not? The effect of ambiguity on loss contingency recognition,Financial Reporting,"Alisa Brink, Wenhao Zhu"
260,8.155289,8.076702,2026,Generative AI “persona” vs. human jurors: evidence from a juror-based experiment on audit failure of AI-assisted audit,Financial Reporting,Satoshi Taguchi
261,6.1217537,8.447663,2026,The value relevance of insurance accounting: evidence from the transition to IFRS 9 and IFRS 17,Financial Reporting,"Christian Fieberg, Stefan Veith, Baohua Xin"
262,5.991081,8.336534,2026,Discretionary provisions and bank earnings management around the world: a novel insight from linguistic relativity hypothesis,Financial Reporting,"Daniel Taylor, Francis Osei-Tutu, Eunice Yaa Cudjoe"
263,6.1042223,7.839444,2026,The relationship between a firm’s financial constraints and its goodwill impairment,Financial Reporting,"Daniel Gyung Paik, Brandon Lee, Taewoo Kim, Sungsoo Kim"
264,5.4570336,9.944891,2026,Business strategy and the information content of classification shifting,Financial Reporting,"Surya Janakiraman, Chih-Chen Lee, Krishnamurthy Surysekar, Tian Tian"
265,5.678127,10.066413,2026,Does litigation risk deter classification shifting? Evidence from a quasi-natural experiment,Financial Reporting,Surjit Tinaikar
266,5.8632507,8.657967,2026,Implementing recurring and nonrecurring disaggregation to enhance disclosure in the statement of cash flows,Financial Reporting,"Alberto Halfeld, Tami Dinh"
267,4.307353,8.928977,2026,The impact of asset revaluation on corporate investment during crises,Financial Reporting,"Noemi Pecoraro, Antonio de Vito, Marco Maria Mattei"
268,7.478482,8.345376,2026,Regulatory spillover and preemptive disclosure to mitigate artificial intelligence risk: evidence from the EU AI act,Financial Reporting,"Feng Chen, Xinlu Wang, Liang Xu, Jianguang Zeng"
269,6.202212,9.568168,2026,Disclosure intensity effects of disclosure regulations: European evidence,Financial Reporting,"Simone Euler, Joachim Gassen, Jonas Materna"
270,6.049539,9.696077,2026,Analyzing the strategic classification of negative disclosures in Form 8-K filings,Financial Reporting,"Won No, Arion Cheong, Shaoyu Liu"
271,6.9639406,9.188186,2026,It’s the human touch! Performance of large language models in highly-specific domains,Financial Reporting,"Miles Gietzmann, Francesco Grossetti, Craig Lewis"
272,6.9651628,9.261371,2026,Lost in aggregation: measuring sentiment at document and topic levels,Financial Reporting,"Richard Crowley, Franco Wong"
273,5.3986006,9.136706,2026,When numbers speak: the real effects of numerical operational disclosure on corporate investment,Financial Reporting,"Jing Wang, Cassie (Qiurui) Mou, Lulu Di"
274,5.8097763,6.750226,2026,Suppliers’ redaction of customer identities when their customers provide more public disclosure: a customer poaching perspective,Financial Reporting,"Jia Guo, Jeffrey Ng, Chunyan Wei, Janus Jian Zhang"
275,4.708852,7.1489263,2026,Do changes in U.S. GAAP divert public firms’ resources and influence who wins the innovation race?,Financial Reporting,Luminita Enache
276,6.7587657,8.283208,2026,The unintended consequences of “bright-line” thresholds in CSR reporting mandates,Financial Reporting,"Jordi Louis Geuken, Paula Stanka"
277,7.6735477,8.077244,2026,"Accounting human capital, artificial intelligence, and SEC compliance",Financial Reporting,"Heflin Frank, Joanna Golden, Xiaotao Liu, Jasmine Wang"
278,7.096308,5.498265,2026,Visualizing social accountability with pictures in annual reports,Financial Reporting,"Jana Neuland, Michael Grüning"
279,5.400054,8.880812,2026,Beyond numbers: the informativeness of credit risk disclosures and their implications for bank lending,Financial Reporting,"Romain Oberson, Minyue Dong, Huajuan Yuan"
280,5.627377,8.302367,2026,"Two levers, one goal: the complementary role of commission and fees income and loan loss provisions in bank earnings management",Financial Reporting,"Eunice Yaa Cudjoe, Daniel Taylor, Isaac Awuye"
281,5.401888,8.504245,2026,Real earnings management via lending in the current expected credit loss (CECL) era,Financial Reporting,Ali Awad
282,5.067806,8.397744,2026,Private firm disclosures and public firms’ debt choice,Financial Reporting,"Fengqin Chen, Jeffrey Pittman, Walid Saffar"
283,5.770435,8.327272,2026,New revenue recognition and non-GAAP revenue disclosures: evidence from ASC 606,Financial Reporting,"Bok Baik, Songyi Han, David Park, Sang Woo Sohn"
284,6.710748,7.603452,2026,Bridging the gap or widening the divide? An investigation into private company accounting comparability and the role of FRS 102,Financial Reporting,"Stephanie Tiller, Mark Clatworthy, Mariano Scapin"
285,3.953194,5.6612678,2026,"Unlocking environmental, social, and governance risk after IPO share lockups",Financial Reporting,"Grace Hao, Devendra Kale, Sriram Villupuram"
286,5.5111046,8.78116,2026,Spillover of non-financial disclosure mandates on private firms’ investment efficiency,Financial Reporting,"Nan Deng, Xi Chen, Giovanna Michelon"
287,4.3355184,4.8172417,2026,The effect of mandatory carbon disclosures on cross-border innovation collaboration,Financial Reporting,"Xi Chen, Xiaoli (Shaolee) Tian, Yuxiang Zheng, Zhe (Michael) Guo"
288,6.1001124,9.836119,2026,Excess volatility and fair value measurement,Financial Reporting,"Sarah Kroechert, Igor Goncharov"
289,6.6150546,7.7292557,2026,Real effects of accounting reporting complexity,Financial Reporting,"Benedikt Plate, Johannes Voshaar, Jochen Zimmermann"
290,5.4779997,7.6069193,2026,Firm behavior and stakeholder responses to spring-loaded equity awards,Financial Reporting,"Kevin Munch, Lisa Hinson"
291,6.0418625,9.398523,2026,Discrepancies between disclosure and practice: data sharing in the banking industry,Financial Reporting,"Arion Cheong, David Wang, Yen-Yao Wang, Ju-Chun Yen"
292,5.48399,8.412703,2026,Customer-facing technologies and banks’ macroeconomic information production: evidence from loan loss provisions,Financial Reporting,"Wilbur Chen, Sehwa Kim, Jung Koo Kang, Ling Lin"
293,6.5432076,8.798391,2026,Regulatory and voluntary reporting interactions under Solvency II,Financial Reporting,"Madeline Kalista, Zoltán Novotny-Farkas, Lukas Obernauer"
294,3.684622,7.884777,2026,Firm political alignment: measurement and effects,Financial Reporting,"Jenny Li Zhang, Ping Jiang, Jing Li, Minjia Li"
295,3.7769313,6.358002,2026,Government procurement and tax uncertainty,Financial Reporting,"Wenxia Ge, Lizhi Luo, Tiemei (Sarah) Li"
296,3.9962542,6.8246713,2026,Political costs and windfall profits in a politically sensitive industry,Financial Reporting,Jørn Anders Bjørhovde
297,5.2278085,8.905386,2026,"Rollover risk, earnings informativeness, and credit disclosure in capital structure decisions",Financial Reporting,Li-Yu Chen
298,4.361312,8.2926655,2026,Ownership structure and firm performance under adverse conditions with prospect theory perspective: evidence from South Korea,Financial Reporting,"Na Kang, Hyunpyo Kim"
299,4.9779267,9.108853,2026,Valuation convexity and the pricing of earnings news: evidence on delayed information integration,Financial Reporting,"Omri Even-Tov, Qinglu Jin, Yuchao Jin, Guochang Zhang"
300,6.704342,7.958801,2026,The policy to expand the number of voluntary adopters to internalize threats,Financial Reporting,Ogata Kensuke
301,7.98896,7.973414,2026,Artificial intelligence and IFRS application: a proposal for a competency-based expert assessment method,Financial Reporting,"Massimo Albanese, Alberto Quagli, Paola Ramassa"
302,8.056867,6.478791,2026,The travel of ideas in standard setting,Financial Reporting,"Julia Morley, Michael Power"
303,5.0731106,8.342437,2026,Determinants of short-term debt in private firms: a return to fundamentals,Financial Reporting,"Massimiliano Bonacchi, Fabio Ciaponi, Luca Menicacci"
304,5.376111,8.634775,2026,Do private lenders learn from disclosed loan contracts?,Financial Reporting,Xingyu Huang
305,5.0928893,8.46471,2026,Out-of-court public debt restructuring and debtholder-focused investor communication,Financial Reporting,"Dushyantkumar Maheshkumar Vyas, Stacey Choy, Christin Liu"
306,6.109824,7.8661237,2026,Managerial learning from public acknowledgment of failure via financial reporting: evidence from goodwill impairments,Financial Reporting,"John Campbell, Sandip Dhole, Satish Sahoo, Zhixi Shi"
307,6.037742,9.398701,2026,When shorts go public: mandatory short position disclosure and management guidance,Financial Reporting,"Jongha Kim, Ashiq Ali, Jedson Pinto, Edward Sul"
308,5.568911,9.516345,2026,Patent disclosures and capital market feedback: evidence from AIPA,Financial Reporting,"Tim Martens, Yiyang Wu, Wanli Zhao"
309,5.967628,9.310215,2026,Disclosing barriers: the deterrence effects of voluntary capital expenditure disclosures,Financial Reporting,"Caleb Rawson, Jesse Glaze"
310,3.29245,6.346104,2026,When dissimilar items get grouped together: real effects of aggregating government subsidies with operating income,Financial Reporting,"Feng Chen, Wei Shi, Chao Yan, Ziyi Zhang"
311,4.453764,9.542311,2026,The effects of eliminating the distinction between operating and finance leases on analysts’ processing costs and price responsiveness,Financial Reporting,"Fabio da Costa, Paul Hribar, Samuel Tiras"
312,6.9597588,9.197001,2026,Topic labeling using large language models,Financial Reporting,Olga Bogachek
313,6.682714,8.376288,2026,When disclosing effective compliance backfires: evidence from experiments with retail investors and preparers,Financial Reporting,"Christian Friedrich, Sebastian Oelrich"
314,6.124881,8.347897,2026,Accounting measurement error under IFRS and US GAAP,Financial Reporting,Janik Wecks
315,6.342153,8.762501,2026,Dare to say no? Externalities of employee employment protection on financial misreporting,Financial Reporting,"Jackie Zeyang Ju, Chan Li, Hong Xie"
316,6.2603307,8.586953,2026,Availability of financial reporting and labor market outcomes,Financial Reporting,"Martin Zafiryadis, Jeppe Christoffersen"
317,5.648183,10.091313,2026,Product market failure and the quality of corporate disclosure: legitimacy versus litigation concerns,Financial Reporting,Khadija Almaghrabi
318,5.8420634,8.626948,2026,Cash flow management under distress: evidence from Chapter 11 filings,Financial Reporting,"Mario Daniele, Davide Arrighi, Angela Pettinicchio"
319,6.252535,8.48212,2026,Affirmations of compliance with IFRS: a study of financial statements and audit reports,Financial Reporting,"Christopher Nobes, Christian Stadler, Stephen Zeff"
320,6.0650363,9.778895,2026,Comparability of level 3 fair value disclosures,Financial Reporting,"Weitzu Chen, Chi-Hsien Lin, Yuan-Tang Tsai, Tzu-Cheng Peng"
321,5.9262924,9.566696,2026,Do mandatory changes in disclosure frequency affect information provision by other market participants? Evidence from the SEC regulation of mutual fund portfolio disclosure,Financial Reporting,"Fangfang Hou, Songyi Han, Tharindra Ranasinghe"
322,4.30825,9.367024,2026,Strategic narratives: mutual fund managers’ commentaries and fund flows,Financial Reporting,"Chunqiu Zhang, Shufang Lai, Ziyi Zhang"
323,5.0913525,6.8754435,2026,Coming up short: limits to arbitrage for shareholder activism in non-US firms,Financial Reporting,"Brianna de la Osa, Mark Maffett"
324,6.9133286,9.740651,2026,Reducing cyber risk: the impact of strengthened governance disclosure regulation,Financial Reporting,"Alexander Neumann, Sergeja Slapnicar, Vanitha Ragunathan"
325,6.678276,9.529217,2026,Clarity after crisis: data breaches and obfuscation in conference calls,Financial Reporting,Rui Duan
326,4.8955,4.241767,2026,From comments to policy: AI-assisted analysis of stakeholder responses to the SEC’s climate disclosure proposal,Financial Reporting,"Kostas Pappas, Alice Liang Xu"
327,5.7442074,8.280668,2026,Business complexity and non-GAAP earnings disclosure,Financial Reporting,Mohammad Hendijani Zadeh
328,5.785794,8.222257,2026,Do supplier non-GAAP earnings disclosures matter to major customers?,Financial Reporting,"Chih-Liang Liu, Shu-Miao Lai, Edoardo Nesi"
329,5.097179,8.406041,2026,"Fooled by the face? Headline GAAP, core earnings, and cost of debt",Financial Reporting,"Wanyun Li, Christofer Adrian, Cameron Truong, Stanley Choi"
330,5.694736,9.564146,2026,An empirical examination of the role of analysts’ information in managers’ voluntary disclosures,Financial Reporting,"Somnath Das, Shibao Liu"
331,4.5543413,9.712637,2026,The market informativeness of analyst forecasts in family firms,Financial Reporting,"Leonidas Doukakis, Olga Chara Pavlopoulou, Afroditi Papadaki"
332,3.706267,9.0115795,2026,Silence at the top - when CEOs can’t make it to the earnings call,Financial Reporting,"Niclas Hoehne, Maximilian A. Müller, Caspar Peter"
333,8.751603,7.228763,2026,"Sentiment of accounting and overall content in a chair’s statement – electricity supply board of Ireland, 1927-2023",Financial Reporting,"Bibek Bhatta, Martin Quinn, Alonso Moreno, Bríd Murphy"
334,6.663133,8.516365,2026,Connectivity in corporate reporting: evidence from the field,Financial Reporting,"Maximilian Terboven, Maximilian A. Müller"
335,6.608822,9.89843,2026,Accounting for crypto assets: navigating recognition uncertainty and its implications for users,Financial Reporting,"Ronita Ram, Matthew Egan, Kaiying Ji"
336,7.5687904,8.156863,2026,"Generative AI, investor composition, and information barriers",Financial Reporting,"Encarna Guillamon Saorin, María Gutierrez Urtiaga, Rongyi Yao"
337,4.7287884,9.542035,2026,Corporate cryptocurrency holdings and analysts’ forecasting environment,Financial Reporting,"Yi Huang, Adriana Korczak, Nikolaos Tsileponis"
338,4.7704873,10.539022,2026,Top management team and litigation loss contingency disclosures: evidence from Taiwan,Financial Reporting,"Yu-Fang Chu, Hsin-Yi Huang, Sin Chen"
339,5.3656325,8.538238,2026,Bank monitoring of borrowers and borrowers’ investment efficiency: evidence from the switch to the expected credit loss model,Financial Reporting,"Muhabie Mekonnen Mengistu, Jeffrey Ng, Walid Saffar, Janus Jian Zhang"
340,5.768417,8.432142,2026,"IFRS 9 under stress: loan loss provisioning, prudential regulation, and procyclicality",Financial Reporting,"Zoltán Novotny-Farkas, Romain Oberson, Elisabeth Carina Renner"
341,4.0571966,9.342326,2026,Virtual analyst private meetings,Financial Reporting,"An-Ping Lin, Yajing Tian, Xia Chen"
342,4.3878646,6.8428392,2026,Firms’ use of derivatives in a fragmented regulatory landscape,Financial Reporting,Jae Bum Kim
343,4.23153,9.584149,2026,The attention shakeout: financial analysts and the concentration of technology narratives,Financial Reporting,"Yujie Song, An-Ping Lin"
344,4.460904,4.0942254,2026,"Accounting for climate change: to what extent are climate change risks integrated into the financial statements of oil, gas, and coal companies?",Financial Reporting,"Hafez Abdo, Freeman Owusu, Duncan Angwin, Angelos Angelakis"
345,3.7258801,7.5634604,2026,Exploring the economic consequences of IAS 38 on management decision-making in R&D investments under real earnings management spectrum,Financial Reporting,"Angelos Angelakis, Jim Haslam, Elisabetta Mafrolla"
346,6.6208735,9.8486185,2026,Crypto confessions: the digital transition of risk disclosure,Financial Reporting,"Elisabetta Mafrolla, Maria Ricci, Hafez Abdo"
347,4.9019303,6.28221,2026,Does government subsidy above or below operating income matter to investors? Evidence from Chinese Accounting Standard no.16,Financial Reporting,"Qiang Wu, Cheng Zeng, Yani Li"
348,2.5484009,10.204812,2026,Reporting information systems in a dynamic regulatory environment: generalized assurance risk and relative quality of ESG reporting,Financial Reporting,"Liang Fu, Seong Yeon Cho, Yin Yu-Thompson, Joseph Callaghan"
349,6.5602517,5.627035,2026,The impact of mandatory sustainability reporting on the quality of financial reporting,Financial Reporting,"Alessandro Mura, Viviana Ecca, Francesco Vallascas"
350,5.9782357,8.5225935,2026,Anticipating IFRS 18: how do income statement disaggregation and management performance measures affect investor judgments?,Financial Reporting,"Sabine Graschitz, Nadine Georgiou"
351,5.7647796,8.338889,2026,Regulatory intensity and non-GAAP earnings disclosure,Financial Reporting,Haowen Deng
352,5.808954,8.295051,2026,GAAP or non-GAAP - German investors’ perception g(a)ap in evaluating annual reports,Financial Reporting,"Celine Daute, Christiane Pott, Fabian Freches"
353,5.6008544,10.019938,2026,The impact of ASC 842 on classification shifting,Financial Reporting,"C. S. Agnes Cheng, Yuedan Geng, Sha Zhao"
354,6.4514728,8.621775,2026,Compliance with financial reporting standards and efficiency gains: evidence from ASC 842,Financial Reporting,Doyeon Kim
355,4.0464373,8.110265,2026,"Organizational capital, advertising-based capital, and information asymmetry",Financial Reporting,"Jessica Kim-Gina, Muskan Chawla, Henry Friedman"
356,6.1535006,8.326073,2026,Planned embedded change: a theoretical model from the IFRS Foundation case,Financial Reporting,Masatsugu Sanada
357,9.012604,6.8710904,2026,"Fostering, bridging and letting things pass: paths to faithful representation in automated accounting practice in SMEs",Financial Reporting,Malin Brus
358,9.244906,7.2182827,2026,Becoming accounting standard-setter: the role of professional networks and identities in shaping careers,Financial Reporting,"Jan Friedrich, Melanie Grosseastroth, Tessa Kunkel"
359,6.210744,9.591599,2026,Disclosure regulation and legal form choice,Financial Reporting,"Patricia Breuer, Matteo Merlo, Jochen Pierk"
360,6.559454,8.912458,2026,Reporting regulation and market perception,Financial Reporting,Elena Reck
361,6.5473495,9.331875,2026,Substantive regulation and voluntary public disclosure: early evidence from the EU AI Act,Financial Reporting,Stephanie van der Veen
362,5.296681,8.66308,2026,Pay transparency and risk appetite: evidence from mortgage lending decisions,Financial Reporting,"Mengdi Zhang, Yupeng Lin, Lixin (Nancy) Su, Zheng Wang"
363,9.500585,9.429062,2026,Do joint audits enhance financial reporting quality and lending discipline in banks?,Financial Reporting,Sriniwas Mahapatro
364,5.889188,8.236051,2026,Common ownership and non-GAAP reporting,Financial Reporting,"Ruichao Zhu, Charles Hsu, Han Xiao"
365,6.0799575,8.448097,2026,Why IFRS 9 could fall in love with regression trees,Financial Reporting,Sabine Böckem
366,5.1018324,9.19527,2026,Information crosschecking: understanding investor reaction to earnings of unknown accuracy,Financial Reporting,"Shai Levi, Eti Einhorn, Noga Abraham"
367,6.5348225,8.40951,2026,Financial reporting quality within business groups,Financial Reporting,"Laura Arranz-Aperte, Bartolomé Pascual-Fuster"
368,6.225006,9.044939,2026,Mandatory non-financial reporting and strategic voluntary disclosure: evidence from an employer review platform,Financial Reporting,"Karl Kappen, Jan Roessner, Inga Meringdal"
369,6.3823023,5.4578547,2026,Demand for sustainability disclosures: evidence from web-tracking data of CSRD reports,Financial Reporting,"Lea Hagemeier, Maximilian A. Müller"
370,2.4867911,10.205505,2026,When ESG reporting backfires: evidence on withholding bad news following SASB standards rollout,Financial Reporting,Amna Chalwati
371,4.9483466,7.6615133,2026,Earnings management of oil & gas firms after the Russian invasion of Ukraine,Financial Reporting,"Nadine Georgiou, Jochen Bigus, Nils Hain"
372,4.6412654,8.349906,2026,Collusion and earnings management in private firms: evidence from antitrust prosecutions in an emerging market,Financial Reporting,"Begoña Giner, Hector Perafan, Belen Gill de Albornoz Noguer"
373,6.4543433,8.960945,2026,Financial reporting regulation and corporate non-financial misconduct,Financial Reporting,"Dennis Sundvik, Henrik Hoglund, Mingjian Li"
374,4.5733976,9.45616,2026,When the pieces move: do financial analysts pick up on segment reporting reshuffling?,Financial Reporting,"Andrei Filip, Louis Mangeney, Rucsandra Moldovan, Paul André"
375,7.6427507,9.380358,2026,Misstatement types and SEC investigations,Financial Reporting,Florian Dreyer
376,3.3868473,7.12178,2026,Anticipating change: stock market and multinational firm responses to disaggregation in income tax disclosures,Financial Reporting,"Derek Christensen, Anh Nguyen, Dan Lynch, Max Pflitsch"
377,5.8548284,9.314228,2026,How does public activism shape voluntary disclosure? Evidence from the thematic contents of earnings calls,Financial Reporting,Jiamin Zhao
378,4.3821144,7.721961,2026,InnoBERT: LLM-based innovation measure,Financial Reporting,"Mustafa Ahçi, Philip Joos"
379,6.054702,8.39467,2026,Stakeholder responses to IFRS 18 and the institutionalisation of non-GAAP measures: evidence from 214 comment letters,Financial Reporting,Edoardo Nesi
380,6.4496593,9.835536,2026,"Pills, powders, and proof",Financial Reporting,"Christian Friedrich, Gerrit von Zedlitz, Anna Costello"
381,5.2507486,9.22237,2026,Investor reaction to information generated over the reporting cycle,Financial Reporting,"Raluca Chiorean, Kathleen Weiss Hanley, Neil Snow"
382,5.5572557,9.514185,2026,Capital market effects of risk factor disclosure modernization,Financial Reporting,"James Blann, James Moon, Yuxiao Wang"
383,6.1786785,9.623435,2026,On the optimal frequency of mandatory disclosure,Financial Reporting,"Seung Lee, Ivan Marinovic"
384,5.953726,9.745942,2026,Disclosure externalities created by information processing capacity allocation: the role of heterogeneous processing costs across information disclosures,Financial Reporting,"Sebastian Fleer, Hui Chen"
385,5.8439627,9.748939,2026,"More information, less learning: how disclosure shapes market feedback",Financial Reporting,"Hui Chen, Jan Schneemeier, Seung Lee"
386,5.8189034,9.616301,2026,Targeted disclosure to retail investors,Financial Reporting,Wan Chu Cheong
387,5.839291,9.750948,2026,Making risk-factor disclosures useful again,Financial Reporting,"Ankita Marwaha, Nitin Vishen"
388,6.944773,9.756823,2026,Cybersecurity risk disclosure and corporate credit risk,Financial Reporting,"Tsung-Kang Chen, Yi Jie Tseng, Yun Hao"
389,3.4997773,8.928128,2026,CEO final year and tone management: does managerial ability matter?,Financial Reporting,"Oveis Madadian, Pratik Goel, Wouter Torsin"
390,5.3393817,9.045072,2026,What matters in predicting earnings changes: financial statement numbers or textual disclosures?,Financial Reporting,"Kaustav Sen, Neerav Nagar, Indranil Bose"
391,6.361136,9.338584,2026,The informativeness of SOX 404 textual disclosures: using natural language processing on management’s and auditor’s internal control disclosures to detect financial misreporting,Financial Reporting,"Stephan Küster, Tobias Steindl, Sven Hartlieb"
392,4.715731,4.2499075,2026,Does climate-related cheap talk matter? Climate disclosure and management earnings forecasts,Financial Reporting,"Gerald Eisenhut, Margarethe Rammerstorfer, Katrin Hummel, Karl Weinmayer"
393,6.9211726,9.24416,2026,Beyond words? Using multimodal large language models to analyze conference calls,Financial Reporting,"Doron Reichmann, Anna Rohlfing-Bastian"
394,3.9675996,5.714238,2026,Dual deregulation and the IPO decision under the JOBS Act,Financial Reporting,"Heylel-Li Biton, Benjamin Segal"
395,5.6048203,9.90745,2026,Product market competition and segment-level management forecast disclosure,Financial Reporting,Yuriko Takahashi
396,7.5973525,7.801098,2026,Workplace automation and human capital disclosure,Financial Reporting,"Yingshuang Ma, Byron Song, Janus Jian Zhang"
397,4.866243,5.584563,2026,Monitoring the green line: environmental covenants in supply chain contracts,Accounting and Governance,"Ting Dai, Ling Cen, Michael Hertzel, Scott Liao"
398,4.773319,4.3819256,2026,Emissions restatements after the SEC’s request for public input on climate-related disclosures: evidence from carbon disclosure project filings,Accounting and Governance,"Daniel Aobdia, Gerrit Köchling, Peter Limbach, Aaron Yoon"
399,6.1738744,6.0407248,2026,Strengthening stakeholder engagement through reputation and assurance mechanisms: insights from Latin American companies,Accounting and Governance,"Kiara Chau, Laura Sierra Garcia, Maria Garcia Benau"
400,8.436049,8.828709,2026,Risk governance as an ethical safeguard: corruption and the demand for enhanced risk oversight,Accounting and Governance,"Evelyn Braumann, Mark Beasley, Bruce Branson, Don Pagach"
401,5.2089405,7.083389,2026,Control rights or wrongs? Active versus index governance,Accounting and Governance,"Begum Ipek Yavuz, David K. Musto, Anne M. Tucker"
402,5.1799297,6.4914465,2026,"State capitalism, conflict of interest, and minority shareholder voice: evidence from China",Accounting and Governance,Chan Ke
403,2.62302,8.226909,2026,Men are inclusive,Accounting and Governance,"Cristina Grande-Herrera, Susana Gago Rodriguez, María Josefa Álvarez-Gil, Bárbara de la Vega-Justribó"
404,4.1009183,7.7187257,2026,Board faultlines and corporate performance: the moderating role of national culture,Accounting and Governance,"Lin Luo, Steven Chen, Jannine Poletti-Hughes"
405,3.5300367,8.7526,2026,Family CEO successions: the role of the succession design,Accounting and Governance,Caroline Thøisen Larsen
406,5.7596765,6.566516,2026,To reveal or conceal? Local environmental enforcement and firms’ strategic supplier identity disclosure,Accounting and Governance,"Lulu Di, Jie Gao, Shiyuan Li, Hong Luo"
407,5.568774,6.798257,2026,United we speak: antidumping investigations and intra-industry strategic cost coordination,Accounting and Governance,"Yangyi Zhang, Cheng Zeng, Qiang Wu, Omrane Guedhami"
408,3.560638,8.855586,2026,When do narcissists rise to the top? Slack and narcissistic CEO appointment,Accounting and Governance,"Philipp Richter, Aline Grahn, Sebastian Baldermann, Thomas Moliterno"
409,6.4141536,9.263073,2026,Financial reporting consequences of consumer protection disclosure: evidence from data breach notification laws,Accounting and Governance,"Lien Duong, Zijie Huang, Grantley Taylor"
410,2.7795258,9.596617,2026,The impact of the general data protection regulation (GDPR) on the sensitivity of executive compensation,Accounting and Governance,"Wei-Chuan Kao, Chih-Hsien Liao"
411,5.6878295,10.130204,2026,Frivolous or meritorious lawsuits? Judicial efficiency and corporate disclosure,Accounting and Governance,"Weiqi Liu, Sterling Huang, Sugata Roychowdhury, Bingxu Fang"
412,4.8448334,5.2216296,2026,Institutional investors and environmental expertise on corporate boards,Accounting and Governance,"Raffaele Manini, Philip Joos, Duo (Selina) Pei, Tom Vos"
413,4.8565927,4.32064,2026,Climate policy uncertainty and climate institutional investors’ activism: the moderating role of TCFD-aligned disclosure,Accounting and Governance,"Zhenyu Liu, Isabelle Martinez"
414,2.913244,9.857885,2026,Prosocial analysts and corporate ESG activities,Accounting and Governance,"Weiyan Hu, Xuejiao Liu, Hong Wu, Huai Zhang"
415,5.0609684,9.45011,2026,Rewarding investor communication effort: evidence from compensation of investor relations officers,Accounting and Governance,"Rong Huang, Wei Shi, Feng Tang, Desmond Yuen"
416,4.5261893,9.286502,2026,Do managers feather their own nest by disclosing less? Evidence from corporate opportunity waiver laws,Accounting and Governance,"Jeffrey Ng, Jiaxin Wang, Huailing Xie, Guochang Zhang"
417,3.9640856,9.062033,2026,Strategic silence or defensive evasion? Corporate risk taking and managerial,Accounting and Governance,"Menghan Li, Cheng Zhang, Jiawei Ni"
418,3.905904,5.765626,2026,The attractiveness of stock exchanges and its effects on firm IPO valuation – evidence from the overseas listing of mainland Chinese companies,Accounting and Governance,Lirong Shi
419,4.6684465,9.131459,2026,The price of voice: how investor engagement distorts investment,Accounting and Governance,"Zili Zhuang, Jun Chen, Yongxin Xu"
420,5.4670424,7.2841454,2026,The impact of going public on the corporatization of football clubs. The Italian case,Accounting and Governance,Roberto Aprile
421,2.591821,8.101326,2026,When women lead and oversee: how female executive vs. supervisory directors shape corporate tax aggressiveness,Accounting and Governance,"David Castillo-Merino, Josep García-Blandón"
422,2.580224,8.113461,2026,"From tokenism to oversight board gender diversity, audit committees, and corporate currency hedging",Accounting and Governance,Jessica Yi
423,2.709592,8.215987,2026,Boardroom diversity and risk-taking decisions: employee director perspective,Accounting and Governance,"Ruth Owusu-Mensah, Nana Bempah, Andrews Owusu"
424,5.188642,7.0137773,2026,Nature of corporate governance problem: political arbitration for common good Part I,Accounting and Governance,"Pradyot (P.K.) Sen, Sushil Khanna, Krishna Ladha"
425,3.5138924,8.7240715,2026,CEOs in political and corporate democracy,Accounting and Governance,"Weijia Zhi, Menghan Zhu"
426,8.650656,9.132181,2026,When the stakes are personal: wealth concentration and audit fees,Accounting and Governance,"Kurt Desender, Monica Lopez-Puertas Lamy"
427,5.2489343,6.3834844,2026,Political promotion and corporate social responsibility reporting quality: evidence from Chinese local state-owned enterprises,Accounting and Governance,"Yi Wang, Hwa-Hsien Hsu"
428,7.5398083,9.470911,2026,In the name of national security: foreign investment and national security act (FINSA) and credit ratings,Accounting and Governance,Tracie Frost
429,3.934026,5.752371,2026,Does the blocking of internet information search exacerbate controlling shareholders’ tunneling? Evidence from Google’s withdrawal from China,Accounting and Governance,"Lin Pan, Jiawen Wang, Junshang Xiao, Wenxia Ge"
430,6.260861,9.654025,2026,From FDA to SEC: clinical trial result submission and supplementary SEC disclosure,Accounting and Governance,"Caixia Hu, Qin Li, Lixin (Nancy) Su"
431,6.0931516,7.7924533,2026,Corporate governance and goodwill impairment: impact on future performance,Accounting and Governance,Sofiya Meleshkova
432,5.9320803,6.923586,2026,Disclosure of misconduct in supply chains,Accounting and Governance,"Marina Köllermeyer, Michael Ebert"
433,4.3680034,5.5063267,2026,Goofus or Gallant? Externalities of peers’ environmental penalties,Accounting and Governance,"Haiyan Jiang, Mabel D Costa, Le Luo, Albert Tsang"
434,5.8636365,4.977876,2026,Sustainability control tightness and corporate decarbonization,Accounting and Governance,"Mohsin Riaz, Jamshed Iqbal, Toni Mättö"
435,4.5448947,5.6287694,2026,Regulatory spillovers and corporate visibility: how peer environmental penalties shape advertising behavior,Accounting and Governance,"Chao He, Dio Cheng-Erh Huang, Qingyuan Li, Yiran Xu"
436,5.566722,9.705887,2026,Not all that’s abandoned is lost: the informational role of withdrawn patent applications,Accounting and Governance,"Shangkun Liang, Sichao Wang, Cheng Zeng"
437,4.732005,7.451685,2026,Government data accessibility and firms’ strategic alliances formation,Accounting and Governance,Huailing Xie
438,3.9070613,9.412817,2026,Analyst coverage and corporate wage theft,Accounting and Governance,"Mark Anderson, Soonchul Hyun, Hunter An, Zhiyan Wang"
439,2.5720847,8.140746,2026,Structural effects of gender quota regulations on board characteristics and governance quality: two decades of evidence from Scandinavia,Accounting and Governance,"Josep García-Blandón, Josep Argiles-Bosch, Diego Ravenda, David Castillo-Merino"
440,2.567289,8.154882,2026,From reform to representation: women on boards and shareholder dissent,Accounting and Governance,"Martin Bugeja, Jiaqi Wang"
441,2.5800264,8.197476,2026,Board gender quotas and female CEOs in private firms,Accounting and Governance,"Marcelo Ortiz, Sonia Falconieri, Francisco Urzua, Paolo Volpin"
442,4.9639664,7.0606675,2026,Advancing geo-accounting: a bibliometric-systematic review of geopolitical risk in financial reporting,Accounting and Governance,"Aragón Djamchidi, Thomas Berndt"
443,7.3880644,5.786307,2026,The boundaries of dialogic accountability,Accounting and Governance,Natalia Berg
444,4.4074516,9.891207,2026,Analyst discovery in the era of information democratization,Accounting and Governance,"Zhengyuan Huang, Qinglu Jin, Hongping Tan, Xingqiang Yin"
445,3.5256758,9.174821,2026,Tweeting for pay? CEO twitter activity and the design of incentive compensation,Accounting and Governance,"Wenjiao Cao, Yuyan Guan, Long Niu, Yachang Zeng"
446,3.6472025,8.915756,2026,Contextualized CEO effect,Accounting and Governance,"Wenzhi Ding, Wanying Song, Qiang Wu"
447,3.5390673,9.060846,2026,The silent signals of leadership: the role of CEO body language in compensation decisions,Accounting and Governance,"Mehdi Khodakarami, Mukesh Garg, Cameron Truong, Christofer Adrian"
448,5.525919,5.2994895,2026,Green signals in capital markets: the impact of sustainable supply chain practices on financing choices,Accounting and Governance,"Hui Sung Kao, Shu-Hsien Lin"
449,4.3657246,4.0720196,2026,Firm-specific climate change risk and environmental contracting,Accounting and Governance,"Rodion Skovoroda, Siqi Liu, Xianmin Liu, Sardar Ahmad, Andrew Stark"
450,3.8682766,9.117505,2026,Do not smear my reputation: compromised directors and corporate social responsibility,Accounting and Governance,"Akram Khalilov, Irina Gazizova"
451,5.899173,7.2296505,2026,Board interlocks in supply chains: information and governance implications,Accounting and Governance,"Deju Zhang, Sangho Chae, Hugo Lam, Shuo Wang"
452,5.593094,7.8092227,2026,Comparative analysis on the rationales of cooperative bank mergers in Finland and Germany,Accounting and Governance,"Pasi Sajasalo, Tommi Auvinen, Eric Meyer, Antti Rautiainen"
453,5.660074,6.9636807,2026,Common ownership and the alignment of customer procurement networks: evidence from supplier sharing among U.S. public firms,Accounting and Governance,"Jiyuan Dai, Igor Kadach"
454,6.5882063,6.8585258,2026,From trading to voting: small shareholders on digital platforms,Accounting and Governance,Yike Wang
455,5.079643,6.572003,2026,Do excess control rights hinder equity incentive adoption? Evidence from China,Accounting and Governance,"Hui Zhou, Li Feng, Geoff Martin"
456,5.6331983,7.157926,2026,Expertise-aligned dissent and the effectiveness of board oversight,Accounting and Governance,"Wuchun Chi, Jia-Wen Liang, Stephanie Tsui, Anxuan Xie"
457,7.4884214,9.385723,2026,Whose interests are reflected in SEC rules?,Accounting and Governance,"Gabriel Pundrich, Gabriel Voelcker, Chuck Downing"
458,4.4565663,6.802645,2026,The power of patience: geography and negotiation dynamics in proxy voting,Accounting and Governance,"Xijiang Su, Ruichi Xiong"
459,4.9985948,7.1860266,2026,Sanctions and firms’ performance: a geopolitical accounting approach,Accounting and Governance,Olga Golubeva
460,4.141067,10.988053,2026,Racial disparities in the processing of whistleblower complaints,Accounting and Governance,Marco Errico
461,7.3483076,5.757394,2026,Targeted transparency and individual accountability: evidence from police officer identification,Accounting and Governance,"Gerrit von Zedlitz, Felix Vetter, Thomas Simon"
462,4.1119204,11.010474,2026,Hiding in plain sight: online complaints as an alternative to whistleblowing,Accounting and Governance,"Jeroen Koenraadt, Aneesh Raghunandan, Thomas Ruchti"
463,8.3034935,8.827805,2026,How does fair value accounting affect risk management for directors and officers?,Accounting and Governance,"Che-Chia Chang, Ya-Hui Lin, Hunghua Pan"
464,6.128107,7.664754,2026,Spillover effects of bank enforcement actions,Accounting and Governance,"Diana Choi, Danyang Jiang, Ted Goodman, Lin Cheng"
465,5.6987405,8.091731,2026,Banks’ revolving door hiring of former regulators and forward-looking credit loss accounting,Accounting and Governance,"Jia Guo, Weihua Qiu, Janus Jian Zhang"
466,6.7324185,6.7626333,2026,Blockchain platform of bank confirmations and corporate cash holdings,Accounting and Governance,"Yan Wang, Fei Yan, Baolei Qi"
467,6.625757,9.94947,2026,"Interdiscipinary approaches to the valuation of historical, heritage and cultural digital assets: a case study of Chichester festival theatre",Accounting and Governance,Karen McBride
468,6.6744566,6.790189,2026,Decentralizing capital access: evidence from blockchain adoption in regional SME equity markets,Accounting and Governance,"Ke Liao, Ziheng Qi"
469,5.6621175,10.146239,2026,Family firms and corporate litigation: the role of reputation,Accounting and Governance,"Federico Bertacchini, Gianluca Gabrielli"
470,3.8220267,8.336418,2026,Codified board advising and family firm innovation in an emerging economy,Accounting and Governance,"Joyce Wang, Yiyi Zhao, Jigao Zhu, Mike Peng"
471,3.5816479,7.7431536,2026,Strategic slack and socioemotional wealth: a dual-theoretical perspective on R&D smoothing in family firms,Accounting and Governance,"Zeenat Murtaza, Androniki Triantafylli, Georgios Kavetsos"
472,3.9975874,6.8089147,2026,Does political opportunism pay off? Evidence from government contracts,Accounting and Governance,"Jan Seitz, Simon Wolf"
473,3.9459693,6.7834563,2026,Firm-level political risk and the likelihood of pension buyout transactions,Accounting and Governance,"Dorcas Nduakoh, Monika Tarsalewska, Paraskevi Vicky Kiosse, Pengguo Wang"
474,8.128118,5.51665,2026,Retroactive inscription and the temporal stabilisation of inter-organisational control,Accounting and Governance,Sandrine Mathieu Dumas
475,4.5739307,6.518093,2026,"Corporate governance, dividend policy, and the institutional environment: evidence from EU-firms",Accounting and Governance,"Gabriel Matejka, Ewald Aschauer"
476,2.8400307,9.656657,2026,"Managerial ownership, esg-linked compensation, and human capital disclosure: evidence from the SEC Regulation S-K amendment",Accounting and Governance,"Abdullah Alkhawfi, Ana Marques, Francesca Cuomo, Januário Monteiro"
477,6.653061,6.813624,2026,"Firm innovation in the digital era: evidence from executive equity incentives, blockchain, and governance mechanisms",Accounting and Governance,"Androniki Triantafylli, Evisa Mitrou, Rong Zhang"
478,5.207717,7.064799,2026,The rise of artificial hegemony in corporate governance experimental evidence on the use of LLMs in strategic board deliberations,Accounting and Governance,"Patrick Zbinden, Yu Sun, Michele Sutter-Rüdisser, Thomas Berndt"
479,4.6828504,7.6584725,2026,The impact of government transparency on firm innovation disclosures,Accounting and Governance,Qing Xia
480,3.528262,8.794799,2026,"CEO structural power, earnings persistence and organizational complexity",Accounting and Governance,"Erekle Pirveli, Philip Sinnadurai"
481,3.334744,8.557196,2026,Corporate insiders’ risk attitudes in dynamically changing environments,Accounting and Governance,"Sreyaa Guha, Elvira Scarlat, Matthias Seifert, Allègre Hadida"
482,5.849738,7.1521344,2026,Friends or foes? Staggered boards and stakeholder violations,Accounting and Governance,"Rashid Zaman, Muhammad Nadeem, Georges Samara, Hadrian Djajadikerta"
483,3.476687,8.258576,2026,The effect of penalty salience on insider trading: evidence from prison closures,Accounting and Governance,"Markus Andreas Frank, Jonas Heese, Joseph Pacelli"
484,6.6557717,7.303086,2026,Accounting-based monitoring: evidence from supply chain contracts,Accounting and Governance,Xuanheng Huang
485,3.961491,5.690626,2026,The impact of IPO terminations on R&D manipulation in peer listed firms,Accounting and Governance,"Zijian Cheng, Qian Li, Zhangxin (Frank) Liu, Yang Su, Tianze Li"
486,5.713492,7.753571,2026,"Bank specialization, control rights, and real effects",Accounting and Governance,"Ozan Güler, Marco Giometti, Stefano Pietrosanti"
487,5.677141,8.188025,2026,"Executives’ horizon, internal governance, and forward-looking credit loss accounting",Accounting and Governance,"Fangfang Hou, Huan Ke, Janus Jian Zhang"
488,5.2944226,7.6436186,2026,Institutional dual holdings and firms’ executory contracts with suppliers: evidence from shareholder-lender mergers,Accounting and Governance,Yunqi Xu
489,4.779668,7.8021097,2026,Executive interest alignment or opportunism: transparency as a governance mechanism in equity-based incentives,Accounting and Governance,"Henri Tran, Thu Ha Tran"
490,3.7117076,9.144677,2026,Unintended consequences of mandatory CEO pay ratio disclosure,Accounting and Governance,Vijay Shukla
491,2.6386845,9.82142,2026,ESG-related executive compensation and firms’ voluntary financial disclosures,Accounting and Governance,Clemens Lauer
492,2.609237,8.132497,2026,Gendered wage dynamics in high-level roles: why parenthood widens the leadership wage gap?,Accounting and Governance,Elisa Raoli
493,3.5597088,7.2790785,2026,Executive mental health and corporate investment,Accounting and Governance,"Mariya Ivanova, Jenni Kallunki, Juha-Pekka Kallunki, Gilad Livne"
494,2.6314263,8.185556,2026,Do nomination committees shape board diversity?,Accounting and Governance,"Kashan Pirzada, Kamran Ahmed"
495,4.5705285,5.5564613,2026,How do corporate site visits affect the probability of industrial firms announcing refocusing?,Accounting and Governance,"Chun Yu Mak, Jia Liu, Guowen Li"
496,4.3402247,7.673933,2026,Performance through innovation: a dynamic analysis of SMEs,Accounting and Governance,"Gavin Reid, Julia Smith"
497,4.3475447,7.7724934,2026,Closed innovation vs open innovation: artificial intelligence and innovation strategy choice of SMEs,Accounting and Governance,"Qianwen Wang, Junrui Zhang"
498,3.7269301,8.818496,2026,"Boss’s sin, subordinates’ stain: stigma by association and employee careers in the aftermath of CFO dismissals",Accounting and Governance,"Steven Cahan, Jiaying Ge, Jingjing Xia, Rengong Zhang"
499,3.7910895,8.928339,2026,"Crash, bang, wallop—you’re fired: an experimental study of the effects of stock price crash and financial reporting quality on investor perceptions of CEO/CFO role dismissal",Accounting and Governance,"Ferdinand Gul, Karen Lai, Wen Hua Sharpe, Matt Mount, Bin Srinidhi"
500,4.0201125,5.651309,2026,"IPO withdrawal, industry competition and earning management of peer firms",Accounting and Governance,"Zijian Cheng, Yuxuan Shi, Qian Li, Zhangxin (Frank) Liu"
501,8.862408,9.16288,2026,Watchdogs or friends? CEO-audit committee ties and M&A performance,Accounting and Governance,"Syed Shams, Yaohua Qin, Chandra Krishnamurti, Luisa Unda, He Xiao"
502,3.1878812,9.358103,2026,Informing independent directors,Accounting and Governance,Messod Daniel Beneish
503,6.153694,7.1772747,2026,Board composition and implicit team incentives,Accounting and Governance,"Masako Darrough, Eunhee Kim, Sandra Kronenberger, Sebastian Kronenberger"
504,4.4924664,8.320957,2026,Delegation to subsidiary executives and earnings management: evidence from publicly listed subsidiaries in Japan,Accounting and Governance,"Yoshitaka Kubota, Yasuhiro Ohta"
505,3.789163,8.99348,2026,Managing employee perceptions under takeover threats? Evidence from CEO approval ratings on glassdoor,Accounting and Governance,"Dichu Bao, Ruirui Fang, Lixin (Nancy) Su"
506,5.28923,9.561526,2026,Rent-seeking through bad mouthing: employees’ strategic workplace disclosure before stock option grants,Accounting and Governance,"Yangyang Chen, Yongkang Li, Junqi Liu, Jeffrey Pittman"
507,5.7883344,5.111137,2026,How socially responsible investors shape sustainability assurance practices? Evidence from European firms,Accounting and Governance,"Marta Sánchez Sancho, Maria del Mar Sanchez Hernandez, Jennifer Martinez Ferrero, Emma García-Meca"
508,5.7537155,8.957084,2026,Spillover effects of non-financial reporting mandate: uncertainty about investors’ preferences,Accounting and Governance,"Dimitrios Papagiannis, Bjarne Brié"
509,6.449918,8.5911,2026,Beyond financials: exploring existing and emerging non-financial reporting practices,Accounting and Governance,"Paolo Biancone, Valerio Brescia, Ginevra Degregori, Maria Carmela Serluca"
510,5.171869,8.546762,2026,"Uncertainty, earnings call disclosure, and debt financing",Accounting and Governance,"Yi-Mien Lin, Jing-Chi Chen"
511,5.0177784,8.29977,2026,Family firms and debt contracts: evidence from Taiwan,Accounting and Governance,"Pin-Yi Yeh, Dio Cheng-Erh Huang, Ann Ling-Ching Chan"
512,3.3072073,9.351344,2026,The voice of small shareholders at annual general meetings,Accounting and Governance,"Costanza di Fabio, Alberto Quagli, Francesco Avallone, Paola Ramassa"
513,4.494934,8.305262,2026,Monitoring or collusion? Common institutional ownership and the accuracy of management earnings forecasts in Japan,Accounting and Governance,"Wenjun Kuang, Efendi Jap"
514,5.0329933,7.4074354,2026,From slack to discipline: private equity ownership and operating cost stickiness,Accounting and Governance,"Gianluca Gabrielli, Camilla Ciappei"
515,4.4597063,8.28947,2026,The effect of employee stock ownership on earnings management: evidence from Japan,Accounting and Governance,Shuichiro Kyodo
516,4.598218,4.021896,2026,"Redistributing disaster cost: accounting, power, and corporate survival after Fukushima",History,"Eri Kanamori, Orie Miyazawa"
517,8.84347,6.9979715,2026,The historiography of double entry accounting in the pre-modern era — a critical reassessment,History,Alan Sangster
518,8.752071,7.0369463,2026,Telefónica in historical perspective (1924–2024): a century-long longitudinal study of financial and accounting evolution,History,"Javier Ayuso, Pau Insa-Sánchez"
519,8.531729,6.954738,2026,Assetization as a mode of control,Interdisciplinary / Critical,"Thomas Skinnerup, Gro Holde"
520,8.732628,7.013188,2026,Economic paradigms and their performativity in accounting research,Interdisciplinary / Critical,"Yuval Millo, Jan Pfister"
521,8.579178,6.961572,2026,Intangible assetization: the accounting entity on trial. The case of a French government initiative (2007-2020),Interdisciplinary / Critical,"Anne Jeny, Eve Chiapello, Laure Célérier"
522,8.901266,8.081421,2026,Generative AI versus human: a comparison of their uses in reflexive thematic analysis on corporate social responsibility motivations in UK audit firms,Interdisciplinary / Critical,Di Min
523,2.2457676,9.772368,2026,Endogeneity challenges in environmental ESG and financial performance studies: a systematic review,Interdisciplinary / Critical,"Florian Follert, Tim Herberger, Nicole Trinkl"
524,7.8890815,8.121096,2026,Ascertaining RD&E decision-makers intentions to use AI: empirical evidence from an international sample,Interdisciplinary / Critical,"Laura Broccardo, Edoardo Crocco"
525,7.368692,5.76406,2026,"Accountability sinks, accountability gaps and technological injustice: the case of the British post office/horizon IT scandal",Interdisciplinary / Critical,"Louise Gorman, Niamh M. Brennan, Victoria Edgar"
526,6.540186,8.556627,2026,The construction and evolution of non-financial benchmarks: an empirical investigation,Interdisciplinary / Critical,"Dasha Smirnow, Jan Bebbington"
527,6.629831,7.412611,2026,Accounting and managerial dilemmas of network companies: railway companies as an example between 1883 and 1914,Interdisciplinary / Critical,"Mohamed Ali Dakkam, Cedric Poivret"
528,5.140287,6.5219345,2026,"Waiters, old pals, beggars, and bribers: the economic and social lives of sell-side analysts in China",Interdisciplinary / Critical,"Dane Pflueger, Han Wu, Han Wu"
529,5.551011,7.6619925,2026,Bank shareholder equity between prudential regulation and financial management,Interdisciplinary / Critical,"Maria Elena Olante, Yuri Biondi, Davide Arrighi"
530,7.393356,5.813744,2026,How top managers’ vocabularies of motive shape accountability processes: the case of integrated reporting,Interdisciplinary / Critical,"Sabrina Roszak, Aziza Laguecir, Mouna Hazgui"
531,9.202321,6.905374,2026,Combining academic work and care responsibilities in the shadow of performance management,Interdisciplinary / Critical,"Kirsi-Mari Kallio, Aki Lehtivuori, Janne Tienari, Susan Merilainen, Tomi Kallio"
532,8.879622,7.0268006,2026,How does the accounting research community think about open science?,Interdisciplinary / Critical,"Joachim Gassen, Jacqueline Klug, Victor van Pelt"
533,8.75732,7.1877313,2026,The affectivity of accounting and control practices and its role in changing organizations: an ethnographic study,Interdisciplinary / Critical,"Paola Trevisan, Christian Huber"
534,8.895849,7.07057,2026,"""Who are you?"" silence and melancholia as a psychic operation of power in diverse accounting spaces",Interdisciplinary / Critical,"Tassiani dos Santos, Nick McGuigan, Iago Lopes"
535,6.4163404,8.960231,2026,"IMPACT, SHE WROTE - genres of narrative reporting in the cultural sector",Interdisciplinary / Critical,Angela Nativio
536,5.2779684,5.4749384,2026,From market fact to translation effect: re-theorizing the greenium through actor-network theory,Interdisciplinary / Critical,"Tra Tham, Othmar Lehner, Theresia Harrer"
537,9.048588,8.817605,2026,The illusion of duty: how the audit profession let users down,Interdisciplinary / Critical,"Cynthia Courtois, Pier-Luc Lajoie, Angélique Malo"
538,8.884591,7.094244,2026,The interplay of cognition and emotion when interpreting accounting information: an ethnographic study of financial due diligence,Interdisciplinary / Critical,"Hanna Heeg, Christoph Pelger"
539,9.005056,8.655234,2026,Auditors’ going concern decisions: insights from practice,Interdisciplinary / Critical,"Dominic Detzen, Marshall Geiger, Anna Gold, Philip Wallage"
540,9.067598,7.1698794,2026,The myth of normal: a feminist account of cumulative trauma in women accountants’ careers,Interdisciplinary / Critical,"Alessandro Ghio, Carly Moulang"
541,9.0671,7.106583,2026,Activism in accounting academia: identity work in liminality,Interdisciplinary / Critical,"Juliette Senn, Alessandro Ghio"
542,7.388371,5.7669916,2026,"Closed worlds, open practices: understanding accountability in Italian juvenile detention centres",Interdisciplinary / Critical,"Lorenzo Pratici, Anwar Halari, Isabella Mozzoni"
543,3.9018812,4.6475077,2026,Family firms and CO2 emissions: unpacking the role of market volatility and risk aversion,Interdisciplinary / Critical,"Rodrigo Basco, Thomas Bassetti, Andrea Caccialanza, Lorenzo dal Maso"
544,5.187953,7.9762483,2026,The construction of financial value: crafting synergy estimates in acquisitions,Interdisciplinary / Critical,"Luc Paugam, Herve Stolowy, Yike Wang, Christof Binder"
545,5.2372627,9.679577,2026,Optimism or strategy? Positive communication in corporate disclosures,Interdisciplinary / Critical,"Karol Klimczak, Dominika Hadro, Marcel Meyer, Tohid Zeinali"
546,4.2488203,9.15425,2026,Competing frames in a crisis: a media house’s financial distress,Interdisciplinary / Critical,"Mattias Sandgren, Andreas Jansson"
547,6.659166,8.645232,2026,The medium is the message: analysing the implications of machine-readable corporate reporting,Interdisciplinary / Critical,"Nick Rowbottom, Indrit Troshani"
548,6.833119,5.0784893,2026,From “likes” to value: sustainability accounting in agri-tourism farms through social media,Interdisciplinary / Critical,"Kriselda Gura, Servet Gura, Suman Lodh, Monomita Nandy"
549,7.4075418,5.7784634,2026,On the dynamics of accountability in a hyperreal setting: the narrative battle over star citizen,Interdisciplinary / Critical,"Herve Stolowy, Yves Gendron, Alexandre Madelaine, Luc Paugam"
550,3.817262,9.897499,2026,Performing risk appetite: framing and overflowing of acceptable risk,Interdisciplinary / Critical,"Thomas Taussi, Jari Huikku"
551,8.684041,7.087286,2026,Accounting research and vulnerability: some foundational reflections,Interdisciplinary / Critical,"Tobias Scheytt, Nadine Gerhardt-Huber, Nathalie Iloga Balep, Jaromir Junne"
552,9.0471115,7.0445085,2026,Withstanding global accounting profession capacity building: the case of the Egyptian accounting profession,Interdisciplinary / Critical,"Perla Mardini, Brendan O’Dwyer, Christopher Humphrey"
553,8.859321,7.2062845,2026,Accountants’ attitudes toward psychosocial influences on financial reporting – a qualitative study,Interdisciplinary / Critical,"Ewa Wanda Maruszewska, Dominika Korzeniowska, Elżbieta Jaworska, Nelli Artienwicz"
554,9.116099,7.1547155,2026,Narrating the pinnacles of accountancy: oral histories from retired professionals,Interdisciplinary / Critical,"Lisa Baudot, Alessandro Ghio, Dana Wallace"
555,9.14398,7.4549575,2026,Calculation as part of the self? Professional identity positioning of marketers,Interdisciplinary / Critical,Linda Hintsteiner
556,8.812779,7.127008,2026,"""Simply because they are not like us"": accounting and the construction of oppression",Interdisciplinary / Critical,"Jenni Laaksonen, Eija Vinnari"
557,8.758689,7.0420723,2026,Power in action: control in accounting through a Foucauldian lens,Interdisciplinary / Critical,Ryoko Yamada
558,6.1434703,8.329986,2026,How practices shape standard-setting - endogenization in the IFRS accounting for extractive activities,Interdisciplinary / Critical,"Kjell Ove Røsok, Christoph Pelger"
559,9.217805,7.1690097,2026,Making sense of hybrid working in accounting professional service firms,Interdisciplinary / Critical,"Christopher Flanagan, Yvonne Joyce"
560,8.933794,7.9340425,2026,Corporate opinion leaders and reluctant auditors – ethnographic insights into the implementation of accounting standards,Interdisciplinary / Critical,"Leonie Daum, Christoph Pelger"
561,8.575326,9.337156,2026,The interstitial dynamics of the audit expectation gap,Interdisciplinary / Critical,"Othmar Lehner, Tra Tham, Christoph Eisl, Stefan Fink"
562,9.529118,8.768631,2026,Career tactics: women’s networking groups in auditing,Interdisciplinary / Critical,Simone Stavnsbo
563,6.875342,5.0173583,2026,Between embracing and resisting. non-accounting specialists’ responses to sustainability accounting integration,Interdisciplinary / Critical,"Vera Linke, Lukas Loehlein"
564,7.7531133,5.324212,2026,Calculative capture. How a net zero project is caught in revising the numbers,Interdisciplinary / Critical,"Katrin von der Lancken, Vera Linke, Utz Schaeffer"
565,6.815389,9.464291,2026,The disclosure dilemma: a supply chain perspective on the consequences of SEC investigation secrecy,Interdisciplinary / Critical,Fangfei Jiang
566,5.839358,6.90507,2026,The spillover effect of supplier data breach incidents along the supply chain,Accounting and Information Systems,"Wenhong Ding, Wei Guan, Zhenyang Shi, Sri Talluri, Tobias Schoenherr"
567,5.2347407,7.9330454,2026,"The value and impact of data assets on supply chain, innovation, firm reputation, and debt financing cost",Accounting and Information Systems,Li Wang
568,4.760045,8.753524,2026,Calibration and uncertainty quantification in bankruptcy risk modeling,Accounting and Information Systems,"Hendrik von der Lippe, Luis Voskuhl, Petroula Glachtsiou"
569,8.073834,5.53709,2026,Management system standards and control in SMEs: a systematic literature review and integrated research framework,Accounting and Information Systems,"Mattias Sandgren, Anders Melander, Fredrika Askenmalm, Emilia Florin Samuelsson, Timur Uman"
570,6.4126844,4.905898,2026,"Sustainability performance in the digital era: unpacking the roles of IT governance, IT absorptive capacity, and big data analytics with green knowledge management as a moderator",Accounting and Information Systems,"Syaiful Ali, Husna Karimah, Fauziah Abdunnafi"
571,7.5666966,6.5945964,2026,Algorithmic control and reciprocal (un)accountability of employer-worker relationships,Accounting and Information Systems,"Marisa Agostini, Daria Arkhipova"
572,4.6431365,8.449489,2026,Accounting for crime: detecting mafia-connected firms using machine learning,Accounting and Information Systems,"Francesco Ambrosini, Antonio Parbonetti, Michele Fabrizi"
573,7.8252463,7.440278,2026,Can machines read your face? A video analytics framework for measuring empathy via emotional mimicry in video recordings,Accounting and Information Systems,"Jingran Zhao, Li Cui, Ka Chung Ng, Zhoudao Lu"
574,6.5357566,9.853728,2026,Crypto and cocaine: how do criminals behave after large drug seizures?,Accounting and Information Systems,"Andrea Bafundi, Michele Fabrizi, Marco Ghitti, Antonio Parbonetti"
575,7.9978747,7.904955,2026,AI-supported automation in accounting and tax consulting practice: development and evaluation of local privacy-compliant prototypes,Accounting and Information Systems,"Johannes Lässer, Markus Isack"
576,8.727865,6.6744475,2026,Coercive pressure and technology anxiety in the digital transformation of accounting: evidence from mandatory e-invoicing,Accounting and Information Systems,"Maciej Tuszkiewicz, Olga Grzybek, Ewa Wanda Maruszewska"
577,8.582755,6.710766,2026,Shaping the future of accounting: the role of strategic adaptability in AI-driven analytics (AIDA)-enabled digital transformation,Accounting and Information Systems,"Benjamin Lee, Gary Pan, Venky Shankararaman"
578,7.8767877,8.009941,2026,Understanding the impact of generative AI on professional judgment,Accounting and Information Systems,"Sung Hwan Chai, Brian Nicholson, Leonid Sokolovskyy, George Salijeni"
579,5.4993978,8.09973,2026,The value of man in AI + man: field evidence from small business lending,Accounting and Information Systems,"Xia Chen, Qiang Cheng, Guanqun Dou, Shuai Shao"
580,7.7507887,8.090928,2026,Prompting away the fixation: how the use of generative AI reduces fixation,Management Accounting,"Victor van Pelt, Dennis D. Fehrenbacher"
581,7.3503814,7.1483483,2026,Confirmation bias in discretionary performance evaluations: the role of performance summaries,Management Accounting,"Victor Maas, Niluh Narsa"
582,7.501626,7.014165,2026,Mitigation or exacerbation? The effects of public peer review on subjective performance evaluation bias,Management Accounting,"Xin Xu, Xian Huang, Yufei Liu, Yutong Zhang"
583,8.757486,6.583211,2026,Examining the effects of technology implementation on accountants’ perceptions of productivity,Management Accounting,Clarence Goh
584,5.9425235,4.8292594,2026,Stimulating pro-environmental behavior using management control: survey evidence from a city government,Management Accounting,"Berend van der Kolk, Eelke Wiersma, Willemijn Odekerken"
585,6.081829,4.9064994,2026,"Customer sentiment, sustainability management controls and AI augmentation: implications for corporate social responsibility and firm performance",Management Accounting,"Januário Monteiro, Rogério Lunkes, Mauricio Codesso"
586,4.708661,6.6717043,2026,Negotiated wholesale prices and strategic allocation of bargaining power,Management Accounting,"Toshiaki Wakabayashi, Michael Kopel"
587,6.2591515,7.187209,2026,Incentive design with biased reviewers and compensation committee,Management Accounting,"Takahiro Morimitsu, Taichi Kimura"
588,7.7326217,7.171341,2026,Performance targets as screening devices,Management Accounting,"Hikaru Mitsuhashi, Taichi Kimura"
589,8.779527,6.4844418,2026,Accountants who surf the digital technology wave: sensemaking and sensegiving,Management Accounting,"Sharon Cotter, Breda Sweeney, Patricia Martyn"
590,2.9343576,8.588722,2026,"More voices, more value(s): exploring the potential and challenges of diversity in the finance function",Management Accounting,"Ariela Caglio, Angelo Ditillo, Anna Missaglia"
591,9.184674,6.9969635,2026,Boundary expansion as an epistemic transition: prescriptive and interpretive modes of knowledge work in the accounting profession,Management Accounting,"Yan Li, Masafumi Fujino"
592,3.9914317,7.121971,2026,Investment efficiency and short-run and long-run contracting,Management Accounting,Samuel Pereira
593,4.374563,7.01757,2026,The fixed-cost fallacy: why cost structure is not a reliable measure of operating leverage,Management Accounting,Gianluca F. Delfino
594,4.372956,7.46546,2026,The effect of cost stickiness on the marginal value of cash: the role of financial constraints and economic cycles,Management Accounting,"Yves Levant, Reda Sefsaf"
595,5.5861187,9.959251,2026,The value of information doesn’t keep well: internal information quality and competitive advantage,Management Accounting,Hari Ramasubramanian
596,6.0236807,8.074672,2026,Managerial response to regulatory intensity: organizational slack and implications for operating efficiency,Management Accounting,"Somnath Das, Sandip Dhole, Li Liu"
597,7.6265135,8.314288,2026,Learning from errors - evidence from the field,Management Accounting,Leonhard Grabe
598,3.2641966,9.137533,2026,Compensation incentives and the effect of chief sustainability officers,Management Accounting,"Jonathan Black, Tongqing Ding, Bjørn Jørgensen, Naomi Soderstrom"
599,7.671555,6.8687325,2026,The interaction effect of relative performance feedback and task interdependency in group settings,Management Accounting,"Laura Gomez-Ruiz, Maria J. Sanchez-Exposito, Carlos Eduardo Jijena"
600,7.587856,6.6810856,2026,The effect of work location policies and peer norms on employees’ misreporting,Management Accounting,"Lufi Mursita, Vincent Chong, Stijn Masschelein, Isabel Wang"
601,7.683509,6.8916297,2026,The effect of working time flexibility in teams on subjective performance evaluation – the case of reduced working time,Management Accounting,"Jonas Fries, Ivo Schedlinsky, Friedrich Sommer"
602,7.4419146,6.635075,2026,Supervisor discretion and employee working from home,Management Accounting,Sander van Triest
603,2.879536,5.3042045,2026,Signaling purpose,Management Accounting,"Marina Talantceva, Dirk Sliwka, Timo Vogelsang"
604,7.4062905,7.0553536,2026,How peer evaluation-based bonus pool allocations influence employees’ rating behaviors,Management Accounting,"Daphni Lehmann, Marcel van Rinsum, Evelien Reusen, Erik Peek"
605,7.6615157,6.8102565,2026,Noise effects on effort and performance: the influence of incentives and implicit targets,Management Accounting,"Steven Smith, Tyler Thomas"
606,7.8109035,6.7513204,2026,Self-focused ethical climate and knowledge hoarding: the compensating role of performance measurement in enabling organizational learning,Management Accounting,Flavia Schmid
607,9.160367,7.830899,2026,When management controls and auditors’ purpose collide: the mitigating effect of professional identity,Management Accounting,"Rosemarijn de Bruin, Lucia Bellora-Bienengräber, Paula Dirks, Sally Widener"
608,7.5754538,6.9572854,2026,Does an open performance information policy curb or foster gossip in the workplace? The role of output-based performance appraisal,Management Accounting,"Sabra Khajehnejad, Marte Abts"
609,9.258441,7.4320383,2026,Career patterns as evidence of how management controllers successfully construct their identity,Management Accounting,"Paul d’Argenlieu, Marie Redon"
610,3.6211605,7.916636,2026,Revisiting capital budgeting in family firms: a systematic review and conceptual integration,Management Accounting,"Lilia Gutierrez, Miguel Gil, Timur Uman"
611,9.216223,6.9983635,2026,Uncovering the skills and competency requirements for accounting professionals,Management Accounting,"Virpi Ala-Heikkila, Mika Ylinen, Mikko Ranta, Marko Jarvenpaa, Kip Krumwiede"
612,8.372815,6.9689355,2026,From infrastructure to accounting gadgets: how the spread of cost management tools on flight decks entices pilots to efficient flying through body and play,Management Accounting,"David Crvelin, Victoria Honsel"
613,6.955559,8.063135,2026,When traces count: governing consequentiality in mixed visibility regimes,Management Accounting,"Leona Wiegmann, Aldonio Ferreira"
614,6.7679462,5.031025,2026,Reconfiguring large-scale infrastructure project success: project accounting as a mutable infrastructure of concern,Management Accounting,"Peter Skaerbaek, Tim Themsen, Kjell Tryggestad"
615,7.8478703,6.816246,2026,The dark side of creative engagement and job complexity: a moderated mediation model linking informal controls to agility performance in startups,Management Accounting,"Thiago Tomaz Luiz, Ilse Beuren"
616,8.058182,5.473269,2026,How management control systems shape B2B digital performance? The mediating role of data-driven decision making,Management Accounting,"Celliane Ferraz Pazetto, Silvana Meurer, Thiago Tomaz Luiz, Ilse Beuren"
617,7.5551167,7.035419,2026,"Performance measurement systems use, social performance and economic performance: relations and mediating effect",Management Accounting,"Adel Beldi, Kerim Karmeni"
618,8.02292,5.437138,2026,The autopoiesis of control: management control systems as communication in complex healthcare environments,Management Accounting,"Pingli Li, Xuegang Cui, Erik Strauss"
619,6.6672573,5.0633864,2026,Developing financial sustainability in public research infrastructure: an action research perspective from SUS-MIRRI.IT,Management Accounting,"Edoardo Borlatto, Edoardo Crocco, Elisa Truant, Valeria Prigione, Giovanna Varese"
620,3.0466874,5.151221,2026,Translating global conservation goals: a multi-level analysis,Management Accounting,"Sofia Yasmin, Chaudhry Ghafran, Sven Modell"
621,7.1097927,7.189123,2026,Discretion over bonus timing,Management Accounting,"Saskia Opitz, Timo Vogelsang, Dirk Sliwka, Sidney Block"
622,9.20496,7.107872,2026,What do resumes tell us about accounting rookie job candidates’ research potential?,Management Accounting,"Bin Ke, Zhen Long"
623,3.3554237,9.065144,2026,Board knowledge breadth and performance metric variety in CEO bonus contracts,Management Accounting,"Paula Dirks, Sebastian Firk, Melissa Martin, Alexander van Slooten"
624,6.2348733,7.1998634,2026,Coordination incentive design and information exchange between sales and production functions,Management Accounting,"Clara Xiaoling Chen, Lan Guo, Yuming Hu, Nan Jiang"
625,6.0248113,6.8502693,2026,Do performance targets enhance supplier performance? Evidence on complementary and substitutive effects of trust and behavior control,Management Accounting,"Henri Dekker, Takaharu Kawai, Junya Sakaguchi"
626,8.084207,5.4824047,2026,Management control configurations for organizational adaptability,Management Accounting,"Philipp Sekol, Utz Schaeffer, Daniel Schaupp"
627,7.857166,7.271663,2026,"Screening precommitment, candidate quality, and time-to-hire: an experimental investigation",Management Accounting,"Anil Kshatriya, Adam Presslee, Ala Mokhtar"
628,8.054841,7.228948,2026,"Personality traits, self-selection and incentives",Management Accounting,"Erika Bognar, Anna Rohlfing-Bastian, Sara Bormann, Michael Kosfeld"
629,4.0401983,9.864019,2026,"Does operating risk information shape project selection, and does it stick? Experimental evidence",Management Accounting,"Anisa Shyti, Gianluca F. Delfino"
630,8.608855,6.5584683,2026,"""Why bother with new technologies?"" Exploring the gap between analytics’ promises and realities in management accountants’ forecasting",Management Accounting,"Patrice Landagaray, Claire Ciampi"
631,6.5345535,5.1188,2026,From compliance to control: integrating sustainability reporting requirements into sustainability control systems,Management Accounting,"Ivo Hristov, Matteo Cristofaro, Lorenzo Coronella"
632,8.561007,6.546848,2026,"A never-settled integration: business intelligence, management control, and the work behind the dashboard",Management Accounting,"Paulo Ribeiro, Joao Oliveira, Pedro Campos"
633,6.4780436,4.83508,2026,Living with net-zero tensions: how performance measurement and management systems mediate sustainability paradoxes in the energy sector,Management Accounting,"Siamak Soudani, Eleni Chatzivgeri"
634,5.0452685,7.2375045,2026,Reframing performance: how Russian SMEs reconstitute PMMS under sanctions-induced institutional disruption,Management Accounting,"Michael Axenrod, Siamak Soudani"
635,6.343563,4.790081,2026,Social sustainability and the compromise between collectivity and individuality: a management control perspective,Management Accounting,"Amalie Ringgaard, Per Nikolaj Bukh, Michelle Carr"
636,5.6617093,9.234823,2026,Organizational commitment and information sharing in the social construction of budgetary participation,Management Accounting,"Cristina Hillen, Carlos Eduardo Lavarda"
637,8.033025,5.5816154,2026,New work patterns under algorithmic management control: diverging perspectives on the approach of control-evidence from standardized retail chains,Management Accounting,"Gary(Guanlin) Wang, Yasheng Chen, Chunyao Yang"
638,3.976773,8.03667,2026,How strategic orientation shapes network controls: insights from plural form franchising,Management Accounting,"Martine Cools, Alexandra van den Abbeele, Jens van Mele"
639,6.18228,4.7686305,2026,Artificial intelligence for sustainability performance management: an integrative framework,Management Accounting,"Robert Faber, Bert Steens, Henri Dekker"
640,6.4875813,4.8727684,2026,Integrating sustainability control in retail: an architecture-context fit perspective,Management Accounting,"Timur Uman, Miguel Gil, Mart Ots"
641,6.596252,5.229229,2026,Challenges for sustainability-related accounting and ESRS: management control systems and reporting,Management Accounting,"Tuija Virtanen, Minna Suutari"
642,3.9338741,9.866229,2026,Can speculative design help managers identify more risks?,Management Accounting,"Dominic Santschi, Patrick Wilhelm, Dennis D. Fehrenbacher, Tobias Kowatsch"
643,4.122751,11.016082,2026,"Not all wrongs are equal: performance, pay appropriateness, and the decision to blow the whistle",Management Accounting,"Michael Kolodziej, Matthias Sohn, Kai Bauch"
644,3.627021,9.962856,2026,Visual shortcuts or focal points? How risk maps and responsibility framing steer ESG risk response,Management Accounting,"Joanna van Meerbeeck, Eddy C Ardinael, Sabra Khajehnejad, Dieter Smeulders, Alexandra van den Abbeele"
645,3.484401,9.117322,2026,Do managers obey the corporate values? Experimental evidence from managerial reporting,Management Accounting,"Philipp Richter, Peter Schaefer, Dominik Weise"
646,7.877692,6.6154237,2026,An exploratory study of demand-driven feedback systems in creative contexts,Management Accounting,"Cardin Masselink, Bart Dierynck"
647,7.6199813,6.7864423,2026,The power of perspective: the effect of performance reporting frames on solving collective action problems,Management Accounting,Siman Li
648,8.07808,5.465958,2026,Management control system as a system: the case of the amoeba management system at Kyocera Corporation,Management Accounting,"Reinaldo Guerreiro, Paschoal Russo, Juliana Amaral"
649,8.109908,5.5015225,2026,Dissemination of management controls across hierarchies,Management Accounting,"Kai Moßmann, Christian Hofmann"
650,9.279062,7.2237067,2026,Personnel controls and learning in a hybrid work setting: insights from BIG 4 accountancy firms,Management Accounting,Michelle Carr
651,7.7122383,7.1926594,2026,(Smart)watch your attention - a field experiment on health monitoring and productivity,Management Accounting,"Yutong Chen, Timo Vogelsang, Yaxuan Chen"
652,7.8007574,6.820277,2026,Too much of a good thing: when does greater performance measurement frequency lead to less learning?,Management Accounting,"Ivo Tafkov, Jongwoon (Willie) Choi, Gary Hecht"
653,7.6597886,6.8492055,2026,The effects of mandatory and voluntary relative performance information on employee performance in skill development – a field experiment,Management Accounting,"Philip Autenrieth, Christoph Feichter, Jonas Haas, Mischa Seiter, Markus Wabnegg"
654,4.595733,8.407943,2026,The role of team characteristics and business fundamentals in identifying high-growth entrepreneurial companies: a machine learning approach,Management Accounting,"Yi Jiang, Bin Ke, Zhen Long, Hongye Lyu"
655,2.5321102,8.465535,2026,The effect of female leader team on staff turnover: the moderating role of ESG performance,Management Accounting,Yu-Chun Lin
656,2.85056,8.277856,2026,Corporate cultural diversity and long-term performance: the role of employee ownership,Management Accounting,"Karel Vanherle, Sebastian Firk, Aleksandra Klein, Jan Hennig, Alexandra van den Abbeele"
657,4.158781,7.687179,2026,Corporate culture and cost stickiness,Management Accounting,"Cheol Lee, Sohyung Kim, Chansog Kim"
658,3.3751833,9.035942,2026,"Human capital metrics in CEO compensation: effects on pay equity, employee productivity, and firm value",Management Accounting,Jia-Wen Liang
659,3.7500396,7.5176625,2026,Organizational identification and managerial myopia: evidence from R&D investment,Management Accounting,"Jongyu Paula Hao, Eileen Chia-Ling Lee, Lu Zhu"
660,4.4595313,3.9266317,2026,Navigating through the storm – physical climate risk and cost structure,Management Accounting,"Andre Hoppe, Chenlin Guo"
661,4.013751,8.022801,2026,Market orientation and asymmetric cost management: evidence from linguistic cues,Management Accounting,"Kenneth Zheng, Weiwei Wang, Rajib Hasan"
662,8.396331,7.1100683,2026,Quiet quitting: when coercive management control practices meet employees’ suppression of emotions and breach the psychological contract,Management Accounting,"Rosemarijn de Bruin, Lucia Bellora-Bienengräber, Paula Dirks, Sally Widener"
663,4.364071,7.2364492,2026,Intertemporal dynamics of cost asymmetry,Management Accounting,"Eti Einhorn, Efrat Shust"
664,6.6889296,5.6069217,2026,The principles of NPM in a governmentality hybrid. Evidence from Greek hospitals,Management Accounting,Vasileios Milios
665,7.540165,7.0277796,2026,Know when to compare: the role of social comparison orientation,Management Accounting,Evelyn Intan
666,4.1273956,9.852417,2026,Visualization of surgical costs using FL-TDABC and comparative analysis across hospital functions: an empirical examination incorporating uncertainty in medical processes,Management Accounting,"Hirooki Yoshihara, Jaewook Kim"
667,4.9357696,7.4182997,2026,No way to bounce back: how did Ukrainian SMEs stay resilient during the war?,Management Accounting,"Valeriia Melnyk, Olga Nicole Ermann, Carolyn Cordery"
668,7.5904946,6.5668545,2026,"Online anger, offline costs: how consumer complaints create labor cost stickiness",Management Accounting,"Haowen Tian, Huili Zhi, Wenlan Xie"
669,7.244611,7.3121943,2026,Public value accounting: a systematic literature review and an ecosystem framework for analysis,Public Sector Accounting & Not-For-Profit Accounting,"Tie Cui, Yinuo Pan"
670,8.317505,8.993813,2026,Detecting corruption risk: the effectiveness of anti-corruption measures,Public Sector Accounting & Not-For-Profit Accounting,"Diletta Vito, Giuseppe d’Onza, Romina Rakipi, Daniele Tammaro"
671,3.332168,7.87412,2026,Stabilizing the unstable: budgeting social equity as a calculative practice in public sector allocation,Public Sector Accounting & Not-For-Profit Accounting,Roland Almqvist
672,3.8943462,6.533449,2026,The impact of government target-based revenue manipulation on firms,Public Sector Accounting & Not-For-Profit Accounting,Ningzhong Li
673,4.8430576,7.803573,2026,Financial condition determinants: a cross-country analysis of local governments in Italy and Portugal,Public Sector Accounting & Not-For-Profit Accounting,"Filippo di Lucia, Susana Jorge, Sebastiano Torcivia"
674,6.7187886,5.552068,2026,"With a little help of the state: supervision logic, institutional entrepreneurship and organizational transformation in a financial NGO",Public Sector Accounting & Not-For-Profit Accounting,"Nieves Carrera, Sampson Kwabena Senahey, Marco Trombetta"
675,6.5473747,4.8831897,2026,Managing sustainability integration in the public sector: insights from the German federal administration,Public Sector Accounting & Not-For-Profit Accounting,"Miriam Maske, Matthias Sohn, Philipp Herrmann, Bernhard Hirsch, David Lindermüller"
676,3.1053486,8.088962,2026,Gender-responsive budgeting: mobilising knowledge for public value creation,Public Sector Accounting & Not-For-Profit Accounting,"Chiara Oppi, Giovanna Galizzi"
677,8.638262,8.612947,2026,Value for money as an ethical practice: integrity and accountability in NHS business case decision-making,Public Sector Accounting & Not-For-Profit Accounting,Dennis de Widt
678,6.6277604,9.950405,2026,Heritage assets recognition and disclosure: impact on citizens’ perceptions,Public Sector Accounting & Not-For-Profit Accounting,"Eugenio Anessi Pessina, Fabio Calò, Cecilia Langella"
679,5.1393948,8.130898,2026,Does public accounting transparency lower sovereign borrowing costs?,Public Sector Accounting & Not-For-Profit Accounting,"Jan-Hendrik Meier, Tetiana Paientko"
680,6.3717833,7.95671,2026,The usefulness of financial reporting information in decision-making: determinant factors in Portuguese municipalities,Public Sector Accounting & Not-For-Profit Accounting,"Susana Jorge, Joana Caetano, Sónia Nogueira"
681,5.8714495,9.032915,2026,"Charity, performance and emotion: in giving, we receive",Public Sector Accounting & Not-For-Profit Accounting,"Mariannunziata Liguori, Noel Hyndman"
682,4.5346427,7.3118405,2026,Municipality size and asymmetric cost behaviour: empirical evidence from Finland,Public Sector Accounting & Not-For-Profit Accounting,"Pasi Leppänen, Hannu Ojala, Jani Saastamoinen, Antti Rautiainen, Henri Hahtela"
683,4.4499335,7.2417808,2026,Shifting perceptions of expectations: the role of controllers in Finnish municipalities,Public Sector Accounting & Not-For-Profit Accounting,"Jukka Pellinen, Kari Sippola, Anniina Kinnunen, Tiina Jylhä"
684,5.8980722,9.237255,2026,Disclosure policies of nonprofit organizations competing for donations,Public Sector Accounting & Not-For-Profit Accounting,"Nicole Rauch, Michael Kopel"
685,6.8216987,5.753262,2026,"Signalling trust: the interplay of accountability, digitalisation, and informal reputation in NGOs",Public Sector Accounting & Not-For-Profit Accounting,"Sviesa Leitoniene, Halina Waniak-Michalak, Ivana Perica"
686,5.865003,9.145708,2026,Understanding corporate philanthropy: factors influencing donation decisions,Public Sector Accounting & Not-For-Profit Accounting,"Filomena Antunes Bras, Cleide Carneiro"
687,6.3206396,5.3877063,2026,Scenarios for CSRD scope amendments: advancing reporting scope while reducing further burden,Social and Environmental Accounting,"Andreas Rasche, Theodor Cojoianu, Andreas G. F. Hoepner, Fabiola Schneider"
688,4.84938,4.3165603,2026,Determinants of corporate opinions on the SEC’s proposal for climate-related disclosure requirements: an LLM-facilitated analysis of comment letters,Social and Environmental Accounting,"Benita Gullkvist, Jie Bao"
689,6.056427,5.231605,2026,Polycentric legitimacy and the localisation of global sustainability standards,Social and Environmental Accounting,"Arawela Sovala, Othmar Lehner"
690,2.891449,9.685898,2026,Seeming or being: the abnormal tone of CEO letters in ESG reports,Social and Environmental Accounting,"Lars-Eric Brüske, Nicole Ratzinger-Sakel, Florian Habermann"
691,6.5510087,5.3460426,2026,Assessing corporate sustainability with large language models: evidence from Europe,Social and Environmental Accounting,"Kerstin Forster, Lucas Keil, Victor Wagner, Maximilian A. Müller, Thorsten Sellhorn"
692,5.0631833,4.985231,2026,Greenwashing detection through decoupling analysis: evidence from Japanese firms,Social and Environmental Accounting,Chenchen Su
693,4.371392,4.115388,2026,Firm-level climate change exposure and downside and upside risks: evidence from earnings conference calls,Social and Environmental Accounting,"Millicent Chang, Vina Khan, Searat Ali"
694,4.816192,4.2562823,2026,Shifts in climate-related disclosures: the role of natural disasters in 10-K filings,Social and Environmental Accounting,"Dominik Jobst, Katrin Hummel"
695,6.6223726,9.440163,2026,Janus-faced AI disclosure: how conference call enthusiasm masks workforce setbacks,Social and Environmental Accounting,"Diego Ravenda, Joao Cotter Salvado"
696,4.7698817,4.3101335,2026,"Talk more, learn more: learning by firms from mandatory climate risk disclosure",Social and Environmental Accounting,"Jiang Cheng, Jia Guo, Jeffrey Ng, Tjomme Rusticus"
697,4.0391636,4.91399,2026,"Carbon emission disclosure, IPO price formation, and aftermarket performance",Social and Environmental Accounting,"Cheng-Yi Shiu, Hung‑Neng Lai"
698,3.9368877,4.635973,2026,Carbon emissions and firm valuations: evidence from financial analysts,Social and Environmental Accounting,Changqiu Yu
699,6.7510595,8.247943,2026,Corporate life cycle and its impact on voluntary CSR reporting: evidence from Europe,Social and Environmental Accounting,"Anna Gröner, Aaron Kasischke, Brigitte Eierle"
700,5.865248,5.0618834,2026,Internationalization and voluntary sustainability assurance: evidence from firm life cycle and economic policy uncertainty,Social and Environmental Accounting,"Li-Kai Liao, Ya-Chi Chang, Che-Yuan Wang"
701,6.738267,8.1492195,2026,CSR reporting of private firms,Social and Environmental Accounting,"Paula Stanka, Matthias Nienaber"
702,6.4818325,5.247029,2026,Management control and sustainability reporting - navigating compliance and performance under CSRD,Social and Environmental Accounting,"Peter Beusch, Lana Sabelfeld, Marita Blomkvist, Jeaneth Johansson"
703,6.269007,5.4014187,2026,A practice reorganization: implementing the CSRD in France,Social and Environmental Accounting,"Marion Ligonie, Marie Redon"
704,6.611259,5.252137,2026,Usefulness or burden? Anticipated effects of ESRS sustainability reporting in the Italian agri-food sector,Social and Environmental Accounting,"Gaetano Rago, Valerio Antonelli, Raffaele d’Alessio, Emanuela Mattia Cafaro"
705,4.5818095,4.5597878,2026,Carbon tax haven trap: rethinking reporting and accountability,Social and Environmental Accounting,"Quentin Arnaud, Bastien David, Jonathan Maurice"
706,5.8382435,7.2134385,2026,Do tournament incentives curb corporate waste? Stakeholder versus short-termism perspectives,Social and Environmental Accounting,"Mohamed Khalifa, Tantawy Moussa, Mahmoud Elmarzouky, Reem Shaker"
707,2.5124834,9.788008,2026,Tax incentives and corporate ESG performance: the role of green intellectual capital and organizational slack,Social and Environmental Accounting,"Fan Zhang, Xiaoxiao Zhao, Jieyi Pan, Congcong Fan"
708,2.748019,8.362672,2026,"Diversity, interrupted? Diversity hushing and political pressure",Social and Environmental Accounting,"Lucas Lee, Namisha Bhattarai, Tendai Masaya"
709,3.9129484,4.709112,2026,Carbon risk reduction and just transition: evidence from pay equity under U.S. policy shifts,Social and Environmental Accounting,Yuan-Ju Chen
710,2.8579493,9.862782,2026,Political ideology and professional judgement: evidence from financial analysts’ reactions to firms’ negative ESG incidents,Social and Environmental Accounting,"Bingyi Qin, Stephen Teng Sun, Zheng Wang, Franco Wong"
711,4.131457,4.5683827,2026,The relevance to investors of greenhouse gas methane emissions,Social and Environmental Accounting,"Estelle Sun, Paul Griffin, Michael Guo"
712,4.2690396,4.0281157,2026,Anticipatory pricing under climate transition risk: evidence from U.S. airlines,Social and Environmental Accounting,"Simon Birk, Ariela Caglio, al-Habbyel Yusoph"
713,5.856781,4.800596,2026,Capital market reactions to environmental sustainability: a managerial framing perspective,Social and Environmental Accounting,"Joern Hoppmann, Kerstin Lopatta, Thomas Tammen, Sebastian Tideman-Frappart"
714,4.7565117,4.796281,2026,Navigating reputational risk: strategic carbon disclosure in response to peer firms’ carbon incidents,Social and Environmental Accounting,"Ying Mao, Ke Wang, Lingmin Xie, Yaping Zheng"
715,5.0371304,4.952292,2026,When the press falls silent: the impact of local newspaper closures on corporate greenwashing,Social and Environmental Accounting,"Zilu Shan, Shuo Wang, Fangming Xu, Mengyao Yu"
716,4.8903804,4.882422,2026,Does corporate culture influence selective disclosure? Evidence from carbon greenwashing,Social and Environmental Accounting,"Walid Ben-Amar, Khadija Almaghrabi, Ziyu Kong"
717,4.3611984,4.0218396,2026,Climate commitment and climate talents,Social and Environmental Accounting,"Jing-Chi Chen, Joanna Golden, Xiaotao Kelvin Liu"
718,5.10089,5.4453244,2026,Green innovation and non-GAAP disclosure,Social and Environmental Accounting,"Bing Lu, Tuan Ho, Trang Nguyen"
719,4.0393076,4.94089,2026,Carbon pricing and global supply chain networks,Social and Environmental Accounting,"Xin Chang, Lulu Di, Yuhang He, Shuoge Qian"
720,4.286763,4.099614,2026,Climate transition planning and corporate climate impact: international evidence,Social and Environmental Accounting,"Aonan Sun, Yuan Shan, Lyndie Bayne"
721,5.065528,4.254422,2026,From pledges to performance: satellite verification and AI analysis of the science based targets initiative,Social and Environmental Accounting,"Chih Fang, Kang Cheng, Hwei Wang, Tai Wang"
722,5.093573,4.8559637,2026,Beyond greenwashing: environmental commitments and gas flaring in the African oil sector,Social and Environmental Accounting,"Samuel Chang, Hans Christensen, Andrew McKinley"
723,4.1124268,11.024694,2026,"Bonuses, bosses, and buttoned-up on misconduct: the effect of ESG incentives and leadership involvement on whistleblowing intention - evidence from Chinese executives",Social and Environmental Accounting,Ruiwen Liu
724,2.5571165,10.180122,2026,The drivers of ESG disclosure quality: critical determinants and their impact,Social and Environmental Accounting,"Mojtaba Mortezaee, Elisabeth Albertini"
725,4.0901194,11.037995,2026,Cheers or checks? What motivates employees to blow the whistle,Social and Environmental Accounting,"Tim Schwertner, Matthias Sohn"
726,5.642872,9.54302,2026,The moderating role of intangible resource disclosure on the association between research and development and firm profitability,Social and Environmental Accounting,"Lars Fischer, Henrich Habe, Lea Hagemeier"
727,2.7902808,8.422507,2026,"Changing impact of diversity, equity, and inclusion policies and activities on corporate value",Social and Environmental Accounting,"Benjamin Foster, Xudong Fu, Andrew Manikas, Shaunn Mattingly"
728,4.6252923,7.2236276,2026,The unintended consequence of labor market transparency: evidence from industrial pollution,Social and Environmental Accounting,"Zhenyang Shi, Xiaolu Zhou"
729,6.5166945,5.2123456,2026,Exploring the role of stakeholder engagement in shaping materiality assessments for sustainability reports,Social and Environmental Accounting,"Shan Lu, Stuart Cooper, Giovanna Michelon"
730,6.154547,5.5188584,2026,Regulatory retrenchment and risk amplification: a critical analysis of the CSRD,Social and Environmental Accounting,"Gregory Wegmann, Kanitsorn Terdpaopong"
731,6.493357,5.309007,2026,Characterizing sustainability reporting assurance in the transition to the CSRD: evidence from Spain,Social and Environmental Accounting,"Nicolas García-Torea, Enrique Mesa-Pérez, Orencio Vázquez-Oteo"
732,6.8844795,5.0767756,2026,From reports to digital narratives: sustainability communication in international higher education,Social and Environmental Accounting,"Tettamanzi Patrizia, Valentina Minutiello, Luca Baschieri"
733,2.5067015,10.204985,2026,Impact of ECAM disclosures on ESG performance,Social and Environmental Accounting,"Susan McCracken, Ismat Jahan"
734,5.5085707,5.3605256,2026,Why banks go green: exploring the incentives behind sustainability-linked loan issuance,Social and Environmental Accounting,"Argyro Panaretou, Sam Rawsthorne"
735,3.6629312,9.051153,2026,The market value of pay gaps: evidence from EEO-1 disclosures,Social and Environmental Accounting,"Yanting (Crystal) Shi, April Klein, Ferdinand Bratek"
736,3.087995,8.191984,2026,Gender pay gap disclosure mandate and women in innovation,Social and Environmental Accounting,"Lucas Lee, Lu Tong, Fengzhi Zhu"
737,4.3446636,9.28919,2026,How girls help girls in mutual fund investment?,Social and Environmental Accounting,Meifen Qian
738,6.641394,5.1910458,2026,"Translating sustainability reporting in a hybrid organisation: institutional logics, accountability, and organisational resilience",Social and Environmental Accounting,"Benedetta Fergnani, Enrico Bracci"
739,9.184969,8.432503,2026,"Constructing CSR reality in audit firms: a pragmatic constructivism analysis of motivations, quality impact, and reputation management across UK and Chinese contexts",Social and Environmental Accounting,"Lana Liu, Di Min"
740,5.024917,4.7216687,2026,Indigenous activism against TC energy: successful for whom?,Social and Environmental Accounting,"Antonello Callimaci, Anne Marie Gosselin"
741,2.5915864,9.836277,2026,ESG performance and earnings management: a legal origin perspective,Social and Environmental Accounting,Claus Holm
742,2.8209536,9.823187,2026,How do CEO attributes affect ESG reporting quality?,Social and Environmental Accounting,"Chih-Wei Peng, Yao-Ying Liu, Ruei-Nian Lin"
743,2.5030065,10.121802,2026,Mandatory ESG reporting and managerial opportunism: international evidence,Social and Environmental Accounting,"Francesco Scarpa, Marco Fasan, Cláudio Soerger Zaro, Elise Soerger Zaro, Paulo Henrique Hoeckel"
744,5.220789,6.95556,2026,Public firms and regulatory challenges: implications for cross-country shareholder-stakeholder conflicts,Social and Environmental Accounting,"Anthony Le, Lisa Liu, Sonakshi Agrawal"
745,5.299764,6.238895,2026,Too much of a good thing? Government-mandated accounting supervision and corporate sustainable performance in China,Social and Environmental Accounting,"Hui Liu, Yaxin Song, Jiaqi Ning"
746,4.93072,4.6813016,2026,The impact of U.S.-China trade war on environmental and sustainability disclosures,Social and Environmental Accounting,"Lin-Hui Yu, Yanming Cao, Jengfang Chen, Meiting Lu"
747,8.692779,8.319403,2026,How intelligent decision-support systems and manager instructions shape accountants’ unethical decision-making,Social and Environmental Accounting,"Meng Bai, Yuhui Jiang, Junqin Sun, Junrui Zhang"
748,4.033795,11.007735,2026,The substance of voice: how quality and encouragement in whistleblowing channels shape ESG performance,Social and Environmental Accounting,"José Borba, Lauren Venturini, Denize Ferreira"
749,2.5187438,10.312207,2026,Navigating ESG reporting in a tech-driven world: insights from academics and practitioners,Social and Environmental Accounting,"Davide Calandra, Michele Oppioli, Silvana Secinaro, David Wang"
750,5.9911857,6.9274,2026,Credibility-enhancing requirements for non-financial information and real effects in supply chains,Social and Environmental Accounting,"Nadine Georgiou, Max Goettsche, Florian Habermann, Stephan Küster"
751,4.8153872,5.8097744,2026,The role of environmental and social clauses in supply contracts,Social and Environmental Accounting,"Hui Tan, Xi Li, Yun Lou"
752,5.761497,6.5630445,2026,Climate disclosure in buyer-supplier relationships: a story of alignment,Social and Environmental Accounting,"Bjarne Brié, Angelo Ditillo, Kristof Stouthuysen"
753,4.081611,4.511533,2026,Estimating and understanding corporate GHG emissions from financial statements,Social and Environmental Accounting,"Angel Oganesian, Kristof Stouthuysen, Robert Boute"
754,6.181374,5.264917,2026,Quantifying feature attribution in sustainability scores: a shap-based approach to enhance transparency and actionability of ESG ratings,Social and Environmental Accounting,"Chia-Ming Sun, Chu-Chiang Cho"
755,4.3650594,7.0266585,2026,Decarbonizing distributed operations: cost estimates for vehicle fleets,Social and Environmental Accounting,"Gunther Glenk, Stefan Reichelstein, Katrin Gschwind"
756,2.7991135,9.507497,2026,Shareholder style diversity and ESG “doing more than saying” strategy,Social and Environmental Accounting,"Zaixin Chen, Frank Hong Liu, Chaowei Wang, Pengfei Gao"
757,4.4079566,4.159937,2026,Walking the talk or playing the game? How different corporate culture shapes climate change performance,Social and Environmental Accounting,Xue Emma Chen
758,5.14293,5.039593,2026,Does firm-level political risk curb corporate greenwashing?,Social and Environmental Accounting,"Safa Gaaya, Moez Essid, Sabrine Ayed"
759,5.97517,4.824668,2026,Integrating environmental sustainability into strategic capital allocation: a levers of control perspective,Social and Environmental Accounting,"Janice Klaiber, Judith Stroehle"
760,8.177028,6.661323,2026,A mechanism-based framework for operationalising integrated thinking: insights from organisational practice,Social and Environmental Accounting,"Warren Maroun, Dusan Ecim, Alan Duboisée de Ricquebourg"
761,8.001909,5.423781,2026,The pursuit of ‘net zero’: designing management control systems to navigate dynamic paradoxical tensions during ‘wicked’ times,Social and Environmental Accounting,"Steve Sutton, Finn Kinserdal, Vicky Arnold"
762,6.0804806,6.073188,2026,Stakeholder engagement and corporate human rights performance: evidence from South Africa,Social and Environmental Accounting,"Doaa Aly, Ibrahim Yousef, Tamer Darwish"
763,5.801874,9.0020075,2026,Strategic philanthropy in hard times: donation stickiness and political resource acquisition,Social and Environmental Accounting,Yanan Cao
764,6.67359,5.493011,2026,Politics of sustainability reporting: evidence from NGO involvement,Social and Environmental Accounting,"Cathrin Hausmann, Ann-Kristin Großkopf, Simone Euler"
765,3.9142132,4.7232947,2026,"A transactional carbon accounting framework for carbon stocks, flows, and mitigation pathways",Social and Environmental Accounting,"Sabrina Kang, Wuchun Chi"
766,3.952876,4.7022653,2026,Clarifying error typologies and mechanisms in carbon accounting: lessons from cost system design literature,Social and Environmental Accounting,"Matthias Meyer, Stella Rauscher"
767,3.0107222,5.1801367,2026,The emergence of biodiversity as an accounting object: building a calculative infrastructure through ecological sciences,Social and Environmental Accounting,"Eva-Maria Öhlinger, Othmar Lehner, Dorothea Greiling"
768,4.7463026,4.270698,2026,From targeted transparency to internal controls – evidence from a climate reporting mandate,Social and Environmental Accounting,"Katrin Hummel, Emira Jasari"
769,3.0501962,5.1605883,2026,The creation of (non)qualculative spaces in valuation processes: transforming ecosystems into net present value,Social and Environmental Accounting,Niina Ylönen
770,2.3517385,9.892192,2026,ESG and firm performance: a deep dive into community banks,Social and Environmental Accounting,"Andrea Faulkner, Harrison Liu, Jennifer Yin"
771,2.8584723,10.032882,2026,Shifting the spotlight: do firms change their advertising strategies after ESG reputational-damaging events?,Social and Environmental Accounting,"Yin Wang, Tinghua Duan, Weikai Li, Rencheng Wang"
772,4.7992835,4.6202455,2026,Disclosure in the face of peer scandals? Evidence from the Volkswagen emissions scandal,Social and Environmental Accounting,"Jonathan Berkovitch, Saverio Bozzolan, Claudia Imperatore"
773,4.723022,4.4235897,2026,Climate news coverage and carbon emission reporting,Social and Environmental Accounting,Yun Fan
774,4.7455897,5.1756973,2026,Boardroom diversity as a catalyst for water-energy disclosure quality: evidence from Latin American capital markets,Social and Environmental Accounting,"Ivette Nuñez, Maria Garcia Benau, Nicolas Gambetta"
775,2.7291827,8.536449,2026,"ESG controversies, geopolitical risk & cost of capital: the moderating role of gender diversity",Social and Environmental Accounting,Stefano Zambon
776,4.7468023,5.2511435,2026,Do diverse boards accelerate the corporate energy transition? Insights from emerging markets,Social and Environmental Accounting,"Maria A. Garcia-Benau, Ivette Nuñez, Nicolas Gambetta"
777,6.5969057,5.0799274,2026,Evidence based sustainability standard setting: barriers to research uptake and academic participation,Social and Environmental Accounting,"Jan Michalak, Gunnar Rimmel"
778,6.496145,5.598627,2026,Constructing users of sustainability reporting – the case of the IFRS sustainability disclosure standards,Social and Environmental Accounting,"Franziska Sterl, Christoph Pelger"
779,6.4611535,5.633919,2026,Mandating sustainability reporting: firms’ information sets and real effects,Social and Environmental Accounting,"Katrin Hummel, Karina Bauernhofer"
780,2.3076603,10.162749,2026,Supply and demand for ESG assurance effort,Social and Environmental Accounting,"Christian Ott, Géraldine Broye, Maretno Harjoto, Nohad Nasrallah"
781,5.697243,6.63905,2026,Unearthing the lower-tier suppliers: evidence from conflict minerals disclosure,Social and Environmental Accounting,"Liu Zheng, Jin Kyung Choi, Yaoying Ma"
782,2.3346775,10.060349,2026,Assessing supply-chain influences on corporate ESG performance,Social and Environmental Accounting,"Xiang-Yu Huang, Chi-Chun Liu, Nian-zu Yeh"
783,6.521471,4.9810348,2026,When institutions push and pull: understanding the development of sustainability control systems within family businesses,Social and Environmental Accounting,"Elisa Ballesio, Cécile Fremaux, Aude DeVille, Francesca Culasso"
784,6.858203,6.9905996,2026,Accounting for circularity: the role of digital ledger technologies across organizational boundaries,Social and Environmental Accounting,"Cristiana Parisi, Juliana Hsuan"
785,3.0115407,5.1800027,2026,Biodiversity management practices of Austrian and New Zealand electric utilities,Social and Environmental Accounting,"Shekerta Aliu, Albert Traxler, Nives Botica Redmayne, Dorothea Greiling"
786,2.8509912,10.172443,2026,"The impact of ESG disclosures on retail investor decisions: exploring the influence of risk, information framing, and presentation format",Social and Environmental Accounting,"Sohee Kim, Nirmalee Raddatz, Mee Hyun Kim, Jeonghoon Oh"
787,4.770848,4.389318,2026,Credible threats in regulated disclosures: Blackrock’s 2020 proxy voting policy revision and portfolio-wide greenhouse gas emissions,Social and Environmental Accounting,"Jangwon Suh, Qianyun Huang, Eric Rosano, Sangwan Kim"
788,4.7000403,4.332107,2026,Responsible investors and portfolio firms’ climate disclosures – international evidence from the PRI,Social and Environmental Accounting,Carl Philipp Wolff
789,5.1046596,5.1048293,2026,Green handcuffs or invisible push? How China’s new environmental protection law shapes corporate leverage manipulation,Social and Environmental Accounting,"Pan Wang, Pengfei Gao, Yuqi Zhang, Miao Wang, Feng Chao"
790,4.355402,4.115265,2026,From compliance to transformation: how net-zero climate law reshaped firm-level emissions in Taiwan,Social and Environmental Accounting,Kui-Ying Lin
791,4.669761,7.7213016,2026,Local government debt capacity and pollution: evidence from municipal bond rating recalibration,Social and Environmental Accounting,"Zhiyi Yang, Xiaolu Zhou"
792,6.9501867,5.110814,2026,Environmental accounting without nature: a critical visual analysis,Social and Environmental Accounting,"Francesco Marengo, Raimondo Grassadonia, Laura Corazza"
793,6.8414965,4.933733,2026,When sustainability accounting innovative solutions fail to fit real life problems: lessons from the 2024-2025 French farmers’ crisis,Social and Environmental Accounting,"Stéphane Trebucq, Roza Sagitova"
794,8.740444,7.0575547,2026,Accounting mediation and sustainability. the case of modern slavery statements,Social and Environmental Accounting,"Carla Antonini, Antonio Mateo-Marquez, Carlos Larrinaga, Enrique Mesa-Pérez, Conny Beck"
795,4.5602946,6.4558153,2026,LGBTQ+-supportive corporate policies and dividend payouts,Social and Environmental Accounting,Zezeng Li
796,3.703402,9.108029,2026,"Value my care, safeguard your fare: CEO inside debt holdings and wage theft",Social and Environmental Accounting,Emmanuel Obiri-Yeboah
797,2.7230394,9.643652,2026,ESG metrics in executive compensation: a multitasking approach,Social and Environmental Accounting,Kasra Hosseini
798,6.831531,5.228068,2026,The use of visuals in sustainability reporting,Social and Environmental Accounting,"Amir Amel-Zadeh, Tami Dinh, Andreas Seebeck, Robin Wolter"
799,6.9169636,5.0205283,2026,The use of metaphors to explore the hybridisation of sustainability and accounting in multi-capital accounting,Social and Environmental Accounting,Eugenie Faure
800,5.262144,6.349458,2026,Regulatory influence on corporate social responsibility: evidence from China’s targeted poverty alleviation campaign,Social and Environmental Accounting,Limei Che
801,5.2993135,6.370532,2026,The dynamics of corporate social responsibility (CSR) and corporate political activity (CPA) practices: a study on Chinese firms’ participation in a national poverty alleviation campaign,Social and Environmental Accounting,Wei Shen
802,5.363113,5.440853,2026,Green needs trust: state-initiated social credit policy and corporate green investment in China,Social and Environmental Accounting,"Lulu Ye, Hui Liu, Congcong Fan, Ming Jia"
803,2.7296252,9.633758,2026,The relation between responsible ownership and executive ESG compensation,Social and Environmental Accounting,Henrich Habe
804,2.7251537,9.816038,2026,When directors act for themselves: evidence on ESG value relevance,Social and Environmental Accounting,"Feng-Yi Lin, Shaio Yan Huang, Szu-Yin (Jennifer) Wu, Teng-Shih Wang"
805,5.1605673,7.3292665,2026,Reciprocal governance failure and corporate decarbonization: evidence from CEO–board backscratching and competing trust-repair channels,Social and Environmental Accounting,"Kai Wang, Tsung-Kang Chen, Yun Hao"
806,4.369414,7.707991,2026,From knowledge to impact: university innovation centers as drivers of SDG-aligned entrepreneurship,Social and Environmental Accounting,"Nicolas Gambetta, Eliana Compiani, Dellanira González, Enrique Topolansky"
807,6.46268,5.571468,2026,Transparency in sustainability reporting: does it worth the cost?,Social and Environmental Accounting,Eugenia Parodi
808,6.7845874,7.28453,2026,Accounting and reporting the sharing economy in a circular regional context,Social and Environmental Accounting,"Sabina Scarpellini, Alfonso Aranda-Uson"
809,8.165951,7.8905926,2026,The role of personality in shaping managerial engagement with artificial intelligence in accounting research,Social and Environmental Accounting,"Alice Pennesi, Francesca di Donato, Sara Trucco"
810,5.42311,9.698052,2026,Assessing social influence and tipping points in honesty: a modified Becker-Degroot-Marschak method,Social and Environmental Accounting,"Christian Stindt, Matthias Meyer"
811,2.4392905,10.352456,2026,Unmasking ESG ratings: the black box severity index and its policy implications,Social and Environmental Accounting,"Zeina Mohamed, Laura Girella"
812,4.94806,4.255338,2026,Artificial intelligence and the voluntary disclosure of Scope 3 carbon emissions,Social and Environmental Accounting,"Tobias Steindl, Shira Cohen, Stephan Küster, Lea Mirlach, Zeina Samy Mohamed"
813,2.5511255,10.343954,2026,Measuring what matters: constructing an ESG controversy index using AI applications,Social and Environmental Accounting,"Laura Girella, Tobias Steindl"
814,2.4275274,10.232935,2026,ESG halo,Social and Environmental Accounting,"Yifei Xia, Youran Zhang, Sofiya Pugachyova"
815,2.4230034,9.804754,2026,The disciplining effect of AI-powered tax administration system on ESG decoupling,Social and Environmental Accounting,"Yanlei Zhang, Yifei Xia"
816,2.4669104,10.313201,2026,Box-ticking for a better ESG score?,Social and Environmental Accounting,"Sofiya Pugachyova, Yanlei Zhang"
817,8.527355,6.321953,2026,Interpreting double materiality: sensemaking and sensegiving in social and environmental accounting (SEA),Social and Environmental Accounting,"Sarah Kapplmüller, Philumena Bauer, Dorothea Greiling, Othmar Lehner"
818,6.5486126,5.0502844,2026,From compliance to institutionalization: a maturity model for sustainability materiality analysis based on stakeholder engagement in a public sector organization,Social and Environmental Accounting,"Koen Corstjens, René Orij, Reinald Minnaar"
819,8.533594,6.323284,2026,From ambiguity to action: organisational sensemaking in double materiality assessment,Social and Environmental Accounting,"Mariella Colantoni, Alessandro Lai, Riccardo Stacchezzini"
820,8.795723,8.308092,2026,Breaking the code: a profile of disciplinary offenses in Quebec’s accounting professionthis study presents a cluster-based profiling of ethical violations among chartered professional accountants (CPA),Social and Environmental Accounting,"Sylvie Côté, Anne Marie Gosselin, Annie LeCompte, Karine Phaneuf, Patrick Coulombe"
821,7.7579575,6.716855,2026,From theory to practice: examining the role of capability in misreporting behavior,Social and Environmental Accounting,Xiaojun Xu
822,4.960427,5.06551,2026,Audit turnover and corporate greenwashing: are auditors bearing the blame?,Social and Environmental Accounting,"Dina El Mahdy, Sandra Cereola, Sebahattin Demirkan"
823,5.600562,5.777505,2026,Sustainability-forward-looking disclosure and stock liquidity: a European investigation,Social and Environmental Accounting,"Imen Derouiche, Anke Müßig, Mélanie Luxembourger"
824,2.5943139,9.9811,2026,ESG practices and corporate bankruptcy risk: insights from ESG disclosures,Social and Environmental Accounting,"Yousry Ahmed, Mohamed Elsayed, Ibrahim Elmghaamez"
825,2.7946944,10.108641,2026,Economic policy uncertainty and voluntary ESG disclosure: the role of analyst coverage,Social and Environmental Accounting,"Bukyung Kim, Jinbae Kim"
826,6.4465327,5.420467,2026,From TCFD to CSRD: exploring the influence of voluntary disclosures on mandatory sustainability reporting,Social and Environmental Accounting,"Joanna Krasodomska, Justyna Godawska, Bartosz Rymkiewicz"
827,6.4335737,5.170694,2026,Digital sustainability reporting and ESG judgment – a cognitive load perspective,Social and Environmental Accounting,Duc Hung Tran
828,6.342319,9.900078,2026,The double materiality assessment process in the practice of Polish listed companies – scope and determinants of disclosures,Social and Environmental Accounting,"Pawel Zieniuk, Małgorzata Macuda, Katarzyna Kobiela-Pionnier"
829,6.7913084,4.8835325,2026,Cost behavior of organic versus conventional farms,Social and Environmental Accounting,"Josep Argiles-Bosch, Josep García-Blandón, Diego Ravenda"
830,5.8330517,5.3662176,2026,Cost-benefit trade-off of sustainability: evidence from the impact of B-Corp certifications on sales performance using signaling theory,Social and Environmental Accounting,"Laura Ferraro, Devendra Kale, Franco Rubino, Roberta Costanzo, Danilo Ceraso"
831,6.80739,7.249877,2026,Accounting for the circular economy: corporate strategies and policy implications,Social and Environmental Accounting,"David Monciardini, Laura Rocca"
832,5.0227566,5.495066,2026,Green public procurement: international evidence,Social and Environmental Accounting,"Giulia Sargiacomo, Ole-Kristian Hope, Sasan Saiy, Muhammad Azim"
833,5.0161457,5.486032,2026,Green transition through government contracting: evidence from the 2014 EU public procurement reform,Social and Environmental Accounting,"Shiheng Wang, Xin Chen, Mingyi Hung"
834,4.9809794,5.555379,2026,The green power of government procurement: evidence from the mandatory net zero commitment from suppliers,Social and Environmental Accounting,"Chengzhu Sun, Cheng Zeng, Yi Xiang"
835,2.3794315,10.037598,2026,The impact of registration system reform on the ESG performance of enterprises: evidence from China,Social and Environmental Accounting,"Wenwen Wang, Fei Yan, Baolei Qi"
836,2.4639215,10.08826,2026,How does ancient culture affect corporate ESG?,Social and Environmental Accounting,"Zilan Yang, Tai-Yuan Chen, Deli Yang"
837,2.440132,10.192961,2026,National culture and ESG priorities,Social and Environmental Accounting,"Yuzhu Lu, Liang Shao, Yue Zhang"
838,4.7755127,4.392914,2026,"Climate-related financial impact disclosures: global evidence on determinants, characteristics, and consequences",Social and Environmental Accounting,"Jurian Hendrikse, Elizabeth Demers, Bjarne Brié"
839,4.669783,4.4608645,2026,The reporting of greenhouse gas emissions: market-based Scope 2 emissions and renewable energy instruments,Social and Environmental Accounting,Svenja Dube
840,4.3550153,4.7635336,2026,Regulating across borders: how sustainability reporting readiness shapes firms’ response to cross-border carbon pricing,Social and Environmental Accounting,"Robert Raney, Ellen En"
841,6.0925093,7.5391,2026,The spillover effect of anticipated proposed regulations on corporate social responsibility performance,Social and Environmental Accounting,"Karel Hrazdil, Jiyuan Li, Xin Li, Weiji Zhang"
842,6.2613163,5.506672,2026,Comparable sustainability performance information and firms’ voluntary sustainability disclosures – evidence from expanded sustainability rating coverage,Social and Environmental Accounting,Maximilian Tiemeyer
843,4.448205,5.5173564,2026,Peer influence and sustainability investment efficiency: the spillover effects of peers’ investments,Social and Environmental Accounting,"Viviana Ecca, Alessandro Mura"
844,4.514345,3.9688835,2026,Managing environmental risks through enterprise risk management: a stakeholder-integrated approach,Social and Environmental Accounting,"Amama Shaukat, Omar al-Bastaki, Grzegorz Trojanowski"
845,6.9789886,5.107684,2026,Multiple materialities: exploring the interconnectedness of financial and sustainability accountings,Social and Environmental Accounting,"Peijing Yang, John Roberts, Tanya Fiedler"
846,4.124979,4.5671787,2026,Activity-based standard GHG-accounting: integrating GHG emissions into sustainability management control systems,Social and Environmental Accounting,"Josef Baumüller, Walter Schwaiger"
847,4.4321938,4.027233,2026,Do climate risks drive integrated climate governance? Evidence from STOXX 600,Social and Environmental Accounting,Quentin Arnaud
848,5.287904,5.0331306,2026,"Financially material sustainability events, heterogeneous beliefs, and greenwashing",Social and Environmental Accounting,Akihiro Noda
849,4.9768424,4.701008,2026,The creditworthiness of corporate environmental disclosures: the influence of public climate sentiment and self-greenwashing,Social and Environmental Accounting,Dengjun Zhang
850,6.676048,5.5002117,2026,Sustainability reporting quality evolution: an analysis of Italian banks,Social and Environmental Accounting,"Eugenia Parodi, Valentina Beretta, Maria Chiara Demartini, Francesco Sotti"
851,6.6124606,5.3775306,2026,Turning sustainability reporting into financial performance: the case of Spanish cooperative banks,Social and Environmental Accounting,"Francisca Castilla Polo, Purificación Parrado-Martínez, María Comino Jurado"
852,2.6698282,10.2832,2026,Exploring the influence of ESG performance on EU taxonomy disclosures,Social and Environmental Accounting,"Lorena Vasquez Arango, Laura Sierra Garcia, Maria Garcia Benau"
853,5.1476164,4.9592524,2026,"Green talk, real obstacles: experimental evidence on environmental communication, implementation challenges, and decoupling",Social and Environmental Accounting,Yuhan Liu
854,4.169236,8.338996,2026,When the president speaks: the impact of an anti-DEI executive order on stakeholders perceptions,Social and Environmental Accounting,"Kevin Gauch, Jochen Theis, Rebekka Ballering"
855,6.255262,9.903849,2026,Materiality disclosure and consumer preferences,Social and Environmental Accounting,"Dominik Katzer, Benedikt Franke, Lucas Stich"
856,4.4167457,4.226633,2026,Extreme weather and indigenous peoples: impacts on business activity,Social and Environmental Accounting,"Martien Lubberink, Paul Griffin, Tom Stannard"
857,5.2413836,5.0881186,2026,Ethical accountability and the governance of the green transition,Social and Environmental Accounting,"Ewelina Zarzycka, Dorota Dobija, Grygorii Kravchenko, Łukasz Kozłowski"
858,3.005101,5.1732078,2026,Does biodiversity improve business productivity? Evidence from a spatial analysis,Social and Environmental Accounting,"Paul Griffin, Martien Lubberink"
859,2.682638,7.9256773,2026,"Talking the talk, skipping the walk: how board co-option constrains CSR decoupling?",Social and Environmental Accounting,"Moez Essid, Lakhal Faten, Hind Naouar"
860,2.6023922,8.174753,2026,Governing corporate social responsibility (CSR) decoupling: the examination between board gender diversity (BGD) and CSR decoupling in luxury fashion industry,Social and Environmental Accounting,Christina Ionela Neokleous
861,2.593446,8.154305,2026,Understanding CSR decoupling: board attributes as key drivers and gender diversity as a moderator,Social and Environmental Accounting,"Maria Consuelo Pucheta-Martinez, Isabel Gallego-Álvarez, Inmaculada Bel-Oms"
862,2.9991026,5.2192793,2026,Biodiversity conservation and tax avoidance,Social and Environmental Accounting,"Wenfu Ding, Lingzhi Wang, Sirui Wu"
863,2.9647841,5.20534,2026,Executive incentives behind biodiversity reporting,Social and Environmental Accounting,"Kehan Tong, Yu-Lin Hsu, Khaldoon Albitar"
864,2.922309,5.2390223,2026,Signaling nature: how patient capital drives biodiversity disclosure,Social and Environmental Accounting,"Zhaoying Lu, Zaixin Chen, Pengfei Gao, Hongfang Chen"
865,2.6600287,9.876955,2026,Do ESG controversies matter for corporate earnings management?,Social and Environmental Accounting,"James Juichia Lin, Te-Kuan Lee, Cheng-Ju Wu"
866,2.7725902,9.911272,2026,Mors tua vita mea? The stock market effect of ESG violations on competitors,Social and Environmental Accounting,"Annalisa Prencipe, Ariela Caglio, Carlo d’Augusta"
867,2.839568,10.02519,2026,Signaling under scrutiny: how ESG disclosure influences shareholder value in the face of controversies,Social and Environmental Accounting,"Christian Schoendeling, Carolin Krieweth, Malte Brettel"
868,4.479202,5.4670997,2026,Peer effects and sustainability supply chain management,Social and Environmental Accounting,"Wenjiao Cao, Fatemeh Taghimolla"
869,5.4520764,6.739248,2026,Much ado about due diligence? Capital market reactions to the German supply chain act,Social and Environmental Accounting,"Karolin Schulte, Max Pflitsch, Christiane Pott"
870,4.2912555,5.0228167,2026,Does supply chain shortening benefit carbon transparency? Evidence from corporate reshoring,Social and Environmental Accounting,Erik Wang
871,2.5024512,9.849356,2026,The effect of firms’ ESG commitment on tail risk: a nonlinear approach through generalized additive models,Social and Environmental Accounting,"Julen Galarza, Eduardo Ortas, Jose M. Moneva"
872,4.079542,6.9456854,2026,The price of deregulation: stock market responses to the omnibus package,Social and Environmental Accounting,"Simone Pizzi, Andrea Venturelli, Fabio Caputo"
873,3.8546805,7.408023,2026,"Profit, purpose, and the price of change: evidence from benefit corporation transitions",Social and Environmental Accounting,"Mouhcine Tallaki, Enrico Bracci, Riccardo Ievoli, Vincenzo Riso"
874,3.2371204,6.3629923,2026,Preferences for taxing wealth and income,Taxation,"Yuri Piper, Ralf Maiterth, Cornelius Schneider, Davud Rostam-Afschar"
875,3.954163,6.9173427,2026,Local policy misperceptions and investment: experimental evidence from firm decision makers,Taxation,"Sebastian Blesse, Florian Buhlmann, Philipp Heil, Davud Rostam-Afschar, Maik Sattelmaier"
876,3.4716,6.8089666,2026,Profit tax uncertainty and firm behavior: experimental evidence on expectations and plans,Taxation,"Philipp Dörrenberg, Fabian Eble, Davud Rostam-Afschar, Maik Sattelmaier, Johannes Voget"
877,3.7867274,4.8729143,2026,Carbon pricing policies and executive compensation tied to ESG performance,Taxation,"Weimian Ai, David Samuel, Liandong Zhang"
878,3.07047,5.2854333,2026,Beyond carbon: the effects of environmental taxes on firms’ biodiversity footprint,Taxation,"Arthur Stenzel, Spyridon Gkikopoulos, Vlad Porumb, George Voulgaris"
879,3.2198625,5.8876643,2026,"Villain or victim? Tax subsidies, environmental performance, and the ESG perception paradox",Taxation,"Marufa Akhter, Md Enamul Hasan"
880,3.297849,6.9499826,2026,Corporate websites - a channel of tax disclosure?,Taxation,"Stefan Buchinger, Vanessa Flagmeier"
881,3.2122562,6.9880157,2026,Corporate tax residency disclosure,Taxation,"Rodney Brown, Victoria Clout, Kerrie Sadiq, Ashesha Weerasinghe"
882,4.2750177,4.1867385,2026,Climate beliefs and attitudes and corporate tax savings,Taxation,"Lei Zhang, Kiridaran Kanagaretnam"
883,3.197371,6.473961,2026,What doesn’t kill us makes us stronger? Corporate taxation and total factor productivity growth,Taxation,"Sebastian Eichfelder, Hang Nguyen, Kelly Wentland"
884,3.3782022,6.681097,2026,R&D capitalization and tax avoidance in the U.S.,Taxation,"Kaixuan Zhang, Hussein Warsame"
885,3.0578554,6.735924,2026,The effects of fiscal policy on the banking sector: evidence from deferred tax assets,Taxation,"Daphne Armstrong, John Gallemore, Heather Graham"
886,3.0349329,6.544912,2026,Tax department heterogeneity: does workforce composition shape tax planning and tax risk?,Taxation,"Harald Amberger, Henning Giese, Kim Alina Schulz"
887,3.1646996,6.454644,2026,"Doing good, paying less? Employee welfare and corporate tax avoidance",Taxation,Dean Hanlon
888,3.1948366,6.485796,2026,Employer influence on ethical sensitivity: how do early-career tax professionals perceive aggressive tax avoidance?,Taxation,"Kenny Dekoster, Isabelle Verleyen, Annelies Roggeman"
889,3.7825847,5.933126,2026,"IPO, book-tax relationships and tax avoidance: evidence from China",Taxation,"Weiyin Zhang, K. Hung Chan, Phyllis Lai Lan Mo"
890,3.1522765,5.978498,2026,How (not) to tax sunshine: investment responses to tax compliance costs on non-commercial rooftop photovoltaic systems,Taxation,"Drahomir Klimsa, Sofie Luitz, Robert Ullmann"
891,3.4461174,6.689572,2026,Hidden in the data: how data assets expand firms’ tax avoidance space,Taxation,"Weina Zhao, Xiaolin Xue, Junrui Zhang"
892,3.2442436,7.4597216,2026,CFOs in the boardroom: the influence of insider directorship on corporate tax planning,Taxation,Khaled Abdulsalam
893,2.9292574,6.8562613,2026,Tax authority leadership team diversity and corporate tax compliance,Taxation,"Jian Chu, Zhongwen Fan, Ningzhong Li"
894,6.9084477,8.049238,2026,Technology-enabled enforcement,Taxation,Botir Kobilov
895,3.1832275,6.5779114,2026,Tax avoidance and digital tax transparency,Taxation,"Hussein Warsame, Rahat Jafri, Mark Anderson, Michael Wright"
896,5.3412633,8.257208,2026,Tax cuts and loan loss provision timeliness: evidence from the 2017 Tax Cuts and Jobs Act,Taxation,"Travis Chow, Linzhi Huang, Yanju Liu, Jeffrey Ng"
897,7.0493345,8.59613,2026,The impact of public country-by-country reporting on multinationals’ reporting decisions,Taxation,"Xinyan Wu, Dirk Simons, Sebastian Kronenberger, Regina Ortmann"
898,3.007914,6.724264,2026,The damocles’ sword of deferred tax credits: evidence from the first activation in the European banking system,Taxation,"Eleftherios Aggelopoulos, Lucas Papazissimou, Athanasios Tsagkanos, Vasilios Sogiakas, Antionios Georgopoulos"
899,3.1082206,6.685803,2026,Cross-border transactions and corporate tax behavior: evidence from the European Union,Taxation,Constantinos Chalevas
900,3.0551143,6.565667,2026,The effect of the global minimum taxation on forward-looking effective tax rate measures,Taxation,"Hannah Kranawetter, Matthias Petutschnig"
901,5.7167425,9.639555,2026,Does the intensity of tax risk factor disclosure reduce inefficient labor investment?,Taxation,"Jason Chen, Shihui Fan"
902,3.1312358,6.435218,2026,"The effects of personal income taxes on organization performance: evidence from name, image, and likeness compensation rules",Taxation,"Nathan Goldman, Martin Jacob"
903,3.0894623,6.443874,2026,Do higher corporate taxes reduce wages or working hours?,Taxation,"Sebastian Eichfelder, Hang Nguyen, Kelly Wentland"
904,3.8462868,7.354428,2026,Profit shifting and real investment activity,Taxation,"Tobias Hahn, Dirk Schindler, Wamser Georg"
905,3.9831874,6.937265,2026,Within-country profit-shifting: from treat to threat?,Taxation,"Lukas Ortner, Reinald Koch, Dominika Langenmayr"
906,3.007829,6.7365417,2026,Do foreign multinationals avoid taxation in Germany? Evidence from unconsolidated financial statements,Taxation,"Aaron Martini, Ralf Maiterth, Ulf Bruggemann"
907,6.801817,8.078368,2026,Real effects of the enforcement of anti-avoidance regulation,Taxation,"Rebecca Reineke, Katrin Weiskirchner-Merten, Stefan Wielenberg"
908,3.0476627,6.739382,2026,Tax alignment and controllability: optimal performance evaluation in multinational firms,Taxation,"Yutaro Murakami, Toshiaki Wakabayashi"
909,3.1621125,6.839523,2026,Residual earnings tax,Taxation,Froystein Gjesdal
910,3.158959,6.797874,2026,The macroeconomic information content of corporate estimated tax payments,Taxation,"Erin Henry, George Plesko, Dillon Walker"
911,3.4038162,7.1827965,2026,"Macroeconomic risk, ceos’ capital gains tax liabilities and corporate hedging",Taxation,"Sohaib Ahmed, Mansoor Afzali"
912,3.0601444,6.535437,2026,"Government political ideology, corporate tax policy, and effective corporate tax burdens",Taxation,"Saskia Kohlhase, Erik Peek"
913,7.9391356,9.141585,2026,Regulatory spillovers in audit markets: evidence from expanded tax transaction reporting,Taxation,"Alexander Edwards, Ben Ma, Michael Marin"
914,8.810229,8.628141,2026,How and when do accountants matter? Evidence from foreign audits and random allocation of tax experts,Taxation,"Kevin Munch, Eashwar Nagaraj, Marvin Nipper"
915,8.7877655,9.138046,2026,The effect of voluntary private tax audits on tax aggressiveness and tax audit fees,Taxation,"Kalliopi Chatzi, Emmanouil Dedoulis, Stergios Leventis"
916,6.8363833,9.150915,2026,Asymmetric timeliness of tax disclosure - evidence from large language models,Taxation,"Muriel Rey, Robert Ullmann, Sophia Wörle"
917,3.0221908,6.465107,2026,The architecture of double tax relief: unravelling textual patterns in country-specific method articles,Taxation,"Markus Diller, Patrick Katzlmayr, Lucas Putz"
918,7.997127,7.97702,2026,Driving value creation through artificial intelligence adoption: lessons from tax administration data and outcomes,Taxation,"Devan Mescall, Preetika Joshi, Peng Wang"
919,3.198558,6.0232067,2026,Environmental-unfriendly tax avoidance,Taxation,"Zhimin Chen, Martin Jacob, Xiang Zheng"
920,4.089409,4.9656315,2026,Carbon pricing and cross-border innovation spillovers,Taxation,"Cinthia Valle Ruiz, Martin Jacob, Christof Beuselinck"
921,3.197683,6.010119,2026,Personal income taxes and corporate pollution,Taxation,"Michael Mayberry, Marvin Nipper, Marius Weiß"
922,3.7377949,7.1583395,2026,(Mis)measurement of income shifting,Taxation,"Stefanie Pendl, Harald Amberger, Ruby Doeleman"
923,3.214979,6.5892925,2026,The effect of global anti-tax avoidance efforts on sub-national profit shifting,Taxation,"Johannes Gaul, Inga Schulz"
924,3.6058438,7.0677395,2026,Investor-level taxation and firm leverage,Taxation,Ann Marie Tabelon Olsen
925,3.0213106,6.4488325,2026,The effects of deregulation of the UK’s office for tax simplification: interview evidence,Taxation,Kevin McMeeking
926,4.5413,6.4866858,2026,Dividend tax incentives and cost behavior in private SMEs,Taxation,Henrik Hoglund
927,6.68409,8.331815,2026,Growing taxpayer frustration: investigating the effects on compliance behavior and the preparer market,Taxation,"Amy Hageman, Cass Hausserman, Mary Marshall, Kelli Saunders"
928,8.944272,8.956115,2026,Tax advisory firms and reputational costs: client purchases of auditor-provided tax services after a tax scandal,Taxation,"Kenny Dekoster, Inga Hardeck, Beatrice Renges, Isabelle Verleyen"
929,3.0492537,6.5393553,2026,Tax administration compliance burdens: global measurement and evidence,Taxation,Jesse Marangoni
