Category,Name,Author_1,Author_2,Author_3,Author_4,Author_5,Author_6,Author_7,Author_8,Author_9,Author_10,Author_11,Author_12,Author_13,Author_14,Author_15,Author_16,Uni_1,Uni_2,Uni_3,Uni_4,Uni_5,Uni_6,Uni_7,Uni_8,Uni_9,Uni_10,Uni_11,Uni_12,Uni_13,Uni_14,Uni_15,Uni_16
Financial Reporting,Regulating by New Technology: The Impacts of the SEC Data Analytics on the SEC Investigations,Tian Deng,,,,,,,,,,,,,,,,CUHK-Shenzhen,,,,,,,,,,,,,,,
Financial Reporting,Do SPAC Combinations Affect Their Peers’ Financial Reporting Choices?,Daniel Cohen,Sunay Mutlu,Kelly Ha,John Schomburger,,,,,,,,,,,,,Vanderbilt University,Kennesaw State University,Kennesaw State University,Texas A&M University,,,,,,,,,,,,
Financial Reporting,Voluntary Public Disclosure of Revenues by Private Companies in the United States,Thomas Bourveau,Yiran Kang,Wenqiang Pan,Robert Stoumbos,,,,,,,,,,,,,Columbia University,City University of Hong Kong,Columbia University,ESSEC Business School,,,,,,,,,,,,
Financial Reporting,How does more mandated public disclosure by private firms affect public firms’disclosure of customer identities?,Jeffrey Ng,Chunyan Wei,Janus Jian Zhang,,,,,,,,,,,,,,University of Hong Kong,Shanghai University of Finance and Economics,Hong Kong Baptist University,,,,,,,,,,,,,
Financial Reporting,Real Effects of Mandatory Disclosure of Proprietary Information,Mary Lee,,,,,,,,,,,,,,,,ESSEC Business School,,,,,,,,,,,,,,,
Financial Reporting,Accounting conservatism and efficient project continuation revisited,Jochen Bigus,,,,,,,,,,,,,,,,,,,,,,,,,,,,,,,
Financial Reporting,Behavioral Conservatism,Yasmin Hoffmann,Qian Zhang,Joaquin Peris Peris,,,,,,,,,,,,,,University of Mannheim,Tsinghua University,,,,,,,,,,,,,,
Financial Reporting,Reassessed Earnings with Capitalized Intangibles,Anup Srivastava,Aneel Iqbal,Shiva Rajgopal,Elnaz Basirianmahabadi,,,,,,,,,,,,,University of Calgary,Arizona State University,Columbia University,,,,,,,,,,,,,
Financial Reporting,Board interlocks and corporate risk disclosures,Amin Tavakkolnia,Dieter Smeulders,,,,,,,,,,,,,,,KU Leuven,,,,,,,,,,,,,,,
Financial Reporting,Market Reactions to Mandatory Climate Disclosure: Evidence from California’s Climate Accountability Laws,Tahmina Ahmed,Xing Huan,Gregory Saxton,,,,,,,,,,,,,,Niagara University,EDHEC Business School,,,,,,,,,,,,,,
Financial Reporting,What can we learn about expected credit losses from disclosure?,Argyro Panaretou,Sam Rawsthorne,,,,,,,,,,,,,,,Lancaster University,,,,,,,,,,,,,,,
Financial Reporting,Real Effects of Mandatory Forward-Looking Disclosures: Evidence from a Natural Experiment,Zhongwen Fan,Yifan Jia,XinWang,,,,,,,,,,,,,,City University of Hong Kong,Xiamen University,,,,,,,,,,,,,,
Financial Reporting,Peer Disclosure,Manyun Tang,Amir Amel-Zadeh,Kazbi Soonawalla,,,,,,,,,,,,,,"University of Oxford, Saïd Business School","University of Oxford, Saïd Business School",,,,,,,,,,,,,,
Financial Reporting,Different Types of Information Processing Costs and Voluntary Disclosure,Jung Min Kim,,,,,,,,,,,,,,,,,,,,,,,,,,,,,,,
Financial Reporting,Bankruptcy Prediction Using Machine Learning Models: Analyst Forecast Information Content Perspective,Yun Hao,Tsung-Kang Chen,Hsien-Hsing Liao,Xue-Sheng Zhou,,,,,,,,,,,,,National Yang Ming Chiao Tung University,National Yang Ming Chiao Tung University,National Taiwan University,,,,,,,,,,,,,
Financial Reporting,Economists’ herding behavior and the presence of in-house corporate analysts,Andrea Bafundi,Claudia Imperatore,,,,,,,,,,,,,,,Università di Padova,,,,,,,,,,,,,,,
Financial Reporting,Does Accounting Conservatism Discipline Voluntary Disclosure? Evidence from Corporate Political Spending,Mahmoud Nasr,Alaa Zalata,,,,,,,,,,,,,,,University of Southampton,,,,,,,,,,,,,,,
Financial Reporting,When Silence Speaks Louder: Litigation Risk and Investor Responses to Year-over-year Similarity of MD&A Disclosure,Vincent Lin,Sheryl Zhang,,,,,,,,,,,,,,,Washington University in St. Louis,,,,,,,,,,,,,,,
Financial Reporting,Recognition of Research and Development in Private Firms,Emmeli Runesson,Marita Blomkvist,Jan Marton,Niuosha Samani,,,,,,,,,,,,,University of Gothenburg,University of Gothenburg,University of Gothenburg,,,,,,,,,,,,,
Financial Reporting,Risk Migration from the Banking Industry to the Real Economy: An Examination of Spillover from Basel III,JingWen,,,,,,,,,,,,,,,,,,,,,,,,,,,,,,,
Financial Reporting,Transparency and Real Effects of Banks’ Climate Stress Tests,GerritVon Zedlitz,Jannis Bischof,Vincent Giese,Luzi Hail,,,,,,,,,,,,,University of Mannheim,University of Mannheim,University of Mannheim,,,,,,,,,,,,,
Financial Reporting,Central bank independence and accounting choice,Igor Goncharov,,,,,,,,,,,,,,,,,,,,,,,,,,,,,,,
Financial Reporting,Too High to Make It Right: Marijuana Liberalization and Financial Misreporting,Ting-Chiao Huang,Jin Zhang,,,,,,,,,,,,,,,Monash University,,,,,,,,,,,,,,,
Financial Reporting,Sleep Deprivation and Financial Misreporting,Ashiq Ali,Zhongwen Fan,KaiWai Hui,Siman Li,,,,,,,,,,,,,University of Texas at Dallas,City University of Hong Kong,University of Hong Kong,,,,,,,,,,,,,
Financial Reporting,The dark side of accounting flexibility: Firms’ opportunistic response to government aid policies in times of crisis,Seraina Anagnostopoulou,Marco Maria Mattei,Matteo Merlo,Eleonora Monaco,,,,,,,,,,,,,University of Piraeus,University of Bologna,University of Bologna,,,,,,,,,,,,,
Financial Reporting,Can a Minor Regulatory Intervention Lower Corporate Borrowing Costs?,Hui Tan,,,,,,,,,,,,,,,,,,,,,,,,,,,,,,,
Financial Reporting,Estimating Normal Loan Loss Provisions under the ECL model,Daniel Dejuan-Bitria,Javier Gómez-Biscarri,,,,,,,,,,,,,,,Banco de España,,,,,,,,,,,,,,,
Financial Reporting,Credit information sharing among lenders and the debt contracting value of borrowers’ accounting information,Fangfang Hou,Yingshuang Ma,Byron Song,,,,,,,,,,,,,,Xiamen University,Hong Kong Baptist University,,,,,,,,,,,,,,
Financial Reporting,Accounting for Equity Instruments: Does IFRS 9 Deter Gains-Trading or Long-Term Investments?,Clemens Lauer,Holger Daske,Jannis Bischof,,,,,,,,,,,,,,University of Mannheim,University of Mannheim,,,,,,,,,,,,,,
Financial Reporting,IFRS 17 and the Decision-Usefulness of Insurers’ Financial Reporting Information,Merjona Lamaj,Zoltan Novotny-Farkas,Lukas Obernauer,,,,,,,,,,,,,,WUVienna,WUVienna,,,,,,,,,,,,,,
Financial Reporting,Litigation Loss Contingency Disclosures and Firm-level Stock Price Crash Risk,Yu-Fang Chu,Rebecca Files,Hsin-Yi Huang,Ming-Yu Liu,,,,,,,,,,,,,National Taiwan University,Baylor University,National Cheng Kung University,,,,,,,,,,,,,
Financial Reporting,Regulated Boards and Accounting Conservatism,Bilal Al-Dah,Mustafa Dah,Mostafa Harakeh,,,,,,,,,,,,,,Kean University,Lebanese American University,,,,,,,,,,,,,,
Financial Reporting,Unveiling RPTs: Are All RPTs Equal in Value Relevance of Accounting Information?,Jinah Hwang,Doocheol Moon,Goun Kim,,,,,,,,,,,,,,Yonsei University,Yonsei University,,,,,,,,,,,,,,
Financial Reporting,Acquisitions and Conditional Accounting Conservatism,Johanna Kling,Niklas Meyer,Martin Glaum,,,,,,,,,,,,,,WHU - Otto Beisheim School of Management,Vrije Universiteit Amsterdam,,,,,,,,,,,,,,
Financial Reporting,Becoming Invisible? Data Breach Risk and Corporate Secrecy,Tim Martens,Christoph Sextroh,Xiaochi Ge,Christelle Alkhoury,,,,,,,,,,,,,Bocconi University,University of Oldenburg,University of Bristol,,,,,,,,,,,,,
Financial Reporting,Insider Trading With Options,Matteo Vacca,,,,,,,,,,,,,,,,,,,,,,,,,,,,,,,
Financial Reporting,Does ASC842 increase the usefulness of Balance Sheet—Evidence from private debt markets,Jiayin Li,,,,,,,,,,,,,,,,,,,,,,,,,,,,,,,
Financial Reporting,How does management guidance affect investors’ responses to earnings announcements?,Kanyuan Huang,Henry Friedman,Zitong Zeng,Kaiwen Wu,,,,,,,,,,,,,CUHK-Shenzhen,"University of California-Los Angeles, Anderson School",University of California-Los Angeles,,,,,,,,,,,,,
Financial Reporting,CEO Tenure and the Redaction of Information from Material Contracts,Xingyuan Fei,Gopal Krishnan,,,,,,,,,,,,,,,Texas A&M University – San Antonio,,,,,,,,,,,,,,,
Financial Reporting,Compensating for Responsibility: The Effect of CSR Contracting on Annual Report Readability,Yong-Chul Shin,Lakhal Faten,Itidel Ben Saad,Hamza Nizar,Ehsan Almoataz,,,,,,,,,,,,University of Massachusetts Boston,Léonard de Vinci Pôle Universitaire,University of Sousse,IHEC Carthage,,,,,,,,,,,,
Financial Reporting,Talking about the Future to Address the Legitimacy Gap: Data Breaches and Forward-Looking Performance Disclosure,Yanlei Zhang,Vivek Raval,,,,,,,,,,,,,,,Copenhagen Business School,,,,,,,,,,,,,,,
Financial Reporting,The Verification Role of Alternative Data,Jing Pan,Matthew Ma,Rick Mergenthaler,Pascal Schrader,,,,,,,,,,,,,Penn State University,Rutgers University,Penn State University,,,,,,,,,,,,,
Financial Reporting,Do Related Party Transactions enable Unethical Behavior? Evidence from Tax Avoidance,Moataz Elhelaly,Salim Chahine,Omrane Guedhami,,,,,,,,,,,,,,American University in Cairo,Banque Du Liban,,,,,,,,,,,,,,
Financial Reporting,Employees’ AI skills and the relevance of accounting information,Daniel Taylor,EuniceYaa Cudjoe,,,,,,,,,,,,,,,IÉSEG School of Management,,,,,,,,,,,,,,,
Financial Reporting,Operating Expense P&L Disaggregation: A Cross-Country Study of Determinants and Consequences,MarkWallis,Matthew Pinnuck,,,,,,,,,,,,,,,University of Queensland,,,,,,,,,,,,,,,
Financial Reporting,How to Select Targets for Investigations? Evidence from Financial Reporting Enforcement,Alicia Schott,Martin Nienhaus,Christopher Oehler,Marius Gros,,,,,,,,,,,,,Ruhr University Bochum,Ruhr University Bochum,Ruhr University Bochum,,,,,,,,,,,,,
Financial Reporting,Audit Committee Directors’ Related Industry Knowledge and Financial Reporting Quality,Guojin Gong,An-Ping Lin,Shuqing Luo,Xin Qu,,,,,,,,,,,,,University of Connecticut,Singapore Management University,University of Hong Kong,,,,,,,,,,,,,
Financial Reporting,The role of reporting frequency in shaping shareholder horizon: implications for corporate myopia,HwaYoung Kim,,,,,,,,,,,,,,,,,,,,,,,,,,,,,,,
Financial Reporting,Influence of Peer CEO Compensation on Earnings Management: The Moderating Role of CEO Greed,Abdullah Alhossini,,,,,,,,,,,,,,,,,,,,,,,,,,,,,,,
Financial Reporting,"US cross-listing and trade-off between accrual and real earnings management, the European evidence",Xiaoyu Niu,Philippe Touron,,,,,,,,,,,,,,,Université Paris 1 Panthéon-Sorbonne,,,,,,,,,,,,,,,
Financial Reporting,Managers’ Self-Reported Earnings Management Practices: Experimental Evidence from Private Firms,Yuhan Liu,Jannis Bischof,Davud Rostam-Afschar,,,,,,,,,,,,,,University of Mannheim,University of Mannheim,,,,,,,,,,,,,,
Financial Reporting,Abnormal Audit Fee and Financial Fraud,Feng Xiong,Yayuan Zheng,Yue Su,Shengnan Li,Ning Cai,,,,,,,,,,,,Xiamen University,Xiamen University,Xiamen University,Xiamen University,,,,,,,,,,,,
Financial Reporting,Accounting Disclosure and Regulatory Intervention—Evidence at the Bank Holding Company Level,Lemonia Marina Rempoutsika,,,,,,,,,,,,,,,,,,,,,,,,,,,,,,,
Financial Reporting,Disclosure regulation around the world: data and descriptive analysis,Ulf Bruggemann,Christian Bernard,Jonas Materna,,,,,,,,,,,,,,Humboldt University of Berlin,Humboldt University of Berlin,,,,,,,,,,,,,,
Financial Reporting,Influence of Regulatory Regime and Firm Size on Reporting of Discontinued Operations,Yoshie Saito,Richard Lord,,,,,,,,,,,,,,,Brooklyn College,,,,,,,,,,,,,,,
Financial Reporting,Determinants and Consequences of Withholding Sales and the Cost of Sales: Evidence from Small Private Firms,Dennis Sundvik,,,,,,,,,,,,,,,,,,,,,,,,,,,,,,,
Financial Reporting,Understanding Decision Making in Accounting—A literature review of the experimental use of neuroscientific technologies,Nina Limberg,,,,,,,,,,,,,,,,,,,,,,,,,,,,,,,
Financial Reporting,The Proprietary Costs of Transparency: Strategic Patenting Under Financial Reporting Mandates,Li Azinovic-Yang,Yue Chen,Shunsuke Matsuno,Sunho Yoo,,,,,,,,,,,,,University of Chicago,Chinese University of Hong Kong,Columbia University,,,,,,,,,,,,,
Financial Reporting,Digital Transformation Overemphasis in Earnings Conference Calls: Do Investors Misinterpret its Importance?,Can Nalci,Sebastian Firk,Vlad-Andrei Porumb,Simona Rusanescu,,,,,,,,,,,,,University of Groningen,University of Groningen,University of Manchester,,,,,,,,,,,,,
Financial Reporting,Global Standards Bridging Borders: The Transformative Role of Foreign Investors in Carbon Reporting Transparency and Accountability,Shumi Akhtar,Jiongcheng Lu,Ruijia Zhan,,,,,,,,,,,,,,University of Sydney,University of Sydney,,,,,,,,,,,,,,
Financial Reporting,Trust and SEC Investigations,Meiling Zhao,Francois Brochet,Kelvin Yeung,,,,,,,,,,,,,,Chinese University of Hong Kong,Boston University,,,,,,,,,,,,,,
Financial Reporting,Impact of ASC 606 on the Cost of Debt: Implications for Expanding the Use of Principles-Based Accounting Standards,Gil Sadka,Shinwoo Lee,Kyungran Lee,,,,,,,,,,,,,,University of Texas at Dallas,Hong Kong Baptist University,,,,,,,,,,,,,,
Financial Reporting,The Shadow Price of Workforce Satisfaction: Evidence from Defined Benefit Pension Plans,Annita Florou,Peter Pope,Meng Li,Nipat Puangjampa,,,,,,,,,,,,,Bocconi University,London School of Economics and Political Science,University of Oklahoma,,,,,,,,,,,,,
Financial Reporting,Bankruptcy Prediction Using the Text-Based Communicative Value of Earnings Call Transcripts,Tsung-Kang Chen,Yun Hao,Yu-Chun Lin,,,,,,,,,,,,,,National Yang Ming Chiao Tung University,National Yang Ming Chiao Tung University,,,,,,,,,,,,,,
Financial Reporting,"Market for Corporate Control, Stock Market Feedback, and Investment Efficiency: Evidence from International M&A Laws",Jong Chool Park,Jay Lee,Bo Xu,,,,,,,,,,,,,,University of South Florida,University of Massachusetts Boston,,,,,,,,,,,,,,
Financial Reporting,Operating Lease Accounting and Firms’ Financing Decisions,Xinyuan Shao,,,,,,,,,,,,,,,,,,,,,,,,,,,,,,,
Financial Reporting,LongFinBERT: A Language Model for Very Long Financial Documents,Minh Tri Phan,Erik-Jan Senn,,,,,,,,,,,,,,,University of Basel,,,,,,,,,,,,,,,
Financial Reporting,Credibility and reputation concerns: Evidence from X users,Louis Mangeney,,,,,,,,,,,,,,,,,,,,,,,,,,,,,,,
Financial Reporting,Why voluntarily adopting US firms drop the direct method for disclosing cash flows from operating activities?,Baljit Sidhu,Chuan Yu,,,,,,,,,,,,,,,University of Sydney,,,,,,,,,,,,,,,
Financial Reporting,Re-Standardized Financial Statement Data,Federico Siano,Matthew Lyle,Teri Yohn,,,,,,,,,,,,,,University of Texas at Dallas,affiliation not provided,,,,,,,,,,,,,,
Financial Reporting,How Does Recognition of Forward-Looking Estimates Affect Learning about the Macroeconomy? Evidence from CECL,Ally Lin,Oliver Binz,Matthew Phillips,,,,,,,,,,,,,,ESMT Berlin,ESMT Berlin,,,,,,,,,,,,,,
Financial Reporting,Centralized Electronic Reporting and Disclosure Informativeness: Evidence from a Top-Down Regulatory Change in Germany,Reeyarn Li,Stephan Kaiser,Soenke Sievers,,,,,,,,,,,,,,Paderborn University,Paderborn University,,,,,,,,,,,,,,
Financial Reporting,Best Companies to Work For and Firm Performance: The Role of Managerial Pessimism,Xinlun Song,,,,,,,,,,,,,,,,,,,,,,,,,,,,,,,
Financial Reporting,CEO Accounting Background and SEC Comment Letters,Yu-Chun Lin,,,,,,,,,,,,,,,,,,,,,,,,,,,,,,,
Financial Reporting,Corporate use of artificial intelligence and subsequent product market performance,Jeff Wang,Jennifer Tucker,Ran Zhao,,,,,,,,,,,,,,San Diego State University,University of Florida,,,,,,,,,,,,,,
Financial Reporting,The Paradox of Cybersecurity Reporting: A Textual Analysis of European Disclosure Practices,Elodie Behnam,Kevin Gauch,Enrico Prinz,Laura Schaffner,,,,,,,,,,,,,University of Strasbourg,Technical University of Darmstadt,University of Strasbourg,,,,,,,,,,,,,
Financial Reporting,Pressures from Parallels: Accounting Information Comparability and Excessive R&D Intensity,Tianze Li,Zijian Cheng,Zhangxin (Frank) Liu,Qian Li,,,,,,,,,,,,,Shandong University,Shandong University,University of Western Australia,,,,,,,,,,,,,
Financial Reporting,Do zombie firms manipulate earnings?,Laura Parte,María Del Mar Camacho-Miñano,Domenico Campa,José Jimenez-Mazario,,,,,,,,,,,,,Universidad Nacional de Educación a Distancia,Universidad Complutense de Madrid,International University of Monaco,,,,,,,,,,,,,
Financial Reporting,Experimental Examination of the Effect of IFRS 18 regulation of Management-defined Performance Measures,Sameera Khatoon,Linda Thorne,Nicolas Epelbaum,,,,,,,,,,,,,,University of Saskatchewan,York University,,,,,,,,,,,,,,
Financial Reporting,The Effects of Risk Factor Disclosures on the Stock Price Crash Risk of Firms,Hsiaowen Wang,Chia-Hsun Hsieh,,,,,,,,,,,,,,,National Central University,,,,,,,,,,,,,,,
Financial Reporting,Revenue-Expense Matching and Business Cycle,João Paulo Ribeiro,Elizangela Castro,Patrícia Pain,Suliani Rover,,,,,,,,,,,,,Federal University of Santa Catarina,Federal University of Santa Catarina,Universidade Federal do Espírito Santo,,,,,,,,,,,,,
Financial Reporting,The Effects of Human Capital Disclosures on Professional Investors’ Assessments of Firm Risk,Ethan Rouen,Lisa Laviers,Jason Sandvik,Robert Jennings,,,,,,,,,,,,,Harvard Business School,Tulane University,University of Arizona,,,,,,,,,,,,,
Financial Reporting,Changes in Firms’ Business Models and Accrual Estimation,Stephan Kaiser,Benedikt Franke,Frederic Schlackl,Reeyarn Li,Soenke Sievers,,,,,,,,,,,,Paderborn University,University of Würzburg,HEC Montréal,Paderborn University,,,,,,,,,,,,
Financial Reporting,Corporate Crypto Holdings and Analysts’ Forecasting Environment,Nikolaos Tsileponis,Yi Huang,Adriana Korczak,,,,,,,,,,,,,,University of Bristol,University of Bristol,,,,,,,,,,,,,,
Financial Reporting,On the contemporaneous reporting of income increasing and income decreasing special items: initial evidence,James Potepa,Kalin Kolev,,,,,,,,,,,,,,,American University,,,,,,,,,,,,,,,
Financial Reporting,The Usefulness of Cryptocurrency Disclosures: Evidence from U.S. public firms,Thinh Nguyen,,,,,,,,,,,,,,,,,,,,,,,,,,,,,,,
Financial Reporting,Mandatory Forecasts and Debt Markets,Ruth Rooz,Benjamin Segal,,,,,,,,,,,,,,,Stern (Ariel University),,,,,,,,,,,,,,,
Financial Reporting,Surplus Reduction and Personal Incentives in the Government Sector,Xi Chen,Gilles Hilary,Amanda Beck,,,,,,,,,,,,,,University of Bristol,"Georgetown University, McDonough School of Business",,,,,,,,,,,,,,
Financial Reporting,Dissecting Insider Sales,Juliane Wutzler,Amir Amel-Zadeh,,,,,,,,,,,,,,,Worms University of Applied Sciences,,,,,,,,,,,,,,,
Financial Reporting,Patent Collateral Value Verification and Credit Constraints,Jessica Kim-Gina,Aytekin Ertan,Muskan Chawla,,,,,,,,,,,,,,Chapman University,London Business School,,,,,,,,,,,,,,
Financial Reporting,Pay Inequality and Job Satisfaction: Evidence from Glassdoor,Clifton Green,Stanimir Markov,Dexin Zhou,,,,,,,,,,,,,,Emory University,University of Texas at Dallas,,,,,,,,,,,,,,
Financial Reporting,Intermediaries under the Spotlight: Transparency of Pharmacy Benefit Managers and Medicare Part D Drug costs,Nicola Maria Fiore,,,,,,,,,,,,,,,,,,,,,,,,,,,,,,,
Financial Reporting,Mandatory Disclosure and Voluntary CEO Departure,Young Jun Cho,Jaewoo Kim,Hojun Seo,Yucheng (John) Yang,,,,,,,,,,,,,Singapore Management University,University of Oregon,Purdue University,,,,,,,,,,,,,
Financial Reporting,The impact of credit rating reports’ sentiment and readability on analysts’ forecasting—Application of neural network models,Ujjal Mondal,Ana Marques,Fabio Motoki,Patrycja Klusak,,,,,,,,,,,,,Durham University,University of East Anglia / Universidade NOVA de Lisboa,University of East Anglia,,,,,,,,,,,,,
Financial Reporting,Patent Privateering,Jenny Li Zhang,Jinhwan Kim,Kristen Valentine,Yuxiang Zheng,,,,,,,,,,,,,University of British Columbia,Stanford University,University of Georgia,,,,,,,,,,,,,
Financial Reporting,Enterprise System Standardization and Firm Information Provision,Wen Chen,Haibin Wu,Jeong-Bon Kim,Chengxin Cao,Zihui Li,,,,,,,,,,,,City University of Hong Kong,City University of Hong Kong,City University of Hong Kong,"CUNY, Baruch College",,,,,,,,,,,,
Financial Reporting,From Accounting to Commercial Lending: Can Earnings Information Predict Credit Firms and Households Credit Growth?,Indra Tumbelaka,,,,,,,,,,,,,,,,,,,,,,,,,,,,,,,
Financial Reporting,Do Small Audit Firms Strategically Respond to PCAOB Reports?,Encarna Guillamon Saorin,Andres Guiral,Miguel Minutti-Meza,Doocheol Moon,,,,,,,,,,,,,Carlos III University of Madrid,Yonsei University,University of Miami,,,,,,,,,,,,,
Financial Reporting,Non-GAAP Reporting and Investor Relations,Luke Phelps,,,,,,,,,,,,,,,,,,,,,,,,,,,,,,,
Financial Reporting,Do Machine-readable Disclosures Facilitate Regulatory Scrutiny? Evidence from SEC Comment Letters,Xin Xu,,,,,,,,,,,,,,,,,,,,,,,,,,,,,,,
Financial Reporting,When Smoke and Mirrors Fail: Strategic Climate Disclosures and Investor Skepticism,Hyunjung Rim,,,,,,,,,,,,,,,,,,,,,,,,,,,,,,,
Financial Reporting,Cost Anchoring in Fair Value Estimation,Thomas Hagenberg,Leslie Hodder,Spencer Anderson,Yuze Xia,,,,,,,,,,,,,Northwestern University,Indiana University,Indiana University,,,,,,,,,,,,,
Financial Reporting,Informational mosaic effect and discretionary disclosure (new version),Manuel Nunez-Nickel,Paulo Maduro,Gilberto Marquez-Illescas,,,,,,,,,,,,,,Universidad Carlos III de Madrid,Universidad Carlos III de Madrid,,,,,,,,,,,,,,
Financial Reporting,Economic Consequences of Bias in Fair Value Accounting: Evidence from the Korean Bond Markets,Doyeon Kim,,,,,,,,,,,,,,,,,,,,,,,,,,,,,,,
Financial Reporting,Commitment through Forecasting: Managerial Buyback Guidance and Payout Policy,Zachary Kaplan,Lauren Vollon,Adriano Salerno,,,,,,,,,,,,,,Washington University in St. Louis,"University of Notre Dame,Mendoza College of Business",,,,,,,,,,,,,,
Financial Reporting,Do Investors Trade on Stale Earnings Information? Evidence from China,Kevin Li,Liuchuang Li,,,,,,,,,,,,,,,University of Adelaide,,,,,,,,,,,,,,,
Financial Reporting,Hiding in Plain Sight: Do Investors Price the Likelihood of Future Opportunism in Non-GAAP Earnings?,Keehea Moon,Edgar Rodriguez-Vazquez,,,,,,,,,,,,,,,George Washington University,,,,,,,,,,,,,,,
Financial Reporting,Do capital markets anticipate financial restatements?,Christian Tischer,Michael Grüning,,,,,,,,,,,,,,,Ilmenau University of Technology,,,,,,,,,,,,,,,
Financial Reporting,The determinants of IFRS abandonment process: firm-level evidence from Italy,Luca Baccarini,,,,,,,,,,,,,,,,,,,,,,,,,,,,,,,
Financial Reporting,Firm-Level Political Risk and Accounting Conservatism,Safa Gaaya,Moez Essid,Adel Beldi,Itidel Ben Saad,,,,,,,,,,,,,Ecole de Commerce et de Management à Paris,Ecole de Commerce et de Management à Paris,IÉSEG School of Management,,,,,,,,,,,,,
Financial Reporting,On the shoulders of giants: (How) Does Mandating Annual Report Discourse on Strategy and Business Model Improve Transparency About Value Creation?,Mahmoud Gad,Sam Rawsthorne,Steven Young,,,,,,,,,,,,,,Lancaster University,Lancaster University,,,,,,,,,,,,,,
Financial Reporting,Internally Generated Intangible Capital and Information Uncertainty: The Mediating Role of Narrative Disclosures,Xinyi Peng,Rong Zhao,,,,,,,,,,,,,,,University of Calgary,,,,,,,,,,,,,,,
Financial Reporting,Corporate governance profiles and accounting conservatism in European financial institutions,Virpi Haaramo,,,,,,,,,,,,,,,,,,,,,,,,,,,,,,,
Financial Reporting,1. ADR intra-sector spillover effect on accrual based earnings management,"DanteViana, Jr.",Isabel Lourenço,,,,,,,,,,,,,,,University of Algarve,,,,,,,,,,,,,,,
Financial Reporting,2. Determinants of Textual Dissimilarity in 10-K Risk Disclosures,Kevin Gauch,Iuliia Gauch,Reiner Quick,Christian Friedrich,,,,,,,,,,,,,Technical University of Darmstadt,Technical University of Darmstadt,Technical University of Darmstadt,,,,,,,,,,,,,
Financial Reporting,"3. Does size matter? A comparative study of earnings management across small, medium and large private and publicly listed companies in the UK",Ivana Rozic,Salma Ibrahim,George Giannopoulos,,,,,,,,,,,,,,"Cardiff University, Cardiff Business School",Kingston University,,,,,,,,,,,,,,
Financial Reporting,1. Accounting Standard-Induced Regulatory Capital Management: Evidence from the New Lease Accounting Standard ASC 842,Makafui Anani,,,,,,,,,,,,,,,,,,,,,,,,,,,,,,,
Financial Reporting,"2. Let them “fake it until they make it”: half-truth disclosure, signaling and the unintended drawback of mandatory certification",Loïc Belze,Francois Larmande,,,,,,,,,,,,,,,Emlyon Business School,,,,,,,,,,,,,,,
Financial Reporting,3. Disclosure Effects of a Non-Financial Reporting Mandate: A Topic Modeling Approach,Bianca Minuth,,,,,,,,,,,,,,,,,,,,,,,,,,,,,,,
Financial Reporting,1. Unravel Unraveling,Xiang Zheng,Qi Zhang,,,,,,,,,,,,,,,Nanyang Technological University,,,,,,,,,,,,,,,
Financial Reporting,2. Measuring Sustainability Reporting Quality: A Retrieval-Augmented Generation Approach,Qi Zhang,Yi-Chun Chen,Tse-Chun Lin,,,,,,,,,,,,,,Chinese University of Hong Kong,City University of Hong Kong,,,,,,,,,,,,,,
Financial Reporting,3. Uncertain Information Advantage and Price Discovery: Evidence from Data Vendor Dissemination Differences,Elsa Maria Juliani,Karthik Balakrishnan,Lakshmanan Shivakumar,DavidWilson,,,,,,,,,,,,,INSEAD,Rice University,London Business School,,,,,,,,,,,,,
Financial Reporting,1. Does Investors’ Utilization of Technologies Discourage Firms’Disclosure? Evidence from Archival and Experimental Analyses,Songyi Han,Cai Chen,Mike Mai,,,,,,,,,,,,,,NHH - Norwegian School of Economics,INSEAD,,,,,,,,,,,,,,
Financial Reporting,How executive turnover affects earnings announcement disclosure content and formatting choices,Lars Knorren,Mate Szeles,Jeremiah Bentley,,,,,,,,,,,,,,Tilburg University,Tilburg University,,,,,,,,,,,,,,
Financial Reporting,Human Capital Disclosure and Debt Contracting,Ming Cherng Deng,,,,,,,,,,,,,,,,,,,,,,,,,,,,,,,
Financial Reporting,The Effect of IFRS 16 on the Propensity to Announce Share Repurchases,Ni-Yun Chen,,,,,,,,,,,,,,,,,,,,,,,,,,,,,,,
Financial Reporting,"Non-GAAP earnings reporting by european companies: comparability of non-GAAP earnings, transparency and quality of non-GAAP adjustments",Djibrilla Aziz,,,,,,,,,,,,,,,,,,,,,,,,,,,,,,,
Financial Reporting,Devils Is in the Details: The Consequences of Firm-Specific Cybersecurity Risk Disclosure,Won No,Kyungha Lee,Arion Cheong,,,,,,,,,,,,,,Rutgers University,Rutgers University,,,,,,,,,,,,,,
Financial Reporting,Do natural disasters affect investment efficiency?,Lin-Hui Yu,,,,,,,,,,,,,,,,,,,,,,,,,,,,,,,
Financial Reporting,Beyond Earnings Quality: Evaluating the Quality of Voluntary Corporate Financial Reporting Practices,Weili Ge,Patricia Dechow,Sarah Mcvay,Wei Ting Loh,,,,,,,,,,,,,University of Washington,University of Southern California,University of Washington,,,,,,,,,,,,,
Financial Reporting,Narrative Disclosures: The Effects of Persuasion Strategy and Perceived Manager Age on Investor Judgments,Clarence Goh,,,,,,,,,,,,,,,,,,,,,,,,,,,,,,,
Financial Reporting,The Value of Financial Statements in Predicting the Innovation Performance of Early-Stage Technology-based Firms: A Machine Learning Approach,Bin Ke,Xinjie Ma,Yanbo Wang,,,,,,,,,,,,,,National University of Singapore,National University of Singapore,,,,,,,,,,,,,,
Financial Reporting,Is the Road to Sustainability Paved with Good Intentions? Effects of Scenario Analysis and Sustainability Actions on Managers’ Climate Risk Disclosure Decisi,Yanjia Yang,Feng Yeo,,,,,,,,,,,,,,,University of Bern,,,,,,,,,,,,,,,
Financial Reporting,Behind the Corporate Veil: How Business Groups Arbitrage ESG Disclosure Mandates,Stefano Cascino,Maria Correia,,,,,,,,,,,,,,,London School of Economics and Political Science,,,,,,,,,,,,,,,
Financial Reporting,Climate disclosure in financial statements,Maximilian A. Müller,Gaizka Ormazabal,Thorsten Sellhorn,Victor Wagner,,,,,,,,,,,,,University of Cologne,IESE Business School,LMU Munich,,,,,,,,,,,,,
Financial Reporting,Reporting Regulation and Market Perception,Elena Reck,,,,,,,,,,,,,,,,,,,,,,,,,,,,,,,
Financial Reporting,Does Stock Liquidity Impact Non-GAAP Reporting? Evidence from a Natural Experiment,Byungki Kim,Kalin Kolev,Hangsoo Kyung,You-Il (Chris) Park,,,,,,,,,,,,,University of Queensland,"CUNY, Baruch College",Hong Kong Polytechnic University,,,,,,,,,,,,,
Financial Reporting,Are pre-restatement non-GAAP reporting choices determinants of market reactions to material GAAP restatements?,Christian Sofilkanitsch,Soenke Sievers,Jens Müller,Oliver Mehring,,,,,,,,,,,,,Nazarbayev University,affiliation not provided,Paderborn University,,,,,,,,,,,,,
Financial Reporting,CEO Overconfidence and Strategic Repetition from Notes to MD&A in 10-Ks,Javad Rajabalizadeh,Hannu Schadewitz,Antti Miihkinen,Nikolaos Tsileponis,,,,,,,,,,,,,University of Turku,University of Turku,University of Turku,,,,,,,,,,,,,
Financial Reporting,CEO Narcissism and Repetitive Language in MD&A Disclosures: Informative Reinforcement or Opportunistic Obfuscation?,Stergios Leventis,Nikolaos Tsileponis,Javad Rajabalizadeh,Reza Hesarzadeh,,,,,,,,,,,,,International Hellenic University,University of Bristol,University of Turku,,,,,,,,,,,,,
Financial Reporting,"CEOs Vocal Emotions, Textual Tones and Earnings Management: Evidence from Earnings Conference Calls",Zhihong Wang,Tien-Shih Hsieh,Jeong-Bon Kim,,,,,,,,,,,,,,Clark University,University of Massachusetts Dartmouth,,,,,,,,,,,,,,
Financial Reporting,The Net Impact of Legalizing Sports Betting on Public Finance,Daphne Lui,Zeping Pan,Hui Tan,,,,,,,,,,,,,,ESSEC Business School,ESCP Business School,,,,,,,,,,,,,,
Financial Reporting,The Intergovernmental Fiscal System and Local Firms’ Accounting Choices,Travis Chow,Weizhu Hou,Xin Wang,,,,,,,,,,,,,,University of Hong Kong,Renmin University of China,,,,,,,,,,,,,,
Financial Reporting,Relative Importance of Financial and Environmental Information in B2B Contracting: Experimental Evidence from Firms in Germany,Daniela Zipperer,Yuhan Liu,Jannis Bischof,Davud Rostam-Afschar,,,,,,,,,,,,,University of Mannheim,University of Mannheim,University of Mannheim,,,,,,,,,,,,,
Financial Reporting,"Externality Reduction, ESG Reporting, and Strategic NGO Communication",TheresaWittreich,,,,,,,,,,,,,,,,,,,,,,,,,,,,,,,
Financial Reporting,Can Reporting Drive Corporate Sustainability?,Martin Klosch,TheresaWittreich,,,,,,,,,,,,,,,UniversitätWien,,,,,,,,,,,,,,,
Financial Reporting,ESG Investors and Mandatory ESG Disclosures: Evidence from Human Capital Disclosures,Martin Zafiryadis,,,,,,,,,,,,,,,,,,,,,,,,,,,,,,,
Financial Reporting,The Influence of Disclosure Tone on Loan Pricing and Structure in the Syndicated Loan Market,Ann Ling-Ching Chan,Vincent Chen,KevinWhee Ling Koh,,,,,,,,,,,,,,National Chengchi University,National Chengchi University,,,,,,,,,,,,,,
Financial Reporting,Earnings management behavior under multistage financial difficulties: From financial distress to zombification,DavidVeganzones,Eric Severin,Yves Mard,,,,,,,,,,,,,,ESCE,University of Lille,,,,,,,,,,,,,,
Financial Reporting,Beyond the Research Department: Brokerage Branches’Local Information Advantage and Analyst Forecast Quality,Xia Chen,An-Ping Lin,Yajing Tian,,,,,,,,,,,,,,Singapore Management University,Singapore Management University,,,,,,,,,,,,,,
Financial Reporting,Media Interactions with Firms’ Executives,Ying Huang,Elsa Maria Juliani,,,,,,,,,,,,,,,INSEAD,,,,,,,,,,,,,,,
Financial Reporting,Exploiting Social Funds’ Desire for Impact through Imprecise Financial Climate-Risk Information,Lucas Mahieux,Volker Laux,,,,,,,,,,,,,,,Tilburg University,,,,,,,,,,,,,,,
Financial Reporting,Reliability-Relevance Trade Offs with an Attention-Constrained Manager,Ulrich Schäfer,Sebastian Fleer,,,,,,,,,,,,,,,UniversitätWien,,,,,,,,,,,,,,,
Financial Reporting,Attentive Market Timing,Mengdi Zhang,Yifei Mao,Hong Xiang,,,,,,,,,,,,,,Hong Kong Polytechnic University,Cornell University,,,,,,,,,,,,,,
Financial Reporting,Management Non-GAAP Revenue Guidance,Ted Christensen,Lynn Davis,Edgar Rodriguez-Vazquez,XiaoxiWu,,,,,,,,,,,,,University of Georgia,University of Georgia,"CUNY, Baruch College",,,,,,,,,,,,,
Financial Reporting,Institutional Ownership Concentration and Informational Efficiency,Yan Xiong,Yang Liyan,Zexin Zheng,,,,,,,,,,,,,,University of Hong Kong,University of Toronto,,,,,,,,,,,,,,
Financial Reporting,Financial Literacy and Earnings Informativeness: Evidence from Market Reactions to Earnings Announcements,Xiaoran (Jason) Jia,Kiridaran Kanagaretnam,CheeYeow Lim,Gerald Lobo,,,,,,,,,,,,,Wilfrid Laurier University,"York University,Schulich School of Business",Singapore Management University,,,,,,,,,,,,,
Financial Reporting,Exploring the Predictive Ability of Asymmetric Cost Behavior on AAERs,Andreas Charitou,Dimitrios Ntounis,Orestes Vlismas,,,,,,,,,,,,,,University of Cyprus,University of Southampton,,,,,,,,,,,,,,
Financial Reporting,Sinking in the Same Boat: Portfolio Overlap and Strategic Information Acquisition,Fan Wu,Mingxuan Ma,Haoran Liu,,,,,,,,,,,,,,Chinese University of Hong Kong,University of Zurich,,,,,,,,,,,,,,
Financial Reporting,Capital Market Effects of SEC Rules under Academic Influence,Jan Seitz,,,,,,,,,,,,,,,,,,,,,,,,,,,,,,,
Financial Reporting,Pressin’Down on CFOs: Experimental Insights into Materiality Decisions,Ilaria Martino,Alessandra Allini,,,,,,,,,,,,,,,University of Naples Federico II,,,,,,,,,,,,,,,
Financial Reporting,Top Management Team Diversity and Sustainability Reporting Quality,Lea Hagemeier,,,,,,,,,,,,,,,,,,,,,,,,,,,,,,,
Financial Reporting,"IFRS Adoption, Accruals Reliability, and Cash Holdings: Insights from the United Arab Emirates",Imen Ben Slimene,Mundher Alhamood,,,,,,,,,,,,,,,"Université de Haute-Alsace,CREGO",,,,,,,,,,,,,,,
Financial Reporting,The Effects of Accounting Enforcement on the Informativeness of Capitalised R&D across IFRS Countries,Marvin Wee,,,,,,,,,,,,,,,,,,,,,,,,,,,,,,,
Financial Reporting,Does the Disclosure of Supplier Finance Program Obligations Matter for Financial Reporting Quality?,Chia-Ling Chao,Shwu-Min Horng,,,,,,,,,,,,,,,National Chung Cheng University,,,,,,,,,,,,,,,
Financial Reporting,"Audit Fees, Firm Characteristics and Trends in Climate and Biodiversity Risk Disclosures: Evidence from Mandatory US Filings",Antti Miihkinen,,,,,,,,,,,,,,,,,,,,,,,,,,,,,,,
Financial Reporting,How does media intervention influence firms’ information disclosure?,Yachang Zeng,Jihun Bae,Jingoo Kang,,,,,,,,,,,,,,Nanyang Technological University,Erasmus University Rotterdam,,,,,,,,,,,,,,
Financial Reporting,Investment Efficiency in the Context of Shareholder Primacy and Stakeholder Primacy Models,Zabihollah Rezaee,Saied Homayoun,Salem Boumediene,Salma Boumediene,,,,,,,,,,,,,"University of Memphis,Fogelman College of Business & Economics",University of Gävle,University of Illinois Springfield,,,,,,,,,,,,,
Financial Reporting,Can Banks Weather This Storm? The Effect of IFRS 9’s Prudential Filters on Banks’Incentives towards Corrective Actions,Sherif Elashmawy,,,,,,,,,,,,,,,,,,,,,,,,,,,,,,,
Financial Reporting,Reporting Transparency and Stability in Banks,Heylel-Li Biton,Eddie Riedl,Alan Jagolinzer,,,,,,,,,,,,,,Hebrew University of Jerusalem,Boston University,,,,,,,,,,,,,,
Social and Environmental Accounting & Ethical Issues in Accounting,The moral compass—The ethical foundations of action within Italian Savings Banks,Angela Nativio,Fabrizio Panozzo,Chiara Mio,,,,,,,,,,,,,,"Università Ca’ FoscariVenezia,Venice School of Management",Università Ca’ FoscariVenezia,,,,,,,,,,,,,,
Social and Environmental Accounting & Ethical Issues in Accounting,A Principlist Perspective on the Ethicality of Management Control Systems,Veronica Casarin,Bernard Leca,Stefan Linder,,,,,,,,,,,,,,ESSEC Business School,ESSEC Business School,,,,,,,,,,,,,,
Social and Environmental Accounting & Ethical Issues in Accounting,ESG Reporting Divergence,Qiang Cheng,Yun Lou,MengjieYang,,,,,,,,,,,,,,Singapore Management University,Singapore Management University,,,,,,,,,,,,,,
Social and Environmental Accounting & Ethical Issues in Accounting,The puzzle of ESG rating: disagreement and tendency,Jingxian Xie,Lei Tao,Ronita Ram,,,,,,,,,,,,,,University of Reading,University of Reading,,,,,,,,,,,,,,
Social and Environmental Accounting & Ethical Issues in Accounting,"The More, the Better? Multiple Sustainability Reporting Standards and the Usefulness of Disclosures for Passive ESG Raters",Tami Dinh,Andreas Seebeck,RobinWolter,,,,,,,,,,,,,,University of St. Gallen,Constructor University,,,,,,,,,,,,,,
Social and Environmental Accounting & Ethical Issues in Accounting,Regulating Greenwashing,Shiyao Peng,Shan Zhou,Zhiyuan (Simon) Tan,,,,,,,,,,,,,,University of Sydney,University of Sydney,,,,,,,,,,,,,,
Financial Reporting,Unveiling the Sustainability Narrative in Earnings Conference Calls: Evidence from the Automotive Industry,Katrin Hummel,Blerita Korca,,,,,,,,,,,,,,,WUVienna,,,,,,,,,,,,,,,
Social and Environmental Accounting & Ethical Issues in Accounting,Two roads diverged in a wood - Crossroads of valuation in deliberation processes,Fabrizio Panozzo,Angela Nativio,,,,,,,,,,,,,,,Università Ca’ FoscariVenezia,,,,,,,,,,,,,,,
Social and Environmental Accounting & Ethical Issues in Accounting,The Impact of CEO Political Ideology on Firm-Level Climate Change Exposure: Evidence from Earnings Call,Cheol Lee,Parunchana Pacharn,Kareen Brown,Sohyung Kim,,,,,,,,,,,,,Wayne State University,Brock University,Brock University,,,,,,,,,,,,,
Social and Environmental Accounting & Ethical Issues in Accounting,"Federal judge ideology, ex ante litigation risk, and environmental disclosures during earnings conference calls",Kerstin Lopatta,Thomas Tammen,Sebastian Tideman-Frappart,,,,,,,,,,,,,,Hamburg University,Hamburg University,,,,,,,,,,,,,,
Social and Environmental Accounting & Ethical Issues in Accounting,Playing both sides: Navigating political uncertainty through bipartisan disclosures,Amir Amel-Zadeh,Kazbi Soonawalla,Qing Xia,,,,,,,,,,,,,,"University of Oxford,Saïd Business School","University of Oxford,Saïd Business School",,,,,,,,,,,,,,
Financial Reporting,Are U.S. Corporations Ready for the CSRD? A text analysis on 10-K filings,Simone Pizzi,Fabio Caputo,AndreaVenturelli,,,,,,,,,,,,,,Università del Salento,Università del Salento,,,,,,,,,,,,,,
Social and Environmental Accounting & Ethical Issues in Accounting,CEO environmental experience and firms’ environmental disclosure,JoãoVictor Joaquim Dos Santos,Helena Isidro,,,,,,,,,,,,,,,University of the Balearic Islands,,,,,,,,,,,,,,,
Social and Environmental Accounting & Ethical Issues in Accounting,Greening the economy through green loans: A club convergence approach,Silvia Gordano,Michele Lemme,,,,,,,,,,,,,,,University of Turin,,,,,,,,,,,,,,,
Social and Environmental Accounting & Ethical Issues in Accounting,Gender diversity and corporate sustainability: How female presence makes a difference?,Ahmed Sarhan,Princess Bwanya,,,,,,,,,,,,,,,Northumbria University,,,,,,,,,,,,,,,
Social and Environmental Accounting & Ethical Issues in Accounting,The Hunt for Talent: CSR Information in Job Advertisements,Lisa Lüttke,Vanessa Flagmeier,,,,,,,,,,,,,,,Humboldt University of Berlin,,,,,,,,,,,,,,,
Social and Environmental Accounting & Ethical Issues in Accounting,Pressure Makes Disclosures: An International Business Perspective of Carbon Disclosure,Yijun Meng,ZiqiaoYan,,,,,,,,,,,,,,,Shanghai University of International Business and Economics,,,,,,,,,,,,,,,
Social and Environmental Accounting & Ethical Issues in Accounting,Does sustainable performance matter for Non-Financial Disclosure readability? A Fog-Index analysis on Italian listed companies,Giuseppe Bifulco,Sara Trucco,Francesca Di Donato,,,,,,,,,,,,,,University of Milano-Bicocca,UNINT,,,,,,,,,,,,,,
Financial Reporting,How Board Gender Diversity Moderates the Effect of External Pressures on Environmental Reporting,Carlo Caserio,Isabel Gallego-Álvarez,M. Consuelo Pucheta-Martínez,Inmaculada Bel-Oms,,,,,,,,,,,,,eCampus,Universidad de Salamanca,University Jaume I of Castellón,,,,,,,,,,,,,
Social and Environmental Accounting & Ethical Issues in Accounting,COP and Climate Reporting: towards a new era of environmental transparency,Bastien David,,,,,,,,,,,,,,,,,,,,,,,,,,,,,,,
Social and Environmental Accounting & Ethical Issues in Accounting,Steering Banks Towards Sustainability—Combining a System and a Change Perspective,Katrin Hummel,Annette Krauss,,,,,,,,,,,,,,,WUVienna,,,,,,,,,,,,,,,
Social and Environmental Accounting & Ethical Issues in Accounting,The construction of double materiality: the emerging boundary work and institutional work in new sustainability assurance practices,Sanjay Bissessur,Xiang Gao,Afonso Lobato Dionisio,Beer Manson,,,,,,,,,,,,,University of Amsterdam,Ernst & Young,Deloitte,,,,,,,,,,,,,
Social and Environmental Accounting & Ethical Issues in Accounting,"Carbon Emissions Reporting, Investment Incentives and Efficiency",Robert Goex,Alfred Wagenhofer,,,,,,,,,,,,,,,University of Zurich,,,,,,,,,,,,,,,
Social and Environmental Accounting & Ethical Issues in Accounting,Does ESG-Linked Executive Compensation Influence ESG Decoupling?,Yasser Eliwa,Ahmed Saleh,Ahmed Hassan Ahmed,Tasawar Nawaz,,,,,,,,,,,,,Zayed University,Brunel University,University of Dundee,,,,,,,,,,,,,
Social and Environmental Accounting & Ethical Issues in Accounting,Assessing the Costs of Industrial Decarbonization,Gunther Glenk,,,,,,,,,,,,,,,,,,,,,,,,,,,,,,,
Social and Environmental Accounting & Ethical Issues in Accounting,Do Managers Learn from Analysts about ESG? Evidence from Earnings Conference Call,Jonghan Park,Jeonghu Pak,Jiyong Eom,Kevin Kim,,,,,,,,,,,,,CUHK-Shenzhen,Korea Advanced Institute of Science and Technology,Korea Advanced Institute of Science and Technology,,,,,,,,,,,,,
Social and Environmental Accounting & Ethical Issues in Accounting,Deceptive Language in Climate-related Disclosures during Conference Calls,Bobae Choi,Arif Ahammed,Minzhi Wu,,,,,,,,,,,,,,University of Queensland,University of Newcastle,,,,,,,,,,,,,,
Social and Environmental Accounting & Ethical Issues in Accounting,Environmental Penalties and Green Talk: Evidence from conference calls,Chiara De Amicis,Sonia Falconieri,,,,,,,,,,,,,,,SKEMA Business School,,,,,,,,,,,,,,,
Social and Environmental Accounting & Ethical Issues in Accounting,Unveiling the Dual Impact of Diversity & Inclusion: Boosting Financial Outcomes through Enhanced Environmental Performance,Eleonora Monaco,Luca Galati,Lorenzo Dal Maso,Marco Maria Mattei,,,,,,,,,,,,,University of Bologna,University of Bologna,University of Bologna,,,,,,,,,,,,,
Social and Environmental Accounting & Ethical Issues in Accounting,ESG Controversies and Corporate Value: Evidence from Luxury Fashion Scandals,Christina Ionela Neokleous,Mahmoud Elmarzouky,Doaa Shohaieb,,,,,,,,,,,,,,Aston University,University of St. Andrews,,,,,,,,,,,,,,
Social and Environmental Accounting & Ethical Issues in Accounting,Integrating the SDGs into Corporate Strategy: A Case Study of EDP Group,Helena Costa Oliveira,Marta Gomes,Isabel Maldonado,Susana Bastos,Paulino Silva,,,,,,,,,,,,"ISCAP, CEOS.PP",ISCAP,ISCAP / Universidade Portucalense / Universidade de Aveiro,"ISCAP, CEOS.PP",,,,,,,,,,,,
Social and Environmental Accounting & Ethical Issues in Accounting,The Role of Board Cultural Diversity in Shaping the Impact of Anti-Bribery and Corruption Transparency on Financial and ESG Outcomes in FTSE 100 Firms,Ali Gerged,,,,,,,,,,,,,,,,,,,,,,,,,,,,,,,
Social and Environmental Accounting & Ethical Issues in Accounting,Do CEO and Board Benevolence Influence Corporate Employee-related Disclosures?,Pamela Kent,Ashesha Weerasinghe,Tammy Zunker,,,,,,,,,,,,,,Queensland University of Technology,Queensland University of Technology,,,,,,,,,,,,,,
Social and Environmental Accounting & Ethical Issues in Accounting,Circular Economy Reporting in the Automotive Sector Navigating Symbolic vs. Substantive Disclosures Under CSRD/ESRS E5 Requirements,Justyna Fijalkowska,Dominika Hadro,Silvana Secinaro,Davide Calandra,Michele Oppioli,,,,,,,,,,,,University of Social Sciences,Wrocław University of Economics and Business,University of Turin,University of Turin,,,,,,,,,,,,
Social and Environmental Accounting & Ethical Issues in Accounting,Sustainability reporting journey: Critics from the past and challenges for the future | A systematic literature review,Valentina Toscano,Federica Doni,Michela Magliacani,,,,,,,,,,,,,,University of Milano-Bicocca,University of Milano-Bicocca,,,,,,,,,,,,,,
Social and Environmental Accounting & Ethical Issues in Accounting,Settlingdissonance: Thechallengesofpursuingsustainabilityandcommercialviabilityinimpactratingagencies,Hind Hsissou,,,,,,,,,,,,,,,,,,,,,,,,,,,,,,,
Social and Environmental Accounting & Ethical Issues in Accounting,The Relevance of Carbon Capture and Storage Disclosures to Future Changes in Emissions,Kenneth Reichelt,Stephanie Walton,Alex Helms,,,,,,,,,,,,,,Louisiana State University,Louisiana State University,,,,,,,,,,,,,,
Social and Environmental Accounting & Ethical Issues in Accounting,Triangulation of Financial and Non-Financial Reporting: the Case of Human Resources,Joerg R. Werner,,,,,,,,,,,,,,,,,,,,,,,,,,,,,,,
Social and Environmental Accounting & Ethical Issues in Accounting,The Power of Soft Social Activism: Public Climate Concern and Corporate Carbon Disclosure,,,,,,,,,,,,,,,,,,,,,,,,,,,,,,,,
Financial Reporting,Supervision or Collusion: The Impact of Institutional Investors’Site Visits on Corporate Greenwashing,Jiaqi Ning,Hui Liu,Ming Jia,Zhang Zhe,,,,,,,,,,,,,Northwestern Polytechnical University,Northwestern Polytechnical University,Northwestern Polytechnical University,,,,,,,,,,,,,
Social and Environmental Accounting & Ethical Issues in Accounting,Benefit corporations: publish impacts or “perish”under the legitimacy perspective?,Laura Rocca,Andrea Caccialanza,Monica Veneziani,Claudio Teodori,,,,,,,,,,,,,University of Brescia,University of Bologna,University of Brescia,,,,,,,,,,,,,
Social and Environmental Accounting & Ethical Issues in Accounting,Implementation of the United Nations Sustainable Development Goals (SDGs): Selected Case Studies from Pakistani and Chilean Companies,Furqan Suhail,Camila Mateluna Sánchez,Mirna Jabbour,David Yates,Belal Ataur,Sanjay Lanka,,,,,,,,,,,University of Sheffield,Universidad de Santiago de Chile,University of Sheffield,University of Sheffield,University of Birmingham,,,,,,,,,,,
Social and Environmental Accounting & Ethical Issues in Accounting,The Effect of Institutional Investor Climate Activism on Exploratory Green Innovation and Exploitative Green Innovation,Yuhui Wang,Zhen Huang,Ming Jia,,,,,,,,,,,,,,Northwestern Polytechnical University,Northwestern Polytechnical University,,,,,,,,,,,,,,
Social and Environmental Accounting & Ethical Issues in Accounting,Incentives and Values: Unpacking Sustainable Decision-Making through a Vignette Experiment,Rinze Hartman,Daniel Reimsbach,Geert Braam,Joris Knoben,,,,,,,,,,,,,Nijmegen School of Management,University of Paderborn,Radboud University,,,,,,,,,,,,,
Social and Environmental Accounting & Ethical Issues in Accounting,How Does Climate Change Estimate Uncertainties Influence Investor Judgment?,Dani Puspitasari,John Ko,Soon-Yeow Phang,Ashna Prasad,,,,,,,,,,,,,Monash University,Monash University,Monash University,,,,,,,,,,,,,
Social and Environmental Accounting & Ethical Issues in Accounting,Navigating the Tensions of Stakeholder Engagements under ESRS: Reflexive Accountability vs. Symbolic Compliance,Othmar Lehner,Christoph Eisl,,,,,,,,,,,,,,,Hanken School of Economics,,,,,,,,,,,,,,,
Social and Environmental Accounting & Ethical Issues in Accounting,Exploring the Transition to Normativity: An Analysis of Stakeholders’Perspectives on Sustainability Reporting Standard-Setting,Karina Bauernhofer,Katrin Hummel,,,,,,,,,,,,,,,WUVienna,,,,,,,,,,,,,,,
Financial Reporting,Opportunities and Challenges of Corporate Sustainability Reporting Directive Compliance: Case Study Evidence from Germany,Nina Gonzalez Tablada,Blerita Korca,Frank Schiemann,,,,,,,,,,,,,,University of Bamberg,University of Bamberg,,,,,,,,,,,,,,
Social and Environmental Accounting & Ethical Issues in Accounting,Underlying logics of SMEs’ attitudes to sustainability reporting. Evidence from a post-communist country,Nadia Albu,Catalin Albu,Maria-Silvia Fota,Mirela Nichita,Mirela Paunescu,,,,,,,,,,,,Bucharest University of Economic Studies,Bucharest University of Economic Studies,Bucharest University of Economic Studies,Bucharest University of Economic Studies,,,,,,,,,,,,
Social and Environmental Accounting & Ethical Issues in Accounting,The Political Concerns and Corporate Philanthropic Donation Stickiness: Evidence from China,Yanan Cao,,,,,,,,,,,,,,,,,,,,,,,,,,,,,,,
Social and Environmental Accounting & Ethical Issues in Accounting,Russia’s Strategic Foreign Ownership and Corporate Sustainability Disclosure in Georgia,Erekle Pirveli,Timur Uman,Vakhtang Partsvaniya,,,,,,,,,,,,,,Caucasus University,Jönköping University,,,,,,,,,,,,,,
Social and Environmental Accounting & Ethical Issues in Accounting,Setting emissions reduction targets in the era of the EU CSRD and US SEC’s rule on climate disclosures: what can we learn from pioneering companies?,Paloma Merello Gimenez,Rubén Porcuna-Enguix,Ana Zorio-Grima,,,,,,,,,,,,,,University of Valencia,University of Valencia,,,,,,,,,,,,,,
Social and Environmental Accounting & Ethical Issues in Accounting,"Assessing a systemic model of the relationships between companies, biodiversity, and ecosystems to manage the environmental performance",Lino Cinquini,Giacomo Pigatto,Andrea Tenucci,,,,,,,,,,,,,,Sant’Anna School of Advanced Studies,Sant’Anna School of Advanced Studies,,,,,,,,,,,,,,
Social and Environmental Accounting & Ethical Issues in Accounting,Environmental Accounting as a Mediator for Institutional Logic Tensions: a case study of a Municipal Corporation,Antonio D’Alessio,Alessandro Scaletti,Gabriella D’amore,,,,,,,,,,,,,,University of Naples “Parthenope”,University of Naples “Parthenope”,,,,,,,,,,,,,,
Social and Environmental Accounting & Ethical Issues in Accounting,ESG compensation policy and assurance over sustainability reports: Global evidence,Kholod Alsahali,,,,,,,,,,,,,,,,,,,,,,,,,,,,,,,
Social and Environmental Accounting & Ethical Issues in Accounting,Competing Institutional Logics and Stakeholder Perspectives on Sustainability Reporting Regulation: Insights from the European Public Consultation,Rodolfo Damiano,Giuseppe Valenza,,,,,,,,,,,,,,,University of Palermo,,,,,,,,,,,,,,,
Financial Analysis,Empirical Research on the Relationship Between ESG Bond Issuance and Cost of Capital: Evidence from Japan,Chenchen Su,,,,,,,,,,,,,,,,,,,,,,,,,,,,,,,
Social and Environmental Accounting & Ethical Issues in Accounting,Sustainable Development Goals Disclosures by Insurance Companies: Developing Country Perspective,Ronita Ram,Wayne Fong,,,,,,,,,,,,,,,University of Reading,,,,,,,,,,,,,,,
Financial Reporting,Interplay between materiality and comparability,Gunnar Rimmel,Blerita Korca,Ericka Costa,Mercedes Luque-Vílchez,Emanuele Taufer,,,,,,,,,,,,Aalborg University,University of Bamberg,Università degli Studi di Trento,University of Córdoba,,,,,,,,,,,,
Social and Environmental Accounting & Ethical Issues in Accounting,"Pollution Information Program, Public Awareness, and Corporate Environmental Investments",Qiang Cheng,Ying Hao,Lixin Huang,Yue (Michael) Zhao,,,,,,,,,,,,,Singapore Management University,Beijing Normal University,Beijing Normal University,,,,,,,,,,,,,
Social and Environmental Accounting & Ethical Issues in Accounting,Managing Corporate Emission Disclosures Through Divestitures,Tanja Keeve,Frank Ecker,,,,,,,,,,,,,,,Frankfurt School of Finance & Management,,,,,,,,,,,,,,,
Social and Environmental Accounting & Ethical Issues in Accounting,The Determinants and Short-Term Consequences of Banks’ Pledges to Disclose Financed Carbon Emissions,Romain Oberson,Elizabeth Demers,Xue Bai,,,,,,,,,,,,,,IÉSEG School of Management,University of Waterloo,,,,,,,,,,,,,,
Social and Environmental Accounting & Ethical Issues in Accounting,Does mandatory disclosure enhance ESG performance of mutual funds? Evidence from EU SFDR Regulation,Anh Ngo,Vicky Kiosse,Chendi Zhang,,,,,,,,,,,,,,University of Exeter,University of Exeter,,,,,,,,,,,,,,
Social and Environmental Accounting & Ethical Issues in Accounting,The Silent Bias: Local Newspaper Closures and its Effect on Lending Discrimination,Agnes Bäker,Jan Riepe,Amelie Wulff,,,,,,,,,,,,,,Vrije Universiteit Amsterdam,Paderborn University,,,,,,,,,,,,,,
Social and Environmental Accounting & Ethical Issues in Accounting,Determinants of managerial discretion in ESG reporting,Akihiro Noda,,,,,,,,,,,,,,,,,,,,,,,,,,,,,,,
Social and Environmental Accounting & Ethical Issues in Accounting,The Effects of Board Demographic and Structural Diversity on Corporate Biodiversity Disclosures: UK Evidence,Tantawy Moussa,Amani Faraji,Mostafa Hussien,,,,,,,,,,,,,,University of Westminster,University of Westminster,,,,,,,,,,,,,,
Social and Environmental Accounting & Ethical Issues in Accounting,Are Firms Socialwashing? The effect of CSR on tax avoidance,,,,,,,,,,,,,,,,,,,,,,,,,,,,,,,,
Financial Reporting,Detecting greenwashing behavior in decarbonization performance,Jingduan Li,Xuhui Peng,Qingliang Tang,,,,,,,,,,,,,,Central Queensland University,Western Sydney University,,,,,,,,,,,,,,
Social and Environmental Accounting & Ethical Issues in Accounting,The Effect of Mandatory CSR Disclosure on CSR-washing,Jia Guo,Jeffrey Ng,Hong Wu,Qi Zhang,,,,,,,,,,,,,Hong Kong Polytechnic University,University of Hong Kong,Fudan University,,,,,,,,,,,,,
Social and Environmental Accounting & Ethical Issues in Accounting,Reporting on ESG Risks: Requirements and Empirical Evidence from German DAX 40 Companies,Ute Merbecks,Inge Wulf,,,,,,,,,,,,,,,Rhine-Waal University of Applied Science,,,,,,,,,,,,,,,
Social and Environmental Accounting & Ethical Issues in Accounting,The Paradigm of Female Directors in the Managerial Capture of Sustainability Assurance: An Analysis Supported by Natural Language Processing Methods,Marta Sánchez Sancho,Jennifer Martinez Ferrero,Emma García-Meca,,,,,,,,,,,,,,University of Salamanca,Universidad de Salamanca,,,,,,,,,,,,,,
Social and Environmental Accounting & Ethical Issues in Accounting,Organizational Commitment as a Solution to Collusive Supervision Over Reporting,Joshua Cieslewicz,,,,,,,,,,,,,,,,,,,,,,,,,,,,,,,
Social and Environmental Accounting & Ethical Issues in Accounting,Effects of negative information in sustainability reports and social media disclosure on investors’ willingness to invest,Hendrik Wewers,,,,,,,,,,,,,,,,,,,,,,,,,,,,,,,
Social and Environmental Accounting & Ethical Issues in Accounting,Examining Firm-Level Risk and CEO Pay Ratios The Moderating Role of Social Responsibility in U.S. Firms,Alhanouf Almubarak,Ana Marques,Fabio Motoki,,,,,,,,,,,,,,University of East Anglia,University of East Anglia / Universidade NOVA de Lisboa,,,,,,,,,,,,,,
Social and Environmental Accounting & Ethical Issues in Accounting,Ecological Function Zones,Yuxia Zou,Tao Ye,,,,,,,,,,,,,,,Nanyang Technological University,,,,,,,,,,,,,,,
Accounting and Information Systems,A Typology of Integrated Key Performance Indicators (iKPIs),Dounia Chlyeh,,,,,,,,,,,,,,,,,,,,,,,,,,,,,,,
Financial Reporting,Applying Benford’s Law to detect manipulation in carbon performance,Christian Ott,,,,,,,,,,,,,,,,,,,,,,,,,,,,,,,
Public Sector Accounting & Not-For-Profit Accounting,Assurance of sustainability reporting: A systematic literature review of 24 years of research,Sherine Jharni,Giulia Leoni,,,,,,,,,,,,,,,Università degli Studi di Genova,,,,,,,,,,,,,,,
Accounting Education,Quality counts: exploring the link between codes of ethics and employee satisfaction,Zezeng Li,Christopher Cowton,,,,,,,,,,,,,,,Queen Mary University of London,,,,,,,,,,,,,,,
Financial Reporting,"EPA Regional Monitoring, Local Regulatory Risks, and Firm Response",Grace Fan,XiWu,Trung Nguyen,,,,,,,,,,,,,,Singapore Management University,University of California-Berkeley,,,,,,,,,,,,,,
Social and Environmental Accounting & Ethical Issues in Accounting,"Politics, CSR Investment, and Real Effects",June Huang,Kirti Sinha,MV Shivaani,,,,,,,,,,,,,,University of Texas at Dallas,University of Texas at Dallas,,,,,,,,,,,,,,
Social and Environmental Accounting & Ethical Issues in Accounting,Incorporating Carbon Emissions into Decision-Making—The Case of Transactional Connectivity,Felix Müller,Juergen Ernstberger,Mario Keiling,Mike Szabo,Bastian Distler,,,,,,,,,,,,Technical University of Munich,Technical University of Munich,Technical University of Munich,SAP,,,,,,,,,,,,
Social and Environmental Accounting & Ethical Issues in Accounting,CO2 emissions and the quality of earnings,Alessandro Mura,Stefano Corso,,,,,,,,,,,,,,,University of Cagliari,,,,,,,,,,,,,,,
Social and Environmental Accounting & Ethical Issues in Accounting,Green revenue generation and sales contribution: are consumers willing to bear the cost of sustainability?,Atm Karim,Mahmoud Elmarzouky,,,,,,,,,,,,,,,Queen’s University Belfast,,,,,,,,,,,,,,,
Social and Environmental Accounting & Ethical Issues in Accounting,The Effect of Customer Demand for Carbon Disclosures along Supply Chains,Jin Deng,,,,,,,,,,,,,,,,,,,,,,,,,,,,,,,
Social and Environmental Accounting & Ethical Issues in Accounting,"Consumer Voices, Corporate Consequences: The Oversight Power of Customer Reviews in E&S Crises",Angelo Ditillo,Michele Fumagalli,Roberto Vincenzi,,,,,,,,,,,,,,Bocconi University,Bocconi University,,,,,,,,,,,,,,
Social and Environmental Accounting & Ethical Issues in Accounting,Motivating sustainable behaviour in the workplace through control,Leanne Johnstone,Peter Beusch,,,,,,,,,,,,,,,Örebro University,,,,,,,,,,,,,,,
Social and Environmental Accounting & Ethical Issues in Accounting,Accounting for a contemporary workplace: The employer and employee discourses and the Self,Galina Goncharenko,Sami Adwan,Siwen Liu,,,,,,,,,,,,,,Aston University,University of Sussex,,,,,,,,,,,,,,
Social and Environmental Accounting & Ethical Issues in Accounting,Exploring Drivers and Barriers to Sustainability Practices in SMEs Across European Contexts,Souad Moufty,,,,,,,,,,,,,,,,,,,,,,,,,,,,,,,
Social and Environmental Accounting & Ethical Issues in Accounting,The Relevance of Climate Risk Disclosure: Evidence from Europe,Bjarne Brié,Kristof Stouthuysen,Tim Verdonck,,,,,,,,,,,,,,Tilburg University,Vlerick Business School,,,,,,,,,,,,,,
Financial Reporting,How do institutional pressures and business incentives affect the level of implementation of corporate compliance systems?,Sara Rodríguez-Gómez,María Lourdes Arco-Castro,Isabel María García Sánchez,MaríaVictoria López-Pérez,,,,,,,,,,,,,University of Granada,University of Granada,Universidad de Salamanca,,,,,,,,,,,,,
Social and Environmental Accounting & Ethical Issues in Accounting,How Governmentality Shapes Risk Management Practices: A case study from a listed Energy-Sector Company,Edoardo Borlatto,Edoardo Crocco,Francesca Culasso,Elisa Truant,,,,,,,,,,,,,Università degli Studi di Torino,University of Turin,University of Turin,,,,,,,,,,,,,
Social and Environmental Accounting & Ethical Issues in Accounting,Corporate Disclosures and Real Responses to Geopolitical Risk: Evidence from the War in Ukraine,David Park,,,,,,,,,,,,,,,,,,,,,,,,,,,,,,,
Social and Environmental Accounting & Ethical Issues in Accounting,The Impact of European Firms’ Emissions Reduction Effectiveness on Financial Constraints: Evidence from the Quintuple Helix Model Perspective,Emma García-Meca,Jennifer Martinez Ferrero,Carmelo Reverte,,,,,,,,,,,,,,Technical University of Cartagena,Universidad de Salamanca,,,,,,,,,,,,,,
Social and Environmental Accounting & Ethical Issues in Accounting,Characteristics of Firms that declaration of supporting TCFD,Chao Hsin Huang,Te-Kuan Lee,Tse-Cheng Lin,,,,,,,,,,,,,,ChungYuan Christian University,ChungYuan Christian University,,,,,,,,,,,,,,
Social and Environmental Accounting & Ethical Issues in Accounting,Carbon Management Accounting based on Material Flow Cost Accounting,Benedikt Rohde,Stefan Dierkes,,,,,,,,,,,,,,,University of Göttingen,,,,,,,,,,,,,,,
Social and Environmental Accounting & Ethical Issues in Accounting,Do markets punish corporate bad behaviour? Evidence from ESG Controversies and Firm Performance in Africa,Olatundun Adelegan,,,,,,,,,,,,,,,,,,,,,,,,,,,,,,,
Social and Environmental Accounting & Ethical Issues in Accounting,Science-Based Targets: Symbol or Substance? Financial Implications for Adopting Firms,Jan-Hendrik Meier,Tetiana Paientko,,,,,,,,,,,,,,,Kiel University of Applied Science,,,,,,,,,,,,,,,
Social and Environmental Accounting & Ethical Issues in Accounting,Pricing firms’ biodiversity risk exposure: Empirical evidence from audit fees,Tobias Steindl,Stephan Küster,Sven Hartlieb,,,,,,,,,,,,,,University of Regensburg,Free University of Berlin,,,,,,,,,,,,,,
Auditing,Audit Committees Characteristics and ESG Disclosure Transparency,Dina El Mahdy,Kimberly Walker,,,,,,,,,,,,,,,Morgan State University,,,,,,,,,,,,,,,
Auditing,Does ESG Performance Affect Audit Fees?,Martin (Myung Sub) Kim,,,,,,,,,,,,,,,,,,,,,,,,,,,,,,,
Social and Environmental Accounting & Ethical Issues in Accounting,Navigating Complexity: A New Conceptual Model for Environmental Accountability in Dynamic Conflict Arenas,Riccardo Torelli,Marcello Cosa,,,,,,,,,,,,,,,Università Cattolica del Sacro Cuore,,,,,,,,,,,,,,,
Financial Reporting,Do ESG ratings construct paradoxical realities?,Stefan Schaper,Irene Pollach,,,,,,,,,,,,,,,Aarhus University,,,,,,,,,,,,,,,
Social and Environmental Accounting & Ethical Issues in Accounting,Professional service firms and sustainability professionals: on the construction of ’Best Practices’ for Sustainability,Xiaoyu (Aurora) Xu,,,,,,,,,,,,,,,,,,,,,,,,,,,,,,,
Financial Reporting,The Impact of ESG Performance on the Executive-to-Employee Pay Gap: The Moderating Role of Labor Union Density and Labor Dispute Pressure,Rui Wang,,,,,,,,,,,,,,,,,,,,,,,,,,,,,,,
Social and Environmental Accounting & Ethical Issues in Accounting,Fifty Years of Corporate Sustainability in Accounting Research: A Systematic Literature Review Using Machine Learning Techniques,Arianna Pisciella,Bianca Minuth,,,,,,,,,,,,,,,Università Cattolica del Sacro Cuore,,,,,,,,,,,,,,,
Financial Reporting,Do higher ESG self-disclosures by the target company help to enhance deal outcomes in business combinations?,Kang Cheng,,,,,,,,,,,,,,,,,,,,,,,,,,,,,,,
Social and Environmental Accounting & Ethical Issues in Accounting,Investors’ Preferences in Qualitative Characteristics of Sustainability Disclosures: A Discrete Choice Experiment and an Analysis of Willingness-to-Pay,Maria Gabriela Misiuda,Maik Lachmann,,,,,,,,,,,,,,,Technical University of Berlin,,,,,,,,,,,,,,,
Social and Environmental Accounting & Ethical Issues in Accounting,The impact of environmental awareness on environmental reporting quality and environmental performance,Katharina-Maria Wagner,Christoph Pelger,,,,,,,,,,,,,,,University of Passau,,,,,,,,,,,,,,,
Social and Environmental Accounting & Ethical Issues in Accounting,Climate (De)Commitment: Evidence from the Science Based Targets Initiative,Nouha Wasli,Andrea Melis,Thomas Kaspereit,,,,,,,,,,,,,,University of Cagliari,University of Cagliari,,,,,,,,,,,,,,
Social and Environmental Accounting & Ethical Issues in Accounting,Accountability in Impact Investments: How beneficiaries are heard during the investment process?,Johanna Lähteenmäki,Jukka Pellinen,Toni Mättö,,,,,,,,,,,,,,University of Jyväskylä,University of Jyväskylä,,,,,,,,,,,,,,
Social and Environmental Accounting & Ethical Issues in Accounting,Corporate Life Cycle and its Impact on Textual Characteristics in CSR Disclosure—Evidence from Europe,Aaron Kasischke,,,,,,,,,,,,,,,,,,,,,,,,,,,,,,,
Social and Environmental Accounting & Ethical Issues in Accounting,Uncovering greenwashing through textual analysis of sustainability disclosures,Agne Sneideriene,Renata Legenzova,,,,,,,,,,,,,,,Vytautas Magnus University,,,,,,,,,,,,,,,
Social and Environmental Accounting & Ethical Issues in Accounting,Nonfinancial target setting: a study on the determinants of carbon emission reduction targets,Nicola DallaVia,Paolo Perego,,,,,,,,,,,,,,,Free University of Bozen-Bolzano,,,,,,,,,,,,,,,
Financial Analysis,Does the Market React to Greenwashing? The Impact of Alignment Between ESG Disclosure and ESG Performance on Capital Markets,Kevin Gauch,Kevin Mcmeeking,Carol Pomare,,,,,,,,,,,,,,Technical University of Darmstadt,Brunel University,,,,,,,,,,,,,,
Financial Reporting,Strategic Climate Metrics: Prioritising Key Factors for Enhanced Decision-Making,Jose Luis BlascoVazquez,Elena Carrión,,,,,,,,,,,,,,,Universidad Autónoma de Madrid,,,,,,,,,,,,,,,
Social and Environmental Accounting & Ethical Issues in Accounting,The materiality assessment in sustainability reporting: A structured literature review,Cristina Florio,Riccardo Stacchezzini,Matilde D’onofrio,Alessandro Lai,Francesca Rossignoli,,,,,,,,,,,,University ofVerona,University ofVerona,University ofVerona,University ofVerona,,,,,,,,,,,,
Social and Environmental Accounting & Ethical Issues in Accounting,ESG-Based Compensation and Corporate Social Risk: The Mediating Effect of Corporate Social Performance,Simona Fiandrino,Silvia Panfilo,Cristina Florio,,,,,,,,,,,,,,University of Turin,"Università Ca’ FoscariVenezia,Venice School of Management",,,,,,,,,,,,,,
Social and Environmental Accounting & Ethical Issues in Accounting,Does High-Speed Home Internet Improve Access to Credit? Evidence from a Google Fiber Rollout,Francisco Dimas Pena Romera,RogerWhite,,,,,,,,,,,,,,,Arizona State University,,,,,,,,,,,,,,,
Social and Environmental Accounting & Ethical Issues in Accounting,Does Zombification Influence Corporate Carbon Performance?,Sadok El Ghoul,Spyridon Gkikopoulos,Omrane Guedhami,Konstantinos Stathopoulos,,,,,,,,,,,,,University of Alberta,University of Manchester,University of South Carolina,,,,,,,,,,,,,
Social and Environmental Accounting & Ethical Issues in Accounting,Disclosure Regulation and ESG Transparency,Charlotte-Louisa Donau,Maximilian A. Müller,,,,,,,,,,,,,,,University of Cologne,,,,,,,,,,,,,,,
Social and Environmental Accounting & Ethical Issues in Accounting,Donations in the Dark,Ionela Andreicovici,Nava Cohen,Alessandro Ghio,Luc Paugam,,,,,,,,,,,,,Frankfurt School of Finance & Management,New Jersey City University,ESCP Business School,,,,,,,,,,,,,
Social and Environmental Accounting & Ethical Issues in Accounting,Lost in translation: accounting and the construction of net-zero emissions,Elena Carrión,Carlos Larrinaga,,,,,,,,,,,,,,,Universidad de Burgos,,,,,,,,,,,,,,,
Social and Environmental Accounting & Ethical Issues in Accounting,The Role of National Carbon Budgets in Accounting for Climate Change,Rebecca Maughan,Aideen O’dochartaigh,Anna Pringle,,,,,,,,,,,,,,University College Dublin,University College Dublin,,,,,,,,,,,,,,
Social and Environmental Accounting & Ethical Issues in Accounting,Measuring the Unmeasurable: Challenges and Pathways in Biodiversity Accounting,Eva-Maria Öhlinger,Othmar Lehner,,,,,,,,,,,,,,,Johannes Kepler University,,,,,,,,,,,,,,,
Financial Reporting,Is ESG performance influenced by CEO features in the energy sector? Female directors on board as moderator,Maria Consuelo Pucheta-Martinez,Inmaculada Bel-Oms,Isabel Gallego-Álvarez,,,,,,,,,,,,,,Universitat Jaume I,University of Valencia,,,,,,,,,,,,,,
Financial Reporting,Stakeholder impact on Corporate Digital Responsibility reporting,Ewelina Zarzycka,,,,,,,,,,,,,,,,,,,,,,,,,,,,,,,
Financial Reporting,The breadth of sustainability assurance statement and decoupling practices: Do controversies matter?,Najib Bwanika,Florence Depoers,Lionel Touchais,,,,,,,,,,,,,,Université de Rennes,Paris Nanterre University,,,,,,,,,,,,,,
Financial Reporting,Statutory Auditors as Providers of Mandatory Sustainability Reporting Assurance under the Corporate Sustainability Reporting Directive: Insights from Instituti,Joanna Krasodomska,Ewelina Zarzycka,,,,,,,,,,,,,,,Krakow University of Economics,,,,,,,,,,,,,,,
Financial Reporting,The Role of Competitor Reporting in ESG Greenwashing,YangYoude,Bakr Al-Gamrh,Fei Jinhua,Xu Guanghua,,,,,,,,,,,,,Nanjing University of Science and Technology,Rennes School of Business,Southeast University,,,,,,,,,,,,,
Financial Reporting,"Exploring Environmental, Social, and Governance Disclosure on Social Media: The Role of Cultural Dimensions",Giuseppe Nicolò,Lukasz Bryl,Diana Ferullo,,,,,,,,,,,,,,University of Salerno,Poznań University of Economics and Business,,,,,,,,,,,,,,
Financial Reporting,Drivers of Circular Economy Disclosure in the Banking Industry: European Evidence,Nicola Raimo,Vitiana L’abate,Ilenia Fraccalvieri,FilippoVitolla,Candida Bussoli,,,,,,,,,,,,LUM University,LUM University,LUM University,LUM University,,,,,,,,,,,,
Financial Reporting,SDG Reporting and Sustainability Performance: Insights from Italian Companies,Valentina Beretta,Maria Chiara Demartini,Sara Trucco,,,,,,,,,,,,,,University of Pavia,Università degli Studi di Pavia,,,,,,,,,,,,,,
Financial Reporting,Do PRI Signatories Exhibit Better Readability in CSR Reports?,Maria Del Mar Sanchez Hernandez,Jennifer Martinez Ferrero,Emma García-Meca,M. Camino Ramon-Llorens,,,,,,,,,,,,,Technical University of Cartagena,Universidad de Salamanca,Technical University of Cartagena,,,,,,,,,,,,,
Financial Reporting,Determinants of corporate environmental taxes: Country-level empirical evidence,Lukas Schmidt,MariusWeiß,Andreas Seebeck,,,,,,,,,,,,,,Constructor University Bremen,University of Erlangen-Nürnberg,,,,,,,,,,,,,,
Financial Reporting,Executive Compensation and Corporate Irresponsibility: Evidence from the United States,Philipp Richter,,,,,,,,,,,,,,,,,,,,,,,,,,,,,,,
Social and Environmental Accounting & Ethical Issues in Accounting,Do Board Sustainability Committees Contribute to Firm-Level CSR Outcomes? The Role of Sustainability Committee Characteristics and Governance Mechanisms,Jyotirmoy Podder,Abdus Sobhan,Amitav Saha,Sudipta Bose,,,,,,,,,,,,,Axis Accounting,Manchester Metropolitan University,University of Notre Dame,,,,,,,,,,,,,
Social and Environmental Accounting & Ethical Issues in Accounting,"Eponymy, Reputation, and ESG Reporting in Private Family Firms",Annalisa Prencipe,Gianfranco Siciliano,Alessandro Minichilli,Valentino D’angelo,Olivia Askheim,,,,,,,,,,,,Bocconi University,China Europe International Business School,Bocconi University,,,,,,,,,,,,,
Social and Environmental Accounting & Ethical Issues in Accounting,Do Managers Invest in Stakeholder Relationships to Insure against Personal Fallout? Evidence from Clawback Provisions,Joonil Lee,Peter Oh,Patrick Ryu,Jingjing Zhang,,,,,,,,,,,,,Kyunghee University,McGill University,University of Manchester,,,,,,,,,,,,,
Social and Environmental Accounting & Ethical Issues in Accounting,Influential Chief Sustainability Officer and Corporate Social Responsibility Performance,Eunice Khoo,,,,,,,,,,,,,,,,,,,,,,,,,,,,,,,
Social and Environmental Accounting & Ethical Issues in Accounting,Heterogeneous sustainability impacts through actions directed at primary and secondary stakeholders,Paul Griffin,Florian Habermann,,,,,,,,,,,,,,,University of California-Davis,,,,,,,,,,,,,,,
Social and Environmental Accounting & Ethical Issues in Accounting,"Do Reputation and Performance Visibility Shape Corporate Environmental, Social, and Governance Outcomes?",Marvin Nipper,Kevin Munch,Ivy Munoko,,,,,,,,,,,,,,Friedrich Alexander University,University of Florida,,,,,,,,,,,,,,
Social and Environmental Accounting & Ethical Issues in Accounting,The Peer Effect and Benchmark Effect of Information Disclosure: Evidence from Corporate Social Responsibility Information Disclosure,Yuan-Tang Tsai,Teng-Shih Wang,Yi-Hsing Liao,,,,,,,,,,,,,,National Taipei University,Providence University,,,,,,,,,,,,,,
Social and Environmental Accounting & Ethical Issues in Accounting,Real effects of the introduction of the EU Whistleblowing Directive on Private sector: Evidence from Europe,Jovana Radenkovic,Ruiwen Liu,,,,,,,,,,,,,,,Free University of Berlin,,,,,,,,,,,,,,,
Social and Environmental Accounting & Ethical Issues in Accounting,Sustainability-Linked Bonds Crisis: Will the label survive?,Verena Braun,Patricia Ruffing-Straube,,,,,,,,,,,,,,,University of Zurich,,,,,,,,,,,,,,,
Social and Environmental Accounting & Ethical Issues in Accounting,Double Materiality as a Driver of Real Effects: Evidence from the European Union’s Non-Financial Disclosure Directive,Peter Fiechter,Florian Habermann,Gaia Melloni,Arianna Pisciella,,,,,,,,,,,,,University of Neuchatel,University of Lausanne,HEC Lausanne / University of Lausanne,,,,,,,,,,,,,
Social and Environmental Accounting & Ethical Issues in Accounting,Reporting for change: Does the adoption of double materiality influence ESG risk management?,Silvia Panfilo,Francesco Scarpa,Nicolas Canestraro,,,,,,,,,,,,,,"Università Ca’ Foscari Venezia, Venice School of Management","Università Ca’ Foscari Venezia, Venice School of Management",,,,,,,,,,,,,,
Social and Environmental Accounting & Ethical Issues in Accounting,Challenges of double materiality: content analysis of comment letters on the European Sustainability Reporting Standard Exposure Draft Consultation,Mahsa Ghorbanijazin,Jennifer Boutant Lapeyre,Isabelle Martinez,,,,,,,,,,,,,,Université Toulouse Capitole,Université Toulouse Capitole,,,,,,,,,,,,,,
Social and Environmental Accounting & Ethical Issues in Accounting,Are CEOs enhancing corporate social responsibility reporting in the oil and gas sector? A multi-method analysis on thematic manipulation,Miguel Pombinho,Ana Fialho Silva,Andreia Dionísio,,,,,,,,,,,,,,"University of Évora, CEFAGE","University of Évora, CEFAGE",,,,,,,,,,,,,,
Social and Environmental Accounting & Ethical Issues in Accounting,Shaping International Sustainability Standards: An Analysis of Lobbying Effects on the IFRS S2,Eric Heyden,,,,,,,,,,,,,,,,,,,,,,,,,,,,,,,
Social and Environmental Accounting & Ethical Issues in Accounting,Do Board Sustainable Development Committees Matter to Carbon Emission Reporting Quality?,Shu-Miao Lai,Chih-Liang Liu,,,,,,,,,,,,,,,National Taiwan Ocean University,,,,,,,,,,,,,,,
Social and Environmental Accounting & Ethical Issues in Accounting,Who Blows and Why? A Mediation Model from Accountants’ Locus of Control to Whistleblowing,Meng Bai,He Zhang,Junrui Zhang,George Lan,Yang Su,,,,,,,,,,,,Xi’an Jiaotong University,Xi’an Jiaotong University,Xi’an Jiaotong University,"University of Windsor, Odette School of Business",,,,,,,,,,,,
Social and Environmental Accounting & Ethical Issues in Accounting,The Moderating Role of Earnings Pressure on the Relationship of CSR Performance and Earnings Management,Ann Kristin Meyer,Andreas Dutzi,,,,,,,,,,,,,,,University of Siegen,,,,,,,,,,,,,,,
Public Sector Accounting & Not-For-Profit Accounting,Alignment with and eligibility to the EU Taxonomy: a new index for its measurement and the impact on the cost of debt,Fabio Rizzato,Simona Fiandrino,Alberto Tonelli,Giorgia La Barbera,Alain Devalle,,,,,,,,,,,,University of Turin,University of Turin,University of Turin,University of Turin,,,,,,,,,,,,
Accounting and Governance,Shadow Accounts in Action: Challenging and Reinforcing Hegemony in China’s Governance Regime,Dan Shen,,,,,,,,,,,,,,,,,,,,,,,,,,,,,,,
Financial Reporting,Exploring Knowledge Management Systems in Exponential Organizations: insights from Non-Financial Reporting practices,Paolo Biancone,Federico Lanzalonga,Ginevra Degregori,,,,,,,,,,,,,,University of Turin,University of Turin,,,,,,,,,,,,,,
Social and Environmental Accounting & Ethical Issues in Accounting,Exploring the landscape of carbon accounting: Insights from a literature review and pathways for future research,Juliette Senn,Sarah Maire,Sophie Spring,,,,,,,,,,,,,,Montpellier Business School,IÉSEG School of Management,,,,,,,,,,,,,,
Accounting and Governance,Examining the paradox between CSR practices in audit firms and their impact on audit quality and reputation,Di Min,,,,,,,,,,,,,,,,,,,,,,,,,,,,,,,
Social and Environmental Accounting & Ethical Issues in Accounting,"""If Not Certain Be Vague"": How Uncertainty about Investors’ Preferences Shapes Voluntary Climate-Change Disclosure",Giulia Sargiacomo,Ole-Kristian Hope,,,,,,,,,,,,,,,"University of Toronto,Rotman School of Management",,,,,,,,,,,,,,,
Social and Environmental Accounting & Ethical Issues in Accounting,Climate Disclosures and Decarbonization along the Supply Chain,Igor Kadach,Pietro Bonetti,Gaizka Ormazabal,Ellen En,,,,,,,,,,,,,IESE Business School,IESE Business School,IESE Business School,,,,,,,,,,,,,
Social and Environmental Accounting & Ethical Issues in Accounting,"Soft law, hard results: The impact of government climate action plans on investor attention",Wei Li,,,,,,,,,,,,,,,,,,,,,,,,,,,,,,,
Social and Environmental Accounting & Ethical Issues in Accounting,Equity Market Reactions to the Adoption of the Corporate Sustainability Reporting Directive,Nicolas Frenzel,,,,,,,,,,,,,,,,,,,,,,,,,,,,,,,
Social and Environmental Accounting & Ethical Issues in Accounting,Net Zero Emission Target Adoption as Market Signal: How Investors Screen Target Adoption,Shah Md Taha Islam,Michaela Rankin,Mehdi Khedmati,,,,,,,,,,,,,,Monash University,Monash University,,,,,,,,,,,,,,
Management Accounting,Within-Firm Information Inequality and Employee Wage Disparity,Yuqing Zhou,Yifan Jia,,,,,,,,,,,,,,,Chinese University of Hong Kong,,,,,,,,,,,,,,,
Social and Environmental Accounting & Ethical Issues in Accounting,When Disaster Strikes: How Climate Events Influence Employment Preferences,Yiyuan Wang,Yuqing Zhou,Yue Zheng,Allen Huang,,,,,,,,,,,,,Chinese University of Hong Kong,Chinese University of Hong Kong,Hong Kong University of Science and Technology,,,,,,,,,,,,,
Accounting and Governance,"Good for Shareholders, Bad for Stakeholders? An Unintended Consequence of Say-on-Pay Laws on Employee-Related Policies",Yiye Liu,,,,,,,,,,,,,,,,,,,,,,,,,,,,,,,
Social and Environmental Accounting & Ethical Issues in Accounting,The Paradox of Creative Culture: Financial Gains at the Cost of ESG Performance,Xue Emma Chen,,,,,,,,,,,,,,,,,,,,,,,,,,,,,,,
Social and Environmental Accounting & Ethical Issues in Accounting,The Role of Private Anti-Corruption Reporting in Corporate Accountability,Natalia Berg,,,,,,,,,,,,,,,,,,,,,,,,,,,,,,,
Social and Environmental Accounting & Ethical Issues in Accounting,From Comments to Policy: Insights from GPT Analysis of Public Sentiment on SEC’s Climate Disclosure Rules,Kostas Pappas,Alice Liang Xu,,,,,,,,,,,,,,,University of Liverpool,,,,,,,,,,,,,,,
Social and Environmental Accounting & Ethical Issues in Accounting,Shareholder Gains or Integration Strains? The Social Trade-offs in Acquisitions,Alexander Sigg,Thomas Berndt,,,,,,,,,,,,,,,University of St. Gallen,,,,,,,,,,,,,,,
Social and Environmental Accounting & Ethical Issues in Accounting,The effect of digital transformation on corporate greenwashing: from the perspective of management myopia,Zhen Huang,Jing Zhang,,,,,,,,,,,,,,,Northwestern Polytechnical University,,,,,,,,,,,,,,,
Social and Environmental Accounting & Ethical Issues in Accounting,Carbon-washing and family ownership: Global insights into sustainability hypocrisy,Ella (Guangxin) Xu,Joey Yang,Yuan Shan,,,,,,,,,,,,,,Murdoch University,University of Western Australia,,,,,,,,,,,,,,
Social and Environmental Accounting & Ethical Issues in Accounting,Social information matters—An empirical analysis of disaggregated GRI disclosures,Andreas Weyer,Thomas Berndt,,,,,,,,,,,,,,,University of St. Gallen,,,,,,,,,,,,,,,
Social and Environmental Accounting & Ethical Issues in Accounting,Calculating emissions: Challenges and different perceptions in carbon accounting,Chiara Crovini,Frederik Zachariassen,Sirle Bürkland,,,,,,,,,,,,,,Aalborg University,University of Southern Denmark,,,,,,,,,,,,,,
Social and Environmental Accounting & Ethical Issues in Accounting,Disclosure quality of Sustainable Development Goals: A value relevance approach in the European context,Gianluca Gabrielli,Pier Luigi Marchini,Dalila Baldini,,,,,,,,,,,,,,University of Parma,University of Parma,,,,,,,,,,,,,,
Social and Environmental Accounting & Ethical Issues in Accounting,The Level of CSR Reporting of Private Firms,Paula Stanka,Matthias Nienaber,,,,,,,,,,,,,,,Ruhr University Bochum,,,,,,,,,,,,,,,
Social and Environmental Accounting & Ethical Issues in Accounting,Integration of Sustainability Concerns into Management Systems and Climate Change-Induced Financial Risk Disclosures,Siqi Liu,Cristiana Bernardi,Andrew Stark,,,,,,,,,,,,,,Open University,Open University,,,,,,,,,,,,,,
Social and Environmental Accounting & Ethical Issues in Accounting,Transitioning to Integrated Reporting: A Case Study of BMW from the Institutional Logics Perspective,Nils Ulrich Kneußel,Thomas Fischer,Jonas Albers,Dominik Zink,,,,,,,,,,,,,Friedrich Alexander University,Friedrich Alexander University,Friedrich Alexander University,,,,,,,,,,,,,
Financial Analysis,Narratives contextualizing numeric disclosures: Insights from earnings calls,Imelda Taraj,Ranik Wahlstrøm,,,,,,,,,,,,,,,University of Gothenburg,,,,,,,,,,,,,,,
Financial Analysis,Information Asymmetry and Disclosure: Evidence from Uncertainties,Kangkang Cao,,,,,,,,,,,,,,,,,,,,,,,,,,,,,,,
Financial Analysis,Earnings Conference Calls and Investor Disagreement: The Effect of Heterogeneity in Participating Analysts’ Information Acquisition Focus,Fani Kalogirou,Mari Paananen,Imelda Taraj,,,,,,,,,,,,,,Universidade Católica Portuguesa,University of Gothenburg,,,,,,,,,,,,,,
Financial Analysis,The Rise of Net Debt Covenants,Oliver Binz,,,,,,,,,,,,,,,,,,,,,,,,,,,,,,,
Financial Analysis,Strategic Alignment of Accounting Performance Measures: Evidence from Earnouts,Cecilia Wei Hu,Sunyoung Kim,,,,,,,,,,,,,,,Deakin University,,,,,,,,,,,,,,,
Financial Analysis,Perception Shapes Reality: Firms’ Proactive Pay Adjustments,Zhi Li,Peng Qiyuan,Lingling Wang,,,,,,,,,,,,,,Chapman University,University of Dayton,,,,,,,,,,,,,,
Financial Analysis,When Roots Bond: The Effect of Surname Sharing on Analyst Team Performance,Chunyu Zu,,,,,,,,,,,,,,,,,,,,,,,,,,,,,,,
Financial Analysis,Health constraints and analysts’ strategic substitution in the research production,Yang Wang,Pawel Bilinski,Hui Xu,,,,,,,,,,,,,,Lancaster University,affiliation not provided,,,,,,,,,,,,,,
Financial Analysis,Fertility Policy and Female Analysts: Consequences and Remedies,Weixing Cai,Yuqi Pu,Cheng Zeng,Jing Zhao,,,,,,,,,,,,,Guangdong University of Finance and Economics,Guangdong University of Finance and Economics,Hong Kong Polytechnic University,,,,,,,,,,,,,
Financial Analysis,Competing with earnout provisions: Do financial advisors reduce the need for earnouts?,Luca Viarengo,Leonidas Barbopoulos,Carlo D’augusta,,,,,,,,,,,,,,Università Cattolica del Sacro Cuore,University of Edinburgh,,,,,,,,,,,,,,
Financial Analysis,Backlog orders and weather suspensions: New evidences from procurement contracts,Riccardo Camboni,Andrea Bafundi,Camilla Ciappei,Claudia Imperatore,,,,,,,,,,,,,University of Padova,Università di Padova,University of Padova,,,,,,,,,,,,,
Financial Reporting,Does IFRS Adoption Affect Perceived Financial Reporting Quality? Evidence from International Surveys,Kirstin Becker,Bjørn Jørgensen,,,,,,,,,,,,,,,Copenhagen Business School,,,,,,,,,,,,,,,
Financial Analysis,SEC Comment Letters and the Statement of Cash Flows: A Double-Edged Sword in Regulatory Oversight,Davide Arrighi,Andreas Charitou,,,,,,,,,,,,,,,Università Cattolica del Sacro Cuore,,,,,,,,,,,,,,,
Financial Analysis,Labor misconduct and M&A Performance,Khadija Almaghrabi,,,,,,,,,,,,,,,,,,,,,,,,,,,,,,,
Financial Analysis,The risk relevance of restructuring,Vivek Raval,,,,,,,,,,,,,,,,,,,,,,,,,,,,,,,
Financial Analysis,Impact of Stringent Regulation on the Ratings Market: Evidence from the Death of a Rating Agency,Sriniwas Mahapatro,,,,,,,,,,,,,,,,,,,,,,,,,,,,,,,
Financial Analysis,The Impact of M&A Transactions on Acquiring Firm Voluntary Disclosure,Todd Kravet,Sarah Mcvay,James Warren,,,,,,,,,,,,,,University of Connecticut,University of Washington,,,,,,,,,,,,,,
Financial Analysis,Capital Market-related Agglomeration Spillovers: Evidence from Million Dollar Plant Expansions,Yuxiang Zheng,Yongoh Roh,Yaping Zheng,Dawn Matsumoto,,,,,,,,,,,,,Rutgers University,McGill University,University of Alberta,,,,,,,,,,,,,
Financial Analysis,Is the whole more than the sum of its parts? Underpricing and long-run IPO performance,Andreas Charitou,Irene Karamanou,Gerald Lobo,George Loizides,,,,,,,,,,,,,University of Cyprus,University of Cyprus,"University of Houston, Bauer College of Business",,,,,,,,,,,,,
Financial Analysis,Asymmetric Disclosure Patterns in the Presence of Common Ownership,Tom Kubick,Yijun Li,Taylor Paskett,,,,,,,,,,,,,,University of Nebraska-Lincoln,Erasmus University Rotterdam,,,,,,,,,,,,,,
Financial Analysis,Industry (un)relatedness and analyst forecasts,Baptiste Colas,Encarna Guillamon Saorin,Nikolaos Floropoulos,,,,,,,,,,,,,,Carlos III University of Madrid,Carlos III University of Madrid,,,,,,,,,,,,,,
Financial Analysis,Risk-Based Peer Selection in Fairness Opinions,Patrick Vorst,Benjamin Noordermeer,,,,,,,,,,,,,,,Maastricht University,,,,,,,,,,,,,,,
Financial Reporting,Firm Locations and Market Reactions to Regional Shocks: Insight from Brexit Referendum,Zifeng Feng,Rose Neng Lai,Zongyuan Li,,,,,,,,,,,,,,University of Texas at El Paso,University of Macau,,,,,,,,,,,,,,
Financial Reporting,Information Crosschecking: Are Investors Bound to Their Priors?,Noga Abraham,Shai Levi,Eti Einhorn,,,,,,,,,,,,,,Reichman University,Tel Aviv University,,,,,,,,,,,,,,
Financial Analysis,Active Engagement or Information Displacement: The Global Impacts of Mandatory Non-Financial Disclosure,Qiyu Zhang,Lu Li,Ding Chen,Jun Gu,,,,,,,,,,,,,University of Sussex,Loughborough University,University of Birmingham,,,,,,,,,,,,,
Financial Analysis,A few ratios do not tell the whole story: financial statements informativeness evolution and bankruptcy predictions,Francois Larmande,Marc Bourmont,Wenbin Cao,Pierre Six,JeromeVerny,,,,,,,,,,,,Université de Sherbrooke,Neoma Business School,Neoma Business School,Neoma Business School,,,,,,,,,,,,
Financial Analysis,"CEO Overconfidence, Asset Growth and the Cross-Section of Stock Returns",Lydia Diamantopoulou,Andreas Charitou,Georgios Papanastasopoulos,,,,,,,,,,,,,,University of Piraeus,University of Cyprus,,,,,,,,,,,,,,
Financial Analysis,Unlocking Financing Opportunities: The Impact of the ELITE Program on SMEs’Financing,Giorgio Ricciardi,Nicola Moscariello,Antonio Meles,Pietro Fera,Lugi Raffaele Pellegrino,,,,,,,,,,,,University of Campania - LuigiVanvitelli,University of Campania - LuigiVanvitelli,University of Campania - LuigiVanvitelli,University of Campania - LuigiVanvitelli,,,,,,,,,,,,
Financial Analysis,The Role of Financial Constraints on M&A Financing with Earnouts Contracts,Leonidas Barbopoulos,Jo Danbolt,Sarah Nechbaoui,,,,,,,,,,,,,,University of Edinburgh,University of Edinburgh,,,,,,,,,,,,,,
Financial Analysis,Positive Externalities of Accounting Standard Change: The Case of CECL Adoption,Xiao Liu,Konduru Sivaramakrishnan,Hailey Ballew,,,,,,,,,,,,,,Southern Methodist University,Rice University,,,,,,,,,,,,,,
Financial Analysis,Hidden Weaknesses: The Role of Unrealized Losses in Monetary Policy Transmission,Antonio DeVito,Benedikt Kagerer,Cosimo Pancaro,Alessio Reghezza,,,,,,,,,,,,,University of Bologna,University of Cambridge,European Central Bank,,,,,,,,,,,,,
Financial Analysis,Do Analysts Learn from the News Media? Evidence from a Natural Experiment,Somnath Das,Rong (Irene) Zhong,,,,,,,,,,,,,,,University of Illinois Chicago,,,,,,,,,,,,,,,
Financial Analysis,Opposites Attract and Likes Repel: Social Media Assimilation Effects in Analysts,Duo (Selina) Pei,Yifei Chen,,,,,,,,,,,,,,,University of Warwick,,,,,,,,,,,,,,,
Financial Analysis,Blockchain-Induced Supply Chain Transparency and Firm Performance: The Role of Capacity Utilization,Jedson Pinto,Shinwoo Lee,Daniel Rabetti,Gil Sadka,,,,,,,,,,,,,University of Texas at Dallas,Hong Kong Baptist University,National University of Singapore,,,,,,,,,,,,,
Financial Analysis,"The role of Environmental, Social, and Governance (ESG) in credit rating revisions during the Covid-19 pandemic",Cintia Meireles Urbina,Tatiana Albanez,Lucas Barros,Xiaohong Huang,Laura Spierdijk,,,,,,,,,,,,Universidade de São Paulo / University of Twente,Universidade de São Paulo,Universidade de São Paulo,University of Twente,,,,,,,,,,,,
Financial Analysis,Corporate Environmental Responsibility and Cost of Equity Capital—A Meta-Analytical Review,RobertWitte,Ewald Aschauer,Helmut Pernsteiner,,,,,,,,,,,,,,Linz Johannes Kepler University,WUVienna,,,,,,,,,,,,,,
Financial Analysis,Natural Disasters and Financial Analysts: The Impact of Hurricanes on Earnings Forecasts,Hui Zhou,Yuting Ning,,,,,,,,,,,,,,,University of Auckland,,,,,,,,,,,,,,,
Financial Analysis,Analysts Prediction of Manipulated and Unmanipulated Earnings: the case of AAERSs firms,Franck Missonier-Piera,DianaVazquez Espinosa,Francois Aubert,,,,,,,,,,,,,,University of Fribourg,University of Fribourg,,,,,,,,,,,,,,
Financial Analysis,Mitigating Acquisition Risk: The Critical Role of Indemnification during Merger Contracting,Disen Albrecht,Audra Boone,Patrick Hopkins,,,,,,,,,,,,,,Rutgers University,Texas Christian University,,,,,,,,,,,,,,
Financial Analysis,Does political connection influence corporate innovation?,Ann Ling-Ching Chan,Stephanie Tsui,Francesca Hsu,KyunghwaYu,,,,,,,,,,,,,National Chengchi University,National Chengchi University,SOE Technology Inc.,,,,,,,,,,,,,
Financial Analysis,Where Is the Benefit in Benefit Corporations? Evidence from Staggered Implementation of the Benefit Corporation Laws in the US,Laura Ferraro,Devendra Kale,Arati Kale,,,,,,,,,,,,,,University of Calabria,University of Rhode Island,,,,,,,,,,,,,,
Financial Analysis,"EU Taxonomy Eligibility: Implications in Terms of ESG, Financial Performance and Market Preferences",,,,,,,,,,,,,,,,,,,,,,,,,,,,,,,,
Financial Reporting,The Impact of Climate Change on the Performance of Agricultural Companies Worldwide,Francisca Pardo,Karen Serrano,Ana Ibáñez,José Farinós,,,,,,,,,,,,,University of Valencia,Universidad Metropolitana,University of Valencia,,,,,,,,,,,,,
Financial Reporting,Lost (and Found) in Translation: Using Operational Efficiency to Explain the Predictiveness of Accumulated Foreign Currency Translation Adjustments,Sarah Noor,Sam Tiras,Fabio Moraes Da Costa,,,,,,,,,,,,,,"Indiana University, Kelley School of Business","Indiana University, Kelley School of Business",,,,,,,,,,,,,,
Financial Analysis,The effect of ASC 606 on management forecasts: a lesson for principles-based accounting standard,Kyungran Lee,Yue Chen,Michael Kimbrough,Shinwoo Lee,,,,,,,,,,,,,Neoma Business School,Chinese University of Hong Kong,University of Maryland,,,,,,,,,,,,,
Financial Analysis,Does Analysts’ Forward-looking Information Affect Stock Price Synchronicity? A Textual Analysis Based on Analyst Reports,Yufan Chang,,,,,,,,,,,,,,,,,,,,,,,,,,,,,,,
Financial Analysis,Analysts’ Forecasting Models and Uncertainty About the Past,Tzachi Zach,Min Park,,,,,,,,,,,,,,,Ohio State University,,,,,,,,,,,,,,,
Financial Analysis,How does information content in firms reports affect information asymmetry?,Christopher Von Koch,Micael Jönsson,Ola Nilsson,Tova Gunnarsson,Annie Hallengren,,,,,,,,,,,,Linnaeus University,Lund University,Linneaus University,Linnaeus University,,,,,,,,,,,,
Social and Environmental Accounting & Ethical Issues in Accounting,Doing Good or Mitigating Bad? How Sustainable Fund Disclosure Frames Influence Retail Investors,Joseph Johnson,,,,,,,,,,,,,,,,,,,,,,,,,,,,,,,
Social and Environmental Accounting & Ethical Issues in Accounting,Let’s talk ESG—The extent and form of ESG disclosures in conference calls,Jordi Louis Geuken,Jonas Ewertz,Matthias Nienaber,,,,,,,,,,,,,,Ruhr University Bochum,Ruhr University Bochum,,,,,,,,,,,,,,
Accounting and Governance,Economic Policy Uncertainty and Profitability of Healthcare Institutions: Evidence from General Hospitals in Korea,Kwang Hwa Jeong,Hongmin Chun,,,,,,,,,,,,,,,Kangwon National University,,,,,,,,,,,,,,,
Accounting and Governance,Cutting the Long Story Short: Activist Short Sellers and the Detection of Financial Misconduct,Apostolos Ballas,Demetrios Zacharakis,,,,,,,,,,,,,,,Athens University of Economics and Business,,,,,,,,,,,,,,,
Financial Analysis,Does Climate Change Awareness Influence Conditional Conservatism? Evidence from the U.S.,Lei Zhang,Kiridaran Kanagaretnam,,,,,,,,,,,,,,,Xi’an Jiaotong-Liverpool University,,,,,,,,,,,,,,,
Financial Analysis,Understand firm-level social exposure,Mingyang Liu,,,,,,,,,,,,,,,,,,,,,,,,,,,,,,,
Financial Analysis,Do Investors Understand Firms’ Market Risk Disclosures? The Effect of Risk Format and Uncertainty on Investment Willingness,Alessandro Cortese,,,,,,,,,,,,,,,,,,,,,,,,,,,,,,,
Financial Analysis,The informativeness of accounting policy changes: European Evidence,Georgia Siougle,Olga Chara Pavlopoulou,,,,,,,,,,,,,,,Athens University of Economics and Business,,,,,,,,,,,,,,,
Financial Analysis,Determinants of hedge accounting policy choice: IAS 39 versus IFRS 9,Ana Morais,Ines Pinto,Daniela Penela,,,,,,,,,,,,,,"University of Lisbon, ISEG","University of Lisbon, ISEG",,,,,,,,,,,,,,
Financial Analysis,Broker-Hosted Credit Conferences,Derrald Stice,Zhongwen Fan,Xiao Zhang,Christopher Williams,,,,,,,,,,,,,University of Hong Kong,City University of Hong Kong,University of Hong Kong,,,,,,,,,,,,,
Financial Analysis,Conflict of Interests and Informed Trading in Universal Banks,Rainer Haselmann,Christian Leuz,Sebastian Schreiber,,,,,,,,,,,,,,Goethe University,University of Chicago,,,,,,,,,,,,,,
Financial Analysis,The Asymmetric Relation between DuPont Components and Future Performance,Benjamin Noordermeer,,,,,,,,,,,,,,,,,,,,,,,,,,,,,,,
Financial Analysis,The Information Content of Operational Efficiency,Jonathan Berkovitch,Mary Barth,Doron Israeli,,,,,,,,,,,,,,Luiss Guido Carli,Stanford University,,,,,,,,,,,,,,
Financial Analysis,Risky Business: The Risk-Relevance of Earnings over Time,Dimitris Kanelis,Patrick Vorst,,,,,,,,,,,,,,,Maastricht University,,,,,,,,,,,,,,,
Financial Analysis,The informativeness of annual earnings forecasts and analyst reports of different horizons,Nikolaos Floropoulos,,,,,,,,,,,,,,,,,,,,,,,,,,,,,,,
Financial Analysis,The Influence of Accruals Management Practices on AI Generated Credit Scores,Joanne Horton,Fani Kalogirou,Mari Paananen,,,,,,,,,,,,,,University of Warwick,Universidade Católica Portuguesa,,,,,,,,,,,,,,
Financial Reporting,3. Financial returns from R&D investments: The moderating role of innovation efficiency,Oveis Madadian,MaudVan Den Broeke,,,,,,,,,,,,,,,IÉSEG School of Management,,,,,,,,,,,,,,,
Social and Environmental Accounting & Ethical Issues in Accounting,4. Political Scrutiny and Environmental Misconduct,Kathyayini Madduri,Maria Correia,Aneesh Raghunandan,,,,,,,,,,,,,,London School of Economics and Political Science,London School of Economics and Political Science,,,,,,,,,,,,,,
Financial Analysis,5. Bridging the Innovation Gap: A Holistic Rating Framework to Enhance Market Efficiency,Vanessa Orlando,Thomas Berndt,,,,,,,,,,,,,,,University of St. Gallen,,,,,,,,,,,,,,,
Financial Analysis,1. Non-Fundamental Loan Renegotiations,Aj Chen,Matthew Phillips,ReginaWittenberg Moerman,TiangeYe,,,,,,,,,,,,,University British Columbia,Massachusetts Institute of Technology,"Northwestern University,Kellogg School of Management",,,,,,,,,,,,,
Financial Analysis,2. Lender-borrower Interactions and Loan Contracting,Xiangyu Li,Xinlei Li,Allen Huang,,,,,,,,,,,,,,University of Southern California,University of California-Davis,,,,,,,,,,,,,,
Financial Analysis,1. Assessing the Impact of Cryptocurrency Analysts on Market Dynamics: Insights from Analyst Reports,Janja Brendel,,,,,,,,,,,,,,,,,,,,,,,,,,,,,,,
Financial Analysis,2. When It Makes Sense: Text Cohesion of Analyst Reports,Zhaoyang Gu,Jian Xue,Qian Zhang,,,,,,,,,,,,,,Chinese University of Hong Kong,Tsinghua University,,,,,,,,,,,,,,
Financial Analysis,3. Short-sighted Equity Analysis: Evidence from Analyst Reports,Minkang Lu,Hongping Tan,PengWang,ChangqiuYu,,,,,,,,,,,,,Zhongnan University of Economics and Law,McGill University,McGill University,,,,,,,,,,,,,
Financial Analysis,1. Ho do Bonds React to Risk Information in Earnings Announcements?,Martin Kapons,Peter Kelly,,,,,,,,,,,,,,,INSEAD,,,,,,,,,,,,,,,
Financial Analysis,2. Loan guarantee and portfolio greening: evidence from European credit registers,Bruno Buchetti,Salvatore Perdichizzi,Ixart Miquel-Flores,Alessio Reghezza,Luca Lin,,,,,,,,,,,,University of Padua,Università di Padova,European Central Bank,European Central Bank,,,,,,,,,,,,
Financial Reporting,The Impact of Information Exchange Technology on Syndicated Lending,Xingyu Huang,,,,,,,,,,,,,,,,,,,,,,,,,,,,,,,
Financial Analysis,Sea Level Rise Risk and the Cost of Equity Capital,Chris Florakis,YujiaWang,Yang Zhao,,,,,,,,,,,,,,University of Liverpool,University of Liverpool,,,,,,,,,,,,,,
Financial Analysis,The Effect of Disclosure and Information Asymmetries on the Relationship Between Carbon Performance and Debt Maturity,Adrian Ferreras,Maria T. Tascon,Paula Castro,,,,,,,,,,,,,,Universidad de León,Universidad de Leon,,,,,,,,,,,,,,
Management Accounting,Investigating Abnormal Investment Patterns: The Role of Agency Costs and Financing Constraints within UK SMEs,Mohammad Mousavi,Saeed Akbar,Sundas Naeem,Jing Li,,,,,,,,,,,,,Bradford University,University of Bradford,University of Bradford,,,,,,,,,,,,,
Social and Environmental Accounting & Ethical Issues in Accounting,Driving Financial Performance through ESG Excellence,Marie-Anne Lorain,Elena Urquia,Francisco José Alcaraz Quiles,IgnacioVelasco,,,,,,,,,,,,,Complutense University of Madrid,Complutense University of Madrid,Universidad de Malaga,,,,,,,,,,,,,
Social and Environmental Accounting & Ethical Issues in Accounting,Digital Sustainability Reporting and ESG Risk Assessment,Duc Hung Tran,,,,,,,,,,,,,,,,,,,,,,,,,,,,,,,
Financial Analysis,Mandatory ESG Disclosure and Debt Concentration,Fengqin Chen,Yuan Huang,Walid Saffar,,,,,,,,,,,,,,Hong Kong Polytechnic University,Hong Kong Polytechnic University,,,,,,,,,,,,,,
Social and Environmental Accounting & Ethical Issues in Accounting,When Speed Trumps Sustainability: Environmental Disclosure Frequency and Environmental Investment Myopia,Sheryl Zhang,,,,,,,,,,,,,,,,,,,,,,,,,,,,,,,
Financial Analysis,"Equity Returns, CDS Prices, and Sustainability",Andreas Barth,Christian Schlag,,,,,,,,,,,,,,,University of Würzburg,,,,,,,,,,,,,,,
Accounting and Information Systems,How do stock market participants use Generative AI? Evidence from user-platform interaction data,Yilan Li,FanWu,Frank Ecker,Xitong Li,,,,,,,,,,,,,ESSEC Business School,Chinese University of Hong Kong,Frankfurt School of Finance & Management,,,,,,,,,,,,,
Financial Analysis,"Retail Investors’ Chatter, Interaction and Earnings Announcement Returns",Johannes Gaul,Pascal Schrader,,,,,,,,,,,,,,,"University of Mannheim,ZEW",,,,,,,,,,,,,,,
Financial Reporting,Algorithm Access for All: Information Processing Democratization via GitHub,Stephanie Cheng,Richard Crowley,Pengkai Lin,Yuan Zhao,,,,,,,,,,,,,Tulane University,Singapore Management University,Singapore Management University,,,,,,,,,,,,,
Financial Reporting,Leverage and Operating Risk in Asset Pricing: An Accounting Perspective,Xuanheng Huang,Peter Pope,,,,,,,,,,,,,,,Bocconi University,,,,,,,,,,,,,,,
Financial Reporting,Information Access and Capital Structure: Evidence from Social Media Activity,Niccolò Marcarini,Giulia Redigolo,,,,,,,,,,,,,,,Università Cattolica del Sacro Cuore,,,,,,,,,,,,,,,
Financial Reporting,Analyst Coverage and the Quality of R&D Spending: Evidence from China,Mark Anderson,Jiyuan Li,Fangjun Wang,Junqin Sun,,,,,,,,,,,,,University of Calgary,Xi’an Jiaotong University,Xi’an Jiaotong University,,,,,,,,,,,,,
Financial Reporting,Has the FINRA Rule 2242 been successful in enhancing the quality of debt reports issued by sell-side analysts?,Zacharias Petrou,Andreas Charitou,Irene Karamanou,,,,,,,,,,,,,,University of Liverpool,University of Cyprus,,,,,,,,,,,,,,
Financial Reporting,The Informativeness of Accounting Ratios for Bankruptcy Prediction Through the Economic Cycle,Anne D’Arcy,Jelena Radovanovic,,,,,,,,,,,,,,,WUVienna,,,,,,,,,,,,,,,
Financial Reporting,Markov Chains in Cash Flow Sign Patterns: Transitions and Predictive Ability,Hiroki Hisaoka,Yasuhiro Ohta,Yiuwai Wong,,,,,,,,,,,,,,Keio University,Keio University,,,,,,,,,,,,,,
Financial Reporting,Don’t you know? They are talking about a revaluation—Market reactions to gains or losses on investment property and earnings call sentiment,Thomas Kaspereit,,,,,,,,,,,,,,,,,,,,,,,,,,,,,,,
Financial Reporting,Strategically Small Firms and the Real Effects of Public Grants in a Crisis,Ozan Guler,Mircea Epure,Amedeo Pugliese,,,,,,,,,,,,,,CUNEF,Pompeu Fabra University / Barcelona School of Economics,,,,,,,,,,,,,,
Financial Reporting,Gender Differences in Sell-Side Analysts’ Social Interactions,Guangyu Li,Crawford Spence,Zhong Chen,,,,,,,,,,,,,,"City University of London,Bayes Business School",King’s College London,,,,,,,,,,,,,,
Financial Reporting,Fictional Experiments in Patent Disclosures,Lu Tong,Yue Zhang,,,,,,,,,,,,,,,Southwestern University of Finance and Economics,,,,,,,,,,,,,,,
Financial Analysis,Manager Sentiment and Merger Activities,Daniel Gyung Paik,Brandon Lee,Bo Meng,Nhat Nguyen,,,,,,,,,,,,,University of Richmond,Indiana University Northwest,Sacred Heart University,,,,,,,,,,,,,
Financial Analysis,The role of boutique advisers in fairness opinions: Evidence from tender offers,Olga Ihl-Deviv’e,Annelies Renders,,,,,,,,,,,,,,,Open University in Heerlen,,,,,,,,,,,,,,,
Financial Analysis,Do Managers Buy Profitability Through Acquisitions for Job Security?,Ashiq Ali,Todd Kravet,Bin Li,,,,,,,,,,,,,,University of Texas at Dallas,University of Connecticut,,,,,,,,,,,,,,
Financial Analysis,Prevention Is Better Than Cure: Forecasting Future Misreporting,Dhanya Krishna Kumar,Joanne Horton,Facundo Mercado,,,,,,,,,,,,,,University of Warwick,University of Warwick,,,,,,,,,,,,,,
Financial Analysis,"What’s in a Number? Voluntary Quantification of Risk Factor Disclosures and Investors’ Perceptions of Risk, Management Credibility, and Disclosure Usefulne",Alexis Kunz,Alessandro Cortese,,,,,,,,,,,,,,,University of Bern,,,,,,,,,,,,,,,
Financial Analysis,The impact of mandatory disclosure on SEC financial statement review outcomes,Cristi Gleason,Martin Thomsen,,,,,,,,,,,,,,,University of Iowa,,,,,,,,,,,,,,,
Financial Analysis,"Biases in Analysts’ Long-Horizon Forecasted Income Statements, Balance Sheets, and Cash Flow Statements",Brian Burnett,Adam Manlove,Greg Martin,,,,,,,,,,,,,,University of North Carolina at Charlotte,University of North Carolina at Charlotte,,,,,,,,,,,,,,
Financial Analysis,Do YouTube Finfluencers Add Value to Investors?,Tuan Ho,Richard Zeng,,,,,,,,,,,,,,,University of Bristol,,,,,,,,,,,,,,,
Financial Analysis,Lease Accounting Standard-Setting Process and Corporate Political Activities in Japan,Yoshinori Shimada,,,,,,,,,,,,,,,,,,,,,,,,,,,,,,,
Financial Analysis,Are Analysts Overly Optimistic Around Earnings Strings?,Vadim Balashov,Zhanel Devides,,,,,,,,,,,,,,,Rutgers University,,,,,,,,,,,,,,,
Financial Analysis,Navigating the Growth Trap: The P/E Implied Earnings Growth Duration,Robert Gutsche,Alexandru Septimiu Rif,Florian Deglmann,,,,,,,,,,,,,,Bern University of Applied Sciences,affiliation not provided,,,,,,,,,,,,,,
Financial Reporting,Net-Zero Target Adoption as a Regulatory Shock: Implications for Real Earnings Management,Christofer Adrian,Mukesh Garg,Janto Haman,Cameron Truong,Zhilin Xue,,,,,,,,,,,,Monash University,Monash University,Monash University,Monash University,,,,,,,,,,,,
Social and Environmental Accounting & Ethical Issues in Accounting,Understanding the D&I strategy in business groups: empirical evidence from business group affiliates,Junzi Zhang,Junjie Wang,,,,,,,,,,,,,,,University of Bristol,,,,,,,,,,,,,,,
Financial Analysis,Does Media Sentiment on Target Innovation Predict Performance of Technology Mergers and Acquisitions,Yugang Chen,Jihua Lu,Mingzhu Wang,,,,,,,,,,,,,,SunYat-Sen University,SunYat-Sen University,,,,,,,,,,,,,,
Financial Analysis,Identifying peer firms based on consumer visits and credit card spending to related brand stores,Tan Do,,,,,,,,,,,,,,,,,,,,,,,,,,,,,,,
Financial Analysis,Subordinated Debt in the Insurance Industry: The Case of Solvency II,Udi Lewkowicz,Dan Weiss,,,,,,,,,,,,,,,Tel Aviv University,,,,,,,,,,,,,,,
Financial Analysis,"Once Bitten, Twice Shy: S&L Crisis Experience and Depositor Reactions to Default News",Yang Qiu,,,,,,,,,,,,,,,,,,,,,,,,,,,,,,,
Accounting and Governance,Partisan Banks and Creditor Coordination within Loan Syndicates,Robert Bushman,SangWoo Sohn,Jianxin Zhao,,,,,,,,,,,,,,University of North Carolina,City University of Hong Kong,,,,,,,,,,,,,,
Accounting and Governance,Sweeping It Under the Rug? The Securitisation of Climate Stressed Loans by European Banks,Frederik Pietig,,,,,,,,,,,,,,,,,,,,,,,,,,,,,,,
Accounting and Governance,Do depositors monitor banks using accounting information? Evidence from the EDGAR log file,Isabella Brancaccio,,,,,,,,,,,,,,,,,,,,,,,,,,,,,,,
Accounting and Information Systems,The Dual Roles of Analysts in Shaping Green Investment Strategies,Ole-Kristian Hope,,,,,,,,,,,,,,,,,,,,,,,,,,,,,,,
Accounting and Information Systems,Carbon Emissions and Tone Management in Climate-Related Disclosures,Walid Ben Amar,Breeda Comyns,Ziyu Kong,Isabelle Martinez,University Paul Sabatier,,,,,,,,,,,,University of Ottawa,Kedge Business School,Université Toulouse Capitole,Université Toulouse Capitole,,,,,,,,,,,,
Accounting and Information Systems,The impact of regulatory guidance and awareness on climate risk pricing in the corporate bond market,Lukas Knierim,Stefan Dierkes,,,,,,,,,,,,,,,University of Göttingen,,,,,,,,,,,,,,,
Financial Reporting,The spillover effect of shareholder activism on target-sought fairness opinions,PauloVictor Gomes Novaes,Gabriel Pundrich,Wagner Moura Lamounier,,,,,,,,,,,,,,University of Technology Sydney,University of Florida,,,,,,,,,,,,,,
Financial Reporting,CEO-director ties and non-GAAP earnings disclosures,Luisa Unda,Dinithi Ranasinghe,Syed Shams,Hoa Luong,,,,,,,,,,,,,Universitat de les Illes Balears,University of Otago,University of Southern Queensland,,,,,,,,,,,,,
Taxation,The Deterrence Effect of Tax Whistleblowing Programs on Aggressive Tax Behavior,Linda Thorne,,,,,,,,,,,,,,,,,,,,,,,,,,,,,,,
Financial Analysis,Analyst Strong Views and Market Reactions,Ziqi Tang,Dan Segal,Joshua Livnat,,,,,,,,,,,,,,University of Warwick,Reichman University / University of Warwick,,,,,,,,,,,,,,
Accounting and Governance,The Real Effects of CEO Depression: Evidence from Corporate Investment Behavior,Brian Miller,,,,,,,,,,,,,,,,,,,,,,,,,,,,,,,
Accounting and Governance,Family First: The Effect of CEO Children on Financial Misreporting,Markus Andreas Frank,Peter Schaefer,,,,,,,,,,,,,,,Munich University of Technology,,,,,,,,,,,,,,,
Accounting and Governance,Beyond Gender: The Impact of Board Diversity on Corporate Social Responsibility—A Systematic Review and Research Agenda,Jan Apel,Patrick Velte,,,,,,,,,,,,,,,Leuphana University,,,,,,,,,,,,,,,
Accounting and Governance,The Impact of Board Culture on Firm Value,Jasmijn Vandenberk,Ann Gaeremynck,Steven Vanhaverbeke,,,,,,,,,,,,,,KU Leuven,KU Leuven,,,,,,,,,,,,,,
Accounting and Governance,Rebuilding trust: board actions and their effectiveness in the wake of corporate social irresponsibility,Rebecca Bachmann,Helen Spiropoulos,Lucy Zhao,,,,,,,,,,,,,,Macquarie University,University of Technology Sydney,,,,,,,,,,,,,,
Accounting and Governance,AI in Audit Committees: A Multi-Dimensional Governance Framework,Patrick Zbinden,Thomas Berndt,Michele Sutter-Rüdisser,,,,,,,,,,,,,,University of St. Gallen,University of St. Gallen,,,,,,,,,,,,,,
Accounting and Governance,Corporate Governance and Business Innovation: The Role of the Board and Ownership Structure in Spanish Listed Firms,David Toscano Pardo,,,,,,,,,,,,,,,,,,,,,,,,,,,,,,,
Financial Reporting,Socially Responsible Investment and ESG performance: The impact of foreign investors,Sonia Vitali,Gerald Ward,Musa Subasi,Yue Zheng,Shijun Cheng,,,,,,,,,,,,Università Politecnica delle Marche,Lancaster University,University of Maryland,Hong Kong University of Science and Technology,,,,,,,,,,,,
Financial Reporting,Does Mandatory CSR Spending Exacerbate Agency Conflict?,Arbita Chakraborty,Wei Shi,Moumita Tiwari,,,,,,,,,,,,,,Indian Institute of Management-Udaipur,Deakin University,,,,,,,,,,,,,,
Financial Reporting,The role of co-opted boards in shaping goodwill accounting practices,Atm Karim,Mahmoud Elmarzouky,,,,,,,,,,,,,,,Queen’s University Belfast,,,,,,,,,,,,,,,
Financial Reporting,From Weak Controls to Corporate Failure: The Amplifying Effect of Fraud on Bankruptcy Risk,Patrícia Pain,Christian Sobngwi,Vagner Marques,Giorgio Gotti,,,,,,,,,,,,,Universidade Federal do Espírito Santo,University of Texas Rio Grande Valley,Universidade Federal do Espírito Santo,,,,,,,,,,,,,
Financial Reporting,The Impact of Managerial Power on Firms’ Sustainable Management,Karoline Els,,,,,,,,,,,,,,,,,,,,,,,,,,,,,,,
Financial Reporting,Environmentally Experienced Executives and Corporate Tax Strategy,Tarek Abdelfattah,Qian Song,Chaowei Wang,Subhan Ullah,,,,,,,,,,,,,University of Nottingham,Loughborough University,Loughborough University,,,,,,,,,,,,,
Financial Reporting,Does CSR performance affect debt contracting? Evidence from the expansion of Asset4,Mariano Scapin,Trang Nguyen,Silvina Rubio,Zijian Liu,,,,,,,,,,,,,University of Bristol,University of Bristol,University of Bristol,,,,,,,,,,,,,
Financial Reporting,Drought Risk and the Weighting of Performance Measures in Compensation Contracts,Shengmin Hung,Shu-Ling Wu,,,,,,,,,,,,,,,Soochow University,,,,,,,,,,,,,,,
Financial Reporting,"Corporate Governance Mechanisms and ESG Performance: CSR Committees, Sustainability Compensation Targets and Shareholder Voting in the EU",Alexander Hofer,Markus Isack,,,,,,,,,,,,,,,WUVienna,,,,,,,,,,,,,,,
Financial Reporting,How Can Firms Determine Heterogenous Shareholder Preferences? Evidence from Say-on-Climate,Derin Yilmazatilla,Xucheng Shi,,,,,,,,,,,,,,,INSEAD,,,,,,,,,,,,,,,
Accounting and Governance,Were You in The States? Benefits of Hiring Top Executives With U.S. Background For U.S.-Listed Foreign Firms,Shijun Cheng,Yingwen Guo,Jingjing Li,Shanshan Lin,Minghai Wei,,,,,,,,,,,,Shanghai Advanced Institute of Finance,Hong Kong Polytechnic University,Harbin Institute of Technology-Shenzhen,Guangdong University of Finance,,,,,,,,,,,,
Social and Environmental Accounting & Ethical Issues in Accounting,Social Enterprises and Sustainable Development Goals: Empirical Evidence from Special Employment Centers,Elisabet Gomez-Gonzalez,Elisa Cano,Jesús Santos Peñalver,Julián Chamizo,,,,,,,,,,,,,Universidad Castilla La Mancha,Universidad Castilla La Mancha,Universidad de Castilla La Mancha,,,,,,,,,,,,,
Accounting and Governance,"The Relationships Between Board Composition, Environmental Innovation, and Financial Performance: The Significance of Diversity Policies and Practices",Diletta Vianello,Camilla Ciappei,Giovanni Liberatore,,,,,,,,,,,,,,University of Florence,University of Padova,,,,,,,,,,,,,,
Public Sector Accounting & Not-For-Profit Accounting,Compliance Practices and Perceptions in French Professional Football Clubs: Implications for Financial Governance and Risk Management,Mohamed Salehddine,Philippe Chapellier,Agnès Mazars-Chapelon,,,,,,,,,,,,,,Montpellier I University,Montpellier University,,,,,,,,,,,,,,
Financial Reporting,IASB’s changes to the primary financial statements: the disclosure of management-defined performance measures,Abdullah Alkhawfi,Ana Marques,Francesca Cuomo,Fabio Motoki,,,,,,,,,,,,,University of East Anglia,University of East Anglia / Universidade NOVA de Lisboa,University of East Anglia,,,,,,,,,,,,,
Accounting and Governance,Corporate Governance and Timeliness of Goodwill Impairment Recognition of European Listed Companies,Sofiya Meleshkova,,,,,,,,,,,,,,,,,,,,,,,,,,,,,,,
Accounting and Governance,Female Directors and Corporate Risk-taking: Evidence from the “Two-Child” Policy in China,Shengnan Li,Yuanyuan Li,Yuanyuan Liu,Yu Wang,,,,,,,,,,,,,Xiamen University,Xiamen University,Xiamen University,,,,,,,,,,,,,
Public Sector Accounting & Not-For-Profit Accounting,Towards Standardization in the Management of the Major French Music Festivals: The Case of a Festival Undergoing a Radical Change of Governance,Arnaud Pinchon,Agnès Mazars-Chapelon,Villesèque Dubus Fabienne,,,,,,,,,,,,,,"Univesity of Prepignan,MRM",University of Montpellier,,,,,,,,,,,,,,
Accounting and Governance,Accountability in UK Banking: Individual Accountability and its Impact on Governance and Risk Culture,Afshan Moeed,Anwar Halari,,,,,,,,,,,,,,,Open University,,,,,,,,,,,,,,,
Financial Reporting,When a bad signal means good fortune: Market microstructure and executive compensation,Niklas Meyer,Christopher Rigsby,,,,,,,,,,,,,,,Vrije Universiteit Amsterdam,,,,,,,,,,,,,,,
Social and Environmental Accounting & Ethical Issues in Accounting,Did the Introduction of a Reputation Mechanism for Stewardship Code Voluntary Disclosures Improve Investor Engagement?,Massimiliano Bonacchi,April Klein,Sara Longo,Giovanni Strampelli,,,,,,,,,,,,,university of Bolzano,"NewYork University, Stern School of Business",Free University of Bozen-Bolzano,,,,,,,,,,,,,
Financial Analysis,Corporate Ambulance Chasing? Plaintiff’s Attorney Marketing as a Signal of Corporate Litigation Risk,Steve Kaplan,Adi Masli,Matt Peterson,Eric Weisbrod,,,,,,,,,,,,,Arizona State University,Kansas University,University of Kansas,,,,,,,,,,,,,
Accounting and Governance,Do Employers Use Non-Disclosure Agreements to Silence Whistleblowers on Accounting Misconduct? Evidence from California,Diana Choi,Jonathan Black,Hayoon Yee,Gus De Franco,,,,,,,,,,,,,Purdue University,University of Melbourne,City University of Hong Kong,,,,,,,,,,,,,
Management Accounting,Executive Bonus Adjustments to Industry Non-Financial Violations,Mariya Ivanova,Francesca Franco,Claudia Imperatore,,,,,,,,,,,,,,NHH - Norwegian School of Economics,Bocconi University,,,,,,,,,,,,,,
Financial Reporting,Shareholders’ Perception on the Separate Disclosure of “Bonus” Versus “Non-Equity Incentive Plan Compensation” in the Summary Compensation Table,Shu-Ling Wu,Shengmin Hung,Wulung Li,,,,,,,,,,,,,,National Taiwan University,Soochow University,,,,,,,,,,,,,,
Financial Analysis,"Common Ownership, Advertising, and Product Market Competition",Xiaotian Liu,Yaxuan Qi,Yin Wang,Wenji Xu,,,,,,,,,,,,,Shanghai University of International Business and Economics,City University of Hong Kong,Singapore Management University,,,,,,,,,,,,,
Auditing,Market Reaction to Voting Intention Disclosures,Tzu-Ting Chiu,Xi Li,Rusha Nandy,Simone Traini,,,,,,,,,,,,,NHH - Norwegian School of Economics,London School of Economics and Political Science,NHH - Norwegian School of Economics,,,,,,,,,,,,,
Financial Reporting,Ownership Type and Hospital Efficiency: A Stochastic Frontier Analysis,Haiyan (Helen) Zhou,Mohammad Rakibul Islam,,,,,,,,,,,,,,,University of Texas Rio Grande Valley,,,,,,,,,,,,,,,
Financial Reporting,Norm Sensitivity and Occupational Fraud Dynamics in Intra-Firm Peer Networks: A Mixed-Method Approach,Christian Stindt,Alexandra Eckert,Matthias Meyer,,,,,,,,,,,,,,Hamburg University of Technology,Hamburg University of Technology,,,,,,,,,,,,,,
Financial Reporting,Clawback effectiveness in deterring financial reporting misstatement: The moderating role of the family,Francesca Rossignoli,Velia Cenciarelli,Andrea Lionzo,,,,,,,,,,,,,,University of Verona,Università Cattolica del Sacro Cuore,,,,,,,,,,,,,,
Financial Reporting,Audit committees’ networks and audit fees: A European analysis,Ruth Garcia Cobo,Cesar Zarza Herranz,Felix Lopez Iturriaga,Monika Causholli,,,,,,,,,,,,,University of Valladolid,Universidad de Alcalá,Universidad de Valladold,,,,,,,,,,,,,
Financial Reporting,The voice of small shareholders at annual general meetings,Alberto Quagli,Francesco Avallone,Costanza Di Fabio,Paola Ramassa,,,,,,,,,,,,,Università degli Studi di Genova,Università degli Studi di Genova,Università degli Studi di Genova,,,,,,,,,,,,,
Financial Reporting,Collaborative or not Collaborative? Stakeholder Engagement Approaches in Italian Listed Companies,Clara Benfante,Valentina Ghinizzini,Veronica Tibiletti,Dina Lucia Todaro,,,,,,,,,,,,,University of Parma,University of Parma,Università di Parma,,,,,,,,,,,,,
Financial Reporting,The Assignment of Intellectual Property Rights and Innovation,Stella Yeayeun Park,,,,,,,,,,,,,,,,,,,,,,,,,,,,,,,
Financial Reporting,Anywhere but Here: Pay Transparency and Human Capital Allocation,Xixi Xiao,Yifei Lu,Xingyu Shen,,,,,,,,,,,,,,University of Hong Kong,University of Illinois Urbana-Champaign,,,,,,,,,,,,,,
Financial Reporting,"Regulatory Attention, Innovation and Internal Information Environment",Olga Bogachek,,,,,,,,,,,,,,,,,,,,,,,,,,,,,,,
Financial Reporting,Unintended Regulatory Spillovers: The Impact of Bank Regulatory Oversight on Environmental Enforcement,John Gallemore,Vincent Giese,,,,,,,,,,,,,,,University of North Carolina,,,,,,,,,,,,,,,
Financial Reporting,Pay Transparency and Patient Satisfaction,Kuanning Cai,Jia Guo,Jeffrey Ng,NanYang,,,,,,,,,,,,,Hong Kong Polytechnic University,Hong Kong Polytechnic University,University of Hong Kong,,,,,,,,,,,,,
Financial Reporting,Between Transparency and Privacy: Investor Identity Verification and Demand for Crypto Tokens,Yang Ding,,,,,,,,,,,,,,,,,,,,,,,,,,,,,,,
Financial Reporting,CEO Extraversion and Shareholders’ Say on Pay Votes,Evelyn Intan,,,,,,,,,,,,,,,,,,,,,,,,,,,,,,,
Financial Reporting,Does Lender Monitoring Spill Over into Supply Chain Contracts?,Ting Dai,,,,,,,,,,,,,,,,,,,,,,,,,,,,,,,
Financial Reporting,"Ex-Ante Litigation Risk, CEOs’ Tournament Incentives, and Stock Price Crash Risk",Yenn-Ru Chen,Jyun-Ying Fu,Chia-Hsiang Weng,,,,,,,,,,,,,,National Chengchi University,National Taiwan University,,,,,,,,,,,,,,
Financial Reporting,The Effect of IFRS 16 Implementation on Enterprise Value: Evidence from DAX 40 Companies,Tetiana Paientko,Jan-Hendrik Meier,Aswini Shrestha,,,,,,,,,,,,,,Berlin University of Applied Sciences of Economics and Techniques,Kiel University of Applied Science,,,,,,,,,,,,,,
Financial Reporting,"CEO Overconfidence, Other Comprehensive Income Volatility and Firm Value",Khaled Ghozzi,Lakhal Faten,Bilel Bezouiech,,,,,,,,,,,,,,IPAG Business School Nice,Léonard de Vinci Pôle Universitaire,,,,,,,,,,,,,,
Financial Reporting,The Unintended Costs of Whistleblower Protection: Evidence from the Dodd-Frank Act and Corporate Innovation,Tingting Tao,Jiao Ji,Hanwen Sun,,,,,,,,,,,,,,University of Sheffield,University of Sheffield,,,,,,,,,,,,,,
Financial Reporting,Corporate Political Connections and Value Appropriation in Buyer-Supplier Relationships: Evidence from U.S. Firms,Angie Wang,,,,,,,,,,,,,,,,,,,,,,,,,,,,,,,
Financial Reporting,Mutual Fund Governance of Corporate Political Spending: The Case of Politically Motivated Charitable Giving,Erdong Wang,Disen Albrecht,,,,,,,,,,,,,,,University of Wyoming,,,,,,,,,,,,,,,
Financial Reporting,Power through Similarity: Does CEO-CFO Partnership Enhance Firm Resilience to Natural Disasters?,Leah Marlene Matzner,,,,,,,,,,,,,,,,,,,,,,,,,,,,,,,
Financial Reporting,Is Overconfidence a Moderator? The Effect of Managerial Ability on Firm’s Internal Control,Mingyu Li,Fanis Tsoligkas,Pietro Perotti,,,,,,,,,,,,,,University of Bath,University of Bath,,,,,,,,,,,,,,
Financial Reporting,The Effects of ESG Reputation Risks and Investor Attention towards Sustainability on Earnings Management,Rudresh Pandey,,,,,,,,,,,,,,,,,,,,,,,,,,,,,,,
Financial Reporting,Contagion Effects of Equity Financing Announcements Within Business Groups,Douglas Cumming,Sanchit Jain,Varun Jindal,,,,,,,,,,,,,,Florida Atlantic University,Indian Institute of Management Bangalore,,,,,,,,,,,,,,
Financial Reporting,Shareholder Stability and Earnings Management,Yuangao Xiang,Xue Li,Nanzhi Xue,,,,,,,,,,,,,,Tongji University,Shandong University,,,,,,,,,,,,,,
Financial Reporting,Board-level Employee Representation and Digital Transformation,Marc Steffen Rapp,Lion Fischer,,,,,,,,,,,,,,,University of Marburg,,,,,,,,,,,,,,,
Financial Reporting,Exploring Corporate Governance’s Role in the Green Transition,Dorota Dobija,Łukasz Kozłowski,Joanna Krasodomska,Grygorii Kravchenko,Ewelina Zarzycka,,,,,,,,,,,,Kozminski University,Kozminski University,Krakow University of Economics,Kozminski University,,,,,,,,,,,,
Auditing,Capital Allocation to Assurance Activities: The Impact of Financial Constraints on Internal and External Auditing Investments,Benjamin Fligge,,,,,,,,,,,,,,,,,,,,,,,,,,,,,,,
Auditing,Brick or Treat: Shareholder Activism and Corporate Leasing,Fang Li,Gaizka Ormazabal,CarlesVergara Alert,,,,,,,,,,,,,,Lancaster University,IESE Business School,,,,,,,,,,,,,,
Accounting and Governance,Female Representation on Executive Committees and Firm Performance: A European study,Josep García-Blandón,Josep Argiles-Bosch,Diego Ravenda,David Castillo-Merino,,,,,,,,,,,,,"University Ramon Llull,IQS School of Management",University of Barcelona,TBS Education,,,,,,,,,,,,,
Financial Reporting,Regulatory Costs and Vertical Integration: Evidence from Supply Chain Disclosure Regulations,Enshuai Yu,,,,,,,,,,,,,,,,,,,,,,,,,,,,,,,
Financial Reporting,The Relationship between CEO Pay Ratio and Share Repurchases,Yuan-Ju Chen,Lui-Ching Tsai,Chaur-Shiuh Young,,,,,,,,,,,,,,National Cheng Kung University,National ChiaYi University,,,,,,,,,,,,,,
Accounting and Governance,Does board skepticism improve oversight effectiveness? Evidence from directors’early career experience,Yuyan Guan,,,,,,,,,,,,,,,,,,,,,,,,,,,,,,,
Financial Reporting,Does Ideology really Matter in Accounting Standard Setting? Evidence from the European Parliament,Fabian Albrecht,Jochen Zimmermann,,,,,,,,,,,,,,,University of Bremen,,,,,,,,,,,,,,,
Social and Environmental Accounting & Ethical Issues in Accounting,The relationship between professional accountants and sustainability: an institutional analysis in the European Union,Matteo Pozzoli,Elbano De Nuccio,,,,,,,,,,,,,,,Parthenope University of Naples,,,,,,,,,,,,,,,
Accounting and Governance,Beyond Monetary Incentives: The Role of Meaningfulness in Professional Behavior and Performance,Li Lai,Chundan Lan,Joshua Madsen,ShanWu,,,,,,,,,,,,,Southwestern University of Finance and Economics,"University of Minnesota, Carlson School of Management","University of Minnesota, Carlson School of Management",,,,,,,,,,,,,
Public Sector Accounting & Not-For-Profit Accounting,The Mafia influence in the Business Context: Infiltration of Criminal firms in the Public Procurement System,Camilla Ciappei,Andrea Bafundi,Michele Fabrizi,Antonio Parbonetti,,,,,,,,,,,,,University of Padova,Università di Padova,University of Padova,,,,,,,,,,,,,
Accounting and Governance,"Unpacking ESG Risk Disclosure Determinants: The Role of Stakeholder, Shareholder, and Managerial Influence",Marisa Agostini,Daria Arkhipova,Marco Fasan,Silvia Panfilo,,,,,,,,,,,,,Università Ca’ Foscari Venezia,"Università Ca’ Foscari Venezia, Venice School of Management","Università Ca’ Foscari Venezia, Venice School of Management",,,,,,,,,,,,,
Financial Analysis,Boardroom Backscratching and Dividend Policies,Solomon Opare,Mabel D Costa,Anthony Kyiu,,,,,,,,,,,,,,Massey University,Durham University,,,,,,,,,,,,,,
Financial Analysis,"Investor Sentiment, Stock Liquidity, and the Role of Pre-Earnings Disclosures",Yi-Mien Lin,Jing-Chi Chen,,,,,,,,,,,,,,,National Chung Hsing University,,,,,,,,,,,,,,,
Taxation,Options Trading Activities and Underlying Firms’ Tax Avoidance Behavior,Mohammad Hendijani Zadeh,Zahra Jalali,Collins Okafor,,,,,,,,,,,,,,North Carolina A&T State University,McGill University,,,,,,,,,,,,,,
Social and Environmental Accounting & Ethical Issues in Accounting,ESG Ratings and Financial Reporting Quality in Sensitive Industries: Why Social Performance Matters,Rimona Palas,Dov Solomon,Dalit Gafni,Ido Baum,,,,,,,,,,,,,College of Law and Business,College of Law and Business,College of Management Academic Studies,,,,,,,,,,,,,
Financial Reporting,Minority Representation at Work,Matthias Breuer,Wei Cai,Anthony Le,Felix Vetter,,,,,,,,,,,,,Columbia University,Columbia University,Columbia University,,,,,,,,,,,,,
Social and Environmental Accounting & Ethical Issues in Accounting,Labor Unions and Income Smoothing: A Panel Analysis using French micro-data,Fabien-Antoine Dugardin,,,,,,,,,,,,,,,,,,,,,,,,,,,,,,,
Accounting and Governance,Are firms ideologically fickle?,Bryce Cross,Matthew Boland,Douglas Cumming,,,,,,,,,,,,,,Saint Mary’s University,Saint Mary’s University,,,,,,,,,,,,,,
Accounting and Governance,Resisting the Trend: The Role of Boards in Tailoring CEO Compensation for Firms with Distinct Strategies,Sebastian Firk,Alexander Hofer,Alexander Van Slooten,,,,,,,,,,,,,,University of Groningen,WUVienna,,,,,,,,,,,,,,
Public Sector Accounting & Not-For-Profit Accounting,How regulation prompts non-target firms to comply: remuneration committee characteristics in Australia,Doowon Lee,Sue Wright,Bobae Choi,Dongyue Yang,,,,,,,,,,,,,University of Sydney,University of Technology Sydney,University of Queensland,,,,,,,,,,,,,
Auditing,Shocked but Not Awed: The Impact of Internal Control Material Weaknesses on Employee Turnover,Maya Thevenot,Tonya Blocker,Mohammad Meah,,,,,,,,,,,,,,Florida Atlantic University,Sam Houston State University,,,,,,,,,,,,,,
Taxation,Do Rising Tides Clean the Waters? Large Facility Openings and Local Misconduct,Yongoh Roh,Yuxiang Zheng,Yaping Zheng,,,,,,,,,,,,,,McGill University,Rutgers University,,,,,,,,,,,,,,
Management Accounting,A Competitive Wake-up Call? The Impact of Investor-Manager Direct Interaction on Analyst Forecast Accuracy,Xiaoyue Song,Junrui Zhang,Weina Zhao,,,,,,,,,,,,,,Xi’an Jiaotong University,Xi’an Jiaotong University,,,,,,,,,,,,,,
Public Sector Accounting & Not-For-Profit Accounting,Cooperative bank mergers in Finland and Germany—A comparative empirical analysis on narrated hard and soft rationales,Pasi Sajasalo,Tommi Auvinen,Eric Meyer,Antti Rautiainen,,,,,,,,,,,,,University of Jyväskylä,University of Jyväskylä,Universität Munster,,,,,,,,,,,,,
Auditing,The Impact of Board and Audit Committee Interlocks on Internal Control Weaknesses: An Empirical Study of U.S.-Listed Companies,Fang Gong,,,,,,,,,,,,,,,,,,,,,,,,,,,,,,,
Financial Reporting,When Subordinate Executives Matter: Internal Governance and Carbon Emissions,Taychang Wang,Jamshed Iqbal,Achmad Faizal Azmi,Tsung-Kang Chen,Yi Jie Tseng,,,,,,,,,,,,National Taiwan University,University of Jyväskylä,Lancaster University,National Yang Ming Chiao Tung University,,,,,,,,,,,,
Social and Environmental Accounting & Ethical Issues in Accounting,"Corporate Greenwashing Worldwide: An Investigation of ESG Performance, Disclosure, and Assurance for Global Investors",Keith Duncan,Kim Kercher,George Anyaba,Colette Southam,,,,,,,,,,,,,Bond University,"Bond University, Bond Business School",Infinity Bank,,,,,,,,,,,,,
Management Accounting,"Organizational Psychological Capital, Organizational Climate, and Corporate Credit Risk",Yun Hao,Tsung-Kang Chen,Yi Jie Tseng,,,,,,,,,,,,,,National Yang Ming Chiao Tung University,National Yang Ming Chiao Tung University,,,,,,,,,,,,,,
Accounting and Governance,General Counsel in Top Management: Balancing Optimism and Caution in Earnings Calls,Achmad Faizal Azmi,,,,,,,,,,,,,,,,,,,,,,,,,,,,,,,
Social and Environmental Accounting & Ethical Issues in Accounting,From Words to Actions: CEO Activism and Sustainability Reporting,Androniki Triantafylli,Parvathy Vijayakumar,,,,,,,,,,,,,,,Queen Mary University of London,,,,,,,,,,,,,,,
Accounting and Governance,How does Minority Shareholders’ Representation on Boards affect the Integration of Sustainability Criteria into Executive Remuneration Contracts? Evidence from,Carla Gravellu,,,,,,,,,,,,,,,,,,,,,,,,,,,,,,,
Auditing,Audit Committee Quality and the Type II Equity Agency Problem,Mattias Hamberg,Katarzyna Cieslak,,,,,,,,,,,,,,,Gävle University College,,,,,,,,,,,,,,,
Financial Analysis,"Asymmetric Cost Behavior, Capital Structure and Profitability",Antonio Davila,Ismail El Fassi,Daniel Oyon,Nicolas Rudolf,,,,,,,,,,,,,IESE Business School,University of St. Gallen,HEC Lausanne,,,,,,,,,,,,,
Financial Analysis,Do Banks Price Undisclosed SEC Investigations?,Wei Wang,Inder Khurana,K.K. Raman,Xiaoyu Zhu,,,,,,,,,,,,,Temple University,University of Missouri-Columbia,University of Texas at San Antonio,,,,,,,,,,,,,
Accounting and Governance,"Gender Diverse Boards, Honest Books: The Earnings Management Effect of California SB 826",Antonio B.V. Vazquez,Cristina Grande-Herrera,,,,,,,,,,,,,,,Stockholm School of Economics,,,,,,,,,,,,,,,
Management Accounting,"When Capable Managers Know Tech: Managerial Ability, IT Expertise, and Cybersecurity Risk Management",Li-Kai Liao,Sophia H.T. Liu,Audrey Wenhsin Hsu,Shih-Han Chiu,,,,,,,,,,,,,National Yunlin University of Science and Technology,National Taiwan University,National Taiwan University,,,,,,,,,,,,,
Financial Reporting,Does Corporate Culture Impact on Firms’ Carbon Emissions?,Andrea Melis,Guo Lu,Georgios Voulgaris,Alice Liang Xu,,,,,,,,,,,,,University of Cagliari,University of Manchester,University of Manchester,,,,,,,,,,,,,
Accounting and Governance,Corporate governance and environmental performance: An international qualitative comparative analysis,Luigi Rombi,Andrea Melis,Reggy Hooghiemstra,,,,,,,,,,,,,,University of Cagliari,University of Cagliari,,,,,,,,,,,,,,
Social and Environmental Accounting & Ethical Issues in Accounting,Exploring the Disclosure of Sustainability Criteria in Executive Remuneration Design: International Evidence,Andrea Melis,Mariem Khalfaoui,Luigi Rombi,,,,,,,,,,,,,,University of Cagliari,University of Cagliari,,,,,,,,,,,,,,
Auditing,The COSO Risk Management Framework from a Risk Governance Perspective,Nadine Otter,Michael Kuttner,,,,,,,,,,,,,,,Helmut-Schmidt-University / University of the Federal Armed Forces Hamburg,,,,,,,,,,,,,,,
Financial Analysis,Does Sports Inspire Managerial Risk-Taking Incentives?,Yudong Liu,Jean Canil,Sigitas Karpavicius,Chia-Feng (Jeffrey) Yu,,,,,,,,,,,,,University of Adelaide,University of Adelaide,University of Adelaide,,,,,,,,,,,,,
Accounting and Governance,Local Public Corruption and Managerial Risk Incentives,Nikolaos Kalyvas,Dimitrios Ntounis,Theodora Bermpei,,,,,,,,,,,,,,Kent Business School,University of Southampton,,,,,,,,,,,,,,
Social and Environmental Accounting & Ethical Issues in Accounting,Top Management Team Tournament and the Quality of Corporate Social Responsibility Reporting: Evidence from China,Yi Wang,Hwa-Hsien Hsu,,,,,,,,,,,,,,,ISEG Advance Centro de Investigação,,,,,,,,,,,,,,,
Accounting and Governance,The Information Environment of Firms with Worker Representation on Corporate Boards,Martin Thomsen,Cristi Gleason,Christoph Watrin,Sascha Kieback,,,,,,,,,,,,,University of Siegen,University of Iowa,Muenster University,,,,,,,,,,,,,
Social and Environmental Accounting & Ethical Issues in Accounting,Female representation in top management team and corporate carbon performance,Benita Gullkvist,Juha Mäki,,,,,,,,,,,,,,,University of Vaasa,,,,,,,,,,,,,,,
Financial Reporting,The Impact of State Ownership on Dividend Policies: An Empirical Investigation of Western European Energy and Utilities Companies,Gregor Prandl,Gabriel Matejka,Ewald Aschauer,,,,,,,,,,,,,,WUVienna,WUVienna,,,,,,,,,,,,,,
Financial Reporting,The Effectiveness of Building a Corporate Governance System Led by Private Equity Funds: Consideration of management involvement by shareholder activism,George Hara,Hiroko Inokuma,,,,,,,,,,,,,,,Chinese University of Hong Kong,,,,,,,,,,,,,,,
Financial Reporting,The Role of Accountability in Financial Performance: Evidence from the European Energy Sector,Liliana Pimentel,Andreia Fernandes,,,,,,,,,,,,,,,University of Coimbra,,,,,,,,,,,,,,,
Financial Reporting,The effect of equity blockholders on the voluntary delistings: Empirical evidence from the USA,Zhihuan Li,Nick Tsitsianis,Zhe Li,,,,,,,,,,,,,,Queen Mary University of London,Queen Mary University of London,,,,,,,,,,,,,,
Management Accounting,Net Present Value as a calculative practice with gamification elements: The case of “old gamification” in medicine development,Jari Huikku,Terhi Chakhovich,Katja Kolehmainen,,,,,,,,,,,,,,Aalto University,LUT University,,,,,,,,,,,,,,
Management Accounting,Cross-domain identity growth: the dynamics of IT-driven professional transformation,Pingli Li,Mahmoud Al-Sayed,,,,,,,,,,,,,,,University of Southampton,,,,,,,,,,,,,,,
Management Accounting,"CEO competencies, Covid-19, ESG and management earnings forecasts",Gerald Eisenhut,Margarethe Rammerstorfer,Karl Weinmayer,,,,,,,,,,,,,,WUVienna,affiliation not provided,,,,,,,,,,,,,,
Management Accounting,Designing Incentive Systems for Supervisory and Management Boards: Possibilities and Limitations,Julia Ortner,Louis Velthuis,,,,,,,,,,,,,,,Mainz University,,,,,,,,,,,,,,,
Management Accounting,Assessing ESG Metric Designs: Implications for ESG Outcomes and CEO Compensation,In Gyun Baek,Jeonghoon Hyun,Jongwon Park,,,,,,,,,,,,,,National University of Singapore,Chung-Ang University,,,,,,,,,,,,,,
Management Accounting,Does sustainability accounting disclosure regulation change accounting practices? Research opportunities in the wake of CSRD,Johanna Sylvander,,,,,,,,,,,,,,,,,,,,,,,,,,,,,,,
Financial Reporting,Creating ESG Risk silos or Breaking Them Down? The Effects of Risk Inventory Format and ESG Mission on Risk Response,JoannaVan Meerbeeck,Eddy Cardinaels,Sabra Khajehnejad,Dieter Smeulders,AlexandraVan Den Abbeele,,,,,,,,,,,,KU Leuven,Tilburg University,KU Leuven,University of Bern,,,,,,,,,,,,
Social and Environmental Accounting & Ethical Issues in Accounting,Beyond Disclosure: How Firms Reshape Organizational Design in Response to the Sustainability Reporting Regulation,Anna Koelle,Christian Hofmann,Nina Schwaiger,KatharinaWeiss,Hoa Ho,,,,,,,,,,,,LMU Munich,LMU Munich,LMU Munich,Ludwig-Maximilians-Universität München,,,,,,,,,,,,
Management Accounting,Research on the Effect of Enterprise Digital Transformation on Female Employment,Aolin Leng,Zhixuan Zhou,Guangyuan Xing,,,,,,,,,,,,,,Northwestern Polytechnical University,Northwestern Polytechnical University,,,,,,,,,,,,,,
Management Accounting,The joint effects of incentive framing and potential budget auditing on subordinates’ budget reporting honesty,David Lindermüller,Miriam Maske,Bernhard Hirsch,,,,,,,,,,,,,,Bundeswehr University Munich,University of the Bundeswehr München,,,,,,,,,,,,,,
Financial Reporting,Setting Earnings Guidance under CEO Turnover Threat,Doron Hadass,DanWeiss,,,,,,,,,,,,,,,Reichman University,,,,,,,,,,,,,,,
Accounting and Governance,Power Exchange in Boards of Directors: Implications for Participative Corporate Governance,Danny Ben Shahar,Avraham Carmeli,Eyal Solganik,DanWeiss,,,,,,,,,,,,,Tel Aviv University,Tel Aviv University,Reichman University,,,,,,,,,,,,,
Management Accounting,Worth Fixing? Incentive System Redesign when Earnings Informativeness is Low,Peter Oh,Jeonghoon Hyun,Kenneth Merchant,Joonil Lee,,,,,,,,,,,,,McGill University,Chung-Ang University,University of Southern California,,,,,,,,,,,,,
Financial Analysis,The use of financial incentives for managerial compensation: the role of firm size,Sofia Lourenço,Iryna Berova Alves,,,,,,,,,,,,,,,"University of Lisbon, ISEG",,,,,,,,,,,,,,,
Management Accounting,We are different: personal characteristics and the use of real-time relative performance information,Gary (Guanlin) Wang,Mariano Scapin,Christopher S. Chapman,,,,,,,,,,,,,,University of Bristol,University of Bristol,,,,,,,,,,,,,,
Management Accounting,Prompting Away the Fixation: How the Use of Generative AI Reduces Surrogation,Dennis Fehrenbacher,Victor Van Pelt,,,,,,,,,,,,,,,Monash University,,,,,,,,,,,,,,,
Management Accounting,Does Artificial Intelligence Elevate or Undermine Strategic Distinctiveness? An Empirical Investigation of AI in Strategizing,Sebastian Firk,Yannik Gehrke,Marvin Hanisch,Jan Hennig,Michael Wolff,,,,,,,,,,,,University of Groningen,University of Hamburg,University of Groningen,University of Groningen,,,,,,,,,,,,
Management Accounting,Trends in controllers’ roles and skills: Longitudinal evidence from Finland,Tytty Elo,Jaan-Pauli Kimpimäki,Terhi Chakhovich,,,,,,,,,,,,,,LUT University,LUT University,,,,,,,,,,,,,,
Management Accounting,Accountants in a Digital Era—The Role of Protective Identity Work and Identity Fluidity,Virpi Ala-Heikkilä,Mika Ylinen,Marko Jarvenpaa,Minna Sadeharju,,,,,,,,,,,,,University of Vaasa,University of Vaasa,University of Vaasa,,,,,,,,,,,,,
Management Accounting,Evolving Beyond Numbers: Management Accountant Roles in the Age of Digital Transformation,Janina Matern,Klaus Derfuss,Kristopher Pantani,Sina Sauerland,Christian Geyer,,,,,,,,,,,,University of Hagen,University of Hagen,University of Hagen,affiliation not provided,,,,,,,,,,,,
Management Accounting,Proprietary Costs and Divisional Transparency,Victor Schauer,Christian Hofmann,Nina Schwaiger,,,,,,,,,,,,,,LMU Munich,LMU Munich,,,,,,,,,,,,,,
Management Accounting,Management Control Systems in SMEs: The Role of Cost Control in Working Capital Management,Evelyn Braumann,Melanie Feldhues,,,,,,,,,,,,,,,Vrije Universiteit Amsterdam,,,,,,,,,,,,,,,
Management Accounting,"Demand Variability, Predictability, and Cost Structure",James Cannon,,,,,,,,,,,,,,,,,,,,,,,,,,,,,,,
Management Accounting,Cultural Perspectives on Pay for Performance: Exploring its Impact on Motivation and Work Effort,Flavia Schmid,Maël Schnegg,Klaus Moeller,,,,,,,,,,,,,,University of St. Gallen,University of St. Gallen,,,,,,,,,,,,,,
Financial Reporting,A New Era of Professional Development in Big 4 Firms: The Role of Management Control Practices,Michelle Carr,Stefan Jooss,Amalie Ringgaard,,,,,,,,,,,,,,University College Cork,University of Queensland,,,,,,,,,,,,,,
Financial Reporting,Don’t boss me around: Mandated CSR investing and managers’ allocation decisions,Adam Vitalis,Xi (Jason) Kuang,Jonathan Kugel,Jordan Bable,,,,,,,,,,,,,University of Waterloo,Georgia Institute of Technology,Christopher Newport University,,,,,,,,,,,,,
Financial Reporting,Beyond Pay-For-Performance: Change Enough or Don’t Change at All,Maël Schnegg,Jonas Solbach,Klaus Moeller,,,,,,,,,,,,,,University of St. Gallen,University of St. Gallen,,,,,,,,,,,,,,
Financial Reporting,Navigating Scandals: A Longitudinal Analysis of Corporate Communication Strategies in Sustainability Reporting and Social Media,Alice Pennesi,,,,,,,,,,,,,,,,,,,,,,,,,,,,,,,
Accounting and Governance,When Strategy and Structure Benefit Shareholders: The Crucial Role of Aligning Organizational Structure with Organizational Strategy to Maximize Return on Asse,Carol Pomare,Rajiv Banker,Jorge Romero,,,,,,,,,,,,,,Mount Allison University,Temple University,,,,,,,,,,,,,,
Accounting and Governance,ESG Incentives in Executive Compensation,Matthias Efing,Stefanie Ehmann,Patrick Kampkoetter,Raphael Moritz,,,,,,,,,,,,,HEC Paris,Tuebingen University,Tuebingen University,,,,,,,,,,,,,
Management Accounting,"Forecast and Budget Design Interdependence, Forecast Roles, and Management Control Effectiveness",Daniel Mucci,,,,,,,,,,,,,,,,,,,,,,,,,,,,,,,
Management Accounting,How to Control Boundary Spanners for Good Cooperation?—A study in the AEC industry,Garlef Hupfer,,,,,,,,,,,,,,,,,,,,,,,,,,,,,,,
Accounting and Governance,"Target Difficulty, Effort-Reward Imbalance and Employee Wellbeing: Evidence from a Longitudinal Survey",Berend Van Der Kolk,Martijn Schoute,Makoto Kuroki,,,,,,,,,,,,,,Vrije Universiteit Amsterdam,affiliation not provided,,,,,,,,,,,,,,
Accounting and Governance,The psychological safe budgeting process and ambitious budget targets—An interaction perspective,Anna Jensen,Thomas Kristensen,Thomas Toldbod,,,,,,,,,,,,,,Aarhus University,Aarhus University,,,,,,,,,,,,,,
Management Accounting,The Effects of Performance Targets on Employee Learning,Jacob Zureich,,,,,,,,,,,,,,,,,,,,,,,,,,,,,,,
Accounting and Information Systems,Time to Innovate: The Role of Input Incentives in Creative Production,Michael Milde,,,,,,,,,,,,,,,,,,,,,,,,,,,,,,,
Financial Reporting,Creativity under AI performance evaluation,Michele Fumagalli,,,,,,,,,,,,,,,,Bocconi University,,,,,,,,,,,,,,,
Management Accounting,Management accounting practices and Corporate sustainability: Addressing the CSRD requirements through a performance management framework,Ivo Hristov,Cory Searcy,Alessandro Mechelli,,,,,,,,,,,,,,University of L’Aquila,Toronto Metropolitan University,University of Rome-TorVergata,,,,,,,,,,,,,
Management Accounting,Interpersonal Affect versus Field-Specific Knowledge: A Natural Experiment in Blinded Performance Evaluations,Jose Luis Ucieda Blanco,Jacobo Gomez Conde,Ricardo Malagueno,Beatriz Santos-Cabalgante,,,,,,,,,,,,,Universidad Autónoma de Madrid,Universidad Autónoma de Madrid,University of Essex,Universidad Autónoma de Madrid,,,,,,,,,,,,
Management Accounting,Dual-Tasking in the Workplace: The Role of Incentives and Social Presence,Kristian Rotaru,Tao Hu,John Ko,James Sewell,Dennis Fehrenbacher,,,,,,,,,,,,Monash University,Monash University,Monash University,Monash University,,,,,,,,,,,,
Management Accounting,The Role of Contractual Ambiguity and Joint Steering Committees for Managing non-equity R&D Alliances,Adèle Vanpoucke,Martine Cools,Kristof Stouthuysen,Alexandra Van Den Abbeele,,,,,,,,,,,,,KU Leuven,KU Leuven,,KU Leuven,,,,,,,,,,,,
Management Accounting,Accounting for the Human Factor: Managing Budgetary Slack and Dark Triad Personalities,Sebastian Oelrich,Thomas Günther,Mathilde Tønnesen,Tobias Voigtlaender,,,,,,,,,,,,,Aarhus University,Dresden University of Technology,Aarhus University,Dresden University of Technology,,,,,,,,,,,,
Accounting and Governance,"Investigating the effects of environmental uncertainty, competitive strategy, and management control systems on organizational learning and performance",Rachmawati Rachmawati,Lindawati Gani,Johnny Jermias,,,,,,,,,,,,,,Widya Mandala Catholic Surabaya University,Universitas Indonesia,Simon Fraser University,,,,,,,,,,,,,
Accounting and Governance,The Impact of Board and Executive Characteristics on ESG Disclosure,Chih Fang,Musharraf Alanazi,Kevin Fang,,,,,,,,,,,,,,Morgan State University,Mogan State University,University of Maryland,,,,,,,,,,,,,
Financial Reporting,Board Interlocks and Asymmetric Cost Behavior,Yao Zhang,,,,,,,,,,,,,,,,,,,,,,,,,,,,,,,
Management Accounting,The interplay between the organization’s management model and business model,Reinaldo Guerreiro,Paschoal Russo,Juliana Amaral,,,,,,,,,,,,,,Universidade de São Paulo,FIPECAFI,,,,,,,,,,,,,,
Management Accounting,Cost Uniqueness and Tax Avoidance,Hsihui Chang,Yingwen Guo,Raj Mashruwala,YeWang,,,,,,,,,,,,,Drexel University,Hong Kong Polytechnic University,University of Calgary,,,,,,,,,,,,,
Management Accounting,Asymmetric Cost Behavior and Corporate Environmental Commitments,DetianYang,Clara Xiaoling Chen,Jackie Zeyang Ju,Hong Xie,,,,,,,,,,,,,University of Hong Kong,University of Illinois Urbana-Champaign,University of Kentucky,,,,,,,,,,,,,
Management Accounting,Management control through verbal rewards—A systematic review and research agenda,Sven Siverbo,,,,,,,,,,,,,,,,,,,,,,,,,,,,,,,
Management Accounting,The digital sky is the limit: management control and technological affordances in a platform organization in the aviation industry,Veronica Casarin,Christoph Endenich,Stefan Linder,Keith Robson,,,,,,,,,,,,,ESSEC Business School,ESSEC Business School,ESSEC Business School,,,,,,,,,,,,,
Management Accounting,The Interplay of Management Control Systems and Employee Identification Processes in Organizational Cultural Change,Gianluca F. Delfino,Caterina Moschieri,,,,,,,,,,,,,,,Stockholm School of Economics,,,,,,,,,,,,,,,
Management Accounting,Misconduct Reporting and Identity,Yutong Chen,Hari Ramasubramanian,TimoVogelsang,,,,,,,,,,,,,,Frankfurt School of Finance & Management,Frankfurt School of Finance & Management,,,,,,,,,,,,,,
Management Accounting,The double-edged sword of social capital embeddedness: a sequential model for linking information systems quality to social value creation in cooperatives,Thiago Tomaz Luiz,Ilse Beuren,Renata Oliveira,Vanderlei Santos,,,,,,,,,,,,,Federal University of Santa Catarina,Federal University of Santa Catarina,Federal University of Uberlândia,,,,,,,,,,,,,
Financial Reporting,Governmental Exposure: Curse or Blessing? New Insights from Resource-Adjustment Decisions,Awad Ibrahim,Hesham Ali,,,,,,,,,,,,,,,Portsmouth University,,,,,,,,,,,,,,,
Management Accounting,Manager’s Dilemma between Career Concerns and the Ratchet Effect,Jumpei Nishitani,Yasuhiro Mazda,,,,,,,,,,,,,,,Ritsumeikan University,,,,,,,,,,,,,,,
Management Accounting,"The framing of performance measures, target setting and effort provision",Tomohiro Sakuma,Sho Hayakawa,Hiroshi Miya,Eiichiro Suematsu,,,,,,,,,,,,,Kobe University,University of Marketing and Distribution Sciences,Kobe University,,,,,,,,,,,,,
Management Accounting,Nonexecutive Equity Compensation and Financial Leverage,Yinghui Chen,Ting Ren,Marshall Vance,Youzhi Xiao,,,,,,,,,,,,,Beijing Normal University,"Peking University, HSBC Business School",Virginia Tech,,,,,,,,,,,,,
Management Accounting,A Field Experiment on the Effect of (Non) Compensatory Team Compensation on Team Performance of a Conjunctive Task,Khim Kelly,Adam Presslee,Kelsey Matthews,,,,,,,,,,,,,,University of Central Florida,University of Waterloo,,,,,,,,,,,,,,
Management Accounting,Management control choices and firm motivations for environmental sustainability,David Bedford,Josep Bisbe,Marti Guasch,,,,,,,,,,,,,,University of Technology Sydney,ESADE,,,,,,,,,,,,,,
Management Accounting,Social media exposure and control systems flexibility,Jacobo Gomez Conde,Januário Monteiro,Rogério Lunkes,,,,,,,,,,,,,,Universidad Autónoma de Madrid,University of East Anglia,,,,,,,,,,,,,,
Management Accounting,The effect of an environmental mission statement and leadership communication style on employees’ pro-environmental behavior,Sophie Maussen,Melissa Verniest,Sophie Hoozée,Marie Claeys,,,,,,,,,,,,,Ghent University,Ghent University,Ghent University,,,,,,,,,,,,,
Management Accounting,Diffusion of management practices between a local company and a global company—a case study,Luis Pimentel,Tiago Dias,Ruben Barros,,,,,,,,,,,,,,Universidade Europeia - Cetrad Europeia,Europeia University,,,,,,,,,,,,,,
Management Accounting,Rewarding a Leadership Team: Insights from CEO Pay Slice and Pay Dispersion among the CEO’s Top Team,Mark Anderson,Yan Ma,Rong Zhao,,,,,,,,,,,,,,University of Calgary,University of North Florida,,,,,,,,,,,,,,
Financial Reporting,The Effects of Reporting Frequency and Reporting Structure on Employee Effort,Razvan Ghita,Victor Maas,,,,,,,,,,,,,,,University of Southern Denmark,,,,,,,,,,,,,,,
Management Accounting,The Effect of Reward Frequency and Reward Conditionality on Drivers of Employee Performance,Grazia Xiong,Drew Newman,Ivo Tafkov,Nathan Waddoups,,,,,,,,,,,,,Utah State University,University of South Carolina,Georgia State University,,,,,,,,,,,,,
Management Accounting,The Moderating Role of Personal Identity in Prosocial Incentives: An Experimental Investigation,Liliana Dewaele,Thomas Thijssens,Frank Hubers,Marjolein Caniels,,,,,,,,,,,,,Open University of the Netherlands,Open University of the Netherlands,Open University of the Netherlands,,,,,,,,,,,,,
Management Accounting,Design Qualities and Their Interdependencies in Performance Measurement Systems: On the Contours of a Meta-Structure,Allan Hansen,,,,,,,,,,,,,,,,,,,,,,,,,,,,,,,
Management Accounting,Flourishing or Wilting? Managing mixed emotions under target-driven pressures,Lan Nguyen,,,,,,,,,,,,,,,,,,,,,,,,,,,,,,,
Management Accounting,When Data Visualization Backfires: The Effect of Mood and Data Visualization on Mood-congruence Bias,Yasheng Chen,Xin Xu,Huaxiang Yin,,,,,,,,,,,,,,Xiamen University,Sun Yat-Sen University,,,,,,,,,,,,,,
Management Accounting,Faster or Slower than Expected: Either is a Bad Signal if You Are Already Disliked,Jeremiah Bentley,Matthew Sherwood,Aubrey Whitfield,,,,,,,,,,,,,,University of Massachusetts Amherst,University of Massachusetts Amherst,,,,,,,,,,,,,,
Financial Reporting,The Effects of Reporting Frequency and Reporting Structure on Employee Effort,Razvan Ghita,Victor Maas,,,,,,,,,,,,,,,University of Southern Denmark,,,,,,,,,,,,,,,
Accounting and Governance,A theory of firm sustainability practices for future financial risks,Toshiaki Wakabayashi,Makoto Kuroki,,,,,,,,,,,,,,,Waseda University,,,,,,,,,,,,,,,
Management Accounting,The effect of control strength on outlier-driven control decisions,Cardin Masselink,Bart Dierynck,,,,,,,,,,,,,,,Tilburg University,,,,,,,,,,,,,,,
Accounting and Governance,Buyers Beware: The Effect of Buyers’ Product Mix and Support Provided to Tier-1 Suppliers on Supply Chain Sustainability,Linda Chang,Mandy Cheng,,,,,,,,,,,,,,,University of New South Wales,,,,,,,,,,,,,,,
Accounting and Governance,The Role of Loss Aversion in Multi-Rater Subjective Performance Evaluations,Taichi Kimura,Takahiro Morimitsu,,,,,,,,,,,,,,,Keio University,,,,,,,,,,,,,,,
Financial Reporting,Does Attitude Matter? The Effects of Incentives and Employees’ Environmental Attitude on Work-Related Carbon Reduction Behavior,Xian Huang,Yasheng Chen,Meirong He,,,,,,,,,,,,,,University of Science and Technology of China,Xiamen University,,,,,,,,,,,,,,
Management Accounting,Use of Different Performance Measures and Their Influence on Managers’ Decision-making,Yudai Onitsuka,Eiichiro Suematsu,Eri Yokota,,,,,,,,,,,,,,Chiba University,Saitama University,,,,,,,,,,,,,,
Management Accounting,The Polarizing Performance Effect of Private Social Comparison Information,Matthias Mahlendorf,Kohler Maximilian,Mischa Seiter,Timo Vogelsang,,,,,,,,,,,,,Frankfurt School of Finance & Management,affiliation not provided,Ulm University,,,,,,,,,,,,,
Management Accounting,Mixed Motives for Doing Good: The Effect of Profit Motives in Charitable Initiatives on Employee Opportunism,Joel Berge,Farah Arshad,,,,,,,,,,,,,,,NHH - Norwegian School of Economics,,,,,,,,,,,,,,,
Management Accounting,Time Budget Uncertainty and Creativity,Florian Loizl,Christoph Feichter,Isabella Grabner,,,,,,,,,,,,,,WUVienna,WUVienna,,,,,,,,,,,,,,
Management Accounting,Does Local Political Corruption Asymmetrically Affect Resource Adjustment Decisions?,Panagiotis Loukopoulos,Georgios Loukopoulos,Dimitrios Ntounis,,,,,,,,,,,,,,University of Strathclyde,University of Sussex,,,,,,,,,,,,,,
Management Accounting,A Good Virus—The Contagion Effect of Whistleblowing with Monetary Incentives,Alisa Brink,Yelin Li,,,,,,,,,,,,,,,Virginia Commonwealth University,,,,,,,,,,,,,,,
Management Accounting,Infrapolitical Resistance to Management Control in the Home Workplace,Mohamed Chelli,Darlene Himick,,,,,,,,,,,,,,,University of Ottawa,,,,,,,,,,,,,,,
Management Accounting,Do Retention Bonuses Encourage Complacency? An Experimental Study of Retention Bonus Design,Nicholle Kovach,Leslie Berger,Christopher Wong,,,,,,,,,,,,,,Wilfrid Laurier University,Wilfrid Laurier University,,,,,,,,,,,,,,
Management Accounting,Shaping Habits in Organizations: A Field Experiment,Leonhard Grabe,Saskia Opitz,Dirk Sliwka,,,,,,,,,,,,,,University of Cologne,University of Cologne,,,,,,,,,,,,,,
Management Accounting,Uncovering the value drivers in the US airline industry: A machine learning approach,Emma Willems,Kristof Stouthuysen,Tim Verdonck,,,,,,,,,,,,,,Aalto University,Vlerick Business School,,,,,,,,,,,,,,
Management Accounting,Exploring the dynamic interplay of aspiration and anticipation in the interactional framing of future performance in forecasting meetings,Leona Wiegmann,Lukas Goretzki,Ferdinand Kunzl,,,,,,,,,,,,,,ESCP Business School,Stockholm School of Economics,,,,,,,,,,,,,,
Management Accounting,In Search of Strategic Risk Management: The Interplay between Risk-Based Strategic Planning and Risk Analytics,Arthur Posch,Evelyn Braumann,Aleksandra Klein,,,,,,,,,,,,,,University of Sustainability - Charlotte Fresenius Private University,Vrije Universiteit Amsterdam,,,,,,,,,,,,,,
Management Accounting,Employee autonomy as a control mechanism: why (and how) supervisors provide autonomy to employees,Sander Van Triest,,,,,,,,,,,,,,,,,,,,,,,,,,,,,,,
Management Accounting,The Forgotten Dimension: Antecedents and Outcomes of Social Sustainability Measurement,Elisa Ballesio,Edoardo Crocco,Elisabeth Walliser,Laura Broccardo,,,,,,,,,,,,,University of Turin,University of Turin,Université Côte d’Azur - GRM,,,,,,,,,,,,,
Management Accounting,R&D Expenditure Stickiness and Technological Innovation,Bukyung Kim,Kyeongmin Kim,Jinbae Kim,,,,,,,,,,,,,,Korea University,Korea University,,,,,,,,,,,,,,
Management Accounting,The transformation of a donor dependent Financial NGO to a commercial microfinance institution: the interaction between prudential supervisory logic and Manage,Marco Trombetta,Sampson Kwabena Senahey,,,,,,,,,,,,,,,IE University,,,,,,,,,,,,,,,
Management Accounting,Enhancing a family firm’s absorptive capacity: Is there a role for performance measurement systems?,Ann Jorissen,Martine Cools,Phuong Duong,Wim Voordeckers,Ine Paeleman,,,,,,,,,,,,University of Antwerp,KU Leuven,Universiteit Hasselt,Hasselt University,,,,,,,,,,,,
Management Accounting,Management Control in Hybrid Contexts: The Role of Peer Monitoring for Telecommuters’ Career Prospects,Isabella Grabner,Tanja Schiffner,Markus Wabnegg,,,,,,,,,,,,,,WUVienna,WUVienna,,,,,,,,,,,,,,
Management Accounting,Management Control Consistency and Employee Selection,Jan Roessner,Christian Hofmann,,,,,,,,,,,,,,,Ludwig-Maximilians-Universität München,,,,,,,,,,,,,,,
Financial Reporting,Algorithmic Target Setting: Fairness Heuristics Drive Subordinate Behavior,Robert Gillenkirch,Julia Ortner,Tim Schacherer,Louis Velthuis,,,,,,,,,,,,,University of Osnabrück,Mainz University,University of Osnabrück,,,,,,,,,,,,,
Financial Reporting,Human and Algorithmic Advice in Operational and Strategic Decision Making,Ranna Iraqi,Maik Lachmann,,,,,,,,,,,,,,,Technical University of Berlin,,,,,,,,,,,,,,,
Financial Reporting,Beyond traditional and alternative budgeting: Budgeting as a framework,Catherine Batt,Amalie Ringgaard,,,,,,,,,,,,,,,Copenhagen Business School,,,,,,,,,,,,,,,
Financial Reporting,The Effect of Anonymity in Upward Feedback: How Feedback Valence and Participation Basis Affect Manager Response,Svenja Marsula,Sandra Winkelmann,Todd A. Thornock,Bret Sheeley,,,,,,,,,,,,,Ruhr University Bochum,Ruhr University Bochum,University of Nebraska-Lincoln,,,,,,,,,,,,,
Financial Reporting,"Information search, attention distribution and biased performance evaluations: Evidence from students and executive managers",Miriam Maske,Bernhard Hirsch,Matthias Sohn,,,,,,,,,,,,,,University of the Bundeswehr München,Munich University of the Federal Armed Forces,,,,,,,,,,,,,,
Financial Reporting,The Spillunder Effect: The Interplay between Cognitive Intrusion and Feedback Frequency in Sequential Task Environments,Anil Kshatriya,Hari Ramasubramanian,,,,,,,,,,,,,,,ESSEC Business School,,,,,,,,,,,,,,,
Financial Reporting,Algorithm Aversion in Internal Investment Decision-Making,Tom Gubini,Thorsten Knauer,Svenja Marsula,Sandra Winkelmann,,,,,,,,,,,,,Ruhr University Bochum,Ruhr University Bochum,Ruhr University Bochum,,,,,,,,,,,,,
Financial Reporting,"Corporate ESG Performance, Nonmonetary Benefits, and Rank-and-file Employee Compensation",Ruixue Zhou,,,,,,,,,,,,,,,,,,,,,,,,,,,,,,,
Financial Reporting,"Performance measurement system diversity, Business Intelligence, and digitalization level: impact on sustainable performance",Kerim Karmeni,Adel Beldi,,,,,,,,,,,,,,,Rabat Business School - UIR,,,,,,,,,,,,,,,
Financial Reporting,The Impact of “Artificial Intelligence Members” on Employee Performance and Team Commitment,Yasheng Chen,Zhuojun Wu,Ruyi Jie,,,,,,,,,,,,,,Xiamen University,Xiamen University,,,,,,,,,,,,,,
Financial Reporting,This joke’s on us! An analysis of accounting jokes and the use of humor in accounting academia,Thomas Günther,Sebastian Oelrich,,,,,,,,,,,,,,,Dresden University of Technology,,,,,,,,,,,,,,,
Management Accounting,CEO Government Work Experience and Regulatory Noncompliance: Evidence Based on Safety-Related Violations,Ling Zhou,Li Xu,Kiely Yonce,,,,,,,,,,,,,,University of New Mexico,Washington State University,,,,,,,,,,,,,,
Management Accounting,The influence of management control systems on product innovation: The decision-supporting role of business unit controllers,Tomohisa Kitada,Takehisa Kajiwara,,,,,,,,,,,,,,,Kindai University,,,,,,,,,,,,,,,
Management Accounting,Team-based Relative Performance Feedback and Nudging: Empirical Evidence on Non-Monetary Incentives,Helena Manger,,,,,,,,,,,,,,,,,,,,,,,,,,,,,,,
Management Accounting,Managing the tension between centralization and decentralization in implementing value-based management: A comparative case study in Japanese companies,Keita Masuya,,,,,,,,,,,,,,,,,,,,,,,,,,,,,,,
Management Accounting,How Integrated Thinking can combine with the Balanced Scorecard to enable sustainability in practice,Ruth Dimes,Charl DeVilliers,,,,,,,,,,,,,,,Open University,,,,,,,,,,,,,,,
Management Accounting,Is It Better to be Loved or Feared? The Effects of Manager Kindness and Reward Discretion on Employee Effort,Victor Maas,Joel Berge,Huaxiang Yin,,,,,,,,,,,,,,University of Amsterdam,NHH - Norwegian School of Economics,,,,,,,,,,,,,,
Management Accounting,The Effects of Uncertainty in Tournaments on Sabotage and Effort,Julia Beck,Markus Brunner,,,,,,,,,,,,,,,Technical University of Munich,,,,,,,,,,,,,,,
Management Accounting,Granted and Applied Discretion in Clawing Back Performance-based Payments—Effects on Honesty in Reporting,Lukas Schilling,Ann Tank,Pedell Pedell,,,,,,,,,,,,,,University of Stuttgart,University of Groningen,,,,,,,,,,,,,,
Management Accounting,Learning-to-contract: The Effect of Partner Experience on Contract Language Customization,Tineke Distelmans,Martine Cools,Isabella Grabner,Kristof Stouthuysen,Alexandra Van Den Abbeele,,,,,,,,,,,,Vrije Universiteit Amsterdam,KU Leuven,WU Vienna,Vlerick Business School,,,,,,,,,,,,
Management Accounting,Getting Predictive Analytics Up and Running in Management Accounting: Insights from Forecasting in Large German Firms,Johannes Thaller,Holger Daske,Martin Hiebl,,,,,,,,,,,,,,Johannes Kepler University Linz,University of Mannheim,,,,,,,,,,,,,,
Financial Reporting,Not All Human Capital Initiatives Are Equal: The Role of Initiative Type and Financial Performance on Investor Judgments,Wolfgang Schultze,Ling Lin Harris,Khim Kelly,Bret Sheeley,,,,,,,,,,,,,University of Augsburg,University of Nebraska-Lincoln,University of Central Florida,,,,,,,,,,,,,
Management Accounting,Supervisory board’s gender diversity and cost of debt,Marwa Durani,,,,,,,,,,,,,,,,,,,,,,,,,,,,,,,
Management Accounting,"Strategy, strategic management accounting and performance: A contingency perspective",Petr Petera,Simon Cadez,Jaroslav Wagner,Libuše Šoljaková,,,,,,,,,,,,,Prague University of Economics and Business,University of Ljubljana,Prague University of Economics and Business,,,,,,,,,,,,,
Management Accounting,The Relationship Between The Supply Of Business Management Services And The Automation Of Accounting Services: An Analysis Of Accounting Firms,Giuliana Soccol Ferreira,Caroline Orth,,,,,,,,,,,,,,,Universidade Federal do Rio Grande do Sul,,,,,,,,,,,,,,,
Management Accounting,"Dispersed Incentives, Behavioral Biases, and Cost Stickiness: A Prospect Theory Perspective",Jeff Ng,Hangsoo Kyung,Taejin Kim,,,,,,,,,,,,,,DePaul University,Hong Kong Polytechnic University,,,,,,,,,,,,,,
Management Accounting,The Effect of Psychopathic Traits on Advice-Taking: Investigating the Impact of Decision Style in the Context of Advisory Systems,Annika Friedek,Florian Fuchs,,,,,,,,,,,,,,,Rptu Kaiserslautern-Landau,,,,,,,,,,,,,,,
Accounting and Governance,Integrated Thinking & Reporting: A Management Control Approach,Rob Jacobs,Harold Hassink,Thomas Thijssens,Martijn Zoet,,,,,,,,,,,,,Maastricht University,Maastricht University,Open University of the Netherlands,,,,,,,,,,,,,
Accounting and Governance,The performativity of calculative practices in driving eco-innovation,Amal Kanzari,Henrik Nehler,Josefine Rasmussen,,,,,,,,,,,,,,Linköping University,affiliation not provided,,,,,,,,,,,,,,
Accounting and Governance,Inventory Holding Strategy in Family Firms: Just in Case or Just in Time?,Efrat Shust,Meni Abudy,Ruth (Stern) Rooz,,,,,,,,,,,,,,Open University of Israel,Bar-Ilan University,,,,,,,,,,,,,,
Auditing,Gender-diverse Co-signing Experience and Audit Quality,Chun-Chan Yu,,,,,,,,,,,,,,,,,,,,,,,,,,,,,,,
Financial Reporting,Dive into the Deep Diversity of Audit Teams,Alice Annelin,,,,,,,,,,,,,,,,Umeå University,,,,,,,,,,,,,,,
Auditing,The Appointment of Female Audit Team Leaders and Audit Risk Assessment: Evidence from Spanish Small-Sized Audit Firms,Luis Porcuna,José Serrano-Madrid,Rubén Porcuna-Enguix,,,,,,,,,,,,,,Polytechnic University of Valencia,Universidad de Murcia,University of Valencia,,,,,,,,,,,,,
Auditing,Audit Partner Industry-Specific Knowledge and Audit Quality,Paul André,Xingyue Zhan,,,,,,,,,,,,,,,University of Bristol Business School,University of Lausanne,,,,,,,,,,,,,,
Auditing,"Expert from headquarters office, geographical constraints, and audit quality: Evidence from co-signed audit reports",Yuyan Jia,Xin Liu,Lin Wang,Wenfeng Wang,,,,,,,,,,,,,Central University of Financial and Economics,Sun Yat-Sen University,Central University of Financial and Economics,Southern University of Science and Technology,,,,,,,,,,,,
Auditing,Regulatory Implications of the Introduction of Audits of Nonfinancial Reports in Different Legal Regimes,Emanuel Lederer,Kerstin Trummer,,,,,,,,,,,,,,,University of Graz,Universität Graz,,,,,,,,,,,,,,
Auditing,Charitable Alignment and Auditor-Client Contracting: An Exploratory Study,Nava Cohen,Anne Jeny,Luc Paugam,,,,,,,,,,,,,,New Jersey City University,IÉSEG School of Management,HEC Paris,,,,,,,,,,,,,
Auditing,Do audit partner rotations have unintended consequences on non-rotated clients?,Angela Pettinicchio,Mario Daniele,Mara Cameran,,,,,,,,,,,,,,Università Cattolica del Sacro Cuore,Università Cattolica del Sacro Cuore,Bocconi University,,,,,,,,,,,,,
Auditing,"""Sent from Mobile"": The Influence of Communication Devices and Psychological Distance on Professional Skepticism-Enhancing Advice",Sara Bibler,Anna Gold,Farah Arshad,,,,,,,,,,,,,,Vrije Universiteit Amsterdam,Vrije Universiteit Amsterdam,Vrije Universiteit Amsterdam,,,,,,,,,,,,,
Auditing,Auditors’ Illusion of Explanatory Depth and Informal Advice Taking: Who is the Expert here?,Christian Pietsch,Tyge Kummer,Martin Schmidt,Scott Vandervelde,,,,,,,,,,,,,Erasmus University Rotterdam,Queensland University of Technology,ESCP Business School Berlin,University of North Carolina at Charlotte,,,,,,,,,,,,
Financial Reporting,The Role of Trust in Monitoring: Large-Scale Evidence from Audit Partner Trust,Gil Bae,,,,,,,,,,,,,,,,,,,,,,,,,,,,,,,
Auditing,Auditor Independence Under Voluntary Audits,Amir Amel-Zadeh,Mahmoud Delshadi,Mahmoud Hosseinniakani,Ranik Wahlstrøm,,,,,,,,,,,,,"University of Oxford,Saïd Business School",University of Glasgow,Norwegian University of Science and Technology,,,,,,,,,,,,,
Auditing,Noise in Audit Judgments,Lobke Weijers,Bart Dierynck,,,,,,,,,,,,,,,Tilburg University,,,,,,,,,,,,,,,
Auditing,The “Dark Side” of Creativity in Auditing,Katrin Bonk,Martin Schmidt,,,,,,,,,,,,,,,ESCP Business School,,,,,,,,,,,,,,,
Auditing,Algorithm versus Human Managers: The Impact of Manager Type and Communication Frequency on Auditors’ Underreporting Behavior,Tim Bauer,,,,,,,,,,,,,,,,,,,,,,,,,,,,,,,
Auditing,Cybersecurity Risks and Audit Pricing: The Role of IT Expert in Engagement Teams,Mahmoud Delshadi,Mahmoud Hosseinniakani,Ranik Wahlstrøm,Zabihollah Rezaee,,,,,,,,,,,,,University of Glasgow,Norwegian University of Science and Technology,Norwegian University of Science and Technology,,,,,,,,,,,,,
Auditing,Auditor Involvement in Clients’ Financial Reporting and Audit Quality,Christopher Oehler,,,,,,,,,,,,,,,,,,,,,,,,,,,,,,,
Public Sector Accounting & Not-For-Profit Accounting,Comparing Sustainability Matters in Audit Reports—The Effect of Audit Firm Size and the Country of Headquarters,Yi Li,Tuomas Honkamäki,Markus Matto,Hannu Ojala,,,,,,,,,,,,,University of Eastern Finland,University of Eastern Finland,University of Eastern Finland,,,,,,,,,,,,,
Auditing,Is more always better? The value relevance of joint audits,Eunice Yaa Cudjoe,Jean-François Gajewski,,,,,,,,,,,,,,,Jean Moulin Lyon 3 University,,,,,,,,,,,,,,,
Accounting and Governance,"The associations between Private Firms’ Ownership characteristics, Audit Decisions and Tax Aggressiveness",Elina Haapamäki,Hannu Ojala,,,,,,,,,,,,,,,University of Vaasa,,,,,,,,,,,,,,,
Auditing,Auditor Diffusion of Forecasting Knowledge,Zhuoli Axelton,Paul Demere,Jeff Gramlich,Kat Harris,,,,,,,,,,,,,University of Wisconsin-Green Bay,Bocconi University,Washington State University,,,,,,,,,,,,,
Auditing,The Entry of Financial Audit Firms into ESG Audits under Capacity and Quality Considerations,Kerstin Trummer,Martin Klosch,,,,,,,,,,,,,,,Universität Graz,,,,,,,,,,,,,,,
Auditing,The Impact of Municipal-Auditor Appointments on Auditors’ Private Business Activities,Zhihong Chen,Antonino Costa,Qingkai Dong,,,,,,,,,,,,,,Hong Kong University of Science and Technology,Hong Kong University of Science and Technology,,,,,,,,,,,,,,
Auditing,Revealing Client Names in Inspection Reports: Effects of PCAOB Transparency on Audit Quality and Private Litigation,Felix Niggemann,Negin Attar-Niggeman,Volker Laux,,,,,,,,,,,,,,University of Zurich,University of Zurich,,,,,,,,,,,,,,
Auditing,How Do Auditors Affect Firm Innovation: Evidence from Critical Audit Matter Disclosures,Zhongnan Xiang,PaulineWu,,,,,,,,,,,,,,,University of Warwick,,,,,,,,,,,,,,,
Auditing,Non-audit valuation services prohibition and fair value measurements: evidence from European Union banks,Giulio Greco,Velia Cenciarelli,Alessandro Gabrielli,,,,,,,,,,,,,,University of Pisa,Università Cattolica del Sacro Cuore,,,,,,,,,,,,,,
Auditing,The Effect of Portfolio Composition on Audit Quality Across Career Stages: Evidence from Individual Auditor Sanctions,Tobias Svanström,Stefan Sundgren,Anila Kiran,,,,,,,,,,,,,,Umeå University,Umeå University,,,,,,,,,,,,,,
Auditing,The Effect of Mandatory Audit Firm Rotation on Audit Fees and Audit Quality: Evidence from UK,Tianhui Lu,Mohamed Elsayed,,,,,,,,,,,,,,,Lancaster University,,,,,,,,,,,,,,,
Auditing,Overcoming Information Asymmetries through Non-Financial Statement Assurance: Empirical Evidence from German Listed Firms,Markus Mottinger,Markus Isack,Marcel Steller,,,,,,,,,,,,,,Johannes Kepler University,WUVienna,,,,,,,,,,,,,,
Auditing,Tax-Related Regulations and Auditing in Europe: The Relationship between Tax Complexity and Audit Fees,Markus Isack,Markus Mottinger,,,,,,,,,,,,,,,WUVienna,,,,,,,,,,,,,,,
Auditing,Does Financial Well-being Affect Audit Quality: Evidence from Personal Debt,Yun Sun,Sam Enemark,,,,,,,,,,,,,,,"City University of London, Bayes Business School",,,,,,,,,,,,,,,
Auditing,Economic consequences of regulatory exposure: An auditing perspective,Stephen Taylor,Yaowen Shan,Yan Chen,,,,,,,,,,,,,,University of Technology Sydney,University of Technology Sydney,,,,,,,,,,,,,,
Financial Reporting,Key Audit Matters and Financial Misstatements: Evaluating Auditor Effectiveness and Risk Identification,Yu-Tzu Chang,Jeff Zeyun Chen,Wuchun Chi,Jie-Cao He,,,,,,,,,,,,,National Chengchi University,"Texas Christian University,Neeley School of Business",National Chengchi University,,,,,,,,,,,,,
Financial Reporting,The Relationship Between Restatements and Key Audit Matters in the Context of Business Combinations,Charalampos Brilakis,Efthimios Demirakos,,,,,,,,,,,,,,,Athens University of Economics and Business,,,,,,,,,,,,,,,
Auditing,Audit effort and audit fee stickiness,Nikolaos Karampinis,,,,,,,,,,,,,,,,,,,,,,,,,,,,,,,
Auditing,Do Audit Clients Benefit from Non-Audit Services?,Marshall Geiger,Daniel Gyung Paik,Taewoo Kim,Brandon Lee,,,,,,,,,,,,,University of Richmond,University of Richmond,California State University-San Bernardino,,,,,,,,,,,,,
Auditing,Director social networks and audit fees: A path analysis approach,Anila Kiran,Arpine Maghakyan,,,,,,,,,,,,,,,affiliation not provided,,,,,,,,,,,,,,,
Auditing,Media Spotlight and Auditor Distraction: The Hidden Costs of Negative Exposure,Stavriana Hadjigavriel,Mert Erinc,,,,,,,,,,,,,,,CUNEF,,,,,,,,,,,,,,,
Auditing,Audit Firm Revenue Composition and Audit Quality—Evidence from Europe,Sven Hörner,Lena Riedl,,,,,,,,,,,,,,,University of Bayreuth,,,,,,,,,,,,,,,
Social and Environmental Accounting & Ethical Issues in Accounting,On Being an ‘Ideal Worker’ in a ‘Greedy Institution’: Accountants’ Observations on Mental Health,Merridee Bujaki,Darlene Himick,Suzanne Paquette,,,,,,,,,,,,,,Carleton University,University of Ottawa,,,,,,,,,,,,,,
Social and Environmental Accounting & Ethical Issues in Accounting,Cross-Border Stress Spillover and Audit Quality: Evidence from the Covid-19 Pandemic,Limei Che,Wuchun Chi,Tamara Lambert,Anxuan Xie,,,,,,,,,,,,,Oslo Metropolitan University,National Chengchi University,Lehigh University,,,,,,,,,,,,,
Auditing,Manager and Partner Voice Behaviors and Effects on Audit Teams,Murray Barrick,Olof Bik,Jere Francis,Lena Pieper,AnnVanstraelen,,,,,,,,,,,,Texas A&M University,University of Groningen,University of Missouri,University of Illinois,,,,,,,,,,,,
Accounting and Governance,Key Audit Matters and Financial Misstatements: Evaluating Auditor Effectiveness and Risk Identification,Yu-Tzu Chang,Jeff Zeyun Chen,Wuchun Chi,Jie-Cao He,,,,,,,,,,,,,National Chengchi University,"Texas Christian University,Neeley School of Business",National Chengchi University,,,,,,,,,,,,,
Accounting and Governance,The Relationship Between Restatements and Key Audit Matters in the Context of Business Combinations,Charalampos Brilakis,Efthimios Demirakos,,,,,,,,,,,,,,,Athens University of Economics and Business,,,,,,,,,,,,,,,
Accounting and Governance,Director social networks and audit fees: A path analysis approach,Anila Kiran,Arpine Maghakyan,,,,,,,,,,,,,,,affiliation not provided,,,,,,,,,,,,,,,
Accounting and Governance,Media Spotlight and Auditor Distraction: The Hidden Costs of Negative Exposure,Stavriana Hadjigavriel,Mert Erinc,,,,,,,,,,,,,,,CUNEF,,,,,,,,,,,,,,,
Accounting and Governance,Audit Firm Revenue Composition and Audit Quality—Evidence from Europe,Sven Hörner,Lena Riedl,,,,,,,,,,,,,,,University of Bayreuth,,,,,,,,,,,,,,,
Financial Analysis,Key Audit Matters and Financial Misstatements: Evaluating Auditor Effectiveness and Risk Identification,Yu-Tzu Chang,Jeff Zeyun Chen,Wuchun Chi,Jie-Cao He,,,,,,,,,,,,,National Chengchi University,"Texas Christian University,Neeley School of Business",National Chengchi University,,,,,,,,,,,,,
Financial Analysis,The Relationship Between Restatements and Key Audit Matters in the Context of Business Combinations,Charalampos Brilakis,Efthimios Demirakos,,,,,,,,,,,,,,,Athens University of Economics and Business,,,,,,,,,,,,,,,
Financial Analysis,Director social networks and audit fees: A path analysis approach,Anila Kiran,Arpine Maghakyan,,,,,,,,,,,,,,,affiliation not provided,,,,,,,,,,,,,,,
Financial Analysis,Media Spotlight and Auditor Distraction: The Hidden Costs of Negative Exposure,Stavriana Hadjigavriel,Mert Erinc,,,,,,,,,,,,,,,CUNEF,,,,,,,,,,,,,,,
Financial Analysis,Audit Firm Revenue Composition and Audit Quality—Evidence from Europe,Sven Hörner,Lena Riedl,,,,,,,,,,,,,,,University of Bayreuth,,,,,,,,,,,,,,,
Interdisciplinary / Critical,Key Audit Matters and Financial Misstatements: Evaluating Auditor Effectiveness and Risk Identification,Yu-Tzu Chang,Jeff Zeyun Chen,Wuchun Chi,Jie-Cao He,,,,,,,,,,,,,National Chengchi University,"Texas Christian University,Neeley School of Business",National Chengchi University,,,,,,,,,,,,,
Interdisciplinary / Critical,The Relationship Between Restatements and Key Audit Matters in the Context of Business Combinations,Charalampos Brilakis,Efthimios Demirakos,,,,,,,,,,,,,,,Athens University of Economics and Business,,,,,,,,,,,,,,,
Interdisciplinary / Critical,Director social networks and audit fees: A path analysis approach,Anila Kiran,Arpine Maghakyan,,,,,,,,,,,,,,,affiliation not provided,,,,,,,,,,,,,,,
Interdisciplinary / Critical,Media Spotlight and Auditor Distraction: The Hidden Costs of Negative Exposure,Stavriana Hadjigavriel,Mert Erinc,,,,,,,,,,,,,,,CUNEF,,,,,,,,,,,,,,,
Interdisciplinary / Critical,Audit Firm Revenue Composition and Audit Quality—Evidence from Europe,Sven Hörner,Lena Riedl,,,,,,,,,,,,,,,University of Bayreuth,,,,,,,,,,,,,,,
Auditing,Cultivating Auditors Who Are More Committed to and Better at Ensuring Audit Quality,Jasmijn Bol,Isabella Grabner,Katlijn Haesebrouck,Mark Peecher,,,,,,,,,,,,,Tulane University,WUVienna,Maastricht University,,,,,,,,,,,,,
Auditing,Whatthebraziliansauditorsthinkaboutofthemotivationsforthepracticeofaccountingfraudinorganizations?,Caroline Orth,Mariana Bonotto,Giuliana Soccol Ferreira,Vitória Tavares DellaValentina,,,,,,,,,,,,,Universidade Federal do Rio Grande do Sul,Universidade Federal do Rio Grande do Sul,Universidade Federal do Rio Grande do Sul,,,,,,,,,,,,,
Auditing,"Data Analytics Adoption in Auditing: The Roles of Experience, Mindset, Training, and Risk Factor Awareness",Zheng Leitter,Christian Peters,,,,,,,,,,,,,,,Nanyang Technological University,,,,,,,,,,,,,,,
Auditing,Does Auditor Communication Matter? The Role of Knowledge Compatibility,Hoang Nhan Ha,,,,,,,,,,,,,,,,,,,,,,,,,,,,,,,
Auditing,Peer Effects on Choice of Auditor Reputation: Evidence from Quasi-experiments,Simon Fung,Xiaoran Cao,,,,,,,,,,,,,,,Deakin University,,,,,,,,,,,,,,,
Auditing,A Narcissist’s Dilemma: How Narcissistic CEOs Navigate ESG Assurance,Xin Li,Zixuan (Lina) Li,Charl DeVilliers,,,,,,,,,,,,,,University of Auckland,University of Auckland,,,,,,,,,,,,,,
Auditing,Audit Efforts and Client Companies’ Operational Efficiency,Jae Bum Kim,Ho-Young Lee,InkyungYoon,,,,,,,,,,,,,,Lehigh University,Yonsei University,,,,,,,,,,,,,,
Auditing,Audit Hours and Internal Monitoring: Oversight of Reports on Questionable Acts and Networks,Tatiana Mazza,Pier Luigi Marchini,Veronica Tibiletti,Alice Medioli,,,,,,,,,,,,,University of Parma,University of Parma,Università di Parma,,,,,,,,,,,,,
Auditing,Unveiling the Hidden Forces: How Social Capital Shapes Critical Audit Matters,Junjia Chenn,Zixuan (Lina) Li,,,,,,,,,,,,,,,University of Auckland,,,,,,,,,,,,,,,
Auditing,Remote Audits and Professional Skepticism: An Exploratory Study,Prince Teye,,,,,,,,,,,,,,,,,,,,,,,,,,,,,,,
Auditing,The Relative Importance of the Subcomponents of Trait Professional Skepticism in Audit Judgment and Decisions,Natalia Mintchik,W. Robert Knechel,Melonie Hall,,,,,,,,,,,,,,University of Cincinnati,University of Florida,,,,,,,,,,,,,,
Financial Reporting,Do Female Auditors Benefit from the Audit Firm Expansion? The Evidence from Chinese Audit Market Consolidation,Yaqiong Zhou,,,,,,,,,,,,,,,,,,,,,,,,,,,,,,,
Auditing,The impact of climate change-related reputation risk on audit fees,Karel Hrazdil,Jiyuan Li,Ray Zhang,,,,,,,,,,,,,,Simon Fraser University,Xi’an Jiaotong University,,,,,,,,,,,,,,
Auditing,Does Audit Partner-Client Proximity Enhance Audit Efficiency? Evidence from COVID-19 Lockdowns,Naman Desai,Gopal Krishnan,Purohit Siddharth,,,,,,,,,,,,,,University of Maryland,Bentley University,,,,,,,,,,,,,,
Auditing,The effect of sharing IPO auditor with listed affiliates on IPO audit quality and IPO underpricing: Evidence from audit firm and partner levels,Phyllis Lai Lan Mo,Yingwen Guo,Weiyin Zhang,,,,,,,,,,,,,,City University of Hong Kong,Hong Kong Polytechnic University,,,,,,,,,,,,,,
Financial Reporting,"IPOs, Internal and Disclosure Control Quality, and Financial Reporting Quality",Al Ghosh,,,,,,,,,,,,,,,,,,,,,,,,,,,,,,,
Auditing,The Effect of Deadline Imposed Time Pressure on Audit Quality: Further Support for the Need for Standard Setters to Restore Audit Fieldwork Completion Informat,James Hansen,Timothy Seidel,,,,,,,,,,,,,,,Weber State University,,,,,,,,,,,,,,,
Auditing,Economic Consequences of Shortening Audit and Professional Engagement Period: Evidence from IPO Underpricing,C. S. Agnes Cheng,Ben Wang,Qiang Wu,,,,,,,,,,,,,,University of Oklahoma,Hong Kong Polytechnic University,,,,,,,,,,,,,,
Auditing,Audit Staff Hiring Delays,Joanna Golden,Xiaotao Liu,,,,,,,,,,,,,,,University of Memphis,,,,,,,,,,,,,,,
Auditing,Organizational Form and Audit Pricing,Hajar El Mouttaqui,Feras Salama,,,,,,,,,,,,,,,American University of Sharjah,,,,,,,,,,,,,,,
Auditing,Environmental risks in the spotlight: How auditor and company characteristics shape Key Audit Matters in sensitive industries,Viviana Narvaez Castillo,Maria A. Garcia-Benau,Nicolas Gambetta,Laura Sierra Garcia,,,,,,,,,,,,,University of Cauca,University of Valencia,Universidad ORT Uruguay,,,,,,,,,,,,,
Auditing,3. Auditors’ Strategic Career Choices: Evidence from the Wuyang Bond Case in China,Huimin Chen,Tingting He,Qiliang Liu,Qiang Wu,,,,,,,,,,,,,University of Massachusetts Lowell,McGill University,Jiaxi University of Finance and Economics,,,,,,,,,,,,,
Auditing,4. Internal Audit and Sustainability: Unveiling Research Trends Through Bibliometric Analysis,Rosalinda Santonastaso,Riccardo Macchioni,Clelia Fiondella,Claudia Zagaria,,,,,,,,,,,,,University of Campania - Luigi Vanvitelli,University of Campania - Luigi Vanvitelli,University of Campania - Luigi Vanvitelli,,,,,,,,,,,,,
Auditing,5. The disclosure and consequences of the key audit matters in Japan,Hikaru Mitsuhashi,Yiuwai Wong,,,,,,,,,,,,,,,Keio University,,,,,,,,,,,,,,,
Auditing,1. Do Signing Audit Partners matter? Evidence from Sudden Hospitalization Events,Bjørn Jørgensen,Morten Nicklas Bigler Seitz,,,,,,,,,,,,,,,Copenhagen Business School,,,,,,,,,,,,,,,
Auditing,2. Managing an Audit Partner’s Workload and Client Allocation: A Qualitative Study,Ruiqiong Zhang,Simon Dekeyser,Eddy Cardinael,,,,,,,,,,,,,,Tilburg University,KU Leuven,,,,,,,,,,,,,,
Auditing,1. Inter-office competition and audit pricing decision: An analysis of the UK private client segment,Mara Cameran,Domenico Campa,Mario Daniele,,,,,,,,,,,,,,Bocconi University,International University of Monaco,,,,,,,,,,,,,,
Auditing,2. Do Auditors Price CEO Personal Tax Incentives?,Seraina Anagnostopoulou,Georgios Loukopoulos,Panagiotis Loukopoulos,,,,,,,,,,,,,,University of Piraeus,University of Sussex,,,,,,,,,,,,,,
Auditing,3. COVID-19 Store Closures and Audit Fees,JungYeun (June) Kim,Yuxiang Zheng,Nan Zhou,,,,,,,,,,,,,,Rutgers University,Rutgers University,,,,,,,,,,,,,,
Auditing,"1. Grammatical Errors, Financial Reporting Quality and Audit Engagement Risk",Blake Canziani,Gabriel Pundrich,Jacquelyn Gillette,,,,,,,,,,,,,,University of Florida,University of Florida,,,,,,,,,,,,,,
Auditing,2. Daring to Audit: A New Measurement and Implication of Audit Partner Risk-Taking,Ye Wang,Raj Mashruwala,Wenye Tang,,,,,,,,,,,,,,Toronto Metropolitan University,University of Calgary,,,,,,,,,,,,,,
Auditing,Audit Partner Professional Skepticism and Accounting Estimates: An Examination of Variation Within a Partner/Client Relationship,Pauline Wu,Yadav Gopalan,Andrew Imdieke,Joe Schroeder,Sarah Stuber,,,,,,,,,,,,University of Warwick,University of Notre Dame,University of Notre Dame,Indiana University,,,,,,,,,,,,
Auditing,Guiding the spotlight: The attention-directing role of Key Audit Matters,Florian Eugster,Andreas Seebeck,Yi Zhang,,,,,,,,,,,,,,,Constructor University,,,,,,,,,,,,,,
Auditing,A longitudinal examination of professional skepticism in individual auditors,Scott Vandervelde,Laura Feustel,Julie Persellin,Erin Hamilton,,,,,,,,,,,,,University of North Carolina at Charlotte,Ohio State University,Trinity University,,,,,,,,,,,,,
Auditing,Does audit quality reduce the impact of investor sentiment on stock returns? Evidence from the Chinese institutional context,Fabrizio Di Meo,Su-Ping Liu,,,,,,,,,,,,,,,Universidad de Alcalá,,,,,,,,,,,,,,,
Auditing,Auditors Climate-Related Risk Disclosures: Evidence from Key Audit Matters,Alexander Grommes,Max Goettsche,Florian Habermann,Stephan Küster,Tobias Steindl,,,,,,,,,,,,Catholic University of Eichstätt-Ingolstadt,Catholic University of Eichstätt-Ingolstadt,University of Lausanne,Free University of Berlin,,,,,,,,,,,,
Auditing,Bridging differences in cyber risk assessment by cyber security managers and internal auditors through boundary work,Sergeja Slapničar,Tina Vuko,Marko Čular,Matej Drašček,,,,,,,,,,,,,University of Queensland,University of Split,University of Split,,,,,,,,,,,,,
Auditing,Treading lightly: A model for audit firm expansion into new audit spaces,Erica Pimentel,Melissa Fortin,Luminita Enache,Zhongwei Huang,Rucsandra Moldovan,,,,,,,,,,,,Queen’s University,Université du Québec à Montréal,University of Calgary,Fudan University,,,,,,,,,,,,
Auditing,A field experiment with audit intermediaries,Jeroen Van Raak,Jan Bouwens,Sanne Gaspersz,Sanne Van Duin,,,,,,,,,,,,,University of Amsterdam,University of Amsterdam,University of Amsterdam,,,,,,,,,,,,,
Scientific Program,The Spillover of Big Four Auditors to Non-Big Four Audited Clients: The Role of Interlocked Audit Committee Members,Guoling Bu,Jun Chen,Wang Dong,Bin Ke,,,,,,,,,,,,,Zhejiang University,Zhejiang University,Zhejiang University,,,,,,,,,,,,,
Scientific Program,What do Investors Say on Auditors? Evidence from Voting Rationale Disclosure on Auditor Ratification,Xiaochi Ge,Zilu Shan,,,,,,,,,,,,,,,University of Bristol,,,,,,,,,,,,,,,
Scientific Program,Painted With the Same Brush? Audit Consequences of Allied Firms’ Financial Misconduct,Claudio Ferrantino,,,,,,,,,,,,,,,,,,,,,,,,,,,,,,,
Audit,Audit Fees in Private Firms: The Role of External Accountants,Henrik Hoglund,Dennis Sundvik,Even Fallan,,,,,,,,,,,,,,Hanken School of Economics,Hanken School of Economics,,,,,,,,,,,,,,
Audit,Voluntary audit and future survival: Evidence from private micro firms in Sweden,Marita Blomkvist,Jan Marton,Emmeli Runesson,Niuosha Samani,,,,,,,,,,,,,University of Gothenburg,University of Gothenburg,University of Gothenburg,,,,,,,,,,,,,
Audit,"Audit Firm Geographic Dispersion, Audit Office Changes, and Financial Reporting Quality",Maysam Ayoub,,,,,,,,,,,,,,,,,,,,,,,,,,,,,,,
Audit,"Audit partner industry Specialization, Diversity, or Both? Evidence from Finnish Private companies",Jenni Jääskö,,,,,,,,,,,,,,,,,,,,,,,,,,,,,,,
Audit,Sustainability Beyond Earth: Auditors’ Opportunities and Challenges in the Emerging Space Economy,Vlad-Andrei Porumb,Ion Anghel,Liliana Ionescu-Feleagă,Sînziana-Maria Rindasu,Oana Stoica,,,,,,,,,,,,University of Manchester,Bucharest University of Economic Studies,Bucharest University of Economic Studies,Bucharest University of Economic Studies,,,,,,,,,,,,
Audit,Debt Concentration and Going Concern Opinions,Hakjoon Song,Nathan Berglund,Yeqin Zeng,,,,,,,,,,,,,,University of Maryland Global Campus,Mississippi State University,,,,,,,,,,,,,,
Audit,Auditing the Going Concern Assumption: Between Uncertainty and Imagination,Sameh Amer,Anna Samsonova-Taddei,Omiros Georgiou,,,,,,,,,,,,,,ESSEC Business School,HEC Montréal,,,,,,,,,,,,,,
Audit,Do Analysts’ Earnings and Cash Flow Forecasts Enhance the Accuracy of Auditors’ Going-Concern Opinions?,Yi-Hung Lin,Ting-Chiao Huang,,,,,,,,,,,,,,,Monash University,,,,,,,,,,,,,,,
Financial Reporting,Key Audit Matters in Climate Risk Reporting: Enhancing Assurance and Regulatory Compliance,Tra Tham,Othmar Lehner,Kim Ittonen,,,,,,,,,,,,,,Hanken School of Economics,Hanken School of Economics,,,,,,,,,,,,,,
Auditing,Flying semi-blind: an empirical study on auditors’ effort in auditing climate risks,Ruby Brownen-Trinh,Zilu Shan,Giovanna Michelon,,,,,,,,,,,,,,University of Bristol,University of Bristol,,,,,,,,,,,,,,
Auditing,The Impact of Mandatory Assurance on Sustainability Assurance Practices,Ulrike Thürheimer,Shan Zhou,Roger Simnett,Yitang (Jenny) Yang,,,,,,,,,,,,,University of Amsterdam,University of Sydney,Deakin University,,,,,,,,,,,,,
Auditing,Auditors as Tax Enforcers? Mandatory Internal Control Audits and Corporate Tax Avoidance,Charlene Chen,Xiao Liang,Joerg-Markus Hitz,,,,,,,,,,,,,,Macquarie University,Nanjing Audit University,,,,,,,,,,,,,,
Taxation,Auditor-Affiliated Tax Employees: Hiring Tax Professionals from the External Audit Firm,Iliyas Yusoff,,,,,,,,,,,,,,,,,,,,,,,,,,,,,,,
Auditing,Market reception and strategic implication of mandatory ESG assurance: impact on competitive advantage,Zelalem Abay,,,,,,,,,,,,,,,,,,,,,,,,,,,,,,,
Auditing,The impact of technology adoption on audit strength: the moderation role of firms’ ethical behaviour,Amir Allam,Mahmoud Elmarzouky,Ahmed Yamen,Mostafa Hussien,,,,,,,,,,,,,Aston University,University of St. Andrews,American University of the Middle East,,,,,,,,,,,,,
Auditing,Reputation Matters: Public Perception of Audit and Job Entries,Janik Ole Wecks,Johannes Voshaar,Jochen Zimmermann,,,,,,,,,,,,,,Bremen University,Bremen University,,,,,,,,,,,,,,
Taxation,The Effects of SEC Tax-Related Comment Letters on the Informativeness of Unrecognised Tax Benefits for Future Tax Cash Flows,Yuan (Helen) Ping,Hai Wu,Xiu-Ye Zhang,Sonali Walpola,,,,,,,,,,,,,Australian National University,Australian National University,Australian National University,,,,,,,,,,,,,
Taxation,The Association between Income Tax Expense Smoothing and Earnings Quality,Chia-Wei Chin,Min-Jeng Shiue,Ian Wang,Shu-Ling Yeh,,,,,,,,,,,,,Yuan Ze University,National Taipei University,EY Taiwan,,,,,,,,,,,,,
Taxation,Managers’ decision-making in financial reporting and tax aggressiveness: From the perspective of goodwill impairment,Hussein Warsame,Wenyu Zhou,,,,,,,,,,,,,,,University of Calgary,,,,,,,,,,,,,,,
Taxation,Corporate Tax Strategies in the Transition to Net Zero: Global Evidence,Mukesh Garg,Christofer Adrian,Cameron Truong,Janto Haman,Zhilin Xue,,,,,,,,,,,,Monash University,Monash University,Monash University,Monash University,,,,,,,,,,,,
Taxation,Tax avoidance implications of employment protection: Evidence from the Italian ‘Jobs Act’,Anna Alexander,Luca Menicacci,Francesco Ambrosini,,,,,,,,,,,,,,University of Padova,Free University of Bozen-Bolzano,,,,,,,,,,,,,,
Taxation,Digitalization and Tax Control Frameworks,Christian Renelt,Daniel Dallhammer,,,,,,,,,,,,,,,WUVienna,,,,,,,,,,,,,,,
Taxation,Bridging the Gap: The Critical Role of Corporate Governance and Audit Determinants in Tax Compliance,Annukka Jokipii,Elina Haapamäki,Johanna Miettinen,Alem Luoma,Tomi Martikainen,,,,,,,,,,,,University of Vaasa,University of Vaasa,"Finnish Tax Administration, Grey Economy Information Unit","Finnish Tax Administration, Grey Economy Information Unit",,,,,,,,,,,,
Taxation,"R&D investment deductions, tax credits and the binary choice approach",Erik Gjymshana,Annelies Roggeman,Isabelle Verleyen,,,,,,,,,,,,,,Ghent University,Ghent University,,,,,,,,,,,,,,
Taxation,The Productivity Paradox of Corporate Taxation: A Nonlinear Tale of Growth and Constraints,Hang Nguyen,,,,,,,,,,,,,,,,,,,,,,,,,,,,,,,
Taxation,Having Your Cake and Eating it Too: Do Innovation Tax Incentives Increase Both the Quantity and Efficiency of Innovation?,Arthur Stenzel,Nathan Goldman,Stephen Lusch,,,,,,,,,,,,,,NHH - Norwegian School of Economics,North Carolina State University,,,,,,,,,,,,,,
Taxation,How to Design and Employ Specialized Large Language Models for Accounting Research: The example of TaxBERT,Marius Weiß,Andreas Seebeck,Lukas Schmidt,Frank Hechtner,,,,,,,,,,,,,University of Erlangen-Nürnberg,Constructor University,Constructor University Bremen,,,,,,,,,,,,,
Taxation,Tax Loss Offsetting and Changing Ownership—Do Tax Effects or Sunk Costs Matter?,,,,,,,,,,,,,,,,,,,,,,,,,,,,,,,,
Financial Reporting,Assessing the Impacts of Robot Taxation: Investment of South Korean Firms,Svea Holtmann,Anna-Sophie Braun,Reinald Koch,Dominika Langenmayr,Jae Cho,,,,,,,,,,,,University of Mannheim,Catholic University of Eichstätt-Ingolstadt,Catholic University of Eichstätt-Ingolstadt,Catholic University of Eichstätt-Ingolstadt,,,,,,,,,,,,
Taxation,Does tax haven activity affect audit fees?,Benedikt Sieghartsleitner,Silke Rünger,,,,,,,,,,,,,,,University of Graz,,,,,,,,,,,,,,,
Taxation,The impact of centralization of tax collection authority on accounting choices: Evidence from tax collection authority reform in China,Weina Zhao,Xiaolin Xue,Xiaoyue Song,Junrui Zhang,,,,,,,,,,,,,Xi’an Jiaotong University,Xi’an Jiaotong University,Xi’an Jiaotong University,,,,,,,,,,,,,
Taxation,Navigating Fiscal Policy: The Dynamics of Income Shifting in the Oil and Gas Industry,Cinthia Valle Ruiz,Christof Beuselinck,Raúl Barroso,,,,,,,,,,,,,,IÉSEG School of Management,IÉSEG School of Management,,,,,,,,,,,,,,
Taxation,"An Analysis of the Effectiveness, Corporate Behavior and Consequences of Interest Limitation Rules",Robert Faff,Anna Leszczylowska,Aleksander Łożykowski,,,,,,,,,,,,,,Corvinus University of Budapest,Poznań University of Economics and Business,,,,,,,,,,,,,,
Taxation,(Un)Intended Consequences of Earnings Stripping Rules,Lisa De Simone,Henning Giese,Reinald Koch,Christoph Rehrl,,,,,,,,,,,,,University of Texas at Austin,Paderborn University,Catholic University of Eichstätt-Ingolstadt,,,,,,,,,,,,,
Taxation,The real effects of interest limitation rules: Evidence from M&A investments,Eliezer Fich,Lisa Hillmann,Johanna Kling,Barbara Stage,,,,,,,,,,,,,"Drexel University, Lebow College of Business",WHU - Otto Beisheim School of Management,WHU - Otto Beisheim School of Management,,,,,,,,,,,,,
Taxation,The Relationship Between State Aid and Corporate Tax Avoidance,Paul Fastenrath,Michael Overesch,,,,,,,,,,,,,,,University of Cologne,,,,,,,,,,,,,,,
Taxation,Tech Industry Growth and Accounting Labor Supply: Evidence from Local Tech Industry Subsidies,Shaphan Ng,Ben Lourie,Il Sun Yoo,,,,,,,,,,,,,,Singapore Management University,University of California-Irvine,,,,,,,,,,,,,,
Taxation,Does Anti-Tax Avoidance Regulation Curb Industry Concentration?,John Gallemore,Jesse Van Der Geest,Martin Jacob,Christian Peters,,,,,,,,,,,,,University of North Carolina,Tilburg University,,,,,,,,,,,,,,
Taxation,Tax Avoidance and Corporate Tax Incidence: Evidence from the German Business Tax Reform 2008,Sebastian Eichfelder,Hang Nguyen,,,,,,,,,,,,,,,University of Magdeburg,,,,,,,,,,,,,,,
Taxation,Regulatory Fragmentation and Corporate Tax Avoidance,Norah Alduhan,Ishmael Tingbani,Mohamed Elmahgoub,,,,,,,,,,,,,,University of Southampton,University of Southampton,,,,,,,,,,,,,,
Taxation,The Effects of Tax Reform on Labor Demand within Tax Departments,Kim Alina Schulz,Caren Sureth-Sloane,Henning Giese,Dan Lynch,,,,,,,,,,,,,Paderborn University,Paderborn University,Paderborn University,,,,,,,,,,,,,
Taxation,Individual Tax Preparation Fees and the Effects of Artificial Intelligence Offerings,Kerry Inger,Paul Black,Isaiah Messer,,,,,,,,,,,,,,Auburn University,University of South Carolina,,,,,,,,,,,,,,
Taxation,The Role of Tax Advisors in International Tax Policy,Christina Elschner,Inga Hardeck,Beatrice Renges,Manuel Normann,,,,,,,,,,,,,European University Viadrina,University of Duisburg-Essen,University of Duisburg-Essen,,,,,,,,,,,,,
Taxation,The Impact of Non-Tax Subsidies on Corporate Social Responsibility and Earnings Persistence in China,Wen-Jye Hung,Hwei Wang,Yamin Wang,Yan Wang,,,,,,,,,,,,,Minjiang University,University of Maryland Eastern Shore,Bentley University,,,,,,,,,,,,,
Taxation,"Tax Law Ambiguity, Court Decisions, and the Choice of Organizational Form: Evidence from Poland",Christina Elschner,Drahomir Klimsa,Agata Nagel,,,,,,,,,,,,,,European University Viadrina,European University Viadrina,,,,,,,,,,,,,,
Taxation,Interest Barrier and Corporate Debt: Evidence from the ATAD-Implementation in the EU,Bernhard Haberl,,,,,,,,,,,,,,,,,,,,,,,,,,,,,,,
Taxation,Dynamic analysis of non-deductible expenses generating temporary differences on compensation contracts,Yutaro Murakami,Toshiaki Wakabayashi,,,,,,,,,,,,,,,Keio University,,,,,,,,,,,,,,,
Taxation,Do Employees Respond to Corporate Tax Changes? Evidence from Labor Unionization,Casimir Carl,Peter Limbach,Florencio Lopez-De-Silanes,,,,,,,,,,,,,,University of Bielefeld,University of Bielefeld,,,,,,,,,,,,,,
Taxation,Tax Transparency and the Firm’s CEO,Ellie Chapple,Kerrie Sadiq,Ashesha Weerasinghe,,,,,,,,,,,,,,Queensland University of Technology,Queensland University of Technology,,,,,,,,,,,,,,
Taxation,Wet behind the ears: The impact of rookie independent directors on corporate tax avoidance,Feng Cao,Xueyan Zhang,Mingsheng Hu,,,,,,,,,,,,,,Hunan University,Hunan University,,,,,,,,,,,,,,
Taxation,The Relationship between Related Party Transactions of Offshore Holding Company and Tax Planning—Perspectives from Chinese Listed Companies,Wen-Jye Hung,Hwei Wang,Yamin Wang,Yan Wang,,,,,,,,,,,,,Minjiang University,University of Maryland Eastern Shore,Bentley University,,,,,,,,,,,,,
Taxation,Auditor Consequences of Restrictions on Auditor-Provided Tax Services: Evidence from the European Union,Stefanie Pendl,Benedikt Sieghartsleitner,,,,,,,,,,,,,,,WUVienna,,,,,,,,,,,,,,,
Taxation,The influence of the environment’s tax morale on corporate tax avoidance,Manuel Cano-Rodriguez,Maria De La Paz Horno Bueno,,,,,,,,,,,,,,,University of Jaén,,,,,,,,,,,,,,,
Taxation,Taxing Prosperity: When Redistribution Stifles Investment,Chenguang Fan,Seongho Bae,Yu Liu,,,,,,,,,,,,,,Kyungpook National University,Kyungpook National University,,,,,,,,,,,,,,
Taxation,How Do Accelerated Depreciation Rules Affect Financially Constrained Firms?,Khairunnisa Ridwan,Matthias Petutschnig,,,,,,,,,,,,,,,WUVienna,,,,,,,,,,,,,,,
Taxation,Management Tax Guidance & Analyst Forecasting Behavior: The Peculiar Role of Tax Forecasting,Sebastian Hinder,Jens Müller,Johannes Voget,,,,,,,,,,,,,,Paderborn University,Paderborn University,,,,,,,,,,,,,,
Taxation,Tax Disputes—The Role of Technology and Controversy Expertise,Daniel Dyck,Johannes Lorenz,Caren Sureth-Sloane,,,,,,,,,,,,,,Paderborn University,Carl von Ossietzky University of Oldenburg,,,,,,,,,,,,,,
Financial Reporting,Competitive externalities of U.S. government economic development subsidies,Costanza Cincotta,Elisa Casi,Allison Koester,,,,,,,,,,,,,,NHH - Norwegian School of Economics,NHH - Norwegian School of Economics,,,,,,,,,,,,,,
Financial Reporting,Protectionism and MNE Investments,Ayse Ozdogan Laurenz,Jacco Wielhouwer,Xixi Zhang,,,,,,,,,,,,,,WUVienna,Vrije Universiteit Amsterdam,,,,,,,,,,,,,,
Taxation,Do transfer pricing arbitration clauses foster profit shifting and foreign direct investment,Matti Boie-Wegener,Andreas Oestreicher,,,,,,,,,,,,,,,University of Göttingen,,,,,,,,,,,,,,,
Taxation,Corporate Income Taxes and Payout Policy: Evidence from U.S. State-Level Tax Changes,Florencio Lopez-De-Silanes,Casimir Carl,Peter Limbach,,,,,,,,,,,,,,SKEMA Business School,University of Bielefeld,,,,,,,,,,,,,,
Taxation,The effect of the Tax Cuts and Jobs Act on payout policies,Ana M. Albuquerque,Petro Lisowsky,Ben Bennett,Zexi Wang,,,,,,,,,,,,,Boston University,Boston University,Tulane University,,,,,,,,,,,,,
Taxation,CSR to manage reputational risks from tax aggressiveness allegations: an evaluation of congruence and communication timing,Kenny Dekoster,Isabelle Verleyen,Annelies Roggeman,,,,,,,,,,,,,,Ghent University,Ghent University,,,,,,,,,,,,,,
Taxation,Are Firms’ Tax Preferences Driven by Redistribution or Fiscal Consolidation Motives,Laura Arnemann,Philipp Dörrenberg,Fabian Eble,Davud Rostam-Afschar,Johannes Voget,Florian Buhlmann,Christopher Karlsson,,,,,,,,,,University of Mannheim,University of Mannheim,University of Mannheim,University of Mannheim,University of Mannheim,University of Mannheim,,,,,,,,,,
Taxation,The Effect of Information Provision on Income Tax Preferences,Karina Körösi,Leonie Babilas,,,,,,,,,,,,,,,Humboldt University of Berlin,,,,,,,,,,,,,,,
Taxation,"Tax Department Design, Tax Planning, and Tax Risk",Lukas Ortner,,,,,,,,,,,,,,,,,,,,,,,,,,,,,,,
Taxation,Tax-Related Disclosure Costs: Evidence from Redactions in Material Contracts,Dichu Bao,Linda Myers,Lixin Su,Nathan Goldman,,,,,,,,,,,,,Lingnan University,University of Tennessee,Hong Kong Polytechnic University,,,,,,,,,,,,,
Taxation,Tax planning responses to the trade war: profit compensation and social contract effects,Merel Buis,Jacco Wielhouwer,Menghan Zhu,,,,,,,,,,,,,,Vrije Universiteit Amsterdam,Vrije Universiteit Amsterdam,,,,,,,,,,,,,,
Taxation,Fighting VAT Fraud: The Importance of On-Time Monitoring versus Information Exchange,Ayse Ozdogan Laurenz,Marwin Heinemann,,,,,,,,,,,,,,,WUVienna,,,,,,,,,,,,,,,
Taxation,The Incentives for Tax Evasion and Tax Avoidance—a Game Theoretic Approach,Markus Diller,Miriam Kamper,,,,,,,,,,,,,,,Uni Passau,,,,,,,,,,,,,,,
Taxation,Tax Inspectors’ Perceptions of the Fight Against Fraud and Tax Evasion in the Portuguese Context,Margarida Osório,Filomena Antunes Bras,,,,,,,,,,,,,,,University of Minho,,,,,,,,,,,,,,,
Taxation,Reputational Concerns in the Tax Consulting Industry—Evidence from a Generative AI Analysis of Tax Practitioner Journals,Beatrice Renges,Inga Hardeck,Patrick Katzlmayr,,,,,,,,,,,,,,University of Duisburg-Essen,University of Duisburg-Essen,,,,,,,,,,,,,,
Taxation,How much are you willing to give? Firms’ Donation Spending and Tax Motives: Local Evidence from Germany,Inga Meringdal,Lena Maria Wollschläger,,,,,,,,,,,,,,,Goethe University,,,,,,,,,,,,,,,
Taxation,The Effect of Anti-Profit Shifting Rules on M&A Activities,Osaid Alshamleh,Harald Amberger,Khairunnisa Ridwan,,,,,,,,,,,,,,WUVienna,WUVienna,,,,,,,,,,,,,,
Taxation,Corporate Social Responsibility and Tax Avoidance—Evidence from the German CSR Directive,Mareike Hockmann,Cristi Gleason,Martin Thomsen,,,,,,,,,,,,,,University of Siegen,University of Iowa,,,,,,,,,,,,,,
Taxation,Does Complex Regulation Create Insider Trading Opportunities?,Nathan Goldman,John Campbell,Owen Davidson,,,,,,,,,,,,,,North Carolina State University,University of Georgia,,,,,,,,,,,,,,
Taxation,CEO Incentives and Tax Avoidance,Robert Dur,Dirk Schindler,,,,,,,,,,,,,,,Erasmus School of Economics,,,,,,,,,,,,,,,
Taxation,Cross-border carbon taxes and shareholder wealth,Marta Alonso,Martin Jacob,Gaizka Ormazabal,Robert Raney,,,,,,,,,,,,,IESE Business School,affiliation not provided,IESE Business School,,,,,,,,,,,,,
Taxation,"Planet, People, Profit—and Paying Taxes? Sustainable Institutional Investors and Corporate Tax Avoidance",Michael Overesch,Sina Willkomm,,,,,,,,,,,,,,,University of Cologne,,,,,,,,,,,,,,,
Taxation,The Effect of ESG Ratings on Tax Avoidance and Tax Transparency,Tobias Bornemann,,,,,,,,,,,,,,,,,,,,,,,,,,,,,,,
Taxation,Growing “Political Power” of Large Firms and the Downward Cash ETR Trend,Yuzhu Lu,Liang Shao,Yue Zhang,,,,,,,,,,,,,,Lingnan University,Radford University,,,,,,,,,,,,,,
Taxation,"The relationship between directors interlocked with low comparability peers, tax-specific industry experts, and firms’ information environment",Yi-Hsing Liao,Yu-Shan Chang,Yuan-Tang Tsai,,,,,,,,,,,,,,ChungYuan Christian University,Tamkang University,,,,,,,,,,,,,,
Taxation,Real Estate Transfer Taxes and Residential Constructions,Elias Baier,Michael Overesch,,,,,,,,,,,,,,,University of Cologne,,,,,,,,,,,,,,,
Taxation,The impact of tax audit fees on corporate tax aggressiveness: Insights from the delegation of tax audits to private audit firms in Greece,Kalliopi Chatzi,Emmanouil Dedoulis,Stergios Leventis,,,,,,,,,,,,,,International Hellenic University,affiliation not provided,,,,,,,,,,,,,,
Taxation,"Tax Complexity, Tax Avoidance and Firm Value",Reinald Koch,Anna-Sophie Braun,Caren Sureth-Sloane,,,,,,,,,,,,,,Catholic University of Eichstätt-Ingolstadt,Catholic University of Eichstätt-Ingolstadt,,,,,,,,,,,,,,
Interdisciplinary / Critical,Caught in the Crossfire: Ukraine’s Struggle Against Russian Aggression and Western Influence,Olga Iermolenko,Valeriia Melnyk,Carolyn Cordery,,,,,,,,,,,,,,Nord University Business School,University of Bologna,,,,,,,,,,,,,,
Financial Reporting,Effects of Global Supply Chain Pressures and the United States-China Tensions on Eco-innovation: Firm-Level Evidence,Ayotola Owolabi,Mohammad Mousavi,Giray Gozgor,Jing Li,Galina Goncharenko,,,,,,,,,,,,University of Bradford,Bradford University,University of Bradford,University of Bradford,,,,,,,,,,,,
Social and Environmental Accounting & Ethical Issues in Accounting,Ethics at the Edge of Legality: How CPAs reconcile professional ethics with the acceptance of client engagements with (semi-) illicit actors,Seamus Dufurrena,,,,,,,,,,,,,,,,,,,,,,,,,,,,,,,
Public Sector Accounting & Not-For-Profit Accounting,Participatory Budgeting Failure and Successes: The Tale of Two Cities,Magdalena Kowalczyk,Pawan Adhikari,Khandakar Shahadat,Junaid Ashraf,,,,,,,,,,,,,Poznań University of Economics and Business,University of Essex,University of York,,,,,,,,,,,,,
Financial Analysis,Essential Skills for Effective Financial Fraud Investigation,Marina Serafimoska Trpeska,Atanasko Atanasovski,Todor Tocev,Zorica B. Lazarevska,Bojan Malcev,Ivan Dionisijev,,,,,,,,,,,Ss. Cyril and Methodius University in Skopje,Ss. Cyril and Methodius University in Skopje,Ss. Cyril and Methodius University in Skopje,Ss. Cyril and Methodius University in Skopje,Ss. Cyril and Methodius University in Skopje,,,,,,,,,,,
Interdisciplinary / Critical,Upholding ‘normality’ in accounting: Positioning queerness as deviant,Alessandro Ghio,Nick McGuigan,Lisa Powell,,,,,,,,,,,,,,ESCP Business School,Monash University,,,,,,,,,,,,,,
Accounting and Governance,Accounting for the power of financial holdings: Financière Agache and the socio-economic implications of the birth of LVMH (1984-1992),Thomas Grandjean,Céline Baud,,,,,,,,,,,,,,,Université Paris Dauphine-PSL,,,,,,,,,,,,,,,
Accounting Education,Accounting for Value and Worth: Insights from an Integrative Literature Review,Amalie Ringgaard,Michelle Carr,Per Nikolaj Bukh,,,,,,,,,,,,,,University College Cork,University College Cork,,,,,,,,,,,,,,
Management Accounting,Human Capital Fitness and Startup Performance: Evidence from Occupational Composition,Yuhao Niu,Wenfeng Wang,Yue Zheng,,,,,,,,,,,,,,Beijing Foreign Studies University,Southern University of Science and Technology,,,,,,,,,,,,,,
Financial Reporting,Women’s professional experiences across accounting segments: A resource perspective,Alessandro Ghio,Carly Moulang,,,,,,,,,,,,,,,ESCP Business School,,,,,,,,,,,,,,,
Financial Reporting,Accountants’ sensemaking in the institutionalization process of an IFRS-based model (SNC) in Portugal: a longitudinal study,Alexandra Fontes,Ana Paula Silva,Delfina Gomes,,,,,,,,,,,,,,University of Minho,Instituto Politécnico de Viana do Castelo,,,,,,,,,,,,,,
Financial Reporting,The emancipatory potential of ChatGPT: Constructing multi-stakeholder-led counter-accounting reports,Tassiani Dos Santos,Terry Harris,Jim Haslam,,,,,,,,,,,,,,Durham University,Durham University,,,,,,,,,,,,,,
Financial Reporting,How NGOs frame accounting for biodiversity: A ground level analysis,Sofia Yasmin,Chaudhry Ghafran,,,,,,,,,,,,,,,University of Manchester,,,,,,,,,,,,,,,
Financial Reporting,Auditors’ hermeneutic work: Swedish State auditors’ auditing of Governmental Macroeconomic forecasts,Mohamed Mahieddine,,,,,,,,,,,,,,,,,,,,,,,,,,,,,,,
Financial Reporting,"Dark Triad, Online Academic Technologies and Academic Fraud",Márcia D’Souza,Elizio Reis,Camila Brasil,,,,,,,,,,,,,,State University of Bahia,UFMG,,,,,,,,,,,,,,
Financial Reporting,Where living laws collide: The case of the FASB/IASB’s objective of financial reporting in the conceptual framework,Selina Orthaus,Christoph Pelger,,,,,,,,,,,,,,,University of Cologne,,,,,,,,,,,,,,,
Financial Reporting,Travelling austerity and its hunting grounds—the problematizing role of consultancy accounting calculations in the armed forces,Peter Skaerbaek,Frank Laugen,Kjell Tryggestad,,,,,,,,,,,,,,Copenhagen Business School,University of Inland Norway,,,,,,,,,,,,,,
Financial Reporting,Making Up Preparers and the Scripting of Accounting Standards,Matthew Hall,Damien Lambert,Richard Pucci,Paul Thambar,,,,,,,,,,,,,Monash University,RMIT University,Monash University,,,,,,,,,,,,,
Financial Reporting,"Incentives, Assessment, and the Reliability of Statistical Examinations of Evidence",William Cready,,,,,,,,,,,,,,,,,,,,,,,,,,,,,,,
Financial Reporting,Accounting and comics: towards a hegemonic discourse,Lídia Oliveira,,,,,,,,,,,,,,,,,,,,,,,,,,,,,,,
Financial Reporting,Buffering Spaces in Accounting for Institutional Change: The Case of Lyric Symphonic Foundations in Italy,Graziano Coller,Maria Laura Frigotto,Paolo Collini,,,,,,,,,,,,,,University of Trento,University of Trento,,,,,,,,,,,,,,
Financial Reporting,"Unlocking Disclosure Narratives: Readability, Length, and Sentiment Cues as Indicators of Bankrupt Japanese Companies",Noriyuki Tsunogaya,Yoshikatsu Shinozawa,Ayuto Togashi,,,,,,,,,,,,,,Hitotsubashi University,Hitotsubashi University,,,,,,,,,,,,,,
Interdisciplinary / Critical,The ‘Ideal Academic’: Identity (De-)Regulation in Performance Evaluation Processes,Annemarie Conrath,Alessandro Ghio,Darren Baker,,,,,,,,,,,,,,Monash University,ESCP Business School,,,,,,,,,,,,,,
Public Sector Accounting & Not-For-Profit Accounting,Private Consultants and Effect on the Australian Higher Education System: A Contemporary Perspective,John Dumay,James Guthrie,Cristiana Bernardi,Adam Lucas,Mona Nikidehaghani,,,,,,,,,,,,Macquarie University,Macquarie University,Open University,University of Wollongong,,,,,,,,,,,,
Accounting and Governance,Storytelling in public shareholder activist campaigns,Herve Stolowy,Yves Gendron,Luc Paugam,,,,,,,,,,,,,,HEC Paris,affiliation not provided,,,,,,,,,,,,,,
Accounting and Governance,Controlling Early-stage Innovation Projects—The Role of Legitimacy and Hypocrisy,Kirsi Kari,Kirsi-Mari Kallio,,,,,,,,,,,,,,,University of Turku,,,,,,,,,,,,,,,
Social and Environmental Accounting & Ethical Issues in Accounting,Accounting for the link between populism in financial scandals: the role of the media,Elodie Garlot Falguieres,Pierre Labardin,Emer Curtis,,,,,,,,,,,,,,IÉSEG School of Management,La Rochelle Université,,,,,,,,,,,,,,
Accounting and Governance,"Navigating Illegitimacy Risk: Business in Russia, Activist Short Seller Attack and Organizational Disclosures",Monika Lada,Alina Kozarkiewicz,Malgorzata Bialas,,,,,,,,,,,,,,Warsaw School of Economics,AGH University of Science and Technology,,,,,,,,,,,,,,
Financial Reporting,"""Digital gold and reimagining the internet of value""—The role of narratives in making sense of opportunities and risks in contested distributed ledger te",Thomas Taussi,Vikash Kumar Sinha,Juhani Vaivio,,,,,,,,,,,,,,Aalto University,Aalto University,,,,,,,,,,,,,,
Social and Environmental Accounting & Ethical Issues in Accounting,What’s in a Name? The Name Gender of Female CEOs and Gender Difference in Self-Confidence,Lirong Shentu,Xingqiang Du,Rui Yu,,,,,,,,,,,,,,Xiamen University,Xiamen University,,,,,,,,,,,,,,
Financial Reporting,Reluctant expertise: Valuation specialists and fair value accounting for intangibles,Zachary Huxley,Marion Brivot,,,,,,,,,,,,,,,Laval University,,,,,,,,,,,,,,,
Interdisciplinary / Critical,Herzberg’s Motivation-Hygiene Theory Revisited in the Information Age—Ending a Sixty-Year-Old Odyssey about Employee Satisfaction,Nils Gimpl,,,,,,,,,,,,,,,,,,,,,,,,,,,,,,,
Social and Environmental Accounting & Ethical Issues in Accounting,A critical accounting view of rural businesses: Are the sense of belonging and mobility intangible assets?,Alfredo Urdiales González,Susana Gago Rodriguez,,,,,,,,,,,,,,,Comillas Pontifical University,,,,,,,,,,,,,,,
Accounting and Information Systems,Social media in Accounting and Finance Research: A structured literature review,Liujue Su,Pietro Perotti,Fanis Tsoligkas,,,,,,,,,,,,,,University of Bath,University of Bath,,,,,,,,,,,,,,
Social and Environmental Accounting & Ethical Issues in Accounting,The use of “public interest” and “public good” as a rationale for corporate reporting: Evidence of its evolvement and challenges for accounting research,Araceli Mora,Begoña Giner,Paloma Merello Gimenez,,,,,,,,,,,,,,University of Valencia,University of Valencia,,,,,,,,,,,,,,
Accounting and Governance,What else is it? Regulation and market making in drift,Dane Pflueger,Tommaso Palermo,Ahloy Daniel Martinez,,,,,,,,,,,,,,HEC Paris,London School of Economics and Political Science,,,,,,,,,,,,,,
Social and Environmental Accounting & Ethical Issues in Accounting,Standard-setting for the crypto ecosystem: premature or urgent? Evidence from the IASB’s decision,David Prochazka,,,,,,,,,,,,,,,,,,,,,,,,,,,,,,,
Social and Environmental Accounting & Ethical Issues in Accounting,Self-Protection of Society: Global Supply Chain Accountability as Seen through the Foxconn Suicides,Claire Deng,Eija Vinnari,John Kurpierz,,,,,,,,,,,,,,Toronto Metropolitan University,Tampere University,,,,,,,,,,,,,,
Accounting and Governance,Value-based leadership and accounting narratives,Maria-Silvia Fota,Sebastian Hoffmann,,,,,,,,,,,,,,,Bucharest University of Economic Studies,,,,,,,,,,,,,,,
Accounting and Information Systems,An illusion of control? Managing the gap between scripting performance and the reality of accounting training,Victoria Honsel,,,,,,,,,,,,,,,,,,,,,,,,,,,,,,,
Financial Reporting,Mandatory Sustainability Disclosure and Corporate Hiring: The Impact of CSRD Introduction in Germany,Finn Arnd Wendland,Kerstin Lopatta,,,,,,,,,,,,,,,Hamburg University,,,,,,,,,,,,,,,
Social and Environmental Accounting & Ethical Issues in Accounting,"'An Organisation of Our Own': A Bourdieusian Analysis of the Pre-professionalisation Process in the CSR Field, 1987-2004",Yinuo Pan,,,,,,,,,,,,,,,,,,,,,,,,,,,,,,,
Social and Environmental Accounting & Ethical Issues in Accounting,"On the non-production of an accounting standard: Climate change, emissions trading, and legitimacy maintenance",Jonathan Tweedie,,,,,,,,,,,,,,,,,,,,,,,,,,,,,,,
Social and Environmental Accounting & Ethical Issues in Accounting,Mandatory Environmental Disclosure and Public Avoidance Behavior,Yile (Anson) Jiang,Baohua Xin,,,,,,,,,,,,,,,University of Hong Kong,,,,,,,,,,,,,,,
Social and Environmental Accounting & Ethical Issues in Accounting,Accountability prevents “windows from breaking”: insights from prison management and the role of non-profit organizations,Lorenzo Pratici,Alessandro Casali,Isabella Mozzoni,Marco Ferretti,,,,,,,,,,,,,University of Parma,University of Parma,University of Parma,,,,,,,,,,,,,
Public Sector Accounting & Not-For-Profit Accounting,Table 29 and Actuarial Balance Sheets: Analysing Spain’s Pension System with Proposals for Structural and Reporting Reforms,Anna Castañer,Anne Marie Garvey,Juan Manuel Pérez-Salamero González,Carlos Vidal-Melia,,,,,,,,,,,,,University of Barcelona,University of Alcalá,University of Valencia,,,,,,,,,,,,,
Public Sector Accounting & Not-For-Profit Accounting,The intersection of accounting and medical practices in an IVF clinic,Maura Leusder,Hilco Van Elten,Ivo De Loo,,,,,,,,,,,,,,Erasmus University Rotterdam,Vrije Universiteit Amsterdam,,,,,,,,,,,,,,
Public Sector Accounting & Not-For-Profit Accounting,Effective altruism and charitable foundations: problematising the accountability of donors and current notions of NGO accountability,Florian Gebreiter,Jing Liu,David Yates,,,,,,,,,,,,,,Durham University,University of Birmingham,,,,,,,,,,,,,,
Public Sector Accounting & Not-For-Profit Accounting,Saving the public good: The Role of Accounting and Procurement Data in Unveiling Mafia Infiltrations in Italian Municipalities,Francesco Ambrosini,Antonio Parbonetti,,,,,,,,,,,,,,,University of Padua,,,,,,,,,,,,,,,
Financial Reporting,Governance Quality and Sustainable Development Goals: An Assessment in Europe,Federico Longhin,Ilaria Campagna,Marco Bisogno,Beatriz Cuadrado-Ballesteros,Francesca Manes-Rossi,Noemi Peña-Miguel,,,,,,,,,,,University of Padova,University of Trento,University of Salerno,University of Salamanca,University of Naples,,,,,,,,,,,
Public Sector Accounting & Not-For-Profit Accounting,Real earnings management in Public Healthcare: Expenditure trade-offs and consequences,Ruijia Zhan,,,,,,,,,,,,,,,,,,,,,,,,,,,,,,,
Public Sector Accounting & Not-For-Profit Accounting,Hips Don’t Lie: Physician Incentive Contracting and Surgery Outcomes,Thomas Simon,,,,,,,,,,,,,,,,,,,,,,,,,,,,,,,
Public Sector Accounting & Not-For-Profit Accounting,From regulatory abstracts to lived realities: Exploring the juxtaposition between the expectations and experiences of charity trustees in England & Wales,Rani Suleman,,,,,,,,,,,,,,,,,,,,,,,,,,,,,,,
Public Sector Accounting & Not-For-Profit Accounting,Understanding the cost of care for preeclampsia from a health system and patient perspective,Kate Cullen,Gerardine Doyle,,,,,,,,,,,,,,,Maynooth University,,,,,,,,,,,,,,,
Public Sector Accounting & Not-For-Profit Accounting,"Accrual Accounting in Small Public Sector Entities, for Better or for Worse? A Comparative Study Between Italy and Portugal",Gioacchino Benfante,Susana Jorge,Isabella Mozzoni,Marco Ferretti,,,,,,,,,,,,,Università di Parma,University of Coimbra,University of Parma,,,,,,,,,,,,,
Public Sector Accounting & Not-For-Profit Accounting,Managing overall performance within metropolises or how to respond to society’s values,Aurelia Heurteux,,,,,,,,,,,,,,,,,,,,,,,,,,,,,,,
Public Sector Accounting & Not-For-Profit Accounting,Nonprofit External Monitoring and Cost Behaviors,Zhanel Devides,Erica Harris,,,,,,,,,,,,,,,Penn State Abington,,,,,,,,,,,,,,,
Public Sector Accounting & Not-For-Profit Accounting,Carbon Footprint Analysis Beyond Campus Boundaries: Quantifying Scope 3 Emissions at the University of Toronto,Yue Li,Ashita Allamraju,Shashi Kant,,,,,,,,,,,,,,University of Toronto,University of Toronto Mississauga,,,,,,,,,,,,,,
Public Sector Accounting & Not-For-Profit Accounting,"Objectivity, Equality, Fraternity: The alliance of maps and income statistics in the fight against poverty in France",François-Régis Puyou,Edwige Nortier,Pauline Boisselier,,,,,,,,,,,,,,Emlyon Business School,Université Paris Dauphine-PSL,,,,,,,,,,,,,,
Public Sector Accounting & Not-For-Profit Accounting,The role of individual adherence to institutional logics in shaping SDG reporting: a case of an NGO in Uzbekistan,Husanboy Ahunov,Evgenii Aleksandrov,Daniela Argento,Giuseppe Grossi,,,,,,,,,,,,,,Nord University,Kristianstad University,Kristianstad University,,,,,,,,,,,,
Public Sector Accounting & Not-For-Profit Accounting,The Role of Own-Source Tax Revenue in Disciplining Local Government Spending,Marco Errico,Delphine Samuels,Anthony Welsch,Stefan Huber,,,,,,,,,,,,,Tilburg University,"University of Chicago, Booth School of Business","University of Chicago, Booth School of Business",Rice University,,,,,,,,,,,,
Public Sector Accounting & Not-For-Profit Accounting,Accountability and different forms of capital in public initiatives: at the roots of a dynamic relationship,Caterina Pesci,Andrea Girardi,Liria Veronesi,Fabio Zona,,,,,,,,,,,,,University of Trento,University of Modena and Reggio Emilia,Demarchi Foundation,University of Trento,,,,,,,,,,,,
Public Sector Accounting & Not-For-Profit Accounting,What determines the adoption of management control systems in Local Government Entities?,Teresa Felicio,Antonio Samagaio,,,,,,,,,,,,,,,ISEG Advance Centro de Investigação,"University of Lisbon, ISEG",,,,,,,,,,,,,,
Public Sector Accounting & Not-For-Profit Accounting,The Translation and Counter-Translation of Performance Funding into Public Organizations’ Budgeting,Thomas Skinnerup,,,,,,,,,,,,,,,,Copenhagen Business School,,,,,,,,,,,,,,,
Public Sector Accounting & Not-For-Profit Accounting,Gender budgeting in the higher education field: an effective planning and control tool?,Sara Giovanna Mauro,Cristina Campanale,,,,,,,,,,,,,,,University of Modena and Reggio Emilia,University of Pisa,,,,,,,,,,,,,,
Public Sector Accounting & Not-For-Profit Accounting,The Babel Tower of Public Sector Accounting: Heritage Assets under Management Contracts in the Brazilian Context,Isielli Tierling,Henrique Portulhak,Susana Jorge,Patrícia Varela,,,,,,,,,,,,,Universidade Estadual do Paraná,Universidade Federal do Paraná,University of Coimbra,Universidade de São Paulo,,,,,,,,,,,,
Public Sector Accounting & Not-For-Profit Accounting,"Escalation of commitment in the public sector: Electoral effects, blame avoiding behavior and the impact of visualization aids",Philipp Herrmann,Bernhard Hirsch,David Lindermüller,,,,,,,,,,,,,,University of the Bundeswehr München,Munich University of the Federal Armed Forces,Bundeswehr University Munich,,,,,,,,,,,,,
Public Sector Accounting & Not-For-Profit Accounting,Disclosing Practices Of Public Value Co-Creation: Evidence From The Non-Financial Reports Published By Research Hospitals,Paola Canestrini,Mirella Ciaburri,,,,,,,,,,,,,,,"University of Bologna, Alma Mater Studiorum",Roma Tre University,,,,,,,,,,,,,,
Financial Reporting,The Digitalization of Accountability of Non-Governmental Organizations: Factors and Organizational Characteristics,Claudio Columbano,Sviesa Leitoniene,Halina Michalak,Ivana Perica,,,,,,,,,,,,,Università degli Studi Roma Tre,Kaunas University of Technology,Lodz University,,,,,,,,,,,,,
Financial Reporting,Impact of municipal investment expenditure on achieving the Sustainable Development Goals,Ana-Maria Rios,Bernardino Benito,Maria-Dolores Guillamon,,,,,,,,,,,,,,Murcia University,University of Murcia,,,,,,,,,,,,,,
Financial Reporting,Artificial Intelligence to Improve Public Budgeting,Dominic Santschi,Dennis Fehrenbacher,Ivo Blohm,Marc Grau,,,,,,,,,,,,,University of St. Gallen,Monash University,University of St. Gallen,,,,,,,,,,,,,
Accounting and Information Systems,Misalignment Between Changes in XBRL Tag Usage and Operational Performance,Feiqi Huang,Tawei (David) Wang,Ju-Chun Yen,,,,,,,,,,,,,,Pace University,DePaul University,,,,,,,,,,,,,,
Accounting and Information Systems,Are Strong IT Governance and Recent Breach Experience Determinants of Purchasing Cyber Insurance?,Robert Pinsker,Jacob Haislip,Sara Khaled,Teodora Minkova,,,,,,,,,,,,,Florida Atlantic University,Texas Tech University,Florida Atlantic University,,,,,,,,,,,,,
Accounting and Governance,How do professional auditors approach digital ventures in municipal value for money audits?,Joakim Engström,Peter Öhman,Torbjorn Tagesson,,,,,,,,,,,,,,Mid Sweden University,Mid Sweden University,,,,,,,,,,,,,,
Accounting and Governance,The accounting of PPPs as a neoliberal technology in the European Union,Pietro Fera,Nicola Moscariello,Michele Pizzo,Rosa Lombardi,,,,,,,,,,,,,University of Campania - Luigi Vanvitelli,University of Campania - Luigi Vanvitelli,University of Campania - Luigi Vanvitelli,,,,,,,,,,,,,
Accounting and Governance,Institutionalization of SDGs auditing by INTOSAI: the emergence of a proto-institution,Enrico Bracci,Giuseppe Grossi,Veronika Vakulenko,Javis Otia,,,,,,,,,,,,,University of Ferrara,Kristianstad University,Nord University Business School,,,,,,,,,,,,,
Financial Reporting,Navigating the Technological Frontier: Implementing New Technology in Management Accounting and Control,Alina Bieniek,Keisuke Oura,,,,,,,,,,,,,,,TU Dortmund University,,,,,,,,,,,,,,,
Accounting and Information Systems,AI in Accounting: A Transformative Integration in the Russian Context,Angelos Angelakis,Margarita Boldyreva,Petra Inwinkl,,,,,,,,,,,,,,Universität Wien,Universität Wien,,,,,,,,,,,,,,
Accounting and Information Systems,Reshaping the Accounting Professionals with Emerging Technologies: A Scholarly View,Urska Judez,Simon Cadez,,,,,,,,,,,,,,,University of Ljubljana,,,,,,,,,,,,,,,
Accounting and Information Systems,"The impact of assistant type, its past performance and task suitability for automation on the trust in automation in accounting",Olga Grzybek,Ewa Wanda Maruszewska,Maciej Tuszkiewicz,,,,,,,,,,,,,,University of Economics in Katowice,Uniwersytet Ekonomiczny w Katowicach,,,,,,,,,,,,,,
Public Sector Accounting & Not-For-Profit Accounting,Evaluating A&E Performance with Non-Financial Indicators: An Integrated Performance Evaluation Approach,Amir Michael,Hans Van Der Heijden,Terry Harris,,,,,,,,,,,,,,Durham University,University of Sussex,,,,,,,,,,,,,,
Accounting and Information Systems,Rethinking the Numbers: How Accounting Firms develop Dynamic Capabilities for AI-Driven Analytics (AIDA) Transformation,Benjamin Lee,,,,,,,,,,,,,,,,,,,,,,,,,,,,,,,
Accounting and Information Systems,"Digitization of accounting: a literature review on the impacts, drivers and spatio-temporal dimensions",Thuy Seran,Marc Bollecker,,,,,,,,,,,,,,,University of Montpellier,,,,,,,,,,,,,,,
Accounting Education,Certified Accountants: What do they think about the impact of AI in accounting?,Teresa Eugenio,Graça Azevedo,Leonor Grácio,,,,,,,,,,,,,,"Politécnico de Leiria, CARME",University of Aveiro,,,,,,,,,,,,,,
Accounting and Information Systems,Artificial intelligence and accounting profession: A bibliometric review and future research agenda,Nuray Demirel Arici,Fehmi Karasioglu,,,,,,,,,,,,,,,Manisa Celal Bayar University,,,,,,,,,,,,,,,
Management Accounting,Cost information design by a supplier,Nico Sütterle,Ulf Schiller,,,,,,,,,,,,,,,University of Basel,,,,,,,,,,,,,,,
Accounting and Information Systems,"Balancing Today and Tomorrow: The Role of Analytics, Automation, and Digital Readiness in Digital Transformation for Accounting Functions",Robert Rieg,Ute Vanini,,,,,,,,,,,,,,,Aalen University of Applied Sciences,,,,,,,,,,,,,,,
Accounting Education,Future Skills in the AI Era: Balancing Market Demands in the Accounting Profession with Students’Perceptions,Adriana Tiron Tudor,Delia Deliu,,,,,,,,,,,,,,,Babeș-Bolyai University,,,,,,,,,,,,,,,
Accounting Education,A phenomenographical study of progression of women in UK academia,Katie Balaam,Shraddha Verma,,,,,,,,,,,,,,,Open University,,,,,,,,,,,,,,,
Accounting Education,A System in Entropy but Redeemable: Publication Pressure among Accounting Scholars—A Mix-Method Approach,Bruno Gregório,Antonio Samagaio,,,,,,,,,,,,,,,ISEG Advance Centro de Investigação,,,,,,,,,,,,,,,
Accounting Education,Manifestations about entrepreneur and accounting profession’s role through emotional metaphors: thinking out of the box,Lucía Mellado,Laura Parte,Álvaro Delso,,,,,,,,,,,,,,Universidad Nacional de Educación a Distancia,Universidad Nacional de Educación a Distancia,,,,,,,,,,,,,,
Accounting Education,Fit for the sustainability transformation?—On the integration of sustainability issues in management accounting courses at universities in German-speaking co,Ute Vanini,,,,,,,,,,,,,,,,,,,,,,,,,,,,,,,
Accounting Education,Listening to the Students Voice: Reshaping Teaching Excellence in Accounting and Business Education,Nadia Gulko,Eva Blondeel,Lies Bouten,Natalie Churyk,Lorraine Derbyshire,Patricia Everaert,Elizabeth Gordon,Seyram Kawor,Camillo Lento,Nick McGuigan,Sanlie Middelberg,Saravanan Muthaiyah,Merwe Oberholzer,Suresh Sahoo,Olubukunola Uwuigbe,Nadeeka Withanage,University of Lincoln,Ghent University,IÉSEG School of Management,Northern Illinois University,University of Cape Town,Ghent University,Temple University,University of Cape Coast,Lakehead University,Monash University,North-West University,International Medical University,North-West University,Sri Sri University,Covenant University,
Accounting Education,Academic research as the core of the University accounting curriculum: a commentary,,,,,,,,,,,,,,,,,,,,,,,,,,,,,,,,
Financial Reporting,Reinforcing or Diminishing Effects of emotions on Achievement Goal orientations in an Introduction to Accounting Course,Hannu Ojala,Päivi Kosonen,,,,,,,,,,,,,,,University of Eastern Finland,,,,,,,,,,,,,,,
Accounting Education,Beyond Scientific Relevance: How Do Accounting Scholars Communicate?,Özgün Imre,Daniela Argento,,,,,,,,,,,,,,,Kristianstad University,,,,,,,,,,,,,,,
Accounting Education,How to Commit University Accounting Students towards ESG,Pilar López Sánchez,Marie-Anne Lorain,Maria Jesus Rios,Elena Urquia,Miguel Ángel Villacorta,,,,,,,,,,,,Universidad Francisco de Vitoria,Complutense University of Madrid,Complutense University of Madrid,Complutense University of Madrid,,,,,,,,,,,,
Accounting Education,Digitisation as a challenge in implementing the idea of lifelong learning on the example of employees of financial and accounting departments,Monika Turek Radwan,Marzena Strojek - Filus,Melania Bak,Andrzej Bak,Katarzyna Świetla,,,,,,,,,,,,Cracow University of Economics,University of Economics in Katowice,Wroclaw University of Economics and Business,Wroclaw University of Economics and Business,,,,,,,,,,,,
Accounting Education,The Role of Feedback in Fostering Students’ Professional Skills: A Systematic Review in Accounting Education,Carmen Bada,Laura Lazcano,Javier Marquez,,,,,,,,,,,,,,Universidad Pontificia Comillas,Comillas Pontifical University,,,,,,,,,,,,,,
Accounting Education,Integrating ChatGPT into Accounting Education: Preparing Future Accounting Professionals,Eva Blondeel,Patricia Everaert,Evelien Opdecam,,,,,,,,,,,,,,Ghent University,Ghent University,,,,,,,,,,,,,,
Accounting Education,Beyond the classroom: a case of dialogic action sustainability accounting education,Laura Corazza,Francesco Marengo,Daniel Torchia,,,,,,,,,,,,,,University of Torino,Department of Management,,,,,,,,,,,,,,
Accounting Education,"Skills, success, and society: Employer views about graduate accountants in the digital age",Meredith Tharapos,Brendan O’connell,Gordon Boyce,,,,,,,,,,,,,,RMIT University,RMIT University,,,,,,,,,,,,,,
History,"Art as Accountability: Tracing the Roots of Environmental, Social, and Governance Practices in the History of the Venice Biennale",Chiara Carolina Donelli,Maria Lusiani,Chiara Mio,,,,,,,,,,,,,,Università Ca’ Foscari Venezia,Università Ca’ Foscari Venezia,,,,,,,,,,,,,,
History,School of Commerce of Genoa 1884-1936: A journey through turbulent times,Elisa Bonollo,,,,,,,,,,,,,,,,,,,,,,,,,,,,,,,
History,Accounting for the Jesuits’ Expulsion Consolidation: The Case of Portugal (1766-1776),Filipa Silva,Delfina Gomes,Fernanda Leão,,,,,,,,,,,,,,"ISCAP, CEOS.PP",University of Minho,,,,,,,,,,,,,,
History,Accounting and the administrative state,Carlos Larrinaga,Marta Macias,Germán Gamero Igea,,,,,,,,,,,,,,Universidad de Burgos,Carlos III University of Madrid,,,,,,,,,,,,,,
History,Being proud of accounting’s history,Alan Sangster,,,,,,,,,,,,,,,,,,,,,,,,,,,,,,,
History,"'A grand opportunity for your children': the role of articled clerks in the development of the Irish accounting profession, 1888–1918",Philip O’Regan,,,,,,,,,,,,,,,,,,,,,,,,,,,,,,,
History,Mass Communication as a Strategy for Economic Growth and War Neutrality: The Case of Salazar’s Propaganda Posters,Fernanda Leão,Delfina Gomes,Sofia Araújo,,,,,,,,,,,,,,"P.PORTO, ESTG",University of Minho,,,,,,,,,,,,,,
History,Accounting and inequality: An analysis of the treatise Arboleda de los Enfermos (ca. 1470),Germán Gamero Igea,Carlos Larrinaga,María Uribe-Bohorquez,,,,,,,,,,,,,,Universidad de Burgos,Universidad de Burgos,,,,,,,,,,,,,,
History,"Before the advent of ERP, the questioning of double-entry bookkeeping in France between the 1960s and 1990s",Yves Levant,Kada Meghraoui,Charles Ducrocq,,,,,,,,,,,,,,Lille University,University Paris Descartes,,,,,,,,,,,,,,
History,"Cultural legacies, Japanese corporations and their employees: Implications for Accounting",Orie Miyazawa,,,,,,,,,,,,,,,,,,,,,,,,,,,,,,,
History,Balance Sheet Evolution of Gas Companies in London,Chie Sawanobori,Mitsunori Kasukabe,,,,,,,,,,,,,,,Osaka Sangyo University,,,,,,,,,,,,,,,
History,Corporate Conversion as a Risk Factor for the Business Crisis: The Breda Case and the Role of Elite,Andrea Fontanella,,,,,,,,,,,,,,,,,,,,,,,,,,,,,,,
History,Fukushima Nuclear Accident and TEPCO’s Accounts 2011-2023,Eri Kanamori,,,,,,,,,,,,,,,,,,,,,,,,,,,,,,,
History,The sinking of Andrea Doria Navigating between Loss and Recovery: The accounting and legal conflict,Emanuela Mattia Cafaro,Gaetano Rago,Grazia Marcello,,,,,,,,,,,,,,University of Salerno,University of Salerno,,,,,,,,,,,,,,
History,Valuing Cultural and Heritage Assets,Karen Mcbride,,,,,,,,,,,,,,,,,,,,,,,,,,,,,,,
IASB ResearchWorkshop,Operating Expense P&L Disaggregation: A Cross-Country Study of Determinants and Consequences,MarkWallis,Matthew Pinnuck,,,,,,,,,,,,,,,University of Queensland,,,,,,,,,,,,,,,
IASB ResearchWorkshop,Reassessed Earnings with Capitalized Intangibles,Anup Srivastava,Aneel Iqbal,Shiva Rajgopal,Elnaz Basirianmahabadi,,,,,,,,,,,,,University of Calgary,Arizona State University,Columbia University,,,,,,,,,,,,,
IASB ResearchWorkshop,IFRS 17 and the Decision-Usefulness of Insurers’Financial Reporting Information,Merjona Lamaj,Zoltan Novotny-Farkas,Lukas Obernauer,,,,,,,,,,,,,,WUVienna,WUVienna,,,,,,,,,,,,,,
ISSB ResearchWorkshop,Double Materiality as a Driver of Real Effects: Evidence from the European Union’s Non-Financial Disclosure Directive,Peter Fiechter,Florian Habermann,Gaia Melloni,Arianna Pisciella,,,,,,,,,,,,,University of Neuchatel,University of Lausanne,HEC Lausanne / University of Lausanne,,,,,,,,,,,,,
ISSB ResearchWorkshop,The Effects of Human Capital Disclosures on Professional Investors’ Assessments of Firm Risk,Ethan Rouen,Lisa Laviers,Jason Sandvik,Robert Jennings,,,,,,,,,,,,,Harvard Business School,Tulane University,University of Arizona,,,,,,,,,,,,,
