Category,Name,Author_1,Author_2,Author_3,Author_4,Author_5,Author_6,Uni_1,Uni_2,Uni_3,Uni_4,Uni_5,Uni_6
AU,,,,,,,,,,,,,
ED,,,,,,,,,,,,,
FA,,,,,,,,,,,,,
FR,,,,,,,,,,,,,
GV,,,,,,,,,,,,,
HI,,,,,,,,,,,,,
IC,,,,,,,,,,,,,
IS,,,,,,,,,,,,,
MA,,,,,,,,,,,,,
PSNP,,,,,,,,,,,,,
SEE,,,,,,,,,,,,,
TX,,,,,,,,,,,,,
Auditing,"Accounting scandals, auditor ratification, and institutional investors: evidence from the Wirecard scandal in Germany",Tessa Kunkel,,,,,,ESCP Business School,,,,,
Auditing,Media framing and the transformation of the UK audit regulator after Carillion,Alan Duboisee de Ricquebourg,Warren Maroun,Dannielle Cerbone,Wayne van Zijl,,,Leeds University Business School,Leeds University Business School,University of the Witwatersrand,University of the Witwatersrand,,
Auditing,Navigating credibility in unregulated assurance markets,Conor Clune,,,,,,UNSW Sydney,,,,,
Auditing,Do assigned audit partners perform higher quality audits than self-selected auditors?,Jan Bouwens,Olof Bik,Tjibbe Bosman,,,,University of Amsterdam,University of Groningen,,,,
Auditing,Local-office-unaffiliated engagement quality reviewers and audit quality: evidence from China,Weiyan Hu,Xuejiao Liu,Wenqi Pei,Baohua Xin,,,University of International Business and Economics,University of International Business and Economics,University of International Business and Economics,University of Toronto,,
Auditing,Political contributions by audit engagement partners surrounding the implementation of mandatory partner name disclosure in the US,Lianghui Wang,,,,,,Xi’an Jiaotong University,,,,,
Auditing,Critical audit matters and debt pricing: unveiling the moderating effect of corporate governance,Atm Karim,Tianhui Lu,Mohamed Elsayed,,,,Queen’s University Belfast,Lancaster University,Queen’s University Belfast,,,
Auditing,An examination of the impact of sanction on KAM disclosure: evidence from Taiwan,Shu-Ling Yeh,Ai-Ru Yen,Hsiao-Lun Lin,Anxuan Xie,,,National Taipei University,Northeastern Illinois University,National Taipei University,National Taipei University,,
Auditing,Educational distance between CEO and auditors: evidence from key audit matters and audit pricing in China,Zhenyuan Qian,Xiaogang Bi,Chen Bu,,,,University of Nottingham Ningbo China,University of Nottingham Ningbo China,,,,
Auditing,Auditing in times of crisis: evidence from the COVID-19 pandemic,Gilad Livne,,,,,,,,,,,
Auditing,Auditor resignation and internal control opinions in financially distressed firms,Emrah Ekici,Onur Oz,,,,,University of Wisconsin Eau Claire,,,,,
Auditing,Internal control audit deficiency rates and the quality of internal control audit opinions,Al Ghosh,,,,,,,,,,,
Auditing,Opportunistic CSR assurance and implied cost of equity,Yusuf Ag,Sardar Ahmad,Charlie Cai,,,,University of Southampton,University of Liverpool,,,,
Auditing,Short-selling threats and equity incentives to audit committees: evidence from Reg SHO,Simon Fung,Janus Jian Zhang,Zhenyu Zhang,Stephen Zhou,,,Deakin University,Hong Kong Baptist University,Hong Kong Baptist University,,,
Auditing,"When the dead still hire: zombie firms, audit signals, and employment outcomes",Fatemeh Anbarloo,Wenxia Ge,Tiemei (Sarah) Li,,,,University of Ottawa,University of Ottawa,,,,
Auditing,Residency beyond borders: executives’ foreign ties and audit pricing,Chen Bu,Ziyu Liu,,,,,University of Nottingham Ningbo China,,,,,
Auditing,Determinants of voluntary audit following reduced obligations: the case of SMEs in France after the “PACTE” law,Aymen Abbadi,Hélène de Brébisson,,,,,IAE Lille University,,,,,
Auditing,Monitoring the auditor: evidence from institutional investors’ votes,Luciana Orozco,Silvina Rubio,,,,,BI Norwegian Business School,,,,,
Auditing,"When auditors talk, do retail investors listen? Evidence from expanded audit",Lin Wang,Donghui Wu,Jianyu Zhao,Yifan Hou,,,Central University of Finance and Economics,The Chinese University of Hong Kong,Central University of Finance and Economics,,,
Auditing,When does audit quality pay off? Institutional development and the shift from signaling to compliance in auditor choice,Marit Kringlen,,,,,,,,,,,
Auditing,Auditors and AI: understanding identity threats and the process of normalization,Arina Hranovska,Martijn van der Steen,Lucia Bellora-Bienengräber,Sebastian Firk,Ann Tank,,University of Groningen,University of Groningen,University of Duisburg-Essen,University of Duisburg-Essen,,
Auditing,Availability of AI tools and their effect on the auditing process,Barbara Schöndube-Pirchegger,Jens Robert Schöndube,,,,,Otto von Guericke University Magdeburg,,,,,
Auditing,Can AI reduce audit quality? Cross-domain knowledge transfer and the cost of specialization,Yujing Gong,Yanxiong Gong,Rui Sun,,,,University of Liverpool,Bayes Business School,,,,
Auditing,Do all BIG 4 auditors deliver the same quality in Europe? Testing knowledge spillover vs self-interest threat in the NAFs–KAMs relationship,Anojan Vickneswaran,Ferdinand Gul,,,,,University of the Sunshine Coast,,,,,
Auditing,How large language models affect audit quality: causal evidence from a randomized field experiment,Markus Jezierski,Sascha Kaltenpoth,Oliver Müller,Barbara E. Weißenberger,,,Heinrich Heine University Düsseldorf,Paderborn University,Paderborn University,,,
Auditing,Do administrative staff matter for audit quality?,Feng Chen,Song Chen,Ting-Chiao Huang,Linda Myers,,,Monash University,Shanghai University of Finance and Economics,Monash Business School,,,
Auditing,Does auditor rotation deliver a fresh look? Evidence from the content and specificity of KAM disclosures,Yussu Hsiao,Wuchun Chi,Yu-Tzu Chang,Anxuan Xie,,,National Chengchi University,National Chengchi University,National Chengchi University,,,
Auditing,Negative environmental and climate news and environmental and climate-related critical audit matters,Wuchun Chi,Cheng-Yu Hsieh,Sabrina Kang,Shu-Hsien Lin,,,National Chengchi University,National Chengchi University,National Chengchi University,,,
Auditing,Key audit matters and their specific audit procedures – what audit reports tell us about audit quality at the account and entity level,Annalena Kaakschlief,Christoph Teucher,Nicole Ratzinger-Sakel,,,,University of Hamburg,University of Hamburg,,,,
Auditing,Media coverage and job entry in the audit profession,Janik Wecks,Johannes Voshaar,Jochen Zimmermann,,,,University of Bremen,University of Bremen,,,,
Auditing,"Does having accountant parents matter for auditors’ career choices, career advancement, and audit quality",Tobias Svanström,Limei Che,Oscar Stålnacke,,,,Umea University,Oslo Metropolitan University,,,,
Auditing,Do internally promoted auditors outperform externally hired ones?,Guoling Bu,Jun Chen,Christian Peters,,,,Zhejiang University,Zhejiang University,,,,
Auditing,Can rainmakers in accounting firm be both revenue stars and audit quality champions?,Ye Ji Lee,Younghan Lee,,,,,University of Seoul,,,,,
Auditing,Where proxies meet practice: qualitative insights into audit quality measurement,Markus Mottinger,Alexander Hofer,,,,,LMU Munich,,,,,
Auditing,Do mandated checklists enhance audit quality? Evidence from a natural experiment,Gopal Krishnan,Nagarjun S,Bhavya Singhvi,,,,Bentley University,Indian Institute of Management Udaipur,,,,
Auditing,Auditing on the information superhighway: mobile internet and local audit market competition,Erdong Wang,Jiexuan Wang,Keyuan Zhang,Yiwen Chen,,,University of Wyoming,Nankai University,Shanghai Jiao Tong University,,,
Auditing,Economic consequences of country-by-country reporting: evidence from audit fees,Justin Chircop,Shaohua He,Jiancheng (Duncan) Liu,,,,Lancaster University,Lancaster University,,,,
Auditing,"Non-compete agreement enforceability, audit effectiveness, and efficiency",Pradeep Sapkota,Md Nazmul Islam,Sarfraz Khan,,,,University of North Texas,State University of New York At Geneseo,,,,
Auditing,Assessing blockchain adoption in accounting and auditing in Sweden,Gabriela Ariciu,,,,,,,,,,,
Auditing,The impact of artificial intelligence on audit task outcomes,Annika Bonrath,,,,,,,,,,,
Auditing,Audit offices’ cybersecurity experience and industry range,Christelle Alkhoury,Javad Rajabalizadeh,,,,,Audiencia Business School,,,,,
Auditing,Hop on a Zoom? Do client incivility and virtual work modalities impact auditors’ perceptions of organizational support?,Sarah McCoy,,,,,,,,,,,
Auditing,Small seems plausible: effects of magnitude appearance on auditors’ causal and skeptical judgments of AI-detected correlations,Tracie Majors,Sebastian Stirnkorb,Isaac Yamoah,,,,University of Southern California,University of Illinois Urbana-Champaign,,,,
Auditing,Quantum cognition and ethical pathways in AI governance: an examination of chief audit executives’ reporting standards and decision-making dynamics,Waymond Rodgers,Salem Al Fayi,,,,,University of Texas El Paso,,,,,
Auditing,Trust under scrutiny: audit partner-CFO trust and audit quality,Ole-Kristian Hope,,,,,,University of Toronto,,,,,
Auditing,FRC quality inspections and materiality judgment,Omar de Ines Anton,Stavriana Hadjigavriel,Arpine Maghakyan,,,,CUNEF Universidad,CUNEF Universidad,University of Glasgow,,,
Auditing,Cross-border audit regulation and debt structure concentration: evidence from PCAOB international inspections,Yiye Liu,Yangxin Yu,Xindong Zhu,Simon Fung,,,Xiamen University,City University of Hong Kong,City University of Hong Kong,Deakin University,,
Auditing,"Audit committee, internal audit function and audit quality: emerging market perspective",Oksana Kim,Byron Pike,,,,,Minnesota State University – Mankato,Minnesota State University – Mankato,,,,
Auditing,No glory in prevention? The case of the audit association of German private banks,Fabian Müller,Barbara E. Weißenberger,,,,,Heinrich Heine University Düsseldorf,Heinrich Heine University Düsseldorf,,,,
Auditing,The power of knowledge: soft governance and audit quality,Youdi Zhu,Fang Zhang,,,,,Hong Kong Baptist University,Hong Kong Baptist University,,,,
Auditing,Secrecy culture and the communicative value of key audit matters: evidence from Europe,Lay Huay Yeap,Pamela Kent,Natalie Elms,Daifei (Troy) Yao,,,Queensland University of Technology,Queensland University of Technology,Queensland University of Technology,Griffith University,,
Auditing,Auditor reputation trap,Sebastian Kronenberger,,,,,,University of Mannheim,,,,,
Auditing,How audit partners shape key audit matters (KAMs)?,Yu-Tzu Chang,Wuchun Chi,,,,,National Chengchi University,National Chengchi University,,,,
Auditing,Being a professional accountant: individual auditors’ propriety legitimacy judgements under intense audit oversight,Sanjay Bissessur,Gerjanne Beltman,Isabelle van Dijk,Sanne Gaspersz,,,University of Amsterdam,Pwc,EY,,,
Auditing,"Human capital development in auditing: a qualitative study of learning mechanisms, challenges, and differences across audit firms",Lobke Weijers,Bart Dierynck,Claudia Marangoni,Christian Peters,,,Tilburg University,Tilburg University,Tilburg University,,,
Auditing,Audit teams: a systematic review and integrative framework,Bryan Malki,Timur Uman,Miguel Gil,,,,Jönköping International Business School,Jönköping University,,,,
Auditing,ESG assurance and the timeliness of ESG reporting: evidence from Taiwan,Feng-Yi Lin,Szu-Yin (Jennifer) Wu,Teng-Shih Wang,,,,National Taipei University of Technology,School of Management University at Buffalo,,,,
Auditing,Sustainability expertise in the audit profession: evidence from error restatements,Janine Maniora,Kajatheepan Navanathan,,,,,Heinrich Heine University Düsseldorf,,,,,
Auditing,The impact of sustainability assurance and the choice of assurance provider on narrative sustainability disclosure: evidence from the European Union’s Non-Financial Reporting Directive,Aaron Kasischke,Brigitte Eierle,,,,,University of Bamberg,,,,,
Auditing,ESG assurance and anti-ESG laws: evidence from state-level laws,Siqi Fan,Matthew Hinton,,,,,Southern Arkansas University,,,,,
Auditing,Auditors’ response to corporate climate lobbying,Dimitrios Gounopoulos,Ole-Kristian Hope,Vlad-Andrei Porumb,Mingran Zhang,,,University of Bath,University of Toronto,University of Manchester,,,
Auditing,Relative age and career outcomes: evidence from the accounting profession,Huan Ke,Janus Jian Zhang,Byron Song,Di Guo,,,Hong Kong Baptist University,Hong Kong Baptist University,Hong Kong Baptist University,,,
Auditing,Generation Z in the Swedish audit profession: generational differences in work values and implications for retention,Nellie Gertsson,Elin Smith,Elina Holm,Adam Turesson,,,Kristianstad University,Kristianstad University,Audit Firm,,,
Auditing,Assessing the efficiency and effectiveness of AI adoption in auditing and advisory practices: an empirical investigation,Mohamed Hegazy,Karim Hegazy,Mohamed el-Deeb,Yasser Halim,,,American University in Cairo,John Morris University Liverpool,Modern Sciences And Arts University,,,
Auditing,"The economics of audit quality: reputation capital, liability, and market demand",Marcel Steller,Erich Pummerer,,,,,Johannes Kepler University Linz,,,,,
Auditing,Political partisanship of audit engagement partners and audit outcomes: evidence from the U.S.,Corvin Kintzel,Sven Hartlieb,Stephan Küster,,,,University of Innsbruck,University of Innsbruck,,,,
Auditing,Do family firms pay less for audits? Evidence from Japan,Yue Yang,,,,,,,,,,,
Auditing,Client third-party specialists and audit engagement,Zeping Pan,,,,,,,,,,,
Auditing,Government customer base and audit pricing,Yifan Jia,Shuqing Luo,,,,,Xiamen University,,,,,
Auditing,Public support and private assurance: how anticipated government subsidies affect voluntary audit choices?,Chen Chen,Feng Chen,Ting-Chiao Huang,Jiancheng (Duncan) Liu,,,Monash University,Monash University,Monash Business School,,,
Auditing,Audit regulation for financially constrained firms,Negin Attar-Niggeman,,,,,,,,,,,
Auditing,Synergy between audit and non-audit services,Qiang Guo,Joseph Gerakos,Christopher Koch,Aiyong Zhu,,,University of Southern Denmark,Dartmouth College,University of Mainz,Southwestern University of Finance and Economics,,
Auditing,Fostering audit quality through social learning from errors,Diane Breesch,Menno Craninckx,Therese Grohnert,Linde Kerckhofs,Marie-Laure Vandenhaute,,Vrije Universiteit Brussel,Vrije Universiteit Brussel,Maastricht University,IESEG School of Management,,
Auditing,The spillover effects of SEC monitoring on auditor disclosures,Jun Nguyen,Nhan Ha,,,,,NHH Norwegian School of Economics,IESEG School of Management,,,,
Auditing,Effects of the EU audit reform on the revenue composition of audit firms,Christian Bernard,Ulf Bruggemann,,,,,Humboldt University of Berlin,Humboldt University of Berlin,,,,
Auditing,Economic policy uncertainty and audit market dynamics: international evidence,Belen Gill de Albornoz,Araceli Mora,Sha Yang,,,,Universitat Jaume I,University of Valencia,,,,
Auditing,"Strategic responses to resource dependence: how GNF, ANAF, and TNAF auditors navigate PCAOB remediation",Kenneth Bills,John Keyser,Marietta Peytcheva,Aleksandra Zimmerman,,,Michigan State University,Arizona State University,Lehigh University,Florida State University,,
Auditing,What does non-audit business mean to auditors and their clients? Evidence from examining Ernst & Young’s split events,Zhifeng Yang,Muzhi Wang,Jeffrey Pittman,,,,Stony Brook University,Central University of Finance and Economics,Memorial University of Newfoundland,,,
Auditing,Detecting structural breaks and anomalies in audit fees using foundational time-series forecasting AI,Markus Isack,Markus Mottinger,,,,,Vienna University of Economics and Business,LMU Munich,,,,
Auditing,Can the number of auditors in a market be positively associated with auditors’ pricing power?,Ling Chu,,,,,,,,,,,
Auditing,Who benefits from the audit failure of a BIG 4 firm?,Alain Schatt,,,,,,,,,,,
Auditing,Do auditors price the risk related to a restated statement of cash flows?,Angela Pettinicchio,Mara Cameran,Davide Arrighi,,,,Università Cattolica del Sacro Cuore,Bocconi University,,,,
Auditing,"Regulatory spillovers, board interlocks, and audit fees: evidence from comment letters",Beibei Yu,Marco Maria Mattei,Eleonora Monaco,Giovanni Cardillo,,,University of Bologna,University of Bologna,University of Bologna,,,
Auditing,Audit delay during regulatory relief of reporting deadline: evidence from Hong Kong,Belinda Yau,Jing Xue,Rubin Hao,,,,The Hang Seng University of Hong Kong,Xi’an Jiaotong-Liverpool University,,,,
Auditing,The impact of the Lithuanian national audit office’s performance audits on the creation of public value: auditees’ perspectives,Asta Šalienė,Daiva Tamulevičienė,,,,,Vilnius University,,,,,
Auditing,Audit in the dark: auditor responses to risk in the absence of authoritative guidance,Nhan Ha,Jun Nguyen,Beatriz Garcia Osma,W. Robert Knechel,,,IESEG School of Management,NHH Norwegian School of Economics,Universidad Carlos III de Madrid,,,
Auditing,Assurers’ perceptions of fraud risk in sustainability reporting,Laura Becker,Janine Maniora,Gregory Trompeter,,,,Heinrich Heine University Düsseldorf,Heinrich Heine University Düsseldorf,,,,
Auditing,Using artificial intelligence for fraud risk assessment: evidence from novice and experienced auditors,Marc Eulerich,David Wood,Scott Emett,Brant Christensen,,,University of Duisburg-Essen,Brigham Young University,Arizona State University,,,
Auditing,The cost of sustainability assurance – European evidence on the determinants of ESG assurance fees,Nicolas Frenzel,Sven Hörner,,,,,University of Potsdam,,,,,
Auditing,"Not mandatory but material: sustainability disclosure, reporting location, and auditor response around the world",June Cao,Zijie Huang,Ari Kristanto,,,,University of Southampton,Curtin University,,,,
Auditing,Green or gray auditors - who are the chosen ones for sustainability audits?,Lena Schäfer,Benedikt Downar,Christopher Koch,,,,Friedrich-Alexander-Universität Erlangen-Nürnberg,University of Nuremberg,,,,
Auditing,The effectiveness of the UK’s viability statement in providing early warning signs of corporate distress,Ruizhe Wang,Nurul Alam,Stewart Jones,Shan Zhou,,,Macquarie University,The University of Sydney,University of Sydney,,,
Auditing,Cyber security risk disclosure and audit fees: evidence from machine learning-based risk measures,Atul Rai,Al Ghosh,Arun Upadhyay,,,,Wichita State University,University of North Carolina at Charlotte,,,,
Auditing,Geopolitical risk in the supply chain and audit implications,Mukesh Garg,John Campbell,Aldonio Ferreira,Mehdi Khedmati,Farhan Permana,,Monash University,University of Georgia,Monash University,Monash University,,
Auditing,The influence of gender diversity in auditor-audit committee interaction on audit report timeliness,Faradillah Amalia Rivai,Li-Jen He,Ching Yen Li,,,,National Yunlin University of Science and Technology,National Yunlin University of Science and Technology,,,,
Auditing,Enhancing talent by considering psychological safety in firm quality management systems: the effects of performance feedback on junior auditor help-seeking behavior,Regan Schmidt,Cameron Dubé,Brielle Perlett,,,,University of Saskatchewan,Westbridge Capital Ltd.,,,,
Auditing,The impact of board gender diversity on audit pricing: the case of Greek local governments,Sandra Cohen,Stergios Leventis,Ioanna Malkogianni,,,,Athens University of Economics and Business,International Hellenic University,,,,
Auditing,The roles of impairment analysis timing and auditor oversight in recording goodwill impairment losses,Lauren Cunningham,Tamara Lambert,Marcy Shepardson,,,,University of Tennessee at Knoxville,University of Manchester,,,,
Auditing,Government agency exposure and audit fees: business risk or external monitoring?,Chen Liu,Arpine Maghakyan,,,,,University of Glasgow,,,,,
Auditing,Non-audit services prohibition and fair value measurements: evidence from European Union banks,Giulio Greco,Velia Cenciarelli,Alessandro Gabrielli,,,,University of Pisa,Università Cattolica del Sacro Cuore,,,,
Auditing,Auditor personal values and professional scepticism - a qualitative study,Christo Karunananthan,Nithi Mohan,Prabanga Thoradeniya,,,,Monash University,Monash University,,,,
Auditing,"Roses given, fragrance in hand: clients’ charitable contributions in auditors’ hometowns and audit opinions",Kwok Tong Samuel Cheung,Egor Evdokimov,,,,,Deakin University,,,,,
Auditing,Do audit partners affect clients’ tax reporting?,Alisha Blush,William Buslepp,Kenneth Reichelt,,,,Coastal Carolina University,Louisiana State University,,,,
Auditing,Impact of enterprise intelligent upgrading on audit fees: evidence from China,Aolin Leng,Yue Zhang,Ming Jia,,,,Northwestern Polytechnical University,Northwestern Polytechnical University,,,,
Auditing,Effects of nonfinancial audits of IPOs on green investment and audit quality,Emanuel Lederer,Kerstin Trummer,,,,,University of Graz,,,,,
Auditing,"SEC comment letters, auditor turnover and information asymmetry. Evidence from the banking industry",Davide Arrighi,Angela Pettinicchio,Mara Cameran,,,,Università Cattolica del Sacro Cuore,Università Cattolica del Sacro Cuore,,,,
Auditing,Safeguarding national security information: evidence from PCAOB international inspections and government procurement,Xiao Zhang,Jeffrey Ng,Jiawei Lu,,,,Shanghai University of Finance and Economics,The University of Hong Kong,,,,
Auditing,Understanding audit firm culture through the lens of the competing values framework,Ann Vanstraelen,Murray Barrick,Olof Bik,Jere Francis,Lena Pieper,,Maastricht University,Texas A&M,University of Groningen,,,
Accounting Education,The role of cultural context in shaping moral judgment: a comparative study of accounting students in Croatia and Slovenia,Maja Zaman Groff,Tina Vuko,Ivana Perica,Marko Čular,Mina Ličen,,University of Ljubljana,University of Split,University of Split,University of Split,,
Accounting Education,Re-thinking the role of corporate reporting: supporting students in the transition,Doug Stuart,Atinuke Chineme,Wenyu Zhou,Irene Herremans,,,University of Calgary,University of Calgary,University of Calgary,,,
Accounting Education,Making a choice among tax incentives,Wei Chern Koh,Tommy Yee,,,,,Singapore University of Social Sciences,,,,,
Accounting Education,Occupational licensing and labor market exit: evidence from continuing education requirements for accountants,Parth Shah,,,,,,,,,,,
Accounting Education,"Examining the links between achievement goals, students’ approaches to learning, and learning outcomes in accounting studies",Hannu Ojala,Heta Tuominen,Markku Niemivirta,Jari Huikku,,,University of Eastern Finland,University of Eastern Finland,University of Eastern Finland,,,
Accounting Education,What drives accounting career attractiveness? An analysis of individual characteristics,Sofia Lourenço,Iryna Alves,,,,,ISEG Lisbon School of Economics & Management,,,,,
Accounting Education,Climate awareness through active learning for young people and students (CATALYST),Elaine Doyle,Mary Curtin,Erin King,,,,University of Limerick,University of Limerick,,,,
Accounting Education,Wiki-based collaborative learning in accounting education: impact on academic performance and student perceptions,Lukas Schmidt,Andreas Seebeck,Johannes Voshaar,,,,Constructor University,Constructor University,,,,
Accounting Education,Testing the legitimacy of board examinations in the age of large language models: a stress test,Michelle Coetzee,Gideon Els,Nicolaas Strydom,,,,Akademia,University of Johannesburg,,,,
Accounting Education,Digitalization in managerial accounting education: evidence from German higher education,Janina Matern,Christian Beer,,,,,University of Hagen,,,,,
Accounting Education,Transforming professional accounting education: a social closure perspective,Karlien Dempsey,Karin Barac,,,,,University of Johannesburg,,,,,
Accounting Education,"Refining prompts, not delegating tasks: AI enhanced learning in climate accounting",Ozlem Arikan,,,,,,,,,,,
Accounting Education,Visual representations of sustainability frameworks. Their roles in education for sustainability accounting,Katherine Christ,Roger Burritt,Stefan Schaltegger,,,,Adelaide University,Australian National University,,,,
Accounting Education,Evolving sustainability integration in management accounting education: evidence from German universities,Ute Vanini,Janina Matern,,,,,Kiel University of Applied Sciences,,,,,
Accounting Education,From encounter to action: exploring walking as a pedagogy form with postgraduate accounting students in Scotland,Yanru Zou,,,,,,,,,,,
Accounting Education,A new approach in teaching bookkeeping (NABO) to improve performance for secondary school students: an instructional design based on cognitive load theory,Jens Verhofstadt,Patricia Everaert,Evelien Opdecam,,,,Ghent University,Ghent University,,,,
Accounting Education,Inner feedback in computational problem solving: which comparators support critical thinking?,Suzanne McCallum,David Nicol,,,,,University of Glasgow,University of Glasgow,,,,
Accounting Education,The impact of Chat GPT’s advice on professional judgment related with accounting and the role of accounting education,Satoshi Sugahara,Keita Kano,,,,,Kwansei Gakuin University,Prefectural University of Hiroshima,,,,
Accounting Education,Is it good to play? Exploring the voluntary use of a mobile game application in learning accounting,Hebattallah Aboulmaaty,Nermeen Shehata,,,,,ESSCA School of Management,American University in Cairo,,,,
Accounting Education,Engaging Generation Z in introductory accounting: survey evidence on learner-generated digital media and the talent pipeline,Monica Kabutey,Sudha Krishnan,Ping Lin,Jiarui (Iris) Zhang,,,"California State University, Long Beach","California State University, Long Beach","California State University, Long Beach","California State University, Long Beach",,
Financial Analysis,Third-party provision of carbon emission data and ESG ratings: evidence from climate TRACE,Igor Kadach,Minjae Koo,Grace Li,Meiling Zhao,,,IESE Business School,Korea University Business School,University of Rochester,,,
Financial Analysis,"Signaling the green light – green M&As, environmental materiality, and investor reactions",Jan Bauer,Yannik Gehrke,Jan Hennig,Michael Wolff,,,University of Göttingen,University of Hamburg,University of Groningen,,,
Financial Analysis,Lighting the green: the role of green bond sections in the European market,Maryna Gulenko,Pia Stoczek,,,,,Bielefeld University,,,,,
Financial Analysis,Analysts’ capital expenditure forecasts and bank debt contracting,Kristian Allee,Seraina Anagnostopoulou,Kamran Malikov,,,,University of Arkansas,University of Piraeus,,,,
Financial Analysis,The dynamic real effects of loan-loss provisioning methods on lending,Xiao Liu,,,,,,,,,,,
Financial Analysis,Social connectedness and the cost of bank loans,Christofer Adrian,Cameron Truong,Qinfang Li,Hui Guo,,,Monash University,Monash University,Monash University,,,
Financial Analysis,Are disclosed merger synergies realized?,Roberto Vincenzi,Xuanheng Huang,,,,,Bocconi University,,,,,
Financial Analysis,The role of earnings quality in addressing the acquisition premium puzzle for private equity funds,Jung Yeun (June) Kim,Nan Zhou,Linna Shi,,,,Rutgers University,"Lindner College of Business, University of Cincinnati",,,,
Financial Analysis,Business model change and cash flow forecast accuracy,Stephan Kaiser,,,,,,,,,,,
Financial Analysis,What do reorganization plans reveal about post-bankruptcy outcomes?,Wolfgang Breuer,Andreas Knetsch,Katharina Mersmann,,,,RWTH Aachen University,RWTH Aachen University,,,,
Financial Analysis,"Dirty hands, clean slates? Public corruption and the fate of bankrupt firms",Andreas Charitou,Nikolaos Kalyvas,Dimitrios Ntounis,,,,University of Cyprus,Kent Business School,,,,
Financial Analysis,Political lobbying and debt contracting: consequences of borrowers and lenders lobbying the same legislator,Derrald Stice,Junqiang Ke,Zhiming Ma,Lufei Ruan,Yunxiao Xu,,The University of Hong Kong,Central University of Finance And Economics,Peking University,San Francisco State University,,
Financial Analysis,Generative AI for analysts,Qian Zhang,Jian Xue,Wu Zhu,,,,Xiamen University,Tsinghua University,,,,
Financial Analysis,Sell-side analysts’ rating systems,Tzachi Zach,Rong Wang,Leonardo Madureira,Ohad Kadan,,,Ohio State University,Singapore Management University,Case Western Reserve University,,,
Financial Analysis,Chasing ‘star analyst’: the strategic shift in optimism,Yuqi Han,Chi Zhang,Chi Zhang,,,,Wenzhou-Kean University,University of Massachusetts Lowell,,,,
Financial Analysis,Information processing uncertainty and information rigidity,Yawen Qiu,,,,,,,,,,,
Financial Analysis,Industry externalities of activist short-selling: auditor propensity to issue going concern opinions,Matteo Merlo,,,,,,,,,,,
Financial Analysis,Short interest and earnings predictability,Chunchi Wu,Shu-Ling Wu,Wenhan Yang,,,,University at Buffalo,National Taiwan University,,,,
Financial Analysis,Retail investors’ asymmetric reaction to ESG controversies,Isabel van de Graaf,Kris Boudt,Marie-Laure Vandenhaute,,,,Vrije Universiteit Brussel,Vrije Universiteit Brussel,,,,
Financial Analysis,Quantitative research on main street: evidence from seeking alpha,Stanimir Markov,Jame Russell,Yuling Guo,,,,University of Texas at Dallas,University of Kentucky,,,,
Financial Analysis,Stock screeners and managers’ voluntary disclosure: evidence from retail dividend investors,Adriano Salerno,,,,,,,,,,,
Financial Analysis,The power of focus: how inventor-base concentration drives firm performance?,Jin Wang,,,,,,,,,,,
Financial Analysis,Do analysts value green innovation? – evidence from the U.S. patent ”lottery”,Yujing Ma,,,,,,,,,,,
Financial Analysis,Capital market reactions to green versus brown similar technological innovation potential in takeovers,Maximilian Golsong,Friedrich Sommer,,,,,Friedrich-Alexander-Universität Erlangen-Nürnberg,,,,,
Financial Analysis,Forecasting long run earnings growth for global asset allocation,Yingtong Dai,Richard Harris,Isaac Randall,Yi Zhang,,,University of Bristol,University of Bristol,Randalls Wealth Management,,,
Financial Analysis,Disagreement and dispersion: the role of implied cost of capital uncertainty in market returns,Jan Klose,Brian von Knoblauch,,,,,University of Hannover,,,,,
Financial Analysis,Internal controls and newly public firms,Narayanan Venkatraman,Al Ghosh,,,,,University of North Carolina at Charlotte,,,,,
Financial Analysis,The information value of US-listed foreign firms’ earnings announcements,Elizabeth Demers,Stella Chen,,,,,University of Waterloo,,,,,
Financial Analysis,Compare the impact of Chinese and western values on corporate financial distress—evidence from Chinese list company,Jingwen Fan,Aolin Leng,,,,,Northwestern Polytechnical University,,,,,
Financial Analysis,Ideology meets politics: how expected presidential election outcomes influence insider trading by liberal top managers?,Bo Gao,Ling Lin Harris,,,,,The University of Texas At El Paso,,,,,
Financial Analysis,The effect of intraindustry information transfers on product market competition and voluntary disclosure,Margalit Samuel,Shai Levi,Versano Tsahi,,,,SKEMA Business School,Tel Aviv University,,,,
Financial Analysis,The changing influence of industry membership on corporate profitability,Dimitris Kanelis,Benjamin Noordermeer,Erik Peek,Patrick Vorst,,,Maastricht University,Maastricht University,Erasmus University Rotterdam,,,
Financial Analysis,"Industrial productivity, investment, and corporate performance expectations",Olga Chara Pavlopoulou,,,,,,,,,,,
Financial Analysis,Contrast effects and analyst forecasts,Hangyuan Shi,Michael (Minye) Tang,,,,,University of Glasgow,,,,,
Financial Analysis,Spillover effects of the EU sustainable finance disclosure regulation (SFDR) on U.S. open-end funds,April Klein,Qishen Fu,Ziqing Wang,,,,NYU Stern School of Business,NYU Stern School of Business,,,,
Financial Analysis,The establishment of environmental courts and corporate dividend policy: a cross-country study,Yuxiang Zhong,Yuan Huang,Yueying Yuan,,,,Huazhong University of Science and Technology,The Hong Kong Polytechnic University,,,,
Financial Analysis,Who speaks when the future is uncertain? The role of ownership,Lucia Pierini,Gianfranco Siciliano,Suresh Radhakrishnan,Belén Villalonga,,,Luiss University,China Europe International Business School,University of Texas at Dallas,,,
Financial Analysis,Do stock index revisions impact credit markets? Evidence from the US corporate bond and CDS markets,Kai Chen,Ranjini Jha,Madhu Kalimipalli,,,,Wilfrid Laurier University,University of Waterloo,,,,
Financial Analysis,The effect of share repurchase regulations on earnings management: international evidence,Ni-Yun Chen,,,,,,,,,,,
Financial Analysis,Formal and informal language in earnings conference calls,Mengyang Guo,Kin Lo,,,,,The University of British Columbia,The University of British Columbia,,,,
Financial Analysis,Earnings-call Q&A dynamics and market consequences in analyst–CEO interactions,Javad Rajabalizadeh,Hannu Schadewitz,,,,,University of Turku,"Turku School of Economics, University of Turku",,,,
Financial Analysis,"Strategic communication of bad news: AI-measured tone, disclosure channels, and investor reactions to earnings downgrades",Han Donker,Yurim Lee,John Nofsinger,Laurel Orr,,,Central Washington University,Central Washington University,University of Alaska Anchorage,Alation,,
Financial Analysis,The virtual pivot: adaptive investor relations in the face of disruption,Nayana Reiter,Andrea Down,Aida Wahid,,,,University of Toronto,University of Toronto,University of Toronto,,,
Financial Analysis,The private information in public debt contracts,Isabella Brancaccio,Francesco Grossetti,Paul Demere,,,,Bocconi University,Bocconi University,Bocconi University,,,
Financial Analysis,Tax receivable agreements: implications for post-IPO firm behavior,Derin Yilmazatilla,,,,,,INSEAD,,,,,
Financial Analysis,Benevolent blunder: the (unintended) financial effects of IPO hasty investment,Siyang Tian,,,,,,University of Sussex,,,,,
Financial Analysis,Is the whole greater than the sum of its parts? Underpricing and long-run IPO performance,Andreas Charitou,Irene Karamanou,Gerald Lobo,George Loizides,,,University of Cyprus,University of Cyprus,University of Houston,University of Cyprus,,
Financial Analysis,"The price of a toast: social norms, fiduciary duty, and M&A premium decisions in China",Yugang Chen,,,,,,Sun Yat-Sen University,,,,,
Financial Analysis,Dividend signaling and local religiosity: the role of risk attitudes,Carmen Aranda,David Echeverry,Luiz Kabbach,Andrés Mesa Toro,,,University of Navarra,Universidad de Navarra,Kelley School of Business Indianapolis,,,
Financial Analysis,The impact of regulatory change on hedge fund performance,Fan Yang,,,,,,,,,,,
Financial Analysis,"Familiar partners, better forecasts? Analyst forecasts in repeated co-patent partnerships",Caroline Lee,Yuqi Han,Zhongnan Xiang,,,,Hanyang University,Wenzhou-Kean University,,,,
Financial Analysis,Beyond innovation: the impact of industry-university collaboration on firms’ cost of equity in China,Wenxin Liu,Wei Sun,Huili Zhang,Jigao Zhu,,,Beijing Normal University,China Agricultural University,Beijing Normal University,,,
Financial Analysis,Innovation culture and the corporate life cycle: evidence from U.S. tech firms,Victorya Maria Gomes,Robson Farias,Suliani Rover,,,,Federal University of Santa Catarina,Federal University of Santa Catarina,,,,
Financial Analysis,Trade credit and SME productivity: evidence from China,Kerui Zhai,,,,,,,,,,,
Financial Analysis,Dissemination of information by small caps,Dennis Böing,Urska Kosi,,,,,Paderborn University,,,,,
Financial Analysis,Supply chain common institutional ownership and suppliers’ cost stickiness: evidence from China,Chen Hua,Jian Huang,Yumin Li,Lei Zhu,,,Southwestern University of Finance and Economics,Southwestern University of Finance and Economics,Nanjing University of Science And Technology,,,
Financial Analysis,Index investing and disclosure: evidence from investor events,Lars Knorren,,,,,,,,,,,
Financial Analysis,Stock trading by U.S. individual investors: evidence from administrative tax data,Edward Maydew,Armstrong Daphne,Jeffrey Hoopes,,,,University of North Carolina at Chapel Hill,University of Michigan,,,,
Financial Analysis,3. Limited attention and retail investor participation: insights from same-day earnings announcements,Ying Lu,Junrui Zhang,,,,,Xi’an Jiaotong University,,,,,
Financial Analysis,1. When whispers hold weight: the credibility of bad vs. good rumors,Lei Chen,Xinlu Wang,Bohui Zhang,,,,Southwestern University of Finance and Economics,Jinan University,,,,
Financial Analysis,2. Tone dissonance across corporate disclosures and future business strategies,Shuo Feng,Bharat Sarath,,,,,Southwestern University of Finance and Economics,,,,,
Financial Analysis,"3. The sound of disclosure: CEO vocal emotions, bad news hoarding, and stock price crash risk",Tien-Shih Hsieh,Zhihong Wang,Jeong-Bon Kim,,,,University of Massachusetts Dartmouth,Clark University,,,,
Financial Analysis,1. As a role model: does government endorsement affect analyst forecast accuracy?,Junmin Hu,Wang Fangjun,,,,,Xi’an Jiaotong University,,,,,
Financial Analysis,2. U.S. sanctions and firm offshore activities: a firm-country analysis,Ling Tuo,Weiwei Wang,Joseph Zhang,,,,Old Dominion University,Weber State University,,,,
Financial Analysis,"3. Government debt, government ownership, and corporate cash dividends",Jing Lin,Yuetong Lu,Mingshan Zhou,Yunbi An,,,Southwestern University of Finance and Economics,Southwestern University of Finance and Economics,Zhongnan University of Economics and Law,,,
Financial Analysis,1. Supplier disclosures and customer performance,Pietro Bianchi Fedrigoni,Jake Krupa,Dhananjay Nanda,,,,Bocconi University,Tulane University,,,,
Financial Analysis,2. Corporate culture and insider trading profitability,Mabel D Costa,Ahsan Habib,Terry Harris,Dinithi Ranasinghe,Eric Tan,,Durham University,Massey University,Durham University,University of Otago,,
Financial Analysis,3. Suppliers’ innovation activity and customers’ operating efficiency,Yi-Hsing Liao,Teng-Sheng Sang,,,,,Chung Yuan Christian University,,,,,
Financial Analysis,"When capital crosses borders, so does knowledge",Mengfan Liu,Zheng Wang,Ray Zhang,Roni Michaely,,,Vrije Universiteit Amsterdam,City University of Hong Kong,Simon Fraser University,,,
Financial Analysis,Attributes of earnings adjusted for intangibles capitalization,Aneel Iqbal,,,,,,,,,,,
Financial Analysis,Populism and cross-border M&A,Wenjie Ding,Tuan Ho,Fangming Xu,Yunwen Zhou,,,University of Bristol,University of Bristol,University of Bristol,,,
Financial Analysis,Social media as a catalyst for market reactions: the impact of information facilitators in China,Fangzhuo Hou,Albert Tsang,Shuo Yan,,,,Southern University of Science And Technology,Southern University of Science And Technology,,,,
Financial Analysis,Bridging divisions: third places and corporate information democratization,Young Jun Cho,Shuai Xu,Holly Yang,,,,Singapore Management University,Singapore Management University,,,,
Financial Analysis,The role of social media analyst opinions in share repurchase decisions,Yirong Han,Chris Brooks,Liyi Zheng,,,,University of Bristol,University of Reading,,,,
Financial Analysis,How informative are value-at-risk disclosures for banks’ trading portfolio risk?,Hailey Ballew,Gerald Lobo,,,,,Rice University,,,,,
Financial Analysis,"Business strategy, debt maturity, and debt covenants",Changjiang Wang,Kexin Yu,,,,,University of Cincinnati,,,,,
Financial Analysis,Credit supply and lenders’ monitoring of borrowers’ conservative reporting: evidence from two recent credit booms,Yan Li,Yutao Li,Gerald Lobo,,,,Trent University,University of Lethbridge,,,,
Financial Analysis,Sentiment management: ai-based evidence from earnings guidance,Jonathan Berkovitch,Doron Israeli,Ron Kasznik,,,,Luiss University,Nazarbayev University,,,,
Financial Analysis,How artificial intelligence mitigates information asymmetry and optimizes capital structure,Kaitong Wu,Ming Tu,Adrian C H Lei,,,,University of Macau,University of Macau,,,,
Financial Analysis,AI adoption and stock price efficiency,Shengmin Hung,,,,,,,,,,,
Financial Analysis,Optimizing Altman Z-Score forecasting: evidence from China’s 2024 FDI liberalization in healthcare,Wen-Jye Hung,Yamin Wang,Pei-Gi Shu,Yan Wang,,,Minjiang University,Bentley University,Fu Jen Catholic University,,,
Financial Analysis,Bankruptcy prediction using machine learning models: firm complexity information perspective,Yun Hao,Tsung-Kang Chen,Yi Jie Tseng,Chih-Hsuan Chen,,,National Yang Ming Chiao Tung University,National Yang Ming Chiao Tung University,Fu Jen Catholic University,,,
Financial Analysis,From monitoring to exit: analysts’ strategic reactions to corporate bankruptcy in Europe and the United States,Diana Vazquez Espinosa,Franck Missonier-Piera,,,,,University of Fribourg,,,,,
Financial Analysis,Valuation effect of ESG: market sentiment or growth potential?,Xuerui Fang,Argyro Panaretou,Hui Xu,George Wang,,,Lancaster University,Lancaster University,Lancaster University,,,
Financial Analysis,Public firm presence and rounded offers in M&A,Xinyi Rao,Guojin Gong,Shuqing Luo,,,,The University of Hong Kong,University of Connecticut,,,,
Financial Analysis,Bank mergers and workplace safety: the ethical consequences of financial consolidation,Fangming Xu,Qimeng Zhang,Liyi Zheng,,,,University of Bristol,University of Bristol,,,,
Financial Analysis,Unlocking analysts’ risk insights,Hongping Tan,Mark Bradshaw,Ziwei Qiao,Changqiu Yu,,,McGill University,Boston College,Capital University of Economics And Business,,,
Financial Analysis,Discretionary cybersecurity-related disclosures and investors’ assessment of a firm’s systematic risk,Christof Neunsinger,,,,,,,,,,,
Financial Analysis,Financial analyst timeliness after corporate earnings announcements as a forecast quality signal,Nikolaos Floropoulos,,,,,,,,,,,
Financial Analysis,The EPS growth illusion: how analysts’ share count forecasts shape valuation perceptions,Dieter Hess,Nathalie Zährl,,,,,University of Cologne,,,,,
Financial Analysis,When a consultant becomes an analyst,Jiaxuan Chen,Ming Liu,Renzhe Zhang,,,,University of Macau,University of Macau,,,,
Financial Analysis,The causal effect of star rankings on analysts’ behavior: evidence from institutional investor’s industry sector changes,Jing Xue,Rubin Hao,Angie Wang,Marcus Kirk,,,Xi’an Jiaotong-Liverpool University,University of Macau,The Hong Kong Polytechnic University,,,
Financial Analysis,Attention to ESG matters: how information processing costs influence firm’s ESG investment,Pranav Yadav,,,,,,,,,,,
Financial Analysis,Transaction costs and the divergence between financial and real market volatilities,Minxing Zhu,Zongyuan Li,,,,,Zhejiang University,,,,,
Financial Analysis,Cost information design by a supplier,Ulf Schiller,Nico Sütterle,,,,,University of Basel,,,,,
Financial Analysis,Under pressure: the influence of the working environment on herd behavior,Louis Mangeney,Peter Fiechter,Annelies Renders,,,,IESEG School of Management,University of Neuchatel,,,,
Financial Analysis,Hiring frictions and cost behavior: evidence from salary history bans,Zhangfan Cao,Xiaoqian Li,Jeffrey Pittman,Cheng Zeng,,,University of Nottingham Ningbo China,Zhejiang Gongshang University,Memorial University of Newfoundland,,,
Financial Analysis,Labor leverage and debt contract provisions,David Weinbaum,,,,,,,,,,,
Financial Analysis,Adversarial stress tests of text-based disclosure measures: evidence from fraud detection,Ana Mickovic,Indranil Bhattacharya,,,,,University of Amsterdam,,,,,
Financial Analysis,LLMs as research assistants: the risk of topic-overclassification and effective mitigation strategies in financial disclosure research,Anne d’Arcy,Christian Haas,Nicolaus Wallner,,,,Vienna University of Economics and Business,University of Nebraska At Omaha,,,,
Financial Analysis,Is qualitative management guidance on business outlook informative? Evidence from a novel dataset,Lin Si,,,,,,,,,,,
Financial Analysis,Enhancing spare debt capacity via efficient carbon management,Paula Castro,Borja Amor-Tapia,Maria T. Tascon,,,,University of Leon,Universidad de León,,,,
Financial Analysis,From climate disaster to discipline: bank monitoring and climate disaster covenants,Clara Zhe Wang,,,,,,,,,,,
Financial Analysis,When the storm hits: climate–risk management in the insurance industry,Udi Lewkowicz,Dan Weiss,,,,,Tel Aviv University,,,,,
Financial Reporting,Strategic disclosure when beliefs diverge,Yasmin Kuhlmann,,,,,,University of Mannheim,,,,,
Financial Reporting,Public information and market coordination: the role of accounting reports,Mingxuan Ma,Hui Chen,,,,,University of Zurich,University of Zurich,,,,
Financial Reporting,Compliance and avoidance under threshold-based financial reporting regulation: decomposing regulatory costs and information benefits,Lisa Liu,Yu Cao,,,,,Columbia University,The World Bank,,,,
Financial Reporting,Beyond financial statements: the value of external assurance of nonfinancial disclosure,Manyun Tang,,,,,,University of Oxford,,,,,
Financial Reporting,Breaking barriers: how blockchain improves firms’ access to credit?,Thinh Nguyen,,,,,,Lancaster University,,,,,
Financial Reporting,Information sharing in global accounting networks,Samuel Chang,,,,,,University of Chicago Booth School of Business,,,,,
Financial Reporting,Speaking clearly under pressure: how career concerns shape CEO conference call complexity,Marwa Soliman,,,,,,American University of Sharjah,,,,,
Financial Reporting,Breaking the language barrier: how English reporting facilitates innovation,Audrey Wenhsin Hsu,Yi-Chieh Lee,Sophia H.T. Liu,,,,National Taiwan University,National Taiwan University,National Taiwan University,,,
Financial Reporting,R&D stickiness shaping narrative R&D disclosures,Sofie van der Meulen,Oveis Madadian,,,,,IESEG School of Management,IESEG School of Management,,,,
Financial Reporting,SEC oversight of foreign firms cross-listed in the U.S.: evidence from comment letters,Jihun Bae,,,,,,Bayes Business School,,,,,
Financial Reporting,The effect of restricting SEC administrative proceedings on firm value,Cai Chen,Svenja Dube,Hye Seung (Grace) Lee,,,,The Chinese University of Hong Kong,Baruch College,Fordham University,,,
Financial Reporting,The transparency trap: input visibility and the suppression of corporate innovation,Tao Ma,Guochang Zhang,,,,,Texas Tech University,,,,,
Financial Reporting,The bright side of analysts for innovation: evidence from social connection,Yi Wu,Jinghan Lu,Yenjung Tseng,Yangxin Yu,,,Zhejiang University,Zhejiang University,University of York,,,
Financial Reporting,Who to listen to and when? Management and analyst forecasts,Ron Shalev,Daniel Cohen,Yiwen Li,,,,University of Toronto,Vanderbilt University,,,,
Financial Reporting,The impact of mandatory iXBRL adoption on analyst behaviour,Fatema Alyafei,Yu-Lin Hsu,Fengzhi Zhu,,,,Qatar University,University of Glasgow,,,,
Financial Reporting,CEO-employee political alignment and financial reporting outcomes,Sang Woo Sohn,,,,,,,,,,,
Financial Reporting,Local creative culture and corporate overinvestment,Solomon Opare,Arfian Zudana,Mabel D Costa,,,,Northeastern University,Unitec Institute of Technology,,,,
Financial Reporting,"Lobbying, public contracts, and accounting complexity: implications for transparency and regulation",Larelle (Ellie) Chapple,Sohanur Rahman,Mumtaheena Anwar,Md. Nurul Kabir,,,Queensland University of Technology,Queensland University of Technology,Queensland University of Technology,,,
Financial Reporting,Mandatory pay disclosures in job postings,Edith Leung,Jeroen Koenraadt,Nico Lehmann,Stephanie van der Veen,,,Tilburg University,London School of Economics,Erasmus University Rotterdam,,,
Financial Reporting,My word is my bond: the use of management forecasts in setting covenant thresholds,Zhaoyang Gu,Chunmei Zhu,,,,,The Chinese University of Hong Kong,,,,,
Financial Reporting,Theme washing in the ETF space,Gerald Ward,Xiaoxue He,George Wang,,,,Lancaster University,Lancaster University,,,,
Financial Reporting,Financial statement readability and internal control,David Harris,Ying Zhang,,,,,Syracuse University,,,,,
Financial Reporting,Dynamics of CEOs’ product market orientation: evidence from earnings conference calls,Pratik Goel,Oveis Madadian,,,,,IESEG School of Management,,,,,
Financial Reporting,Non-financial disclosure mandates and private lending,Zhehao Jia,,,,,,,,,,,
Financial Reporting,The biodiversity impact of corporate divestitures,Simona Rusanescu,Ole-Kristian Hope,Vlad-Andrei Porumb,Dushyantkumar Vyas,,,University of Groningen,University of Toronto,University of Manchester,,,
Financial Reporting,From cheap talk to costly signals: accounting measurement and the use of sustainability-linked loans,Mingyang Liu,,,,,,,,,,,
Financial Reporting,Unintended consequences of market deregulation: a perspective from corporate leverage manipulation,Fei Yan,Zeyu Sun,Baolei Qi,,,,Xi’an Jiaotong University,Beijing Normal University,,,,
Financial Reporting,Accrue or not? The effect of ambiguity on loss contingency recognition,Alisa Brink,Wenhao Zhu,,,,,Virginia Commonwealth University,,,,,
Financial Reporting,Generative AI “persona” vs. human jurors: evidence from a juror-based experiment on audit failure of AI-assisted audit,Satoshi Taguchi,,,,,,,,,,,
Financial Reporting,The value relevance of insurance accounting: evidence from the transition to IFRS 9 and IFRS 17,Christian Fieberg,Stefan Veith,Baohua Xin,,,,Bremen University of Applied Sciences,Bremen University of Applied Sciences,,,,
Financial Reporting,Discretionary provisions and bank earnings management around the world: a novel insight from linguistic relativity hypothesis,Daniel Taylor,Francis Osei-Tutu,Eunice Yaa Cudjoe,,,,IESEG School of Management,Paris School of Business,,,,
Financial Reporting,The relationship between a firm’s financial constraints and its goodwill impairment,Daniel Gyung Paik,Brandon Lee,Taewoo Kim,Sungsoo Kim,,,University of Richmond,Indiana University,"California State University, San Bernardino",,,
Financial Reporting,Business strategy and the information content of classification shifting,Surya Janakiraman,Chih-Chen Lee,Krishnamurthy Surysekar,Tian Tian,,,University of Texas at Dallas,"Department of Accountancy, Northern Illinois University",Florida International University,,,
Financial Reporting,Does litigation risk deter classification shifting? Evidence from a quasi-natural experiment,Surjit Tinaikar,,,,,,,,,,,
Financial Reporting,Implementing recurring and nonrecurring disaggregation to enhance disclosure in the statement of cash flows,Alberto Halfeld,Tami Dinh,,,,,University of St.Gallen,,,,,
Financial Reporting,The impact of asset revaluation on corporate investment during crises,Noemi Pecoraro,Antonio de Vito,Marco Maria Mattei,,,,University of Bologna,University of Bologna,,,,
Financial Reporting,Regulatory spillover and preemptive disclosure to mitigate artificial intelligence risk: evidence from the EU AI act,Feng Chen,Xinlu Wang,Liang Xu,Jianguang Zeng,,,University of Toronto,Jinan University,SKEMA Business School,,,
Financial Reporting,Disclosure intensity effects of disclosure regulations: European evidence,Simone Euler,Joachim Gassen,Jonas Materna,,,,Humboldt University of Berlin,Humboldt University of Berlin,,,,
Financial Reporting,Analyzing the strategic classification of negative disclosures in Form 8-K filings,Won No,Arion Cheong,Shaoyu Liu,,,,Rutgers University,Stevens Institute of Technology,,,,
Financial Reporting,It’s the human touch! Performance of large language models in highly-specific domains,Miles Gietzmann,Francesco Grossetti,Craig Lewis,,,,Bocconi University,Bocconi University,,,,
Financial Reporting,Lost in aggregation: measuring sentiment at document and topic levels,Richard Crowley,Franco Wong,,,,,Singapore Management University,,,,,
Financial Reporting,When numbers speak: the real effects of numerical operational disclosure on corporate investment,Jing Wang,Cassie (Qiurui) Mou,Lulu Di,,,,Southwestern University of Finance and Economics,Southwestern University of Finance and Economics,,,,
Financial Reporting,Suppliers’ redaction of customer identities when their customers provide more public disclosure: a customer poaching perspective,Jia Guo,Jeffrey Ng,Chunyan Wei,Janus Jian Zhang,,,The Hong Kong Polytechnic University,The University of Hong Kong,Shanghai University of Finance and Economics,,,
Financial Reporting,Do changes in U.S. GAAP divert public firms’ resources and influence who wins the innovation race?,Luminita Enache,,,,,,,,,,,
Financial Reporting,The unintended consequences of “bright-line” thresholds in CSR reporting mandates,Jordi Louis Geuken,Paula Stanka,,,,,Ruhr University Bochum,,,,,
Financial Reporting,"Accounting human capital, artificial intelligence, and SEC compliance",Heflin Frank,Joanna Golden,Xiaotao Liu,Jasmine Wang,,,University of Georgia,University of Memphis,Northeastern University,,,
Financial Reporting,Visualizing social accountability with pictures in annual reports,Jana Neuland,Michael Grüning,,,,,Ilmenau University of Technology,,,,,
Financial Reporting,Beyond numbers: the informativeness of credit risk disclosures and their implications for bank lending,Romain Oberson,Minyue Dong,Huajuan Yuan,,,,IESEG School of Management,University of St.Gallen,,,,
Financial Reporting,"Two levers, one goal: the complementary role of commission and fees income and loan loss provisions in bank earnings management",Eunice Yaa Cudjoe,Daniel Taylor,Isaac Awuye,,,,EDHEC Business School,IESEG School of Management,,,,
Financial Reporting,Real earnings management via lending in the current expected credit loss (CECL) era,Ali Awad,,,,,,,,,,,
Financial Reporting,Private firm disclosures and public firms’ debt choice,Fengqin Chen,Jeffrey Pittman,Walid Saffar,,,,The Hong Kong Polytechnic University,Memorial University of Newfoundland,,,,
Financial Reporting,New revenue recognition and non-GAAP revenue disclosures: evidence from ASC 606,Bok Baik,Songyi Han,David Park,Sang Woo Sohn,,,Seoul National University,BI Norwegian Business School,Seoul National University,,,
Financial Reporting,Bridging the gap or widening the divide? An investigation into private company accounting comparability and the role of FRS 102,Stephanie Tiller,Mark Clatworthy,Mariano Scapin,,,,University of Bristol,University of Bristol,,,,
Financial Reporting,"Unlocking environmental, social, and governance risk after IPO share lockups",Grace Hao,Devendra Kale,Sriram Villupuram,,,,University of Texas at Arlington,University of Rhode Island,,,,
Financial Reporting,Spillover of non-financial disclosure mandates on private firms’ investment efficiency,Nan Deng,Xi Chen,Giovanna Michelon,,,,University of Bristol,University of Bristol,,,,
Financial Reporting,The effect of mandatory carbon disclosures on cross-border innovation collaboration,Xi Chen,Xiaoli (Shaolee) Tian,Yuxiang Zheng,Zhe (Michael) Guo,,,University of Bristol,"McDonough School of Business, Georgetown University",Rutgers University,,,
Financial Reporting,Excess volatility and fair value measurement,Sarah Kroechert,Igor Goncharov,,,,,University of Cambridge,,,,,
Financial Reporting,Real effects of accounting reporting complexity,Benedikt Plate,Johannes Voshaar,Jochen Zimmermann,,,,University of Bremen,University of Bremen,University of Bremen,,,
Financial Reporting,Firm behavior and stakeholder responses to spring-loaded equity awards,Kevin Munch,Lisa Hinson,,,,,Kent State University,University of Florida,,,,
Financial Reporting,Discrepancies between disclosure and practice: data sharing in the banking industry,Arion Cheong,David Wang,Yen-Yao Wang,Ju-Chun Yen,,,Stevens Institute of Technology,DePaul University,Auburn University,"National Central University, Taiwan",,
Financial Reporting,Customer-facing technologies and banks’ macroeconomic information production: evidence from loan loss provisions,Wilbur Chen,Sehwa Kim,Jung Koo Kang,Ling Lin,,,The Hong Kong University of Science and Technology,Columbia University,Harvard Business School,Harvard Business School,,
Financial Reporting,Regulatory and voluntary reporting interactions under Solvency II,Madeline Kalista,Zoltán Novotny-Farkas,Lukas Obernauer,,,,Vienna University of Economics and Business,Vienna University of Economics and Business,Vienna University of Economics and Business,,,
Financial Reporting,Firm political alignment: measurement and effects,Jenny Li Zhang,Ping Jiang,Jing Li,Minjia Li,,,The University of British Columbia,University of International Business and Economics,Simon Fraser University,University of Alberta,,
Financial Reporting,Government procurement and tax uncertainty,Wenxia Ge,Lizhi Luo,Tiemei (Sarah) Li,,,,University of Ottawa,University of Ottawa,University of Ottawa,,,
Financial Reporting,Political costs and windfall profits in a politically sensitive industry,Jørn Anders Bjørhovde,,,,,,The Arctic University of Norway,,,,,
Financial Reporting,"Rollover risk, earnings informativeness, and credit disclosure in capital structure decisions",Li-Yu Chen,,,,,,National Sun Yat-sen University,,,,,
Financial Reporting,Ownership structure and firm performance under adverse conditions with prospect theory perspective: evidence from South Korea,Na Kang,Hyunpyo Kim,,,,,Hankyong National University,,,,,
Financial Reporting,Valuation convexity and the pricing of earnings news: evidence on delayed information integration,Omri Even-Tov,Qinglu Jin,Yuchao Jin,Guochang Zhang,,,University of California Berkeley,Shanghai University of Finance and Economics,Shanghai University of Finance and Economics,,,
Financial Reporting,The policy to expand the number of voluntary adopters to internalize threats,Ogata Kensuke,,,,,,,,,,,
Financial Reporting,Artificial intelligence and IFRS application: a proposal for a competency-based expert assessment method,Massimo Albanese,Alberto Quagli,Paola Ramassa,,,,University of Genoa,University of Genoa,,,,
Financial Reporting,The travel of ideas in standard setting,Julia Morley,Michael Power,,,,,University College London,,,,,
Financial Reporting,Determinants of short-term debt in private firms: a return to fundamentals,Massimiliano Bonacchi,Fabio Ciaponi,Luca Menicacci,,,,Free University of Bozen,Università dell’Aquila,,,,
Financial Reporting,Do private lenders learn from disclosed loan contracts?,Xingyu Huang,,,,,,,,,,,
Financial Reporting,Out-of-court public debt restructuring and debtholder-focused investor communication,Dushyantkumar Maheshkumar Vyas,Stacey Choy,Christin Liu,,,,University of Toronto,University of Illinois Urbana-Champaign,,,,
Financial Reporting,Managerial learning from public acknowledgment of failure via financial reporting: evidence from goodwill impairments,John Campbell,Sandip Dhole,Satish Sahoo,Zhixi Shi,,,University of Georgia,Monash University,City University of Hong Kong,,,
Financial Reporting,When shorts go public: mandatory short position disclosure and management guidance,Jongha Kim,Ashiq Ali,Jedson Pinto,Edward Sul,,,University of Texas at Dallas,University of Texas at Dallas,University of Texas at Dallas,,,
Financial Reporting,Patent disclosures and capital market feedback: evidence from AIPA,Tim Martens,Yiyang Wu,Wanli Zhao,,,,Bocconi University,Bocconi University,,,,
Financial Reporting,Disclosing barriers: the deterrence effects of voluntary capital expenditure disclosures,Caleb Rawson,Jesse Glaze,,,,,University of Arkansas,,,,,
Financial Reporting,When dissimilar items get grouped together: real effects of aggregating government subsidies with operating income,Feng Chen,Wei Shi,Chao Yan,Ziyi Zhang,,,University of Toronto,Deakin University,Ghent University,,,
Financial Reporting,The effects of eliminating the distinction between operating and finance leases on analysts’ processing costs and price responsiveness,Fabio da Costa,Paul Hribar,Samuel Tiras,,,,University of Iowa,"Henry B. Tippie College of Business, The University of Iowa",,,,
Financial Reporting,Topic labeling using large language models,Olga Bogachek,,,,,,,,,,,
Financial Reporting,When disclosing effective compliance backfires: evidence from experiments with retail investors and preparers,Christian Friedrich,Sebastian Oelrich,,,,,University of Mannheim,,,,,
Financial Reporting,Accounting measurement error under IFRS and US GAAP,Janik Wecks,,,,,,,,,,,
Financial Reporting,Dare to say no? Externalities of employee employment protection on financial misreporting,Jackie Zeyang Ju,Chan Li,Hong Xie,,,,University of Kentucky,University of Kansas,University of Kentucky,,,
Financial Reporting,Availability of financial reporting and labor market outcomes,Martin Zafiryadis,Jeppe Christoffersen,,,,,Copenhagen Business School,Copenhagen Business School,,,,
Financial Reporting,Product market failure and the quality of corporate disclosure: legitimacy versus litigation concerns,Khadija Almaghrabi,,,,,,King Abdulaziz University,,,,,
Financial Reporting,Cash flow management under distress: evidence from Chapter 11 filings,Mario Daniele,Davide Arrighi,Angela Pettinicchio,,,,Università Cattolica del Sacro Cuore,Università Cattolica del Sacro Cuore,Università Cattolica del Sacro Cuore,,,
Financial Reporting,Affirmations of compliance with IFRS: a study of financial statements and audit reports,Christopher Nobes,Christian Stadler,Stephen Zeff,,,,Royal Holloway University of London,London University / Royal Holloway,Rice University,,,
Financial Reporting,Comparability of level 3 fair value disclosures,Weitzu Chen,Chi-Hsien Lin,Yuan-Tang Tsai,Tzu-Cheng Peng,,,National Taipei University,National Taipei University,National Taipei University,National Taiwan University,,
Financial Reporting,Do mandatory changes in disclosure frequency affect information provision by other market participants? Evidence from the SEC regulation of mutual fund portfolio disclosure,Fangfang Hou,Songyi Han,Tharindra Ranasinghe,,,,Xiamen University,BI Norwegian Business School,American University,,,
Financial Reporting,Strategic narratives: mutual fund managers’ commentaries and fund flows,Chunqiu Zhang,Shufang Lai,Ziyi Zhang,,,,Fudan University,Shanghaitech University,Southern University of Science And Technology,,,
Financial Reporting,Coming up short: limits to arbitrage for shareholder activism in non-US firms,Brianna de la Osa,Mark Maffett,,,,,University of Miami,University of Miami,,,,
Financial Reporting,Reducing cyber risk: the impact of strengthened governance disclosure regulation,Alexander Neumann,Sergeja Slapnicar,Vanitha Ragunathan,,,,University of Queensland,University of Queensland,,,,
Financial Reporting,Clarity after crisis: data breaches and obfuscation in conference calls,Rui Duan,,,,,,,,,,,
Financial Reporting,From comments to policy: AI-assisted analysis of stakeholder responses to the SEC’s climate disclosure proposal,Kostas Pappas,Alice Liang Xu,,,,,University of Liverpool,,,,,
Financial Reporting,Business complexity and non-GAAP earnings disclosure,Mohammad Hendijani Zadeh,,,,,,,,,,,
Financial Reporting,Do supplier non-GAAP earnings disclosures matter to major customers?,Chih-Liang Liu,Shu-Miao Lai,Edoardo Nesi,,,,National Yang Ming Chiao Tung University,National Taiwan Ocean University,,,,
Financial Reporting,"Fooled by the face? Headline GAAP, core earnings, and cost of debt",Wanyun Li,Christofer Adrian,Cameron Truong,Stanley Choi,,,Xiamen University,Monash University,Monash University,,,
Financial Reporting,An empirical examination of the role of analysts’ information in managers’ voluntary disclosures,Somnath Das,Shibao Liu,,,,,University of Illinois Chicago,,,,,
Financial Reporting,The market informativeness of analyst forecasts in family firms,Leonidas Doukakis,Olga Chara Pavlopoulou,Afroditi Papadaki,,,,Athens University of Economics and Business,Athens University of Economics and Business,,,,
Financial Reporting,Silence at the top - when CEOs can’t make it to the earnings call,Niclas Hoehne,Maximilian A. Müller,Caspar Peter,,,,University of Cologne,University of Cologne,,,,
Financial Reporting,"Sentiment of accounting and overall content in a chair’s statement – electricity supply board of Ireland, 1927-2023",Bibek Bhatta,Martin Quinn,Alonso Moreno,Bríd Murphy,,,Queen’s University Belfast,affiliation not provided,University of Jaén,,,
Financial Reporting,Connectivity in corporate reporting: evidence from the field,Maximilian Terboven,Maximilian A. Müller,,,,,University of Cologne,,,,,
Financial Reporting,Accounting for crypto assets: navigating recognition uncertainty and its implications for users,Ronita Ram,Matthew Egan,Kaiying Ji,,,,University of Reading,University of Sydney,,,,
Financial Reporting,"Generative AI, investor composition, and information barriers",Encarna Guillamon Saorin,María Gutierrez Urtiaga,Rongyi Yao,,,,Universidad Carlos III de Madrid,Universidad Carlos III de Madrid,,,,
Financial Reporting,Corporate cryptocurrency holdings and analysts’ forecasting environment,Yi Huang,Adriana Korczak,Nikolaos Tsileponis,,,,University of Bristol,University of Bristol,,,,
Financial Reporting,Top management team and litigation loss contingency disclosures: evidence from Taiwan,Yu-Fang Chu,Hsin-Yi Huang,Sin Chen,,,,National Taiwan University,National Cheng Kung University,,,,
Financial Reporting,Bank monitoring of borrowers and borrowers’ investment efficiency: evidence from the switch to the expected credit loss model,Muhabie Mekonnen Mengistu,Jeffrey Ng,Walid Saffar,Janus Jian Zhang,,,University of Wollongong,The University of Hong Kong,The Hong Kong Polytechnic University,,,
Financial Reporting,"IFRS 9 under stress: loan loss provisioning, prudential regulation, and procyclicality",Zoltán Novotny-Farkas,Romain Oberson,Elisabeth Carina Renner,,,,Vienna University of Economics and Business,IESEG School of Management,,,,
Financial Reporting,Virtual analyst private meetings,An-Ping Lin,Yajing Tian,Xia Chen,,,,Singapore Management University,Singapore Management University,,,,
Financial Reporting,Firms’ use of derivatives in a fragmented regulatory landscape,Jae Bum Kim,,,,,,,,,,,
Financial Reporting,The attention shakeout: financial analysts and the concentration of technology narratives,Yujie Song,An-Ping Lin,,,,,Wenzhou-Kean University,,,,,
Financial Reporting,"Accounting for climate change: to what extent are climate change risks integrated into the financial statements of oil, gas, and coal companies?",Hafez Abdo,Freeman Owusu,Duncan Angwin,Angelos Angelakis,,,University of Nottingham,Loughborough University,University College London,,,
Financial Reporting,Exploring the economic consequences of IAS 38 on management decision-making in R&D investments under real earnings management spectrum,Angelos Angelakis,Jim Haslam,Elisabetta Mafrolla,,,,University of Vienna,Durham University,,,,
Financial Reporting,Crypto confessions: the digital transition of risk disclosure,Elisabetta Mafrolla,Maria Ricci,Hafez Abdo,,,,University of Foggia,University of Foggia,,,,
Financial Reporting,Does government subsidy above or below operating income matter to investors? Evidence from Chinese Accounting Standard no.16,Qiang Wu,Cheng Zeng,Yani Li,,,,The Hong Kong Polytechnic University,The Hong Kong Polytechnic University,,,,
Financial Reporting,Reporting information systems in a dynamic regulatory environment: generalized assurance risk and relative quality of ESG reporting,Liang Fu,Seong Yeon Cho,Yin Yu-Thompson,Joseph Callaghan,,,Oakland University,Oakland University,Oakland University,,,
Financial Reporting,The impact of mandatory sustainability reporting on the quality of financial reporting,Alessandro Mura,Viviana Ecca,Francesco Vallascas,,,,University of Cagliari,University of Cagliari,,,,
Financial Reporting,Anticipating IFRS 18: how do income statement disaggregation and management performance measures affect investor judgments?,Sabine Graschitz,Nadine Georgiou,,,,,Johannes Kepler University Linz,,,,,
Financial Reporting,Regulatory intensity and non-GAAP earnings disclosure,Haowen Deng,,,,,,,,,,,
Financial Reporting,GAAP or non-GAAP - German investors’ perception g(a)ap in evaluating annual reports,Celine Daute,Christiane Pott,Fabian Freches,,,,TU Dortmund University,TU Dortmund University,,,,
Financial Reporting,The impact of ASC 842 on classification shifting,C. S. Agnes Cheng,Yuedan Geng,Sha Zhao,,,,University of Oklahoma,University of Science and Technology of China,Oakland University,,,
Financial Reporting,Compliance with financial reporting standards and efficiency gains: evidence from ASC 842,Doyeon Kim,,,,,,The University of Hong Kong,,,,,
Financial Reporting,"Organizational capital, advertising-based capital, and information asymmetry",Jessica Kim-Gina,Muskan Chawla,Henry Friedman,,,,Chapman University,The University of British Columbia,UCLA / The Anderson School,,,
Financial Reporting,Planned embedded change: a theoretical model from the IFRS Foundation case,Masatsugu Sanada,,,,,,Kyoto Tachibana University,,,,,
Financial Reporting,"Fostering, bridging and letting things pass: paths to faithful representation in automated accounting practice in SMEs",Malin Brus,,,,,,The University of Gothenburg,,,,,
Financial Reporting,Becoming accounting standard-setter: the role of professional networks and identities in shaping careers,Jan Friedrich,Melanie Grosseastroth,Tessa Kunkel,,,,ESCP Business School,University of Mainz,ESCP Business School,,,
Financial Reporting,Disclosure regulation and legal form choice,Patricia Breuer,Matteo Merlo,Jochen Pierk,,,,Erasmus University Rotterdam,Erasmus University Rotterdam,Erasmus University Rotterdam,,,
Financial Reporting,Reporting regulation and market perception,Elena Reck,,,,,,Ruhr University Bochum,,,,,
Financial Reporting,Substantive regulation and voluntary public disclosure: early evidence from the EU AI Act,Stephanie van der Veen,,,,,,Erasmus University Rotterdam,,,,,
Financial Reporting,Pay transparency and risk appetite: evidence from mortgage lending decisions,Mengdi Zhang,Yupeng Lin,Lixin (Nancy) Su,Zheng Wang,,,The Hong Kong Polytechnic University,National University of Singapore,The Hong Kong Polytechnic University,City University of Hong Kong,,
Financial Reporting,Do joint audits enhance financial reporting quality and lending discipline in banks?,Sriniwas Mahapatro,,,,,,Rochester Institute of Technology,,,,,
Financial Reporting,Common ownership and non-GAAP reporting,Ruichao Zhu,Charles Hsu,Han Xiao,,,,NEOMA Business School,The Hong Kong University of Science and Technology,,,,
Financial Reporting,Why IFRS 9 could fall in love with regression trees,Sabine Böckem,,,,,,,,,,,
Financial Reporting,Information crosschecking: understanding investor reaction to earnings of unknown accuracy,Shai Levi,Eti Einhorn,Noga Abraham,,,,Tel Aviv University,Tel Aviv University,,,,
Financial Reporting,Financial reporting quality within business groups,Laura Arranz-Aperte,Bartolomé Pascual-Fuster,,,,,University of the Balearic Islands,,,,,
Financial Reporting,Mandatory non-financial reporting and strategic voluntary disclosure: evidence from an employer review platform,Karl Kappen,Jan Roessner,Inga Meringdal,,,,LMU Munich,LMU Munich,,,,
Financial Reporting,Demand for sustainability disclosures: evidence from web-tracking data of CSRD reports,Lea Hagemeier,Maximilian A. Müller,,,,,University of Cologne,,,,,
Financial Reporting,When ESG reporting backfires: evidence on withholding bad news following SASB standards rollout,Amna Chalwati,,,,,,,,,,,
Financial Reporting,Earnings management of oil & gas firms after the Russian invasion of Ukraine,Nadine Georgiou,Jochen Bigus,Nils Hain,,,,University of Innsbruck,Freie Universität Berlin,,,,
Financial Reporting,Collusion and earnings management in private firms: evidence from antitrust prosecutions in an emerging market,Begoña Giner,Hector Perafan,Belen Gill de Albornoz Noguer,,,,University of Valencia,Universidad Externado de Colombia,,,,
Financial Reporting,Financial reporting regulation and corporate non-financial misconduct,Dennis Sundvik,Henrik Hoglund,Mingjian Li,,,,Hanken School of Economics,Hanken School of Economics,,,,
Financial Reporting,When the pieces move: do financial analysts pick up on segment reporting reshuffling?,Andrei Filip,Louis Mangeney,Rucsandra Moldovan,Paul André,,,IESEG School of Management,IESEG School of Management,Concordia University,,,
Financial Reporting,Misstatement types and SEC investigations,Florian Dreyer,,,,,,,,,,,
Financial Reporting,Anticipating change: stock market and multinational firm responses to disaggregation in income tax disclosures,Derek Christensen,Anh Nguyen,Dan Lynch,Max Pflitsch,,,University of Oregon,UW Madison,University of Wisconsin-Madison,,,
Financial Reporting,How does public activism shape voluntary disclosure? Evidence from the thematic contents of earnings calls,Jiamin Zhao,,,,,,,,,,,
Financial Reporting,InnoBERT: LLM-based innovation measure,Mustafa Ahçi,Philip Joos,,,,,Erasmus University Rotterdam,,,,,
Financial Reporting,Stakeholder responses to IFRS 18 and the institutionalisation of non-GAAP measures: evidence from 214 comment letters,Edoardo Nesi,,,,,,,,,,,
Financial Reporting,"Pills, powders, and proof",Christian Friedrich,Gerrit von Zedlitz,Anna Costello,,,,University of Mannheim,University of Mannheim,,,,
Financial Reporting,Investor reaction to information generated over the reporting cycle,Raluca Chiorean,Kathleen Weiss Hanley,Neil Snow,,,,Lehigh University,Lehigh University,,,,
Financial Reporting,Capital market effects of risk factor disclosure modernization,James Blann,James Moon,Yuxiao Wang,,,,Georgia Institute of Technology,Georgia Institute of Technology,,,,
Financial Reporting,On the optimal frequency of mandatory disclosure,Seung Lee,Ivan Marinovic,,,,,University of Southern Denmark,,,,,
Financial Reporting,Disclosure externalities created by information processing capacity allocation: the role of heterogeneous processing costs across information disclosures,Sebastian Fleer,Hui Chen,,,,,University of Basel,,,,,
Financial Reporting,"More information, less learning: how disclosure shapes market feedback",Hui Chen,Jan Schneemeier,Seung Lee,,,,University of Zurich,Michigan State University,,,,
Financial Reporting,Targeted disclosure to retail investors,Wan Chu Cheong,,,,,,,,,,,
Financial Reporting,Making risk-factor disclosures useful again,Ankita Marwaha,Nitin Vishen,,,,,Aalto University,,,,,
Financial Reporting,Cybersecurity risk disclosure and corporate credit risk,Tsung-Kang Chen,Yi Jie Tseng,Yun Hao,,,,National Yang Ming Chiao Tung University,Fu Jen Catholic University,,,,
Financial Reporting,CEO final year and tone management: does managerial ability matter?,Oveis Madadian,Pratik Goel,Wouter Torsin,,,,IESEG School of Management,IESEG School of Management,,,,
Financial Reporting,What matters in predicting earnings changes: financial statement numbers or textual disclosures?,Kaustav Sen,Neerav Nagar,Indranil Bose,,,,"Lubin School of Business, Pace University, New York",Indian Institute of Management Ahmedabad,,,,
Financial Reporting,The informativeness of SOX 404 textual disclosures: using natural language processing on management’s and auditor’s internal control disclosures to detect financial misreporting,Stephan Küster,Tobias Steindl,Sven Hartlieb,,,,Freie Universität Berlin,University of Regensburg,,,,
Financial Reporting,Does climate-related cheap talk matter? Climate disclosure and management earnings forecasts,Gerald Eisenhut,Margarethe Rammerstorfer,Katrin Hummel,Karl Weinmayer,,,Vienna University of Economics and Business,Vienna University of Economics And Busines,Vienna University of Economics and Business,,,
Financial Reporting,Beyond words? Using multimodal large language models to analyze conference calls,Doron Reichmann,Anna Rohlfing-Bastian,,,,,Goethe University Frankfurt,,,,,
Financial Reporting,Dual deregulation and the IPO decision under the JOBS Act,Heylel-Li Biton,Benjamin Segal,,,,,Hebrew University of Jerusalem,,,,,
Financial Reporting,Product market competition and segment-level management forecast disclosure,Yuriko Takahashi,,,,,,Hitotsubashi University,,,,,
Financial Reporting,Workplace automation and human capital disclosure,Yingshuang Ma,Byron Song,Janus Jian Zhang,,,,Hong Kong Baptist University,Hong Kong Baptist University,Hong Kong Baptist University,,,
Accounting and Governance,Monitoring the green line: environmental covenants in supply chain contracts,Ting Dai,Ling Cen,Michael Hertzel,Scott Liao,,,Hanken School of Economics,The Chinese University of Hong Kong,,,,
Accounting and Governance,Emissions restatements after the SEC’s request for public input on climate-related disclosures: evidence from carbon disclosure project filings,Daniel Aobdia,Gerrit Köchling,Peter Limbach,Aaron Yoon,,,Pennsylvania State University,Ilmenau University of Technology,University of Bielefeld,,,
Accounting and Governance,Strengthening stakeholder engagement through reputation and assurance mechanisms: insights from Latin American companies,Kiara Chau,Laura Sierra Garcia,Maria Garcia Benau,,,,University of Valencia,Universidad Pablo de Olavide,,,,
Accounting and Governance,Risk governance as an ethical safeguard: corruption and the demand for enhanced risk oversight,Evelyn Braumann,Mark Beasley,Bruce Branson,Don Pagach,,,Vrije Universiteit Amsterdam,NC State University,NC State University,,,
Accounting and Governance,Control rights or wrongs? Active versus index governance,Begum Ipek Yavuz,David K. Musto,Anne M. Tucker,,,,McGill University,University of Pennsylvania,,,,
Accounting and Governance,"State capitalism, conflict of interest, and minority shareholder voice: evidence from China",Chan Ke,,,,,,,,,,,
Accounting and Governance,Men are inclusive,Cristina Grande-Herrera,Susana Gago Rodriguez,María Josefa Álvarez-Gil,Bárbara de la Vega-Justribó,,,Universidad Pontificia Comillas,Universidad Pontificia Comillas,Universidad Carlos III de Madrid,,,
Accounting and Governance,Board faultlines and corporate performance: the moderating role of national culture,Lin Luo,Steven Chen,Jannine Poletti-Hughes,,,,University of Liverpool,University of Liverpool,University of Liverpool,,,
Accounting and Governance,Family CEO successions: the role of the succession design,Caroline Thøisen Larsen,,,,,,Copenhagen Business School,,,,,
Accounting and Governance,To reveal or conceal? Local environmental enforcement and firms’ strategic supplier identity disclosure,Lulu Di,Jie Gao,Shiyuan Li,Hong Luo,,,Southwestern University of Finance and Economics,Macau University of Science and Technology,Southwestern University of Finance and Economics,Southwestern University of Finance and Economics,,
Accounting and Governance,United we speak: antidumping investigations and intra-industry strategic cost coordination,Yangyi Zhang,Cheng Zeng,Qiang Wu,Omrane Guedhami,,,The Hong Kong Polytechnic University,The Hong Kong Polytechnic University,The Hong Kong Polytechnic University,University of South Carolina,,
Accounting and Governance,When do narcissists rise to the top? Slack and narcissistic CEO appointment,Philipp Richter,Aline Grahn,Sebastian Baldermann,Thomas Moliterno,,,Dresden University of Technology,Freie Universität Berlin,Vrije Universiteit Amsterdam,Vrije Universiteit Amsterdam,,
Accounting and Governance,Financial reporting consequences of consumer protection disclosure: evidence from data breach notification laws,Lien Duong,Zijie Huang,Grantley Taylor,,,,Curtin University,Curtin University,Curtin University,,,
Accounting and Governance,The impact of the general data protection regulation (GDPR) on the sensitivity of executive compensation,Wei-Chuan Kao,Chih-Hsien Liao,,,,,National Taiwan University,National Taiwan University,,,,
Accounting and Governance,Frivolous or meritorious lawsuits? Judicial efficiency and corporate disclosure,Weiqi Liu,Sterling Huang,Sugata Roychowdhury,Bingxu Fang,,,Singapore Management University,NYU Shanghai,Northwestern University,Singapore Management University,,
Accounting and Governance,Institutional investors and environmental expertise on corporate boards,Raffaele Manini,Philip Joos,Duo (Selina) Pei,Tom Vos,,,Warwick University,Tilburg University,Warwick University,,,
Accounting and Governance,Climate policy uncertainty and climate institutional investors’ activism: the moderating role of TCFD-aligned disclosure,Zhenyu Liu,Isabelle Martinez,,,,,Université Toulouse Capitole,,,,,
Accounting and Governance,Prosocial analysts and corporate ESG activities,Weiyan Hu,Xuejiao Liu,Hong Wu,Huai Zhang,,,University of International Business and Economics,University of International Business and Economics,City University of Hong Kong,,,
Accounting and Governance,Rewarding investor communication effort: evidence from compensation of investor relations officers,Rong Huang,Wei Shi,Feng Tang,Desmond Yuen,,,University of Macau,Deakin University,The Hang Seng University of Hong Kong,,,
Accounting and Governance,Do managers feather their own nest by disclosing less? Evidence from corporate opportunity waiver laws,Jeffrey Ng,Jiaxin Wang,Huailing Xie,Guochang Zhang,,,The University of Hong Kong,The University of Hong Kong,Shanghai Jiao Tong University,,,
Accounting and Governance,Strategic silence or defensive evasion? Corporate risk taking and managerial,Menghan Li,Cheng Zhang,Jiawei Ni,,,,Northwestern Polytechnical University,Northwestern Polytechnical University,,,,
Accounting and Governance,The attractiveness of stock exchanges and its effects on firm IPO valuation – evidence from the overseas listing of mainland Chinese companies,Lirong Shi,,,,,,,,,,,
Accounting and Governance,The price of voice: how investor engagement distorts investment,Zili Zhuang,Jun Chen,Yongxin Xu,,,,The Chinese University of Hong Kong,The Chinese University of Hong Kong,,,,
Accounting and Governance,The impact of going public on the corporatization of football clubs. The Italian case,Roberto Aprile,,,,,,,,,,,
Accounting and Governance,When women lead and oversee: how female executive vs. supervisory directors shape corporate tax aggressiveness,David Castillo-Merino,Josep García-Blandón,,,,,Institut Químic de Sarrià,,,,,
Accounting and Governance,"From tokenism to oversight board gender diversity, audit committees, and corporate currency hedging",Jessica Yi,,,,,,,,,,,
Accounting and Governance,Boardroom diversity and risk-taking decisions: employee director perspective,Ruth Owusu-Mensah,Nana Bempah,Andrews Owusu,,,,Nottingham Trent University,University of Derby,,,,
Accounting and Governance,Nature of corporate governance problem: political arbitration for common good Part I,Pradyot (P.K.) Sen,Sushil Khanna,Krishna Ladha,,,,University of Washington Bothell,Indian Institute of Management Calcutta,,,,
Accounting and Governance,CEOs in political and corporate democracy,Weijia Zhi,Menghan Zhu,,,,,The Chinese University of Hong Kong,,,,,
Accounting and Governance,When the stakes are personal: wealth concentration and audit fees,Kurt Desender,Monica Lopez-Puertas Lamy,,,,,Universidad Carlos III de Madrid,,,,,
Accounting and Governance,Political promotion and corporate social responsibility reporting quality: evidence from Chinese local state-owned enterprises,Yi Wang,Hwa-Hsien Hsu,,,,,ISEG Lisbon School of Economics & Management,,,,,
Accounting and Governance,In the name of national security: foreign investment and national security act (FINSA) and credit ratings,Tracie Frost,,,,,,,,,,,
Accounting and Governance,Does the blocking of internet information search exacerbate controlling shareholders’ tunneling? Evidence from Google’s withdrawal from China,Lin Pan,Jiawen Wang,Junshang Xiao,Wenxia Ge,,,Xiamen University of Technology,Beijing Jiaotong University,Chinese Academy of Fiscal Sciences,,,
Accounting and Governance,From FDA to SEC: clinical trial result submission and supplementary SEC disclosure,Caixia Hu,Qin Li,Lixin (Nancy) Su,,,,The Hong Kong Polytechnic University,The Hong Kong Polytechnic University,,,,
Accounting and Governance,Corporate governance and goodwill impairment: impact on future performance,Sofiya Meleshkova,,,,,,,,,,,
Accounting and Governance,Disclosure of misconduct in supply chains,Marina Köllermeyer,Michael Ebert,,,,,Paderborn University,,,,,
Accounting and Governance,Goofus or Gallant? Externalities of peers’ environmental penalties,Haiyan Jiang,Mabel D Costa,Le Luo,Albert Tsang,,,Macquarie University,Durham University,Macquarie University,,,
Accounting and Governance,Sustainability control tightness and corporate decarbonization,Mohsin Riaz,Jamshed Iqbal,Toni Mättö,,,,University of Jyväskylä,University of Jyväskylä,,,,
Accounting and Governance,Regulatory spillovers and corporate visibility: how peer environmental penalties shape advertising behavior,Chao He,Dio Cheng-Erh Huang,Qingyuan Li,Yiran Xu,,,Dalian University of Technology,National United University,Wuhan University,,,
Accounting and Governance,Not all that’s abandoned is lost: the informational role of withdrawn patent applications,Shangkun Liang,Sichao Wang,Cheng Zeng,,,,Central University of Finance And Economics,Central University of Finance And Economics,,,,
Accounting and Governance,Government data accessibility and firms’ strategic alliances formation,Huailing Xie,,,,,,,,,,,
Accounting and Governance,Analyst coverage and corporate wage theft,Mark Anderson,Soonchul Hyun,Hunter An,Zhiyan Wang,,,University of Calgary,University of North Carolina-Greensboro,University of North Carolina-Greensboro,,,
Accounting and Governance,Structural effects of gender quota regulations on board characteristics and governance quality: two decades of evidence from Scandinavia,Josep García-Blandón,Josep Argiles-Bosch,Diego Ravenda,David Castillo-Merino,,,Institut Químic de Sarrià,University of Barcelona,TBS Education,,,
Accounting and Governance,From reform to representation: women on boards and shareholder dissent,Martin Bugeja,Jiaqi Wang,,,,,University of Technology Sydney,,,,,
Accounting and Governance,Board gender quotas and female CEOs in private firms,Marcelo Ortiz,Sonia Falconieri,Francisco Urzua,Paolo Volpin,,,Universitat Pompeu Fabra,,Bayes Business School,,,
Accounting and Governance,Advancing geo-accounting: a bibliometric-systematic review of geopolitical risk in financial reporting,Aragón Djamchidi,Thomas Berndt,,,,,University of St.Gallen,,,,,
Accounting and Governance,The boundaries of dialogic accountability,Natalia Berg,,,,,,,,,,,
Accounting and Governance,Analyst discovery in the era of information democratization,Zhengyuan Huang,Qinglu Jin,Hongping Tan,Xingqiang Yin,,,Shanghai University of Finance and Economics,Shanghai University of Finance and Economics,McGill University,,,
Accounting and Governance,Tweeting for pay? CEO twitter activity and the design of incentive compensation,Wenjiao Cao,Yuyan Guan,Long Niu,Yachang Zeng,,,Erasmus University Rotterdam,Nanyang Technological University,Wenzhou-Kean University,,,
Accounting and Governance,Contextualized CEO effect,Wenzhi Ding,Wanying Song,Qiang Wu,,,,The Hong Kong Polytechnic University,The Hong Kong Polytechnic University,,,,
Accounting and Governance,The silent signals of leadership: the role of CEO body language in compensation decisions,Mehdi Khodakarami,Mukesh Garg,Cameron Truong,Christofer Adrian,,,Monash University,Monash University,Monash University,,,
Accounting and Governance,Green signals in capital markets: the impact of sustainable supply chain practices on financing choices,Hui Sung Kao,Shu-Hsien Lin,,,,,Feng Chia University,,,,,
Accounting and Governance,Firm-specific climate change risk and environmental contracting,Rodion Skovoroda,Siqi Liu,Xianmin Liu,Sardar Ahmad,Andrew Stark,,The Open University Business School,Open University,University of Greenwich,University of Liverpool,,
Accounting and Governance,Do not smear my reputation: compromised directors and corporate social responsibility,Akram Khalilov,Irina Gazizova,,,,,BI Norwegian Business School,,,,,
Accounting and Governance,Board interlocks in supply chains: information and governance implications,Deju Zhang,Sangho Chae,Hugo Lam,Shuo Wang,,,University of Galway,Warwick University,,,,
Accounting and Governance,Comparative analysis on the rationales of cooperative bank mergers in Finland and Germany,Pasi Sajasalo,Tommi Auvinen,Eric Meyer,Antti Rautiainen,,,University of Jyväskylä,University of Jyväskylä,University of Münster,,,
Accounting and Governance,Common ownership and the alignment of customer procurement networks: evidence from supplier sharing among U.S. public firms,Jiyuan Dai,Igor Kadach,,,,,University of Cyprus,,,,,
Accounting and Governance,From trading to voting: small shareholders on digital platforms,Yike Wang,,,,,,,,,,,
Accounting and Governance,Do excess control rights hinder equity incentive adoption? Evidence from China,Hui Zhou,Li Feng,Geoff Martin,,,,University of Auckland,University of Auckland,,,,
Accounting and Governance,Expertise-aligned dissent and the effectiveness of board oversight,Wuchun Chi,Jia-Wen Liang,Stephanie Tsui,Anxuan Xie,,,National Chengchi University,National Chengchi University,National Chengchi University,,,
Accounting and Governance,Whose interests are reflected in SEC rules?,Gabriel Pundrich,Gabriel Voelcker,Chuck Downing,,,,University of Florida,Dartmouth College,,,,
Accounting and Governance,The power of patience: geography and negotiation dynamics in proxy voting,Xijiang Su,Ruichi Xiong,,,,,York University,,,,,
Accounting and Governance,Sanctions and firms’ performance: a geopolitical accounting approach,Olga Golubeva,,,,,,,,,,,
Accounting and Governance,Racial disparities in the processing of whistleblower complaints,Marco Errico,,,,,,,,,,,
Accounting and Governance,Targeted transparency and individual accountability: evidence from police officer identification,Gerrit von Zedlitz,Felix Vetter,Thomas Simon,,,,University of Mannheim,University of Mannheim,,,,
Accounting and Governance,Hiding in plain sight: online complaints as an alternative to whistleblowing,Jeroen Koenraadt,Aneesh Raghunandan,Thomas Ruchti,,,,London School of Economics,Yale University,,,,
Accounting and Governance,How does fair value accounting affect risk management for directors and officers?,Che-Chia Chang,Ya-Hui Lin,Hunghua Pan,,,,Tunghai University,Tunghai University,,,,
Accounting and Governance,Spillover effects of bank enforcement actions,Diana Choi,Danyang Jiang,Ted Goodman,Lin Cheng,,,Purdue University,University of International Business and Economics,Purdue University,,,
Accounting and Governance,Banks’ revolving door hiring of former regulators and forward-looking credit loss accounting,Jia Guo,Weihua Qiu,Janus Jian Zhang,,,,The Hong Kong Polytechnic University,Sun Yat-sen University,,,,
Accounting and Governance,Blockchain platform of bank confirmations and corporate cash holdings,Yan Wang,Fei Yan,Baolei Qi,,,,Xi’an Jiaotong University,Xi’an Jiaotong University,,,,
Accounting and Governance,"Interdiscipinary approaches to the valuation of historical, heritage and cultural digital assets: a case study of Chichester festival theatre",Karen McBride,,,,,,,,,,,
Accounting and Governance,Decentralizing capital access: evidence from blockchain adoption in regional SME equity markets,Ke Liao,Ziheng Qi,,,,,University of Electronic Science and Technology of China,,,,,
Accounting and Governance,Family firms and corporate litigation: the role of reputation,Federico Bertacchini,Gianluca Gabrielli,,,,,University of Parma,University of Parma,,,,
Accounting and Governance,Codified board advising and family firm innovation in an emerging economy,Joyce Wang,Yiyi Zhao,Jigao Zhu,Mike Peng,,,Texas State University,University of International Business and Economics,Univ. of International Business & Economics,University of Texas at Dallas,,
Accounting and Governance,Strategic slack and socioemotional wealth: a dual-theoretical perspective on R&D smoothing in family firms,Zeenat Murtaza,Androniki Triantafylli,Georgios Kavetsos,,,,Queen Mary University of London,Queen Mary University of London,Queen Mary University of London,,,
Accounting and Governance,Does political opportunism pay off? Evidence from government contracts,Jan Seitz,Simon Wolf,,,,,LMU Munich,Humboldt University of Berlin,,,,
Accounting and Governance,Firm-level political risk and the likelihood of pension buyout transactions,Dorcas Nduakoh,Monika Tarsalewska,Paraskevi Vicky Kiosse,Pengguo Wang,,,Hong Kong Metropolitan University,University of Exeter,,University of Exeter,,
Accounting and Governance,Retroactive inscription and the temporal stabilisation of inter-organisational control,Sandrine Mathieu Dumas,,,,,,University of Montpellier,,,,,
Accounting and Governance,"Corporate governance, dividend policy, and the institutional environment: evidence from EU-firms",Gabriel Matejka,Ewald Aschauer,,,,,Vienna University of Economics and Business,Vienna University of Economics and Business,,,,
Accounting and Governance,"Managerial ownership, esg-linked compensation, and human capital disclosure: evidence from the SEC Regulation S-K amendment",Abdullah Alkhawfi,Ana Marques,Francesca Cuomo,Januário Monteiro,,,University of East Anglia,University of East Anglia,"Norwich Business School, University of East Anglia",University of East Anglia,,
Accounting and Governance,"Firm innovation in the digital era: evidence from executive equity incentives, blockchain, and governance mechanisms",Androniki Triantafylli,Evisa Mitrou,Rong Zhang,,,,Queen Mary University of London,Queen Mary University of London,Queen Mary University of London,,,
Accounting and Governance,The rise of artificial hegemony in corporate governance experimental evidence on the use of LLMs in strategic board deliberations,Patrick Zbinden,Yu Sun,Michele Sutter-Rüdisser,Thomas Berndt,,,University of St.Gallen,University of St.Gallen,,University of St.Gallen,,
Accounting and Governance,The impact of government transparency on firm innovation disclosures,Qing Xia,,,,,,University of Oxford,,,,,
Accounting and Governance,"CEO structural power, earnings persistence and organizational complexity",Erekle Pirveli,Philip Sinnadurai,,,,,Caucasus University,Charles Sturt University,,,,
Accounting and Governance,Corporate insiders’ risk attitudes in dynamically changing environments,Sreyaa Guha,Elvira Scarlat,Matthias Seifert,Allègre Hadida,,,Nova School of Business And Economics,IE University,IE University,University of Cambridge Judge Business School,,
Accounting and Governance,Friends or foes? Staggered boards and stakeholder violations,Rashid Zaman,Muhammad Nadeem,Georges Samara,Hadrian Djajadikerta,,,Curtin University,University of Queensland,American University of Beirut,Curtin University,,
Accounting and Governance,The effect of penalty salience on insider trading: evidence from prison closures,Markus Andreas Frank,Jonas Heese,Joseph Pacelli,,,,Technical University of Munich,Harvard University / Harvard Business School,Harvard Business School,,,
Accounting and Governance,Accounting-based monitoring: evidence from supply chain contracts,Xuanheng Huang,,,,,,Bocconi University,,,,,
Accounting and Governance,The impact of IPO terminations on R&D manipulation in peer listed firms,Zijian Cheng,Qian Li,Zhangxin (Frank) Liu,Yang Su,Tianze Li,,Shandong University,Shandong University,University of Western Australia,Harbin Institute of Technology,,
Accounting and Governance,"Bank specialization, control rights, and real effects",Ozan Güler,Marco Giometti,Stefano Pietrosanti,,,,CUNEF Universidad,Universidad Carlos III de Madrid,,,,
Accounting and Governance,"Executives’ horizon, internal governance, and forward-looking credit loss accounting",Fangfang Hou,Huan Ke,Janus Jian Zhang,,,,Xiamen University,Hong Kong Baptist University,,,,
Accounting and Governance,Institutional dual holdings and firms’ executory contracts with suppliers: evidence from shareholder-lender mergers,Yunqi Xu,,,,,,,,,,,
Accounting and Governance,Executive interest alignment or opportunism: transparency as a governance mechanism in equity-based incentives,Henri Tran,Thu Ha Tran,,,,,Burgundy School of Business,,,,,
Accounting and Governance,Unintended consequences of mandatory CEO pay ratio disclosure,Vijay Shukla,,,,,,,,,,,
Accounting and Governance,ESG-related executive compensation and firms’ voluntary financial disclosures,Clemens Lauer,,,,,,,,,,,
Accounting and Governance,Gendered wage dynamics in high-level roles: why parenthood widens the leadership wage gap?,Elisa Raoli,,,,,,,,,,,
Accounting and Governance,Executive mental health and corporate investment,Mariya Ivanova,Jenni Kallunki,Juha-Pekka Kallunki,Gilad Livne,,,NHH Norwegian School of Economics,University of Oulu,University of Oulu,,,
Accounting and Governance,Do nomination committees shape board diversity?,Kashan Pirzada,Kamran Ahmed,,,,,Birmingham City University,,,,,
Accounting and Governance,How do corporate site visits affect the probability of industrial firms announcing refocusing?,Chun Yu Mak,Jia Liu,Guowen Li,,,,University of Birmingham,University of Portsmouth,,,,
Accounting and Governance,Performance through innovation: a dynamic analysis of SMEs,Gavin Reid,Julia Smith,,,,,University of St Andrews,,,,,
Accounting and Governance,Closed innovation vs open innovation: artificial intelligence and innovation strategy choice of SMEs,Qianwen Wang,Junrui Zhang,,,,,Xi’an Jiaotong University,,,,,
Accounting and Governance,"Boss’s sin, subordinates’ stain: stigma by association and employee careers in the aftermath of CFO dismissals",Steven Cahan,Jiaying Ge,Jingjing Xia,Rengong Zhang,,,University of Auckland,Wenzhou-Kean University,Wenzhou-Kean University,,,
Accounting and Governance,"Crash, bang, wallop—you’re fired: an experimental study of the effects of stock price crash and financial reporting quality on investor perceptions of CEO/CFO role dismissal",Ferdinand Gul,Karen Lai,Wen Hua Sharpe,Matt Mount,Bin Srinidhi,,University of Sunshine Coast,Shenzhen University,University of the Sunshine Coast,Deakin University,,
Accounting and Governance,"IPO withdrawal, industry competition and earning management of peer firms",Zijian Cheng,Yuxuan Shi,Qian Li,Zhangxin (Frank) Liu,,,Shandong University,Shandong University,Shandong University,,,
Accounting and Governance,Watchdogs or friends? CEO-audit committee ties and M&A performance,Syed Shams,Yaohua Qin,Chandra Krishnamurti,Luisa Unda,He Xiao,,University of Southern Queensland,Beijing Normal University-Hong Kong Baptist University,University of South Australia,University of the Balearic Islands,,
Accounting and Governance,Informing independent directors,Messod Daniel Beneish,,,,,,,,,,,
Accounting and Governance,Board composition and implicit team incentives,Masako Darrough,Eunhee Kim,Sandra Kronenberger,Sebastian Kronenberger,,,Baruch College,Baruch College,Johannes Gutenberg University Mainz,,,
Accounting and Governance,Delegation to subsidiary executives and earnings management: evidence from publicly listed subsidiaries in Japan,Yoshitaka Kubota,Yasuhiro Ohta,,,,,Nagoya Gakuin University,,,,,
Accounting and Governance,Managing employee perceptions under takeover threats? Evidence from CEO approval ratings on glassdoor,Dichu Bao,Ruirui Fang,Lixin (Nancy) Su,,,,Lingnan University,The Hong Kong Polytechnic University,,,,
Accounting and Governance,Rent-seeking through bad mouthing: employees’ strategic workplace disclosure before stock option grants,Yangyang Chen,Yongkang Li,Junqi Liu,Jeffrey Pittman,,,City University of Hong Kong,City University of Hong Kong,Xiamen University,,,
Accounting and Governance,How socially responsible investors shape sustainability assurance practices? Evidence from European firms,Marta Sánchez Sancho,Maria del Mar Sanchez Hernandez,Jennifer Martinez Ferrero,Emma García-Meca,,,Universidad de Salamanca,Technical University of Cartagena,Universidad de Salamanca,,,
Accounting and Governance,Spillover effects of non-financial reporting mandate: uncertainty about investors’ preferences,Dimitrios Papagiannis,Bjarne Brié,,,,,Tilburg University,,,,,
Accounting and Governance,Beyond financials: exploring existing and emerging non-financial reporting practices,Paolo Biancone,Valerio Brescia,Ginevra Degregori,Maria Carmela Serluca,,,University of Turin,University of Milan,University of Turin,,,
Accounting and Governance,"Uncertainty, earnings call disclosure, and debt financing",Yi-Mien Lin,Jing-Chi Chen,,,,,National Chung Hsing University,,,,,
Accounting and Governance,Family firms and debt contracts: evidence from Taiwan,Pin-Yi Yeh,Dio Cheng-Erh Huang,Ann Ling-Ching Chan,,,,Pwc Taiwan,National United University,,,,
Accounting and Governance,The voice of small shareholders at annual general meetings,Costanza di Fabio,Alberto Quagli,Francesco Avallone,Paola Ramassa,,,University of Genoa,University of Genova,University of Genoa,,,
Accounting and Governance,Monitoring or collusion? Common institutional ownership and the accuracy of management earnings forecasts in Japan,Wenjun Kuang,Efendi Jap,,,,,Hiroshima University,Northern Arizona University,,,,
Accounting and Governance,From slack to discipline: private equity ownership and operating cost stickiness,Gianluca Gabrielli,Camilla Ciappei,,,,,University of Parma,University of Padova,,,,
Accounting and Governance,The effect of employee stock ownership on earnings management: evidence from Japan,Shuichiro Kyodo,,,,,,Osaka Metropolitan University,,,,,
History,"Redistributing disaster cost: accounting, power, and corporate survival after Fukushima",Eri Kanamori,Orie Miyazawa,,,,,Ritsumeikan University,University of Kent,,,,
History,The historiography of double entry accounting in the pre-modern era — a critical reassessment,Alan Sangster,,,,,,University of Aberdeen,,,,,
History,Telefónica in historical perspective (1924–2024): a century-long longitudinal study of financial and accounting evolution,Javier Ayuso,Pau Insa-Sánchez,,,,,University of Valencia,Universitat Jaume I,,,,
Interdisciplinary / Critical,Assetization as a mode of control,Thomas Skinnerup,Gro Holde,,,,,Copenhagen Business School,,,,,
Interdisciplinary / Critical,Economic paradigms and their performativity in accounting research,Yuval Millo,Jan Pfister,,,,,Warwick University,,,,,
Interdisciplinary / Critical,Intangible assetization: the accounting entity on trial. The case of a French government initiative (2007-2020),Anne Jeny,Eve Chiapello,Laure Célérier,,,,IESEG School of Management,,,,,
Interdisciplinary / Critical,Generative AI versus human: a comparison of their uses in reflexive thematic analysis on corporate social responsibility motivations in UK audit firms,Di Min,,,,,,,,,,,
Interdisciplinary / Critical,Endogeneity challenges in environmental ESG and financial performance studies: a systematic review,Florian Follert,Tim Herberger,Nicole Trinkl,,,,Seeburg Castle University,Andrássy University Budapest,,,,
Interdisciplinary / Critical,Ascertaining RD&E decision-makers intentions to use AI: empirical evidence from an international sample,Laura Broccardo,Edoardo Crocco,,,,,University of Turin,,,,,
Interdisciplinary / Critical,"Accountability sinks, accountability gaps and technological injustice: the case of the British post office/horizon IT scandal",Louise Gorman,Niamh M. Brennan,Victoria Edgar,,,,Trinity College Dublin,University College Dublin,,,,
Interdisciplinary / Critical,The construction and evolution of non-financial benchmarks: an empirical investigation,Dasha Smirnow,Jan Bebbington,,,,,Lancaster University,,,,,
Interdisciplinary / Critical,Accounting and managerial dilemmas of network companies: railway companies as an example between 1883 and 1914,Mohamed Ali Dakkam,Cedric Poivret,,,,,University of Lorraine,,,,,
Interdisciplinary / Critical,"Waiters, old pals, beggars, and bribers: the economic and social lives of sell-side analysts in China",Dane Pflueger,Han Wu,Han Wu,,,,Warwick University,HEC Paris,,,,
Interdisciplinary / Critical,Bank shareholder equity between prudential regulation and financial management,Maria Elena Olante,Yuri Biondi,Davide Arrighi,,,,Università Cattolica del Sacro Cuore,CNRS,,,,
Interdisciplinary / Critical,How top managers’ vocabularies of motive shape accountability processes: the case of integrated reporting,Sabrina Roszak,Aziza Laguecir,Mouna Hazgui,,,,SKEMA Business School,EDHEC Business School,,,,
Interdisciplinary / Critical,Combining academic work and care responsibilities in the shadow of performance management,Kirsi-Mari Kallio,Aki Lehtivuori,Janne Tienari,Susan Merilainen,Tomi Kallio,,University of Turku,University of Turku,Hanken School of Economics,affiliation not provided,,
Interdisciplinary / Critical,How does the accounting research community think about open science?,Joachim Gassen,Jacqueline Klug,Victor van Pelt,,,,Humboldt University of Berlin,WHU - Otto Beisheim School of Management,,,,
Interdisciplinary / Critical,The affectivity of accounting and control practices and its role in changing organizations: an ethnographic study,Paola Trevisan,Christian Huber,,,,,Copenhagen Business School,,,,,
Interdisciplinary / Critical,"""Who are you?"" silence and melancholia as a psychic operation of power in diverse accounting spaces",Tassiani dos Santos,Nick McGuigan,Iago Lopes,,,,Durham University,Monash University,,,,
Interdisciplinary / Critical,"IMPACT, SHE WROTE - genres of narrative reporting in the cultural sector",Angela Nativio,,,,,,,,,,,
Interdisciplinary / Critical,From market fact to translation effect: re-theorizing the greenium through actor-network theory,Tra Tham,Othmar Lehner,Theresia Harrer,,,,Hanken School of Economics,Hanken School of Economics,,,,
Interdisciplinary / Critical,The illusion of duty: how the audit profession let users down,Cynthia Courtois,Pier-Luc Lajoie,Angélique Malo,,,,Laval University,University of Quebec in Trois-Rivières,,,,
Interdisciplinary / Critical,The interplay of cognition and emotion when interpreting accounting information: an ethnographic study of financial due diligence,Hanna Heeg,Christoph Pelger,,,,,University of Passau,,,,,
Interdisciplinary / Critical,Auditors’ going concern decisions: insights from practice,Dominic Detzen,Marshall Geiger,Anna Gold,Philip Wallage,,,Vrije Universiteit Amsterdam,University of Richmond,Vrije Universiteit Amsterdam,,,
Interdisciplinary / Critical,The myth of normal: a feminist account of cumulative trauma in women accountants’ careers,Alessandro Ghio,Carly Moulang,,,,,ESCP Business School,,,,,
Interdisciplinary / Critical,Activism in accounting academia: identity work in liminality,Juliette Senn,Alessandro Ghio,,,,,MBS School of Business,,,,,
Interdisciplinary / Critical,"Closed worlds, open practices: understanding accountability in Italian juvenile detention centres",Lorenzo Pratici,Anwar Halari,Isabella Mozzoni,,,,University of Parma,Open University,,,,
Interdisciplinary / Critical,Family firms and CO2 emissions: unpacking the role of market volatility and risk aversion,Rodrigo Basco,Thomas Bassetti,Andrea Caccialanza,Lorenzo dal Maso,,,American University of Sharjah,University of Padova,University of Bologna,,,
Interdisciplinary / Critical,The construction of financial value: crafting synergy estimates in acquisitions,Luc Paugam,Herve Stolowy,Yike Wang,Christof Binder,,,HEC Paris,HEC Paris,HEC Paris,,,
Interdisciplinary / Critical,Optimism or strategy? Positive communication in corporate disclosures,Karol Klimczak,Dominika Hadro,Marcel Meyer,Tohid Zeinali,,,Lodz University of Technology,Wrocław University of Economics And Business,University of Navarra,,,
Interdisciplinary / Critical,Competing frames in a crisis: a media house’s financial distress,Mattias Sandgren,Andreas Jansson,,,,,Jönköping University,Jönköping International Business School,,,,
Interdisciplinary / Critical,The medium is the message: analysing the implications of machine-readable corporate reporting,Nick Rowbottom,Indrit Troshani,,,,,University of Birmingham,Adelaide University,,,,
Interdisciplinary / Critical,From “likes” to value: sustainability accounting in agri-tourism farms through social media,Kriselda Gura,Servet Gura,Suman Lodh,Monomita Nandy,,,Epoka University,University of Tirana,Kingston University,Brunel University,,
Interdisciplinary / Critical,On the dynamics of accountability in a hyperreal setting: the narrative battle over star citizen,Herve Stolowy,Yves Gendron,Alexandre Madelaine,Luc Paugam,,,HEC Paris,,Erasmus University Rotterdam,HEC Paris,,
Interdisciplinary / Critical,Performing risk appetite: framing and overflowing of acceptable risk,Thomas Taussi,Jari Huikku,,,,,Aalto University,Aalto University,,,,
Interdisciplinary / Critical,Accounting research and vulnerability: some foundational reflections,Tobias Scheytt,Nadine Gerhardt-Huber,Nathalie Iloga Balep,Jaromir Junne,,,Helmut Schmidt University - University of the Federal Armed Forces Hamburg,Helmut Schmidt University - University of the Federal Armed Forces Hamburg,Helmut Schmidt University - University of the Federal Armed Forces Hamburg,Helmut Schmidt University - University of the Federal Armed Forces Hamburg,,
Interdisciplinary / Critical,Withstanding global accounting profession capacity building: the case of the Egyptian accounting profession,Perla Mardini,Brendan O’Dwyer,Christopher Humphrey,,,,Zayed University,Amsterdam Business School,University of Manchester,,,
Interdisciplinary / Critical,Accountants’ attitudes toward psychosocial influences on financial reporting – a qualitative study,Ewa Wanda Maruszewska,Dominika Korzeniowska,Elżbieta Jaworska,Nelli Artienwicz,,,University of Economics in Katowice,University of Lodz,West Pomeranian University of Technology,University of Gdansk,,
Interdisciplinary / Critical,Narrating the pinnacles of accountancy: oral histories from retired professionals,Lisa Baudot,Alessandro Ghio,Dana Wallace,,,,HEC Paris,ESCP Business School,,,,
Interdisciplinary / Critical,Calculation as part of the self? Professional identity positioning of marketers,Linda Hintsteiner,,,,,,,,,,,
Interdisciplinary / Critical,"""Simply because they are not like us"": accounting and the construction of oppression",Jenni Laaksonen,Eija Vinnari,,,,,Tampere University,,,,,
Interdisciplinary / Critical,Power in action: control in accounting through a Foucauldian lens,Ryoko Yamada,,,,,,,,,,,
Interdisciplinary / Critical,How practices shape standard-setting - endogenization in the IFRS accounting for extractive activities,Kjell Ove Røsok,Christoph Pelger,,,,,NHH Norwegian School of Economics,,,,,
Interdisciplinary / Critical,Making sense of hybrid working in accounting professional service firms,Christopher Flanagan,Yvonne Joyce,,,,,University of Glasgow,,,,,
Interdisciplinary / Critical,Corporate opinion leaders and reluctant auditors – ethnographic insights into the implementation of accounting standards,Leonie Daum,Christoph Pelger,,,,,University of Innsbruck,,,,,
Interdisciplinary / Critical,The interstitial dynamics of the audit expectation gap,Othmar Lehner,Tra Tham,Christoph Eisl,Stefan Fink,,,Hanken School of Economics,Hanken School of Economics,University of Applied Sciences Upper Austria,,,
Interdisciplinary / Critical,Career tactics: women’s networking groups in auditing,Simone Stavnsbo,,,,,,,,,,,
Interdisciplinary / Critical,Between embracing and resisting. non-accounting specialists’ responses to sustainability accounting integration,Vera Linke,Lukas Loehlein,,,,,WHU - Otto Beisheim School of Management,,,,,
Interdisciplinary / Critical,Calculative capture. How a net zero project is caught in revising the numbers,Katrin von der Lancken,Vera Linke,Utz Schaeffer,,,,WHU - Otto Beisheim School of Management,WHU - Otto Beisheim School of Management,,,,
Interdisciplinary / Critical,The disclosure dilemma: a supply chain perspective on the consequences of SEC investigation secrecy,Fangfei Jiang,,,,,,,,,,,
Accounting and Information Systems,The spillover effect of supplier data breach incidents along the supply chain,Wenhong Ding,Wei Guan,Zhenyang Shi,Sri Talluri,Tobias Schoenherr,,NEOMA Business School,"IDRAC International School of Management, Lyon",BI Norwegian Business School,Michigan State University,,
Accounting and Information Systems,"The value and impact of data assets on supply chain, innovation, firm reputation, and debt financing cost",Li Wang,,,,,,University of Akron,,,,,
Accounting and Information Systems,Calibration and uncertainty quantification in bankruptcy risk modeling,Hendrik von der Lippe,Luis Voskuhl,Petroula Glachtsiou,,,,Ruhr University Bochum,Ruhr University Bochum,Erasmus University Rotterdam,,,
Accounting and Information Systems,Management system standards and control in SMEs: a systematic literature review and integrated research framework,Mattias Sandgren,Anders Melander,Fredrika Askenmalm,Emilia Florin Samuelsson,Timur Uman,,Jönköping University,Jönköping International Business School,Jönköping International Business School,Jönköping University,,
Accounting and Information Systems,"Sustainability performance in the digital era: unpacking the roles of IT governance, IT absorptive capacity, and big data analytics with green knowledge management as a moderator",Syaiful Ali,Husna Karimah,Fauziah Abdunnafi,,,,Universitas Gadjah Mada,Gadjah Mada University,Gadjah Mada University,,,
Accounting and Information Systems,Algorithmic control and reciprocal (un)accountability of employer-worker relationships,Marisa Agostini,Daria Arkhipova,,,,,Ca’ Foscari University of Venice,Ca’ Foscari University of Venice,,,,
Accounting and Information Systems,Accounting for crime: detecting mafia-connected firms using machine learning,Francesco Ambrosini,Antonio Parbonetti,Michele Fabrizi,,,,University of Padova,University of Padova,University of Padova,,,
Accounting and Information Systems,Can machines read your face? A video analytics framework for measuring empathy via emotional mimicry in video recordings,Jingran Zhao,Li Cui,Ka Chung Ng,Zhoudao Lu,,,The Hong Kong Polytechnic University,The Hong Kong Polytechnic University,The Hong Kong Polytechnic University,,,
Accounting and Information Systems,Crypto and cocaine: how do criminals behave after large drug seizures?,Andrea Bafundi,Michele Fabrizi,Marco Ghitti,Antonio Parbonetti,,,University of Padova,University of Padova,University of Padova,,,
Accounting and Information Systems,AI-supported automation in accounting and tax consulting practice: development and evaluation of local privacy-compliant prototypes,Johannes Lässer,Markus Isack,,,,,Vienna University of Economics and Business,,,,,
Accounting and Information Systems,Coercive pressure and technology anxiety in the digital transformation of accounting: evidence from mandatory e-invoicing,Maciej Tuszkiewicz,Olga Grzybek,Ewa Wanda Maruszewska,,,,University of Economics in Katowice,University of Economics in Katowice,,,,
Accounting and Information Systems,Shaping the future of accounting: the role of strategic adaptability in AI-driven analytics (AIDA)-enabled digital transformation,Benjamin Lee,Gary Pan,Venky Shankararaman,,,,Singapore Management University,Singapore Management University,,,,
Accounting and Information Systems,Understanding the impact of generative AI on professional judgment,Sung Hwan Chai,Brian Nicholson,Leonid Sokolovskyy,George Salijeni,,,University of Manchester,University of Manchester,University of Manchester,,,
Accounting and Information Systems,The value of man in AI + man: field evidence from small business lending,Xia Chen,Qiang Cheng,Guanqun Dou,Shuai Shao,,,Singapore Management University,Singapore Management University,Fudan University,,,
Management Accounting,Prompting away the fixation: how the use of generative AI reduces fixation,Victor van Pelt,Dennis D. Fehrenbacher,,,,,WHU - Otto Beisheim School of Management,,,,,
Management Accounting,Confirmation bias in discretionary performance evaluations: the role of performance summaries,Victor Maas,Niluh Narsa,,,,,University of Amsterdam,,,,,
Management Accounting,Mitigation or exacerbation? The effects of public peer review on subjective performance evaluation bias,Xin Xu,Xian Huang,Yufei Liu,Yutong Zhang,,,Sun Yat-Sen University,University of Science and Technology of China,Xiamen University,,,
Management Accounting,Examining the effects of technology implementation on accountants’ perceptions of productivity,Clarence Goh,,,,,,,,,,,
Management Accounting,Stimulating pro-environmental behavior using management control: survey evidence from a city government,Berend van der Kolk,Eelke Wiersma,Willemijn Odekerken,,,,Vrije Universiteit Amsterdam,Vrije Universiteit Amsterdam,,,,
Management Accounting,"Customer sentiment, sustainability management controls and AI augmentation: implications for corporate social responsibility and firm performance",Januário Monteiro,Rogério Lunkes,Mauricio Codesso,,,,University of East Anglia,Federal University of Santa Catarina,,,,
Management Accounting,Negotiated wholesale prices and strategic allocation of bargaining power,Toshiaki Wakabayashi,Michael Kopel,,,,,Waseda University,,,,,
Management Accounting,Incentive design with biased reviewers and compensation committee,Takahiro Morimitsu,Taichi Kimura,,,,,Meiji University,,,,,
Management Accounting,Performance targets as screening devices,Hikaru Mitsuhashi,Taichi Kimura,,,,,Nagoya City University,,,,,
Management Accounting,Accountants who surf the digital technology wave: sensemaking and sensegiving,Sharon Cotter,Breda Sweeney,Patricia Martyn,,,,University of Galway,University of Galway,University of Galway,,,
Management Accounting,"More voices, more value(s): exploring the potential and challenges of diversity in the finance function",Ariela Caglio,Angelo Ditillo,Anna Missaglia,,,,Bocconi University,Bocconi University,Bocconi University,,,
Management Accounting,Boundary expansion as an epistemic transition: prescriptive and interpretive modes of knowledge work in the accounting profession,Yan Li,Masafumi Fujino,,,,,Takushoku University,Nihon University,,,,
Management Accounting,Investment efficiency and short-run and long-run contracting,Samuel Pereira,,,,,,University of Porto,,,,,
Management Accounting,The fixed-cost fallacy: why cost structure is not a reliable measure of operating leverage,Gianluca F. Delfino,,,,,,Stockholm School of Economics,,,,,
Management Accounting,The effect of cost stickiness on the marginal value of cash: the role of financial constraints and economic cycles,Yves Levant,Reda Sefsaf,,,,,SKEMA Business School,University of Lille,,,,
Management Accounting,The value of information doesn’t keep well: internal information quality and competitive advantage,Hari Ramasubramanian,,,,,,Frankfurt School of Finance & Management,,,,,
Management Accounting,Managerial response to regulatory intensity: organizational slack and implications for operating efficiency,Somnath Das,Sandip Dhole,Li Liu,,,,University of Illinois Chicago,Monash University,Deakin University,,,
Management Accounting,Learning from errors - evidence from the field,Leonhard Grabe,,,,,,University of Cologne,,,,,
Management Accounting,Compensation incentives and the effect of chief sustainability officers,Jonathan Black,Tongqing Ding,Bjørn Jørgensen,Naomi Soderstrom,,,University of Melbourne,University of Melbourne,Copenhagen Business School,University of Melbourne,,
Management Accounting,The interaction effect of relative performance feedback and task interdependency in group settings,Laura Gomez-Ruiz,Maria J. Sanchez-Exposito,Carlos Eduardo Jijena,,,,Universidad Pablo de Olavide,Universidad Pablo de Olavide,,,,
Management Accounting,The effect of work location policies and peer norms on employees’ misreporting,Lufi Mursita,Vincent Chong,Stijn Masschelein,Isabel Wang,,,University of Western Australia,University of Western Australia,University of Western Australia,,,
Management Accounting,The effect of working time flexibility in teams on subjective performance evaluation – the case of reduced working time,Jonas Fries,Ivo Schedlinsky,Friedrich Sommer,,,,Friedrich-Alexander-Universität Erlangen-Nürnberg,LMU Munich,,,,
Management Accounting,Supervisor discretion and employee working from home,Sander van Triest,,,,,,,,,,,
Management Accounting,Signaling purpose,Marina Talantceva,Dirk Sliwka,Timo Vogelsang,,,,University of Cologne,University of Cologne,,,,
Management Accounting,How peer evaluation-based bonus pool allocations influence employees’ rating behaviors,Daphni Lehmann,Marcel van Rinsum,Evelien Reusen,Erik Peek,,,Erasmus University Rotterdam,Erasmus University Rotterdam,Erasmus University Rotterdam,,,
Management Accounting,Noise effects on effort and performance: the influence of incentives and implicit targets,Steven Smith,Tyler Thomas,,,,,Brigham Young University,,,,,
Management Accounting,Self-focused ethical climate and knowledge hoarding: the compensating role of performance measurement in enabling organizational learning,Flavia Schmid,,,,,,,,,,,
Management Accounting,When management controls and auditors’ purpose collide: the mitigating effect of professional identity,Rosemarijn de Bruin,Lucia Bellora-Bienengräber,Paula Dirks,Sally Widener,,,University of Groningen,University of Duisburg-Essen,University of Groningen,,,
Management Accounting,Does an open performance information policy curb or foster gossip in the workplace? The role of output-based performance appraisal,Sabra Khajehnejad,Marte Abts,,,,,KU Leuven,,,,,
Management Accounting,Career patterns as evidence of how management controllers successfully construct their identity,Paul d’Argenlieu,Marie Redon,,,,,,,,,,
Management Accounting,Revisiting capital budgeting in family firms: a systematic review and conceptual integration,Lilia Gutierrez,Miguel Gil,Timur Uman,,,,Instituto Tecnológico y de Estudios Superiores de Monterrey,Jönköping University,,,,
Management Accounting,Uncovering the skills and competency requirements for accounting professionals,Virpi Ala-Heikkila,Mika Ylinen,Mikko Ranta,Marko Jarvenpaa,Kip Krumwiede,,University of Vaasa,University of Vaasa,University of Vaasa,University of Vaasa,,
Management Accounting,From infrastructure to accounting gadgets: how the spread of cost management tools on flight decks entices pilots to efficient flying through body and play,David Crvelin,Victoria Honsel,,,,,University of Birmingham,,,,,
Management Accounting,When traces count: governing consequentiality in mixed visibility regimes,Leona Wiegmann,Aldonio Ferreira,,,,,ESCP Business School,,,,,
Management Accounting,Reconfiguring large-scale infrastructure project success: project accounting as a mutable infrastructure of concern,Peter Skaerbaek,Tim Themsen,Kjell Tryggestad,,,,Copenhagen Business School,Copenhagen Business School,,,,
Management Accounting,The dark side of creative engagement and job complexity: a moderated mediation model linking informal controls to agility performance in startups,Thiago Tomaz Luiz,Ilse Beuren,,,,,Federal University of Santa Catarina,,,,,
Management Accounting,How management control systems shape B2B digital performance? The mediating role of data-driven decision making,Celliane Ferraz Pazetto,Silvana Meurer,Thiago Tomaz Luiz,Ilse Beuren,,,CUNEF Universidad,Universidade Federal de Santa Catarina,Federal University of Santa Catarina,,,
Management Accounting,"Performance measurement systems use, social performance and economic performance: relations and mediating effect",Adel Beldi,Kerim Karmeni,,,,,IESEG School of Management,,,,,
Management Accounting,The autopoiesis of control: management control systems as communication in complex healthcare environments,Pingli Li,Xuegang Cui,Erik Strauss,,,,University of Southampton,Beijing Normal University,,,,
Management Accounting,Developing financial sustainability in public research infrastructure: an action research perspective from SUS-MIRRI.IT,Edoardo Borlatto,Edoardo Crocco,Elisa Truant,Valeria Prigione,Giovanna Varese,,Università degli Studi di Torino,University of Turin,University of Turin,Università degli Studi di Torino,,
Management Accounting,Translating global conservation goals: a multi-level analysis,Sofia Yasmin,Chaudhry Ghafran,Sven Modell,,,,University of Manchester,Durham University,,,,
Management Accounting,Discretion over bonus timing,Saskia Opitz,Timo Vogelsang,Dirk Sliwka,Sidney Block,,,WHU - Otto Beisheim School of Management,Frankfurt School of Finance & Management,University of Cologne,,,
Management Accounting,What do resumes tell us about accounting rookie job candidates’ research potential?,Bin Ke,Zhen Long,,,,,National University of Singapore,,,,,
Management Accounting,Board knowledge breadth and performance metric variety in CEO bonus contracts,Paula Dirks,Sebastian Firk,Melissa Martin,Alexander van Slooten,,,University of Groningen,University of Duisburg-Essen,University of Illinois Chicago,,,
Management Accounting,Coordination incentive design and information exchange between sales and production functions,Clara Xiaoling Chen,Lan Guo,Yuming Hu,Nan Jiang,,,University of Illinois Urbana-Champaign,Wilfrid Laurier University,Jinan University,,,
Management Accounting,Do performance targets enhance supplier performance? Evidence on complementary and substitutive effects of trust and behavior control,Henri Dekker,Takaharu Kawai,Junya Sakaguchi,,,,Vrije Universiteit Amsterdam,Doshisha University,,,,
Management Accounting,Management control configurations for organizational adaptability,Philipp Sekol,Utz Schaeffer,Daniel Schaupp,,,,WHU - Otto Beisheim School of Management,WHU - Otto Beisheim School of Management,,,,
Management Accounting,"Screening precommitment, candidate quality, and time-to-hire: an experimental investigation",Anil Kshatriya,Adam Presslee,Ala Mokhtar,,,,ESSEC Business School,University of Waterloo,,,,
Management Accounting,"Personality traits, self-selection and incentives",Erika Bognar,Anna Rohlfing-Bastian,Sara Bormann,Michael Kosfeld,,,Goethe University Frankfurt,Goethe-University Frankfurt,Goethe-University Frankfurt,,,
Management Accounting,"Does operating risk information shape project selection, and does it stick? Experimental evidence",Anisa Shyti,Gianluca F. Delfino,,,,,Stern at NYU Abu Dhabi,,,,,
Management Accounting,"""Why bother with new technologies?"" Exploring the gap between analytics’ promises and realities in management accountants’ forecasting",Patrice Landagaray,Claire Ciampi,,,,,IESEG School of Management,,,,,
Management Accounting,From compliance to control: integrating sustainability reporting requirements into sustainability control systems,Ivo Hristov,Matteo Cristofaro,Lorenzo Coronella,,,,University of L’Aquila,University of Rome Tor Vergata,,,,
Management Accounting,"A never-settled integration: business intelligence, management control, and the work behind the dashboard",Paulo Ribeiro,Joao Oliveira,Pedro Campos,,,,,University of Porto,University of Porto,,,
Management Accounting,Living with net-zero tensions: how performance measurement and management systems mediate sustainability paradoxes in the energy sector,Siamak Soudani,Eleni Chatzivgeri,,,,,ESCP Business School,University of Edinburgh,,,,
Management Accounting,Reframing performance: how Russian SMEs reconstitute PMMS under sanctions-induced institutional disruption,Michael Axenrod,Siamak Soudani,,,,,ESCP Business School,ESCP Business School,,,,
Management Accounting,Social sustainability and the compromise between collectivity and individuality: a management control perspective,Amalie Ringgaard,Per Nikolaj Bukh,Michelle Carr,,,,University College Cork,Aalborg University,University College Cork,,,
Management Accounting,Organizational commitment and information sharing in the social construction of budgetary participation,Cristina Hillen,Carlos Eduardo Lavarda,,,,,Universidade Federal de Santa Catarina / Universidade Estadual do Paraná,Federal University of Santa Catarina,,,,
Management Accounting,New work patterns under algorithmic management control: diverging perspectives on the approach of control-evidence from standardized retail chains,Gary(Guanlin) Wang,Yasheng Chen,Chunyao Yang,,,,University of Bristol,Xiamen University,Xiamen University,,,
Management Accounting,How strategic orientation shapes network controls: insights from plural form franchising,Martine Cools,Alexandra van den Abbeele,Jens van Mele,,,,KU Leuven,KU Leuven,IESEG School of Management,,,
Management Accounting,Artificial intelligence for sustainability performance management: an integrative framework,Robert Faber,Bert Steens,Henri Dekker,,,,Vrije Universiteit Amsterdam,Vrije Universiteit Amsterdam,Vrije Universiteit Amsterdam,,,
Management Accounting,Integrating sustainability control in retail: an architecture-context fit perspective,Timur Uman,Miguel Gil,Mart Ots,,,,Jönköping University,Jönköping University,,,,
Management Accounting,Challenges for sustainability-related accounting and ESRS: management control systems and reporting,Tuija Virtanen,Minna Suutari,,,,,University of Helsinki,,,,,
Management Accounting,Can speculative design help managers identify more risks?,Dominic Santschi,Patrick Wilhelm,Dennis D. Fehrenbacher,Tobias Kowatsch,,,University of St.Gallen,Zurich University of The Arts,affiliation not provided,,,
Management Accounting,"Not all wrongs are equal: performance, pay appropriateness, and the decision to blow the whistle",Michael Kolodziej,Matthias Sohn,Kai Bauch,,,,European University Viadrina,University of Rostock,,,,
Management Accounting,Visual shortcuts or focal points? How risk maps and responsibility framing steer ESG risk response,Joanna van Meerbeeck,Eddy C Ardinael,Sabra Khajehnejad,Dieter Smeulders,Alexandra van den Abbeele,,KU Leuven,Tilburg University,KU Leuven,Nyenrode Business University,,
Management Accounting,Do managers obey the corporate values? Experimental evidence from managerial reporting,Philipp Richter,Peter Schaefer,Dominik Weise,,,,Dresden University of Technology,Technical University of Munich,,,,
Management Accounting,An exploratory study of demand-driven feedback systems in creative contexts,Cardin Masselink,Bart Dierynck,,,,,Tilburg University,,,,,
Management Accounting,The power of perspective: the effect of performance reporting frames on solving collective action problems,Siman Li,,,,,,,,,,,
Management Accounting,Management control system as a system: the case of the amoeba management system at Kyocera Corporation,Reinaldo Guerreiro,Paschoal Russo,Juliana Amaral,,,,University of Sao Paulo,Faculdade Fipecafi,,,,
Management Accounting,Dissemination of management controls across hierarchies,Kai Moßmann,Christian Hofmann,,,,,LMU Munich,,,,,
Management Accounting,Personnel controls and learning in a hybrid work setting: insights from BIG 4 accountancy firms,Michelle Carr,,,,,,,,,,,
Management Accounting,(Smart)watch your attention - a field experiment on health monitoring and productivity,Yutong Chen,Timo Vogelsang,Yaxuan Chen,,,,Frankfurt School of Finance & Management,Frankfurt School of Finance & Management,,,,
Management Accounting,Too much of a good thing: when does greater performance measurement frequency lead to less learning?,Ivo Tafkov,Jongwoon (Willie) Choi,Gary Hecht,,,,Georgia State University,University of Wisconsin-Madison,,,,
Management Accounting,The effects of mandatory and voluntary relative performance information on employee performance in skill development – a field experiment,Philip Autenrieth,Christoph Feichter,Jonas Haas,Mischa Seiter,Markus Wabnegg,,Ulm University,Vienna University of Economics and Business,Ulm University,Ulm University,,
Management Accounting,The role of team characteristics and business fundamentals in identifying high-growth entrepreneurial companies: a machine learning approach,Yi Jiang,Bin Ke,Zhen Long,Hongye Lyu,,,Harbin Institute of Technology (Shenzhen),National University of Singapore,Zhongnan University of Economics and Law,,,
Management Accounting,The effect of female leader team on staff turnover: the moderating role of ESG performance,Yu-Chun Lin,,,,,,,,,,,
Management Accounting,Corporate cultural diversity and long-term performance: the role of employee ownership,Karel Vanherle,Sebastian Firk,Aleksandra Klein,Jan Hennig,Alexandra van den Abbeele,,Vlerick Business School,University of Duisburg-Essen,University of Sustainability Vienna – Charlotte Fresenius Private University,University of Groningen,,
Management Accounting,Corporate culture and cost stickiness,Cheol Lee,Sohyung Kim,Chansog Kim,,,,Wayne State University,Brock University,,,,
Management Accounting,"Human capital metrics in CEO compensation: effects on pay equity, employee productivity, and firm value",Jia-Wen Liang,,,,,,,,,,,
Management Accounting,Organizational identification and managerial myopia: evidence from R&D investment,Jongyu Paula Hao,Eileen Chia-Ling Lee,Lu Zhu,,,,"California State University, Long Beach",National Chengchi University,,,,
Management Accounting,Navigating through the storm – physical climate risk and cost structure,Andre Hoppe,Chenlin Guo,,,,,KU Leuven,,,,,
Management Accounting,Market orientation and asymmetric cost management: evidence from linguistic cues,Kenneth Zheng,Weiwei Wang,Rajib Hasan,,,,University of Wyoming,Weber State University,,,,
Management Accounting,Quiet quitting: when coercive management control practices meet employees’ suppression of emotions and breach the psychological contract,Rosemarijn de Bruin,Lucia Bellora-Bienengräber,Paula Dirks,Sally Widener,,,University of Groningen,University of Duisburg-Essen,University of Groningen,,,
Management Accounting,Intertemporal dynamics of cost asymmetry,Eti Einhorn,Efrat Shust,,,,,Tel Aviv University,,,,,
Management Accounting,The principles of NPM in a governmentality hybrid. Evidence from Greek hospitals,Vasileios Milios,,,,,,,,,,,
Management Accounting,Know when to compare: the role of social comparison orientation,Evelyn Intan,,,,,,,,,,,
Management Accounting,Visualization of surgical costs using FL-TDABC and comparative analysis across hospital functions: an empirical examination incorporating uncertainty in medical processes,Hirooki Yoshihara,Jaewook Kim,,,,,Hiroshima University,,,,,
Management Accounting,No way to bounce back: how did Ukrainian SMEs stay resilient during the war?,Valeriia Melnyk,Olga Nicole Ermann,Carolyn Cordery,,,,Free University of Bozen,Nord University Business School,Victoria University of Wellington,,,
Management Accounting,"Online anger, offline costs: how consumer complaints create labor cost stickiness",Haowen Tian,Huili Zhi,Wenlan Xie,,,,Northwestern Polytechnical University,Northwestern Polytechnical University,The University of Sydney,,,
Public Sector Accounting & Not-For-Profit Accounting,Public value accounting: a systematic literature review and an ecosystem framework for analysis,Tie Cui,Yinuo Pan,,,,,University of Edinburgh,,,,,
Public Sector Accounting & Not-For-Profit Accounting,Detecting corruption risk: the effectiveness of anti-corruption measures,Diletta Vito,Giuseppe d’Onza,Romina Rakipi,Daniele Tammaro,,,University of Pisa,University of Pisa,West Virginia University,,,
Public Sector Accounting & Not-For-Profit Accounting,Stabilizing the unstable: budgeting social equity as a calculative practice in public sector allocation,Roland Almqvist,,,,,,,,,,,
Public Sector Accounting & Not-For-Profit Accounting,The impact of government target-based revenue manipulation on firms,Ningzhong Li,,,,,,,,,,,
Public Sector Accounting & Not-For-Profit Accounting,Financial condition determinants: a cross-country analysis of local governments in Italy and Portugal,Filippo di Lucia,Susana Jorge,Sebastiano Torcivia,,,,University of Palermo,University of Coimbra,,,,
Public Sector Accounting & Not-For-Profit Accounting,"With a little help of the state: supervision logic, institutional entrepreneurship and organizational transformation in a financial NGO",Nieves Carrera,Sampson Kwabena Senahey,Marco Trombetta,,,,IE University,IE University,,,,
Public Sector Accounting & Not-For-Profit Accounting,Managing sustainability integration in the public sector: insights from the German federal administration,Miriam Maske,Matthias Sohn,Philipp Herrmann,Bernhard Hirsch,David Lindermüller,,European University Viadrina,University of Rostock,University of the Bundeswehr Munich,Munich University of The Federal Armed Forces,,
Public Sector Accounting & Not-For-Profit Accounting,Gender-responsive budgeting: mobilising knowledge for public value creation,Chiara Oppi,Giovanna Galizzi,,,,,University of Bergamo,,,,,
Public Sector Accounting & Not-For-Profit Accounting,Value for money as an ethical practice: integrity and accountability in NHS business case decision-making,Dennis de Widt,,,,,,Cardiff University,,,,,
Public Sector Accounting & Not-For-Profit Accounting,Heritage assets recognition and disclosure: impact on citizens’ perceptions,Eugenio Anessi Pessina,Fabio Calò,Cecilia Langella,,,,Università Cattolica del Sacro Cuore,Università Cattolica del Sacro Cuore,Università Cattolica del Sacro Cuore,,,
Public Sector Accounting & Not-For-Profit Accounting,Does public accounting transparency lower sovereign borrowing costs?,Jan-Hendrik Meier,Tetiana Paientko,,,,,Kiel University of Applied Sciences,HTW Berlin - University of Applied Sciences,,,,
Public Sector Accounting & Not-For-Profit Accounting,The usefulness of financial reporting information in decision-making: determinant factors in Portuguese municipalities,Susana Jorge,Joana Caetano,Sónia Nogueira,,,,University of Coimbra,Instituto Politécnico de Bragança,Instituto Politécnico de Bragança,,,
Public Sector Accounting & Not-For-Profit Accounting,"Charity, performance and emotion: in giving, we receive",Mariannunziata Liguori,Noel Hyndman,,,,,Durham University,Queen’s University Belfast,,,,
Public Sector Accounting & Not-For-Profit Accounting,Municipality size and asymmetric cost behaviour: empirical evidence from Finland,Pasi Leppänen,Hannu Ojala,Jani Saastamoinen,Antti Rautiainen,Henri Hahtela,,University of Eastern Finland,University of Eastern Finland,University of Eastern Finland,University of Jyväskylä,,
Public Sector Accounting & Not-For-Profit Accounting,Shifting perceptions of expectations: the role of controllers in Finnish municipalities,Jukka Pellinen,Kari Sippola,Anniina Kinnunen,Tiina Jylhä,,,University of Jyväskylä,University of Jyväskylä,University of Jyväskylä,University of Jyväskylä,,
Public Sector Accounting & Not-For-Profit Accounting,Disclosure policies of nonprofit organizations competing for donations,Nicole Rauch,Michael Kopel,,,,,University of Graz,University of Graz,,,,
Public Sector Accounting & Not-For-Profit Accounting,"Signalling trust: the interplay of accountability, digitalisation, and informal reputation in NGOs",Sviesa Leitoniene,Halina Waniak-Michalak,Ivana Perica,,,,Kaunas University of Technology,University of Lodz,University of Split,,,
Public Sector Accounting & Not-For-Profit Accounting,Understanding corporate philanthropy: factors influencing donation decisions,Filomena Antunes Bras,Cleide Carneiro,,,,,University of Minho,University of Minho,,,,
Social and Environmental Accounting,Scenarios for CSRD scope amendments: advancing reporting scope while reducing further burden,Andreas Rasche,Theodor Cojoianu,Andreas G. F. Hoepner,Fabiola Schneider,,,Copenhagen Business School,University College Dublin,School of Business-University College Dublin,,,
Social and Environmental Accounting,Determinants of corporate opinions on the SEC’s proposal for climate-related disclosure requirements: an LLM-facilitated analysis of comment letters,Benita Gullkvist,Jie Bao,,,,,University of Vaasa,,,,,
Social and Environmental Accounting,Polycentric legitimacy and the localisation of global sustainability standards,Arawela Sovala,Othmar Lehner,,,,,Hanken School of Economics,,,,,
Social and Environmental Accounting,Seeming or being: the abnormal tone of CEO letters in ESG reports,Lars-Eric Brüske,Nicole Ratzinger-Sakel,Florian Habermann,,,,University of Hamburg,University of Hamburg,,,,
Social and Environmental Accounting,Assessing corporate sustainability with large language models: evidence from Europe,Kerstin Forster,Lucas Keil,Victor Wagner,Maximilian A. Müller,Thorsten Sellhorn,Stefan Feuerriegel,LMU Munich,University of Cologne,LMU Munich,University of Cologne,LMU Munich,
Social and Environmental Accounting,Greenwashing detection through decoupling analysis: evidence from Japanese firms,Chenchen Su,,,,,,,,,,,
Social and Environmental Accounting,Firm-level climate change exposure and downside and upside risks: evidence from earnings conference calls,Millicent Chang,Vina Khan,Searat Ali,,,,University of Wollongong,University of Wollongong,,,,
Social and Environmental Accounting,Shifts in climate-related disclosures: the role of natural disasters in 10-K filings,Dominik Jobst,Katrin Hummel,,,,,Vienna University of Economics and Business,,,,,
Social and Environmental Accounting,Janus-faced AI disclosure: how conference call enthusiasm masks workforce setbacks,Diego Ravenda,Joao Cotter Salvado,,,,,TBS Education,,,,,
Social and Environmental Accounting,"Talk more, learn more: learning by firms from mandatory climate risk disclosure",Jiang Cheng,Jia Guo,Jeffrey Ng,Tjomme Rusticus,,,Lingnan University,The Hong Kong Polytechnic University,The University of Hong Kong,,,
Social and Environmental Accounting,"Carbon emission disclosure, IPO price formation, and aftermarket performance",Cheng-Yi Shiu,Hung‑Neng Lai,,,,,National Chengchi University,,,,,
Social and Environmental Accounting,Carbon emissions and firm valuations: evidence from financial analysts,Changqiu Yu,,,,,,,,,,,
Social and Environmental Accounting,Corporate life cycle and its impact on voluntary CSR reporting: evidence from Europe,Anna Gröner,Aaron Kasischke,Brigitte Eierle,,,,University of Bamberg,University of Bamberg,,,,
Social and Environmental Accounting,Internationalization and voluntary sustainability assurance: evidence from firm life cycle and economic policy uncertainty,Li-Kai Liao,Ya-Chi Chang,Che-Yuan Wang,,,,National Yunlin University of Science and Technology,Tamkang University,,,,
Social and Environmental Accounting,CSR reporting of private firms,Paula Stanka,Matthias Nienaber,,,,,Ruhr University Bochum,,,,,
Social and Environmental Accounting,Management control and sustainability reporting - navigating compliance and performance under CSRD,Peter Beusch,Lana Sabelfeld,Marita Blomkvist,Jeaneth Johansson,,,The University of Gothenburg,The University of Gothenburg,The University of Gothenburg,,,
Social and Environmental Accounting,A practice reorganization: implementing the CSRD in France,Marion Ligonie,Marie Redon,,,,,IESEG School of Management,,,,,
Social and Environmental Accounting,Usefulness or burden? Anticipated effects of ESRS sustainability reporting in the Italian agri-food sector,Gaetano Rago,Valerio Antonelli,Raffaele d’Alessio,Emanuela Mattia Cafaro,,,University of Salerno,University of Salerno,University of Salerno,,,
Social and Environmental Accounting,Carbon tax haven trap: rethinking reporting and accountability,Quentin Arnaud,Bastien David,Jonathan Maurice,,,,Université Toulouse Capitole,Université Toulouse Capitole,,,,
Social and Environmental Accounting,Do tournament incentives curb corporate waste? Stakeholder versus short-termism perspectives,Mohamed Khalifa,Tantawy Moussa,Mahmoud Elmarzouky,Reem Shaker,,,University of Nottingham,University of Westminster,University of St Andrews,,,
Social and Environmental Accounting,Tax incentives and corporate ESG performance: the role of green intellectual capital and organizational slack,Fan Zhang,Xiaoxiao Zhao,Jieyi Pan,Congcong Fan,,,Northwestern Polytechnical University,Northwestern Polytechnical University,Northwestern Polytechnical University,,,
Social and Environmental Accounting,"Diversity, interrupted? Diversity hushing and political pressure",Lucas Lee,Namisha Bhattarai,Tendai Masaya,,,,IE University,Pennsylvania State University,,,,
Social and Environmental Accounting,Carbon risk reduction and just transition: evidence from pay equity under U.S. policy shifts,Yuan-Ju Chen,,,,,,,,,,,
Social and Environmental Accounting,Political ideology and professional judgement: evidence from financial analysts’ reactions to firms’ negative ESG incidents,Bingyi Qin,Stephen Teng Sun,Zheng Wang,Franco Wong,,,Shenzhen University,City University of Hong Kong,City University of Hong Kong,,,
Social and Environmental Accounting,The relevance to investors of greenhouse gas methane emissions,Estelle Sun,Paul Griffin,Michael Guo,,,,Boston University,"University of California, Davis",,,,
Social and Environmental Accounting,Anticipatory pricing under climate transition risk: evidence from U.S. airlines,Simon Birk,Ariela Caglio,al-Habbyel Yusoph,,,,UniBW Munich,Bocconi University,,,,
Social and Environmental Accounting,Capital market reactions to environmental sustainability: a managerial framing perspective,Joern Hoppmann,Kerstin Lopatta,Thomas Tammen,Sebastian Tideman-Frappart,,,Carl von Ossietzky University of Oldenburg,University of Hamburg,University of Hamburg,,,
Social and Environmental Accounting,Navigating reputational risk: strategic carbon disclosure in response to peer firms’ carbon incidents,Ying Mao,Ke Wang,Lingmin Xie,Yaping Zheng,,,Lingnan University,University of Alberta,Shenzhen University,,,
Social and Environmental Accounting,When the press falls silent: the impact of local newspaper closures on corporate greenwashing,Zilu Shan,Shuo Wang,Fangming Xu,Mengyao Yu,,,University of Bristol,University of Edinburgh,University of Bristol,,,
Social and Environmental Accounting,Does corporate culture influence selective disclosure? Evidence from carbon greenwashing,Walid Ben-Amar,Khadija Almaghrabi,Ziyu Kong,,,,University of Doha for Science and Technology,King Abdulaziz University,,,,
Social and Environmental Accounting,Climate commitment and climate talents,Jing-Chi Chen,Joanna Golden,Xiaotao Kelvin Liu,,,,University of Memphis,University of Memphis,,,,
Social and Environmental Accounting,Green innovation and non-GAAP disclosure,Bing Lu,Tuan Ho,Trang Nguyen,,,,University of Bristol,University of Bristol,,,,
Social and Environmental Accounting,Carbon pricing and global supply chain networks,Xin Chang,Lulu Di,Yuhang He,Shuoge Qian,,,Nanyang Technological University,Southwestern University of Finance and Economics,Nanyang Technological University/Nanyang Business School,,,
Social and Environmental Accounting,Climate transition planning and corporate climate impact: international evidence,Aonan Sun,Yuan Shan,Lyndie Bayne,,,,University of Western Australia,University of Western Australia,,,,
Social and Environmental Accounting,From pledges to performance: satellite verification and AI analysis of the science based targets initiative,Chih Fang,Kang Cheng,Hwei Wang,Tai Wang,,,Morgan State University,Morgan State University,University of Maryland Eastern Shore,,,
Social and Environmental Accounting,Beyond greenwashing: environmental commitments and gas flaring in the African oil sector,Samuel Chang,Hans Christensen,Andrew McKinley,,,,University of Chicago Booth School of Business,University of Chicago Booth School of Business,,,,
Social and Environmental Accounting,"Bonuses, bosses, and buttoned-up on misconduct: the effect of ESG incentives and leadership involvement on whistleblowing intention - evidence from Chinese executives",Ruiwen Liu,,,,,,,,,,,
Social and Environmental Accounting,The drivers of ESG disclosure quality: critical determinants and their impact,Mojtaba Mortezaee,Elisabeth Albertini,,,,,Paris 1 Sorbonne University,,,,,
Social and Environmental Accounting,Cheers or checks? What motivates employees to blow the whistle,Tim Schwertner,Matthias Sohn,,,,,European University Viadrina,,,,,
Social and Environmental Accounting,The moderating role of intangible resource disclosure on the association between research and development and firm profitability,Lars Fischer,Henrich Habe,Lea Hagemeier,,,,University of Münster,University of Münster,,,,
Social and Environmental Accounting,"Changing impact of diversity, equity, and inclusion policies and activities on corporate value",Benjamin Foster,Xudong Fu,Andrew Manikas,Shaunn Mattingly,,,University of Louisville,University of Louisville,University of Louisvlle,,,
Social and Environmental Accounting,The unintended consequence of labor market transparency: evidence from industrial pollution,Zhenyang Shi,Xiaolu Zhou,,,,,BI Norwegian Business School,,,,,
Social and Environmental Accounting,Exploring the role of stakeholder engagement in shaping materiality assessments for sustainability reports,Shan Lu,Stuart Cooper,Giovanna Michelon,,,,University of Bristol,University of Bristol,,,,
Social and Environmental Accounting,Regulatory retrenchment and risk amplification: a critical analysis of the CSRD,Gregory Wegmann,Kanitsorn Terdpaopong,,,,,University of Burgundy,,,,,
Social and Environmental Accounting,Characterizing sustainability reporting assurance in the transition to the CSRD: evidence from Spain,Nicolas García-Torea,Enrique Mesa-Pérez,Orencio Vázquez-Oteo,,,,Universidad de Burgos,Universidad Pablo de Olavide,,,,
Social and Environmental Accounting,From reports to digital narratives: sustainability communication in international higher education,Tettamanzi Patrizia,Valentina Minutiello,Luca Baschieri,,,,Università Carlo Cattaneo - LIUC,Università Carlo Cattaneo - LIUC,,,,
Social and Environmental Accounting,Impact of ECAM disclosures on ESG performance,Susan McCracken,Ismat Jahan,,,,,McMaster University,,,,,
Social and Environmental Accounting,Why banks go green: exploring the incentives behind sustainability-linked loan issuance,Argyro Panaretou,Sam Rawsthorne,,,,,Lancaster University,,,,,
Social and Environmental Accounting,The market value of pay gaps: evidence from EEO-1 disclosures,Yanting (Crystal) Shi,April Klein,Ferdinand Bratek,,,,HEC Paris,NYU Stern School of Business,,,,
Social and Environmental Accounting,Gender pay gap disclosure mandate and women in innovation,Lucas Lee,Lu Tong,Fengzhi Zhu,,,,IE University,Southwestern University of Finance and Economics,,,,
Social and Environmental Accounting,How girls help girls in mutual fund investment?,Meifen Qian,,,,,,,,,,,
Social and Environmental Accounting,"Translating sustainability reporting in a hybrid organisation: institutional logics, accountability, and organisational resilience",Benedetta Fergnani,Enrico Bracci,,,,,University of Salento,,,,,
Social and Environmental Accounting,"Constructing CSR reality in audit firms: a pragmatic constructivism analysis of motivations, quality impact, and reputation management across UK and Chinese contexts",Lana Liu,Di Min,,,,,Newcastle University,,,,,
Social and Environmental Accounting,Indigenous activism against TC energy: successful for whom?,Antonello Callimaci,Anne Marie Gosselin,,,,,University of Quebec in Montreal,,,,,
Social and Environmental Accounting,ESG performance and earnings management: a legal origin perspective,Claus Holm,,,,,,,,,,,
Social and Environmental Accounting,How do CEO attributes affect ESG reporting quality?,Chih-Wei Peng,Yao-Ying Liu,Ruei-Nian Lin,,,,National Changhua University of Education,National Changhua University of Education,,,,
Social and Environmental Accounting,Mandatory ESG reporting and managerial opportunism: international evidence,Francesco Scarpa,Marco Fasan,Cláudio Soerger Zaro,Elise Soerger Zaro,Paulo Henrique Hoeckel,,Ca’ Foscari University of Venice,Ca’ Foscari University of Venice,Universidade Estadual de Mato Grosso do Sul,Universidade Federal da Grande Dourados,,
Social and Environmental Accounting,Public firms and regulatory challenges: implications for cross-country shareholder-stakeholder conflicts,Anthony Le,Lisa Liu,Sonakshi Agrawal,,,,University of Chicago,affiliation not provided,,,,
Social and Environmental Accounting,Too much of a good thing? Government-mandated accounting supervision and corporate sustainable performance in China,Hui Liu,Yaxin Song,Jiaqi Ning,,,,Northwestern Polytechnical University,Northwestern Polytechnical University,,,,
Social and Environmental Accounting,The impact of U.S.-China trade war on environmental and sustainability disclosures,Lin-Hui Yu,Yanming Cao,Jengfang Chen,Meiting Lu,,,National Taiwan University,Macquarie University,Macquarie University,,,
Social and Environmental Accounting,How intelligent decision-support systems and manager instructions shape accountants’ unethical decision-making,Meng Bai,Yuhui Jiang,Junqin Sun,Junrui Zhang,,,Xi’an Jiaotong University,Xi’an Jiaotong University,Lanzhou University,,,
Social and Environmental Accounting,The substance of voice: how quality and encouragement in whistleblowing channels shape ESG performance,José Borba,Lauren Venturini,Denize Ferreira,,,,Universidade Federal de Santa Catarina-Brazil,UFSC - Federal University of Santa Catarina,,,,
Social and Environmental Accounting,Navigating ESG reporting in a tech-driven world: insights from academics and practitioners,Davide Calandra,Michele Oppioli,Silvana Secinaro,David Wang,,,University of Turin,University of Pavia,University of Turin,,,
Social and Environmental Accounting,Credibility-enhancing requirements for non-financial information and real effects in supply chains,Nadine Georgiou,Max Goettsche,Florian Habermann,Stephan Küster,,,University of Innsbruck,Catholic University of Eichstatt-Ingolstadt,University College Dublin,Freie Universität Berlin,,
Social and Environmental Accounting,The role of environmental and social clauses in supply contracts,Hui Tan,Xi Li,Yun Lou,,,,University of Bristol,The London School of Economics And Political Science,Singapore Management University,,,
Social and Environmental Accounting,Climate disclosure in buyer-supplier relationships: a story of alignment,Bjarne Brié,Angelo Ditillo,Kristof Stouthuysen,,,,Tilburg University,Bocconi University,Vlerick Business School,,,
Social and Environmental Accounting,Estimating and understanding corporate GHG emissions from financial statements,Angel Oganesian,Kristof Stouthuysen,Robert Boute,,,,Vlerick Business School,Vlerick Business School,,,,
Social and Environmental Accounting,Quantifying feature attribution in sustainability scores: a shap-based approach to enhance transparency and actionability of ESG ratings,Chia-Ming Sun,Chu-Chiang Cho,,,,,National Yunlin University of Science and Technology,National Yunlin University of Science and Technology,,,,
Social and Environmental Accounting,Decarbonizing distributed operations: cost estimates for vehicle fleets,Gunther Glenk,Stefan Reichelstein,Katrin Gschwind,,,,University of Mannheim,University of Mannheim,University of Mannheim,,,
Social and Environmental Accounting,Shareholder style diversity and ESG “doing more than saying” strategy,Zaixin Chen,Frank Hong Liu,Chaowei Wang,Pengfei Gao,,,Loughborough University,Loughborough University,Loughborough University,Swansea University,,
Social and Environmental Accounting,Walking the talk or playing the game? How different corporate culture shapes climate change performance,Xue Emma Chen,,,,,,Durham University,,,,,
Social and Environmental Accounting,Does firm-level political risk curb corporate greenwashing?,Safa Gaaya,Moez Essid,Sabrine Ayed,,,,École de Management Léonard de Vinci,École de Management Léonard de Vinci,University of Doha for Science and Technology,,,
Social and Environmental Accounting,Integrating environmental sustainability into strategic capital allocation: a levers of control perspective,Janice Klaiber,Judith Stroehle,,,,,University of St.Gallen,,,,,
Social and Environmental Accounting,A mechanism-based framework for operationalising integrated thinking: insights from organisational practice,Warren Maroun,Dusan Ecim,Alan Duboisée de Ricquebourg,,,,Leeds University Business School,University of the Witwatersrand,,,,
Social and Environmental Accounting,The pursuit of ‘net zero’: designing management control systems to navigate dynamic paradoxical tensions during ‘wicked’ times,Steve Sutton,Finn Kinserdal,Vicky Arnold,,,,NHH Norwegian School of Economics,NHH Norwegian School of Economics,,,,
Social and Environmental Accounting,Stakeholder engagement and corporate human rights performance: evidence from South Africa,Doaa Aly,Ibrahim Yousef,Tamer Darwish,,,,University of Gloucestershire,Petra University,,,,
Social and Environmental Accounting,Strategic philanthropy in hard times: donation stickiness and political resource acquisition,Yanan Cao,,,,,,,,,,,
Social and Environmental Accounting,Politics of sustainability reporting: evidence from NGO involvement,Cathrin Hausmann,Ann-Kristin Großkopf,Simone Euler,,,,LMU Munich,University of Amsterdam,,,,
Social and Environmental Accounting,"A transactional carbon accounting framework for carbon stocks, flows, and mitigation pathways",Sabrina Kang,Wuchun Chi,,,,,National Chengchi University,,,,,
Social and Environmental Accounting,Clarifying error typologies and mechanisms in carbon accounting: lessons from cost system design literature,Matthias Meyer,Stella Rauscher,,,,,Hamburg University of Technology,,,,,
Social and Environmental Accounting,The emergence of biodiversity as an accounting object: building a calculative infrastructure through ecological sciences,Eva-Maria Öhlinger,Othmar Lehner,Dorothea Greiling,,,,Johannes Kepler University Linz,Hanken School of Economics,,,,
Social and Environmental Accounting,From targeted transparency to internal controls – evidence from a climate reporting mandate,Katrin Hummel,Emira Jasari,,,,,Vienna University of Economics and Business,,,,,
Social and Environmental Accounting,The creation of (non)qualculative spaces in valuation processes: transforming ecosystems into net present value,Niina Ylönen,,,,,,,,,,,
Social and Environmental Accounting,ESG and firm performance: a deep dive into community banks,Andrea Faulkner,Harrison Liu,Jennifer Yin,,,,University of Texas at San Antonio,University of Texas at San Antonio,,,,
Social and Environmental Accounting,Shifting the spotlight: do firms change their advertising strategies after ESG reputational-damaging events?,Yin Wang,Tinghua Duan,Weikai Li,Rencheng Wang,,,Singapore Management University,EDHEC Business School,City University of Hong Kong,,,
Social and Environmental Accounting,Disclosure in the face of peer scandals? Evidence from the Volkswagen emissions scandal,Jonathan Berkovitch,Saverio Bozzolan,Claudia Imperatore,,,,Luiss University,Luiss University,,,,
Social and Environmental Accounting,Climate news coverage and carbon emission reporting,Yun Fan,,,,,,,,,,,
Social and Environmental Accounting,Boardroom diversity as a catalyst for water-energy disclosure quality: evidence from Latin American capital markets,Ivette Nuñez,Maria Garcia Benau,Nicolas Gambetta,,,,Universidad de Piura,University of Valencia,,,,
Social and Environmental Accounting,"ESG controversies, geopolitical risk & cost of capital: the moderating role of gender diversity",Stefano Zambon,,,,,,,,,,,
Social and Environmental Accounting,Do diverse boards accelerate the corporate energy transition? Insights from emerging markets,Maria A. Garcia-Benau,Ivette Nuñez,Nicolas Gambetta,,,,University of Valencia,Universidad de Piura,,,,
Social and Environmental Accounting,Evidence based sustainability standard setting: barriers to research uptake and academic participation,Jan Michalak,Gunnar Rimmel,,,,,University of Lodz,,,,,
Social and Environmental Accounting,Constructing users of sustainability reporting – the case of the IFRS sustainability disclosure standards,Franziska Sterl,Christoph Pelger,,,,,University of Passau,,,,,
Social and Environmental Accounting,Mandating sustainability reporting: firms’ information sets and real effects,Katrin Hummel,Karina Bauernhofer,,,,,Vienna University of Economics and Business,Vienna University of Economics and Business,,,,
Social and Environmental Accounting,Supply and demand for ESG assurance effort,Christian Ott,Géraldine Broye,Maretno Harjoto,Nohad Nasrallah,,,EM Strasbourg Business School,EM Strasbourg Business School,Pepperdine University Graziadio School of Business,Excelia Business School,,
Social and Environmental Accounting,Unearthing the lower-tier suppliers: evidence from conflict minerals disclosure,Liu Zheng,Jin Kyung Choi,Yaoying Ma,,,,City University of Hong Kong,City University of Hong Kong,City University of Hong Kong,,,
Social and Environmental Accounting,Assessing supply-chain influences on corporate ESG performance,Xiang-Yu Huang,Chi-Chun Liu,Nian-zu Yeh,,,,National Taiwan University,National Taiwan University,Tamkang University,,,
Social and Environmental Accounting,When institutions push and pull: understanding the development of sustainability control systems within family businesses,Elisa Ballesio,Cécile Fremaux,Aude DeVille,Francesca Culasso,,,University of Turin,Université Côte d’Azur,affiliation not provided,University of Turin,,
Social and Environmental Accounting,Accounting for circularity: the role of digital ledger technologies across organizational boundaries,Cristiana Parisi,Juliana Hsuan,,,,,Copenhagen Business School,affiliation not provided,,,,
Social and Environmental Accounting,Biodiversity management practices of Austrian and New Zealand electric utilities,Shekerta Aliu,Albert Traxler,Nives Botica Redmayne,Dorothea Greiling,,,Johannes Kepler University Linz,Johannes Kepler University Linz,"Massey University, Palmerston North",Linz Johannes Kepler University,,
Social and Environmental Accounting,"The impact of ESG disclosures on retail investor decisions: exploring the influence of risk, information framing, and presentation format",Sohee Kim,Nirmalee Raddatz,Mee Hyun Kim,Jeonghoon Oh,,,Missouri State University,University of Memphi,American University of Sharjah,Rutgers University,,
Social and Environmental Accounting,Credible threats in regulated disclosures: Blackrock’s 2020 proxy voting policy revision and portfolio-wide greenhouse gas emissions,Jangwon Suh,Qianyun Huang,Eric Rosano,Sangwan Kim,,,The City University of New York,The City University of New York,The City University of New York,,,
Social and Environmental Accounting,Responsible investors and portfolio firms’ climate disclosures – international evidence from the PRI,Carl Philipp Wolff,,,,,,,,,,,
Social and Environmental Accounting,Green handcuffs or invisible push? How China’s new environmental protection law shapes corporate leverage manipulation,Pan Wang,Pengfei Gao,Yuqi Zhang,Miao Wang,Feng Chao,,Taizhou University,Swansea University,Trinity College Dublin,Zhengzhou University,,
Social and Environmental Accounting,From compliance to transformation: how net-zero climate law reshaped firm-level emissions in Taiwan,Kui-Ying Lin,,,,,,,,,,,
Social and Environmental Accounting,Local government debt capacity and pollution: evidence from municipal bond rating recalibration,Zhiyi Yang,Xiaolu Zhou,,,,,Jinan University,,,,,
Social and Environmental Accounting,Environmental accounting without nature: a critical visual analysis,Francesco Marengo,Raimondo Grassadonia,Laura Corazza,,,,University of Turin,University of Turin,,,,
Social and Environmental Accounting,When sustainability accounting innovative solutions fail to fit real life problems: lessons from the 2024-2025 French farmers’ crisis,Stéphane Trebucq,Roza Sagitova,,,,,University of Bordeaux,,,,,
Social and Environmental Accounting,Accounting mediation and sustainability. the case of modern slavery statements,Carla Antonini,Antonio Mateo-Marquez,Carlos Larrinaga,Enrique Mesa-Pérez,Conny Beck,,Autonomous University of Madrid,University of Seville,Universidad de Burgos,Universidad Pablo de Olavide,,
Social and Environmental Accounting,LGBTQ+-supportive corporate policies and dividend payouts,Zezeng Li,,,,,,,,,,,
Social and Environmental Accounting,"Value my care, safeguard your fare: CEO inside debt holdings and wage theft",Emmanuel Obiri-Yeboah,,,,,,,,,,,
Social and Environmental Accounting,ESG metrics in executive compensation: a multitasking approach,Kasra Hosseini,,,,,,,,,,,
Social and Environmental Accounting,The use of visuals in sustainability reporting,Amir Amel-Zadeh,Tami Dinh,Andreas Seebeck,Robin Wolter,,,University of Oxford,University of St.Gallen,Constructor University,,,
Social and Environmental Accounting,The use of metaphors to explore the hybridisation of sustainability and accounting in multi-capital accounting,Eugenie Faure,,,,,,,,,,,
Social and Environmental Accounting,Regulatory influence on corporate social responsibility: evidence from China’s targeted poverty alleviation campaign,Limei Che,,,,,,,,,,,
Social and Environmental Accounting,The dynamics of corporate social responsibility (CSR) and corporate political activity (CPA) practices: a study on Chinese firms’ participation in a national poverty alleviation campaign,Wei Shen,,,,,,,,,,,
Social and Environmental Accounting,Green needs trust: state-initiated social credit policy and corporate green investment in China,Lulu Ye,Hui Liu,Congcong Fan,Ming Jia,,,Northwestern Polytechnical University,Northwestern Polytechnical University,Northwestern Polytechnical University,,,
Social and Environmental Accounting,The relation between responsible ownership and executive ESG compensation,Henrich Habe,,,,,,,,,,,
Social and Environmental Accounting,When directors act for themselves: evidence on ESG value relevance,Feng-Yi Lin,Shaio Yan Huang,Szu-Yin (Jennifer) Wu,Teng-Shih Wang,,,National Taipei University of Technology,National Chung Cheng University,School of Management University at Buffalo,,,
Social and Environmental Accounting,Reciprocal governance failure and corporate decarbonization: evidence from CEO–board backscratching and competing trust-repair channels,Kai Wang,Tsung-Kang Chen,Yun Hao,,,,National Yang Ming Chiao Tung University,National Yang Ming Chiao Tung University,,,,
Social and Environmental Accounting,From knowledge to impact: university innovation centers as drivers of SDG-aligned entrepreneurship,Nicolas Gambetta,Eliana Compiani,Dellanira González,Enrique Topolansky,,,Universidad ORT Uruguay,Finning,Axionlog,,,
Social and Environmental Accounting,Transparency in sustainability reporting: does it worth the cost?,Eugenia Parodi,,,,,,,,,,,
Social and Environmental Accounting,Accounting and reporting the sharing economy in a circular regional context,Sabina Scarpellini,Alfonso Aranda-Uson,,,,,University of Zaragoza,,,,,
Social and Environmental Accounting,The role of personality in shaping managerial engagement with artificial intelligence in accounting research,Alice Pennesi,Francesca di Donato,Sara Trucco,,,,Università Politecnica delle Marche,Universita’ Telematica San Raffaele Roma,,,,
Social and Environmental Accounting,Assessing social influence and tipping points in honesty: a modified Becker-Degroot-Marschak method,Christian Stindt,Matthias Meyer,,,,,Hamburg University of Technology,,,,,
Social and Environmental Accounting,Unmasking ESG ratings: the black box severity index and its policy implications,Zeina Mohamed,Laura Girella,,,,,University of Ferrara,,,,,
Social and Environmental Accounting,Artificial intelligence and the voluntary disclosure of Scope 3 carbon emissions,Tobias Steindl,Shira Cohen,Stephan Küster,Lea Mirlach,Zeina Samy Mohamed,,University of Regensburg,San Diego State University,Freie Universität Berlin,University of Regensburg,,
Social and Environmental Accounting,Measuring what matters: constructing an ESG controversy index using AI applications,Laura Girella,Tobias Steindl,,,,,University of Modena and Reggio Emilia,,,,,
Social and Environmental Accounting,ESG halo,Yifei Xia,Youran Zhang,Sofiya Pugachyova,,,,Wenzhou-Kean University,Wenzhou-Kean University,,,,
Social and Environmental Accounting,The disciplining effect of AI-powered tax administration system on ESG decoupling,Yanlei Zhang,Yifei Xia,,,,,Copenhagen Business School,,,,,
Social and Environmental Accounting,Box-ticking for a better ESG score?,Sofiya Pugachyova,Yanlei Zhang,,,,,University of Neuchatel,,,,,
Social and Environmental Accounting,Interpreting double materiality: sensemaking and sensegiving in social and environmental accounting (SEA),Sarah Kapplmüller,Philumena Bauer,Dorothea Greiling,Othmar Lehner,,,Johannes Kepler University Linz,Johannes Kepler University Linz,Linz Johannes Kepler University,,,
Social and Environmental Accounting,From compliance to institutionalization: a maturity model for sustainability materiality analysis based on stakeholder engagement in a public sector organization,Koen Corstjens,René Orij,Reinald Minnaar,,,,Nyenrode Business University,Nyenrode Business University,,,,
Social and Environmental Accounting,From ambiguity to action: organisational sensemaking in double materiality assessment,Mariella Colantoni,Alessandro Lai,Riccardo Stacchezzini,,,,University of Verona,University of Verona,,,,
Social and Environmental Accounting,Breaking the code: a profile of disciplinary offenses in Quebec’s accounting professionthis study presents a cluster-based profiling of ethical violations among chartered professional accountants (CPA),Sylvie Côté,Anne Marie Gosselin,Annie LeCompte,Karine Phaneuf,Patrick Coulombe,,University of Quebec in Montreal,University of Quebec in Montreal,University of Quebec in Montreal,University of Quebec in Montreal,,
Social and Environmental Accounting,From theory to practice: examining the role of capability in misreporting behavior,Xiaojun Xu,,,,,,,,,,,
Social and Environmental Accounting,Audit turnover and corporate greenwashing: are auditors bearing the blame?,Dina El Mahdy,Sandra Cereola,Sebahattin Demirkan,,,,Morgan State University,Saint Anselm College,,,,
Social and Environmental Accounting,Sustainability-forward-looking disclosure and stock liquidity: a European investigation,Imen Derouiche,Anke Müßig,Mélanie Luxembourger,,,,University of Luxembourg,University of Luxembourg,,,,
Social and Environmental Accounting,ESG practices and corporate bankruptcy risk: insights from ESG disclosures,Yousry Ahmed,Mohamed Elsayed,Ibrahim Elmghaamez,,,,Newcastle University,Queen’s University Belfast,,,,
Social and Environmental Accounting,Economic policy uncertainty and voluntary ESG disclosure: the role of analyst coverage,Bukyung Kim,Jinbae Kim,,,,,Korea University Business School,,,,,
Social and Environmental Accounting,From TCFD to CSRD: exploring the influence of voluntary disclosures on mandatory sustainability reporting,Joanna Krasodomska,Justyna Godawska,Bartosz Rymkiewicz,,,,Krakow University of Economics,AGH University of Krakow,,,,
Social and Environmental Accounting,Digital sustainability reporting and ESG judgment – a cognitive load perspective,Duc Hung Tran,,,,,,,,,,,
Social and Environmental Accounting,The double materiality assessment process in the practice of Polish listed companies – scope and determinants of disclosures,Pawel Zieniuk,Małgorzata Macuda,Katarzyna Kobiela-Pionnier,,,,Krakow University of Economics,Poznań University of Economics and Business,,,,
Social and Environmental Accounting,Cost behavior of organic versus conventional farms,Josep Argiles-Bosch,Josep García-Blandón,Diego Ravenda,,,,University of Barcelona,Institut Químic de Sarrià,,,,
Social and Environmental Accounting,Cost-benefit trade-off of sustainability: evidence from the impact of B-Corp certifications on sales performance using signaling theory,Laura Ferraro,Devendra Kale,Franco Rubino,Roberta Costanzo,Danilo Ceraso,,University of Calabria,University of Rhode Island,University of Calabria,University of Calabria,,
Social and Environmental Accounting,Accounting for the circular economy: corporate strategies and policy implications,David Monciardini,Laura Rocca,,,,,University of Turin,,,,,
Social and Environmental Accounting,Green public procurement: international evidence,Giulia Sargiacomo,Ole-Kristian Hope,Sasan Saiy,Muhammad Azim,,,University of Toronto,University of Toronto,University of Waterloo,,,
Social and Environmental Accounting,Green transition through government contracting: evidence from the 2014 EU public procurement reform,Shiheng Wang,Xin Chen,Mingyi Hung,,,,The Hong Kong University of Science and Technology,Hong Kong University of Science And Technology,,,,
Social and Environmental Accounting,The green power of government procurement: evidence from the mandatory net zero commitment from suppliers,Chengzhu Sun,Cheng Zeng,Yi Xiang,,,,The Hong Kong Polytechnic University,The Hong Kong Polytechnic University,,,,
Social and Environmental Accounting,The impact of registration system reform on the ESG performance of enterprises: evidence from China,Wenwen Wang,Fei Yan,Baolei Qi,,,,Xi’an Jiaotong University,Xi’an Jiaotong University,,,,
Social and Environmental Accounting,How does ancient culture affect corporate ESG?,Zilan Yang,Tai-Yuan Chen,Deli Yang,,,,IE University,The Hong Kong University of Science and Technology,,,,
Social and Environmental Accounting,National culture and ESG priorities,Yuzhu Lu,Liang Shao,Yue Zhang,,,,Lingnan University,Radford University,,,,
Social and Environmental Accounting,"Climate-related financial impact disclosures: global evidence on determinants, characteristics, and consequences",Jurian Hendrikse,Elizabeth Demers,Bjarne Brié,,,,IESEG School of Management,University of Waterloo,,,,
Social and Environmental Accounting,The reporting of greenhouse gas emissions: market-based Scope 2 emissions and renewable energy instruments,Svenja Dube,,,,,,,,,,,
Social and Environmental Accounting,Regulating across borders: how sustainability reporting readiness shapes firms’ response to cross-border carbon pricing,Robert Raney,Ellen En,,,,,IESE Business School,,,,,
Social and Environmental Accounting,The spillover effect of anticipated proposed regulations on corporate social responsibility performance,Karel Hrazdil,Jiyuan Li,Xin Li,Weiji Zhang,,,Simon Fraser University,Chongqing University of Technology,Trinity Western University,,,
Social and Environmental Accounting,Comparable sustainability performance information and firms’ voluntary sustainability disclosures – evidence from expanded sustainability rating coverage,Maximilian Tiemeyer,,,,,,University of Münster,,,,,
Social and Environmental Accounting,Peer influence and sustainability investment efficiency: the spillover effects of peers’ investments,Viviana Ecca,Alessandro Mura,,,,,University of Cagliari,University of Cagliari,,,,
Social and Environmental Accounting,Managing environmental risks through enterprise risk management: a stakeholder-integrated approach,Amama Shaukat,Omar al-Bastaki,Grzegorz Trojanowski,,,,IBA Karachi,GPIC,University of Exeter,,,
Social and Environmental Accounting,Multiple materialities: exploring the interconnectedness of financial and sustainability accountings,Peijing Yang,John Roberts,Tanya Fiedler,,,,The University of Sydney,University of Sydney,The University of New South Wales,,,
Social and Environmental Accounting,Activity-based standard GHG-accounting: integrating GHG emissions into sustainability management control systems,Josef Baumüller,Walter Schwaiger,,,,,Vienna University of Technology,Vienna University of Technology,,,,
Social and Environmental Accounting,Do climate risks drive integrated climate governance? Evidence from STOXX 600,Quentin Arnaud,,,,,,Université Toulouse Capitole,,,,,
Social and Environmental Accounting,"Financially material sustainability events, heterogeneous beliefs, and greenwashing",Akihiro Noda,,,,,,Shiga University,,,,,
Social and Environmental Accounting,The creditworthiness of corporate environmental disclosures: the influence of public climate sentiment and self-greenwashing,Dengjun Zhang,,,,,,University of Stavanger,,,,,
Social and Environmental Accounting,Sustainability reporting quality evolution: an analysis of Italian banks,Eugenia Parodi,Valentina Beretta,Maria Chiara Demartini,Francesco Sotti,,,University of Pavia,University of Pavia,University of Pavia,University of Pavia,,
Social and Environmental Accounting,Turning sustainability reporting into financial performance: the case of Spanish cooperative banks,Francisca Castilla Polo,Purificación Parrado-Martínez,María Comino Jurado,,,,University of Jaén,University of Jaén,University of Jaén,,,
Social and Environmental Accounting,Exploring the influence of ESG performance on EU taxonomy disclosures,Lorena Vasquez Arango,Laura Sierra Garcia,Maria Garcia Benau,,,,University of Valencia,Universidad Pablo de Olavide,University of Valencia,,,
Social and Environmental Accounting,"Green talk, real obstacles: experimental evidence on environmental communication, implementation challenges, and decoupling",Yuhan Liu,,,,,,University of Mannheim,,,,,
Social and Environmental Accounting,When the president speaks: the impact of an anti-DEI executive order on stakeholders perceptions,Kevin Gauch,Jochen Theis,Rebekka Ballering,,,,Technical University of Darmstadt,University of Southern Denmark,Technical University of Darmstadt,,,
Social and Environmental Accounting,Materiality disclosure and consumer preferences,Dominik Katzer,Benedikt Franke,Lucas Stich,,,,University of Würzburg,University of Würzburg,University of Würzburg,,,
Social and Environmental Accounting,Extreme weather and indigenous peoples: impacts on business activity,Martien Lubberink,Paul Griffin,Tom Stannard,,,,Victoria University of Wellington,"University of California, Davis",University of Otago,,,
Social and Environmental Accounting,Ethical accountability and the governance of the green transition,Ewelina Zarzycka,Dorota Dobija,Grygorii Kravchenko,Łukasz Kozłowski,,,University of Lodz,Kozminski University,Kozminski University,Kozminski University,,
Social and Environmental Accounting,Does biodiversity improve business productivity? Evidence from a spatial analysis,Paul Griffin,Martien Lubberink,,,,,"University of California, Davis",Victoria University of Wellington,,,,
Social and Environmental Accounting,"Talking the talk, skipping the walk: how board co-option constrains CSR decoupling?",Moez Essid,Lakhal Faten,Hind Naouar,,,,École de Management Léonard de Vinci,Léonard de Vinci Pôle Universitaire,"LAREMFiQ, Institut Des Hautes Etudes Commerciales, University of Sousse",,,
Social and Environmental Accounting,Governing corporate social responsibility (CSR) decoupling: the examination between board gender diversity (BGD) and CSR decoupling in luxury fashion industry,Christina Ionela Neokleous,,,,,,Aston University,,,,,
Social and Environmental Accounting,Understanding CSR decoupling: board attributes as key drivers and gender diversity as a moderator,Maria Consuelo Pucheta-Martinez,Isabel Gallego-Álvarez,Inmaculada Bel-Oms,,,,Universitat Jaume I,Universidad de Salamanca,University of Valencia,,,
Social and Environmental Accounting,Biodiversity conservation and tax avoidance,Wenfu Ding,Lingzhi Wang,Sirui Wu,,,,Xi’an Jiaotong University,Xi’an Jiaotong University,Xi’an Jiaotong University,,,
Social and Environmental Accounting,Executive incentives behind biodiversity reporting,Kehan Tong,Yu-Lin Hsu,Khaldoon Albitar,,,,University of Glasgow,University of Glasgow,University of Glasgow,,,
Social and Environmental Accounting,Signaling nature: how patient capital drives biodiversity disclosure,Zhaoying Lu,Zaixin Chen,Pengfei Gao,Hongfang Chen,,,Loughborough University,Loughborough University,Swansea University,China Europe International Business School,,
Social and Environmental Accounting,Do ESG controversies matter for corporate earnings management?,James Juichia Lin,Te-Kuan Lee,Cheng-Ju Wu,,,,National Yang Ming Chiao Tung University,Chung Yuan Christian University,National Yang Ming Chiao Tung University,,,
Social and Environmental Accounting,Mors tua vita mea? The stock market effect of ESG violations on competitors,Annalisa Prencipe,Ariela Caglio,Carlo d’Augusta,,,,Bocconi University,Bocconi University,Bocconi University,,,
Social and Environmental Accounting,Signaling under scrutiny: how ESG disclosure influences shareholder value in the face of controversies,Christian Schoendeling,Carolin Krieweth,Malte Brettel,,,,RWTH Aachen University,RWTH Aachen University,RWTH Aachen University,,,
Social and Environmental Accounting,Peer effects and sustainability supply chain management,Wenjiao Cao,Fatemeh Taghimolla,,,,,Erasmus University Rotterdam,Erasmus University Rotterdam,,,,
Social and Environmental Accounting,Much ado about due diligence? Capital market reactions to the German supply chain act,Karolin Schulte,Max Pflitsch,Christiane Pott,,,,TU Dortmund University,TU Dortmund University,TU Dortmund University,,,
Social and Environmental Accounting,Does supply chain shortening benefit carbon transparency? Evidence from corporate reshoring,Erik Wang,,,,,,Lingnan University,,,,,
Social and Environmental Accounting,The effect of firms’ ESG commitment on tail risk: a nonlinear approach through generalized additive models,Julen Galarza,Eduardo Ortas,Jose M. Moneva,,,,University of Zaragoza,Universidad de Zaragoza,University of Zaragoza,,,
Social and Environmental Accounting,The price of deregulation: stock market responses to the omnibus package,Simone Pizzi,Andrea Venturelli,Fabio Caputo,,,,University of Salento,University of Salento,University of Salento,,,
Social and Environmental Accounting,"Profit, purpose, and the price of change: evidence from benefit corporation transitions",Mouhcine Tallaki,Enrico Bracci,Riccardo Ievoli,Vincenzo Riso,,,University of Ferrara,University of Ferrara,University of Ferrara,University of Verona,,
Taxation,Preferences for taxing wealth and income,Yuri Piper,Ralf Maiterth,Cornelius Schneider,Davud Rostam-Afschar,,,Paderborn University,Humboldt University of Berlin,University of Mannheim,,,
Taxation,Local policy misperceptions and investment: experimental evidence from firm decision makers,Sebastian Blesse,Florian Buhlmann,Philipp Heil,Davud Rostam-Afschar,Maik Sattelmaier,,Leipzig University,Zew Mannheim,HEC Paris,University of Mannheim,,
Taxation,Profit tax uncertainty and firm behavior: experimental evidence on expectations and plans,Philipp Dörrenberg,Fabian Eble,Davud Rostam-Afschar,Maik Sattelmaier,Johannes Voget,,University of Mannheim,University of Mannheim,University of Mannheim,University of Mannheim,,
Taxation,Carbon pricing policies and executive compensation tied to ESG performance,Weimian Ai,David Samuel,Liandong Zhang,,,,Singapore Management University,Singapore Management University,,,,
Taxation,Beyond carbon: the effects of environmental taxes on firms’ biodiversity footprint,Arthur Stenzel,Spyridon Gkikopoulos,Vlad Porumb,George Voulgaris,,,University of St.Gallen,University of Manchester,Manchester Business School,,,
Taxation,"Villain or victim? Tax subsidies, environmental performance, and the ESG perception paradox",Marufa Akhter,Md Enamul Hasan,,,,,Vienna University of Economics and Business,,,,,
Taxation,Corporate websites - a channel of tax disclosure?,Stefan Buchinger,Vanessa Flagmeier,,,,,University of Göttingen,,,,,
Taxation,Corporate tax residency disclosure,Rodney Brown,Victoria Clout,Kerrie Sadiq,Ashesha Weerasinghe,,,"Unsw Business School, University of New South Wales",The University of New South Wales,Queensland University of Technology,,,
Taxation,Climate beliefs and attitudes and corporate tax savings,Lei Zhang,Kiridaran Kanagaretnam,,,,,Xi’an Jiaotong-Liverpool University,,,,,
Taxation,What doesn’t kill us makes us stronger? Corporate taxation and total factor productivity growth,Sebastian Eichfelder,Hang Nguyen,Kelly Wentland,,,,Otto von Guericke University Magdeburg,Otto von Guericke University Magdeburg,,,,
Taxation,R&D capitalization and tax avoidance in the U.S.,Kaixuan Zhang,Hussein Warsame,,,,,University of Calgary,,,,,
Taxation,The effects of fiscal policy on the banking sector: evidence from deferred tax assets,Daphne Armstrong,John Gallemore,Heather Graham,,,,University of Michigan,University of North Carolina,,,,
Taxation,Tax department heterogeneity: does workforce composition shape tax planning and tax risk?,Harald Amberger,Henning Giese,Kim Alina Schulz,,,,Vienna University of Economics and Business,Paderborn University,,,,
Taxation,"Doing good, paying less? Employee welfare and corporate tax avoidance",Dean Hanlon,,,,,,,,,,,
Taxation,Employer influence on ethical sensitivity: how do early-career tax professionals perceive aggressive tax avoidance?,Kenny Dekoster,Isabelle Verleyen,Annelies Roggeman,,,,Ghent University,Ghent University,,,,
Taxation,"IPO, book-tax relationships and tax avoidance: evidence from China",Weiyin Zhang,K. Hung Chan,Phyllis Lai Lan Mo,,,,The Hang Seng University of Hong Kong,Saint Francis University,,,,
Taxation,How (not) to tax sunshine: investment responses to tax compliance costs on non-commercial rooftop photovoltaic systems,Drahomir Klimsa,Sofie Luitz,Robert Ullmann,,,,European University Viadrina,University of Augsburg,,,,
Taxation,Hidden in the data: how data assets expand firms’ tax avoidance space,Weina Zhao,Xiaolin Xue,Junrui Zhang,,,,Xi’an Jiaotong University,Xi’an Jiaotong University,,,,
Taxation,CFOs in the boardroom: the influence of insider directorship on corporate tax planning,Khaled Abdulsalam,,,,,,Kuwait University,,,,,
Taxation,Tax authority leadership team diversity and corporate tax compliance,Jian Chu,Zhongwen Fan,Ningzhong Li,,,,Nanjing University,City University of Hong Kong,University of Texas at Dallas,,,
Taxation,Technology-enabled enforcement,Botir Kobilov,,,,,,University of Texas at Dallas,,,,,
Taxation,Tax avoidance and digital tax transparency,Hussein Warsame,Rahat Jafri,Mark Anderson,Michael Wright,,,University of Calgary,MacEwan University,University of Calgary,University of Calgary,,
Taxation,Tax cuts and loan loss provision timeliness: evidence from the 2017 Tax Cuts and Jobs Act,Travis Chow,Linzhi Huang,Yanju Liu,Jeffrey Ng,,,The University of Hong Kong,The University of Hong Kong,Hong Kong Baptist University,The University of Hong Kong,,
Taxation,The impact of public country-by-country reporting on multinationals’ reporting decisions,Xinyan Wu,Dirk Simons,Sebastian Kronenberger,Regina Ortmann,,,University of Mannheim,University of Mannheim,University of Mannheim,Paderborn University,,
Taxation,The damocles’ sword of deferred tax credits: evidence from the first activation in the European banking system,Eleftherios Aggelopoulos,Lucas Papazissimou,Athanasios Tsagkanos,Vasilios Sogiakas,Antionios Georgopoulos,,University of Patras,University of Patras,University of Patras,Hellenic Open University,,
Taxation,Cross-border transactions and corporate tax behavior: evidence from the European Union,Constantinos Chalevas,,,,,,Athens University of Economics and Business,,,,,
Taxation,The effect of the global minimum taxation on forward-looking effective tax rate measures,Hannah Kranawetter,Matthias Petutschnig,,,,,Vienna University of Economics and Business,Vienna University of Economics and Business,,,,
Taxation,Does the intensity of tax risk factor disclosure reduce inefficient labor investment?,Jason Chen,Shihui Fan,,,,,Central Connecticut State University,,,,,
Taxation,"The effects of personal income taxes on organization performance: evidence from name, image, and likeness compensation rules",Nathan Goldman,Martin Jacob,,,,,North Carolina State University,,,,,
Taxation,Do higher corporate taxes reduce wages or working hours?,Sebastian Eichfelder,Hang Nguyen,Kelly Wentland,,,,Otto von Guericke University Magdeburg,Otto von Guericke University Magdeburg,,,,
Taxation,Profit shifting and real investment activity,Tobias Hahn,Dirk Schindler,Wamser Georg,,,,University of Tübingen,Erasmus University Rotterdam,,,,
Taxation,Within-country profit-shifting: from treat to threat?,Lukas Ortner,Reinald Koch,Dominika Langenmayr,,,,Catholic University of Eichstatt-Ingolstadt,Catholic University of Eichstatt-Ingolstadt,,,,
Taxation,Do foreign multinationals avoid taxation in Germany? Evidence from unconsolidated financial statements,Aaron Martini,Ralf Maiterth,Ulf Bruggemann,,,,Humboldt University of Berlin,Humboldt University of Berlin,,,,
Taxation,Real effects of the enforcement of anti-avoidance regulation,Rebecca Reineke,Katrin Weiskirchner-Merten,Stefan Wielenberg,,,,Hannover University,Vienna University of Economics and Business,,,,
Taxation,Tax alignment and controllability: optimal performance evaluation in multinational firms,Yutaro Murakami,Toshiaki Wakabayashi,,,,,Keio University,,,,,
Taxation,Residual earnings tax,Froystein Gjesdal,,,,,,,,,,,
Taxation,The macroeconomic information content of corporate estimated tax payments,Erin Henry,George Plesko,Dillon Walker,,,,University of Arkansas,University of Connecticut,,,,
Taxation,"Macroeconomic risk, ceos’ capital gains tax liabilities and corporate hedging",Sohaib Ahmed,Mansoor Afzali,,,,,Hanken School of Economics,,,,,
Taxation,"Government political ideology, corporate tax policy, and effective corporate tax burdens",Saskia Kohlhase,Erik Peek,,,,,Erasmus University Rotterdam,,,,,
Taxation,Regulatory spillovers in audit markets: evidence from expanded tax transaction reporting,Alexander Edwards,Ben Ma,Michael Marin,,,,University of Toronto,University of Toronto,,,,
Taxation,How and when do accountants matter? Evidence from foreign audits and random allocation of tax experts,Kevin Munch,Eashwar Nagaraj,Marvin Nipper,,,,Kent State University,University of Florida,,,,
Taxation,The effect of voluntary private tax audits on tax aggressiveness and tax audit fees,Kalliopi Chatzi,Emmanouil Dedoulis,Stergios Leventis,,,,University of Greenwich,affiliation not provided,,,,
Taxation,Asymmetric timeliness of tax disclosure - evidence from large language models,Muriel Rey,Robert Ullmann,Sophia Wörle,,,,University of Augsburg,University of Augsburg,,,,
Taxation,The architecture of double tax relief: unravelling textual patterns in country-specific method articles,Markus Diller,Patrick Katzlmayr,Lucas Putz,,,,Uni Passau,University of Passau,,,,
Taxation,Driving value creation through artificial intelligence adoption: lessons from tax administration data and outcomes,Devan Mescall,Preetika Joshi,Peng Wang,,,,University of Saskatchewan,McGill University,,,,
Taxation,Environmental-unfriendly tax avoidance,Zhimin Chen,Martin Jacob,Xiang Zheng,,,,Nanyang Business School,IESE Business School,,,,
Taxation,Carbon pricing and cross-border innovation spillovers,Cinthia Valle Ruiz,Martin Jacob,Christof Beuselinck,,,,IE University,IESE Business School,,,,
Taxation,Personal income taxes and corporate pollution,Michael Mayberry,Marvin Nipper,Marius Weiß,,,,University of Florida,Friedrich-Alexander-Universität Erlangen-Nürnberg,,,,
Taxation,(Mis)measurement of income shifting,Stefanie Pendl,Harald Amberger,Ruby Doeleman,,,,Vienna University of Economics and Business,Vienna University of Economics and Business,,,,
Taxation,The effect of global anti-tax avoidance efforts on sub-national profit shifting,Johannes Gaul,Inga Schulz,,,,,University of Mannheim,,,,,
Taxation,Investor-level taxation and firm leverage,Ann Marie Tabelon Olsen,,,,,,,,,,,
Taxation,The effects of deregulation of the UK’s office for tax simplification: interview evidence,Kevin McMeeking,,,,,,,,,,,
Taxation,Dividend tax incentives and cost behavior in private SMEs,Henrik Hoglund,,,,,,,,,,,
Taxation,Growing taxpayer frustration: investigating the effects on compliance behavior and the preparer market,Amy Hageman,Cass Hausserman,Mary Marshall,Kelli Saunders,,,Kansas State University,Portland State University,Portland State University,,,
Taxation,Tax advisory firms and reputational costs: client purchases of auditor-provided tax services after a tax scandal,Kenny Dekoster,Inga Hardeck,Beatrice Renges,Isabelle Verleyen,,,Ghent University,University of Duisburg-Essen,University of Duisburg-Essen,Ghent University,,
Taxation,Tax administration compliance burdens: global measurement and evidence,Jesse Marangoni,,,,,,Tilburg University,,,,,
